2026-09-22T08:03:25.3956089Z Current runner version: '2.337.0'
2026-09-22T08:03:25.3975173Z ##[group]Runner Image Provisioner
2026-09-22T08:03:25.3975683Z Hosted Compute Agent
2026-09-22T08:03:25.3976013Z Version: 20260828.587
2026-09-22T08:03:25.3976468Z Commit: abac92662cab4cc7352de4f9f9d2e2419aad9c29
2026-09-22T08:03:25.3976891Z Build Date: 2026-08-28T16:44:25Z
2026-09-22T08:03:25.3977350Z Worker ID: {4f8ed1f6-c090-4e2f-aad4-bea61f035c04}
2026-09-22T08:03:25.3977765Z Azure Region: centralus
2026-09-22T08:03:25.3978129Z ##[endgroup]
2026-09-22T08:03:25.3979280Z ##[group]Operating System
2026-09-22T08:03:25.3979645Z Ubuntu
2026-09-22T08:03:25.3979987Z 24.04.5
2026-09-22T08:03:25.3980303Z LTS
2026-09-22T08:03:25.3980641Z ##[endgroup]
2026-09-22T08:03:25.3980997Z ##[group]Runner Image
2026-09-22T08:03:25.3981343Z Image: ubuntu-24.04
2026-09-22T08:03:25.3981730Z Version: 20260907.300.1
2026-09-22T08:03:25.3982444Z Included Software: https://github.com/actions/runner-images/blob/ubuntu24/20260907.300/images/ubuntu/Ubuntu2404-Readme.md
2026-09-22T08:03:25.3983346Z Image Release: https://github.com/actions/runner-images/releases/tag/ubuntu24%2F20260907.300
2026-09-22T08:03:25.3983916Z ##[endgroup]
2026-09-22T08:03:25.3984620Z ##[group]GITHUB_TOKEN Permissions
2026-09-22T08:03:25.3985961Z Contents: read
2026-09-22T08:03:25.3986332Z Metadata: read
2026-09-22T08:03:25.3986671Z Packages: read
2026-09-22T08:03:25.3986997Z ##[endgroup]
2026-09-22T08:03:25.3988342Z Secret source: Actions
2026-09-22T08:03:25.3989041Z Cache mode: write
2026-09-22T08:03:25.3989669Z Prepare workflow directory
2026-09-22T08:03:25.4186977Z Prepare all required actions
2026-09-22T08:03:25.4218161Z Getting action download info
2026-09-22T08:03:25.7109489Z Download action repository 'actions/checkout@v4' (SHA:11d5960a326750d5838078e36cf38b85af677262)
2026-09-22T08:03:25.8754522Z Complete job name: unit-tests
2026-09-22T08:03:25.9226753Z Node 20 is being deprecated. This workflow is running with Node 24 by default. If you need to temporarily use Node 20, you can set the ACTIONS_ALLOW_USE_UNSECURE_NODE_VERSION=true environment variable. For more information see: https://github.blog/changelog/2025-09-19-deprecation-of-node-20-on-github-actions-runners/
2026-09-22T08:03:25.9231578Z ##[group]Run actions/checkout@v4
2026-09-22T08:03:25.9231917Z with:
2026-09-22T08:03:25.9232156Z   repository: kebag-logic/tsn-gen
2026-09-22T08:03:25.9234146Z   token: ***
2026-09-22T08:03:25.9234377Z   ssh-strict: true
2026-09-22T08:03:25.9234610Z   ssh-user: git
2026-09-22T08:03:25.9234850Z   persist-credentials: true
2026-09-22T08:03:25.9235110Z   clean: true
2026-09-22T08:03:25.9235351Z   sparse-checkout-cone-mode: true
2026-09-22T08:03:25.9235629Z   fetch-depth: 1
2026-09-22T08:03:25.9235859Z   fetch-tags: false
2026-09-22T08:03:25.9236097Z   show-progress: true
2026-09-22T08:03:25.9236341Z   lfs: false
2026-09-22T08:03:25.9236599Z   submodules: false
2026-09-22T08:03:25.9236844Z   set-safe-directory: true
2026-09-22T08:03:25.9237120Z   allow-unsafe-pr-checkout: false
2026-09-22T08:03:25.9237452Z ##[endgroup]
2026-09-22T08:03:25.9850715Z Syncing repository: kebag-logic/tsn-gen
2026-09-22T08:03:25.9852161Z ##[group]Getting Git version info
2026-09-22T08:03:25.9852715Z Working directory is '/home/runner/work/tsn-gen/tsn-gen'
2026-09-22T08:03:25.9853578Z [command]/usr/bin/git version
2026-09-22T08:03:25.9904192Z git version 2.55.0
2026-09-22T08:03:25.9921074Z ##[endgroup]
2026-09-22T08:03:25.9930096Z Temporarily overriding HOME='/home/runner/work/_temp/5f2bfa40-d046-4e82-a978-c533b22bc162' before making global git config changes
2026-09-22T08:03:25.9931477Z Adding repository directory to the temporary git global config as a safe directory
2026-09-22T08:03:25.9932766Z [command]/usr/bin/git config --global --add safe.directory /home/runner/work/tsn-gen/tsn-gen
2026-09-22T08:03:25.9983036Z Deleting the contents of '/home/runner/work/tsn-gen/tsn-gen'
2026-09-22T08:03:25.9990333Z ##[group]Initializing the repository
2026-09-22T08:03:25.9996253Z [command]/usr/bin/git init /home/runner/work/tsn-gen/tsn-gen
2026-09-22T08:03:26.0099917Z hint: Using 'master' as the name for the initial branch. This default branch name
2026-09-22T08:03:26.0101118Z hint: will change to "main" in Git 3.0. To configure the initial branch name
2026-09-22T08:03:26.0102059Z hint: to use in all of your new repositories, which will suppress this warning,
2026-09-22T08:03:26.0103194Z hint: call:
2026-09-22T08:03:26.0103673Z hint:
2026-09-22T08:03:26.0104104Z hint: 	git config --global init.defaultBranch <name>
2026-09-22T08:03:26.0104605Z hint:
2026-09-22T08:03:26.0105060Z hint: Names commonly chosen instead of 'master' are 'main', 'trunk' and
2026-09-22T08:03:26.0105798Z hint: 'development'. The just-created branch can be renamed via this command:
2026-09-22T08:03:26.0106386Z hint:
2026-09-22T08:03:26.0106713Z hint: 	git branch -m <name>
2026-09-22T08:03:26.0107091Z hint:
2026-09-22T08:03:26.0107640Z hint: Disable this message with "git config set advice.defaultBranchName false"
2026-09-22T08:03:26.0108437Z Initialized empty Git repository in /home/runner/work/tsn-gen/tsn-gen/.git/
2026-09-22T08:03:26.0112436Z [command]/usr/bin/git remote add origin https://github.com/kebag-logic/tsn-gen
2026-09-22T08:03:26.0160849Z ##[endgroup]
2026-09-22T08:03:26.0161303Z ##[group]Disabling automatic garbage collection
2026-09-22T08:03:26.0168777Z [command]/usr/bin/git config --local gc.auto 0
2026-09-22T08:03:26.0195668Z ##[endgroup]
2026-09-22T08:03:26.0196316Z ##[group]Setting up auth
2026-09-22T08:03:26.0201093Z [command]/usr/bin/git config --local --name-only --get-regexp core\.sshCommand
2026-09-22T08:03:26.0245948Z [command]/usr/bin/git submodule foreach --recursive sh -c "git config --local --name-only --get-regexp 'core\.sshCommand' && git config --local --unset-all 'core.sshCommand' || :"
2026-09-22T08:03:26.0546336Z [command]/usr/bin/git config --local --name-only --get-regexp http\.https\:\/\/github\.com\/\.extraheader
2026-09-22T08:03:26.0574586Z [command]/usr/bin/git submodule foreach --recursive sh -c "git config --local --name-only --get-regexp 'http\.https\:\/\/github\.com\/\.extraheader' && git config --local --unset-all 'http.https://github.com/.extraheader' || :"
2026-09-22T08:03:26.0741961Z [command]/usr/bin/git config --local --name-only --get-regexp ^includeIf\.gitdir:
2026-09-22T08:03:26.0770494Z [command]/usr/bin/git submodule foreach --recursive git config --local --show-origin --name-only --get-regexp remote.origin.url
2026-09-22T08:03:26.0941427Z [command]/usr/bin/git config --local http.https://github.com/.extraheader AUTHORIZATION: basic ***
2026-09-22T08:03:26.0972936Z ##[endgroup]
2026-09-22T08:03:26.0973451Z ##[group]Fetching the repository
2026-09-22T08:03:26.0979095Z [command]/usr/bin/git -c protocol.version=2 fetch --no-tags --prune --no-recurse-submodules --depth=1 origin +60be6b6f19624b5c21a0982f5675ee624c222f8c:refs/remotes/pull/18/merge
2026-09-22T08:03:26.5350704Z From https://github.com/kebag-logic/tsn-gen
2026-09-22T08:03:26.5351834Z  * [new ref]         60be6b6f19624b5c21a0982f5675ee624c222f8c -> pull/18/merge
2026-09-22T08:03:26.5355159Z ##[endgroup]
2026-09-22T08:03:26.5356330Z ##[group]Determining the checkout info
2026-09-22T08:03:26.5357661Z ##[endgroup]
2026-09-22T08:03:26.5361886Z [command]/usr/bin/git sparse-checkout disable
2026-09-22T08:03:26.5406906Z [command]/usr/bin/git config --local --unset-all extensions.worktreeConfig
2026-09-22T08:03:26.5461889Z ##[group]Checking out the ref
2026-09-22T08:03:26.5464569Z [command]/usr/bin/git checkout --progress --force refs/remotes/pull/18/merge
2026-09-22T08:03:26.5610403Z Note: switching to 'refs/remotes/pull/18/merge'.
2026-09-22T08:03:26.5611346Z 
2026-09-22T08:03:26.5612048Z You are in 'detached HEAD' state. You can look around, make experimental
2026-09-22T08:03:26.5613824Z changes and commit them, and you can discard any commits you make in this
2026-09-22T08:03:26.5615742Z state without impacting any branches by switching back to a branch.
2026-09-22T08:03:26.5616705Z 
2026-09-22T08:03:26.5617242Z If you want to create a new branch to retain commits you create, you may
2026-09-22T08:03:26.5618708Z do so (now or later) by using -c with the switch command. Example:
2026-09-22T08:03:26.5619592Z 
2026-09-22T08:03:26.5619999Z   git switch -c <new-branch-name>
2026-09-22T08:03:26.5620545Z 
2026-09-22T08:03:26.5620843Z Or undo this operation with:
2026-09-22T08:03:26.5621311Z 
2026-09-22T08:03:26.5621565Z   git switch -
2026-09-22T08:03:26.5621929Z 
2026-09-22T08:03:26.5622518Z Turn off this advice by setting config variable advice.detachedHead to false
2026-09-22T08:03:26.5623447Z 
2026-09-22T08:03:26.5624443Z HEAD is now at 60be6b6 Merge 76906b83eb54ac29040fe72fd910d34727188694 into deca300c9eb4863fa13383b45ba6cb6fd0828671
2026-09-22T08:03:26.5627635Z ##[endgroup]
2026-09-22T08:03:26.5669622Z [command]/usr/bin/git log -1 --format=%H
2026-09-22T08:03:26.5695609Z 60be6b6f19624b5c21a0982f5675ee624c222f8c
2026-09-22T08:03:26.5892216Z ##[group]Run git submodule update --init --recursive
2026-09-22T08:03:26.5893217Z [36;1mgit submodule update --init --recursive[0m
2026-09-22T08:03:26.5927027Z shell: /usr/bin/bash -e {0}
2026-09-22T08:03:26.5927658Z ##[endgroup]
2026-09-22T08:03:26.6175977Z Submodule 'external/FTXUI' (https://github.com/ArthurSonzogni/FTXUI.git) registered for path 'external/FTXUI'
2026-09-22T08:03:26.6179226Z Submodule 'external/PcapPlusPlus' (https://github.com/seladb/PcapPlusPlus.git) registered for path 'external/PcapPlusPlus'
2026-09-22T08:03:26.6182291Z Submodule 'external/googletest' (https://github.com/google/googletest.git) registered for path 'external/googletest'
2026-09-22T08:03:26.6185148Z Submodule 'external/mininet' (https://github.com/mininet/mininet.git) registered for path 'external/mininet'
2026-09-22T08:03:26.6188016Z Submodule 'external/protobuf-c' (https://github.com/protobuf-c/protobuf-c.git) registered for path 'external/protobuf-c'
2026-09-22T08:03:26.6191239Z Submodule 'external/rapidyaml' (https://github.com/biojppm/rapidyaml.git) registered for path 'external/rapidyaml'
2026-09-22T08:03:26.6193216Z Submodule 'tests/act' (https://github.com/nektos/act.git) registered for path 'tests/act'
2026-09-22T08:03:26.6213633Z Cloning into '/home/runner/work/tsn-gen/tsn-gen/external/FTXUI'...
2026-09-22T08:03:30.8647748Z Cloning into '/home/runner/work/tsn-gen/tsn-gen/external/PcapPlusPlus'...
2026-09-22T08:03:33.8359916Z Cloning into '/home/runner/work/tsn-gen/tsn-gen/external/googletest'...
2026-09-22T08:03:35.4228015Z Cloning into '/home/runner/work/tsn-gen/tsn-gen/external/mininet'...
2026-09-22T08:03:36.2159022Z Cloning into '/home/runner/work/tsn-gen/tsn-gen/external/protobuf-c'...
2026-09-22T08:03:36.8260624Z Cloning into '/home/runner/work/tsn-gen/tsn-gen/external/rapidyaml'...
2026-09-22T08:03:38.8751467Z Cloning into '/home/runner/work/tsn-gen/tsn-gen/tests/act'...
2026-09-22T08:03:40.2821204Z Submodule path 'external/FTXUI': checked out 'd75108e96058b6e00da6306a7d99c9555f645434'
2026-09-22T08:03:40.5859080Z Submodule path 'external/PcapPlusPlus': checked out 'bc5c08d3df37e9d725656c345d3991ab0c982717'
2026-09-22T08:03:40.6194946Z Submodule path 'external/googletest': checked out '0bdccf4aa2f5c67af967193caf31d42d5c49bde2'
2026-09-22T08:03:40.6334436Z Submodule path 'external/mininet': checked out '88f14e946a05cd0895e1a127bf89da9b3fb1d98b'
2026-09-22T08:03:40.6447514Z Submodule path 'external/protobuf-c': checked out '8c201f6e47a53feaab773922a743091eb6c8972a'
2026-09-22T08:03:40.7314861Z Submodule path 'external/rapidyaml': checked out 'e65999dc4d65368e1b3eb770e28d775885b0f525'
2026-09-22T08:03:40.7330018Z Submodule 'extern/c4core' (https://github.com/biojppm/c4core) registered for path 'external/rapidyaml/ext/c4core'
2026-09-22T08:03:40.7351663Z Cloning into '/home/runner/work/tsn-gen/tsn-gen/external/rapidyaml/ext/c4core'...
2026-09-22T08:03:41.5643414Z Submodule path 'external/rapidyaml/ext/c4core': checked out '6c876ec05a4387c25068cdbd58724828dad1d217'
2026-09-22T08:03:41.5660324Z Submodule 'cmake' (https://github.com/biojppm/cmake) registered for path 'external/rapidyaml/ext/c4core/cmake'
2026-09-22T08:03:41.5661481Z Submodule 'extern/debugbreak' (https://github.com/biojppm/debugbreak) registered for path 'external/rapidyaml/ext/c4core/src/c4/ext/debugbreak'
2026-09-22T08:03:41.5663033Z Submodule 'src/c4/ext/fast_float' (https://github.com/fastfloat/fast_float) registered for path 'external/rapidyaml/ext/c4core/src/c4/ext/fast_float'
2026-09-22T08:03:41.5680726Z Cloning into '/home/runner/work/tsn-gen/tsn-gen/external/rapidyaml/ext/c4core/cmake'...
2026-09-22T08:03:42.7377106Z Cloning into '/home/runner/work/tsn-gen/tsn-gen/external/rapidyaml/ext/c4core/src/c4/ext/debugbreak'...
2026-09-22T08:03:43.1215410Z Cloning into '/home/runner/work/tsn-gen/tsn-gen/external/rapidyaml/ext/c4core/src/c4/ext/fast_float'...
2026-09-22T08:03:44.1374974Z Submodule path 'external/rapidyaml/ext/c4core/cmake': checked out 'b8e95acb1bdd564e47ac57d903a483604d90cbfa'
2026-09-22T08:03:44.1447408Z Submodule path 'external/rapidyaml/ext/c4core/src/c4/ext/debugbreak': checked out '328e4abca3384cbd0a69e70f263cc7b2794bff09'
2026-09-22T08:03:44.1606105Z Submodule path 'external/rapidyaml/ext/c4core/src/c4/ext/fast_float': checked out 'd28a3320c2de0963b6e469b8ca3bbc36496de684'
2026-09-22T08:03:44.3239152Z Submodule path 'tests/act': checked out 'eb46e8aa5a23f99c76be4a53413a856d6b236145'
2026-09-22T08:03:44.3297822Z ##[group]Run ./setup.sh d
2026-09-22T08:03:44.3298003Z [36;1m./setup.sh d[0m
2026-09-22T08:03:44.3328529Z shell: /usr/bin/bash -e {0}
2026-09-22T08:03:44.3328672Z ##[endgroup]
2026-09-22T08:03:44.3465415Z rm: cannot remove './build': No such file or directory
2026-09-22T08:03:45.3204717Z -- The CXX compiler identification is GNU 13.3.0
2026-09-22T08:03:45.4627936Z -- Detecting CXX compiler ABI info
2026-09-22T08:03:45.6694924Z -- Detecting CXX compiler ABI info - done
2026-09-22T08:03:45.6818771Z -- Check for working CXX compiler: /usr/bin/c++ - skipped
2026-09-22T08:03:45.6882988Z -- Detecting CXX compile features
2026-09-22T08:03:45.6890805Z -- Detecting CXX compile features - done
2026-09-22T08:03:45.7322014Z -- ryml: using C++ standard: C++17
2026-09-22T08:03:45.7334981Z -- ryml: importing subproject c4core (SUBDIRECTORY)... /home/runner/work/tsn-gen/tsn-gen/external/rapidyaml/ext/c4core
2026-09-22T08:03:45.7364930Z -- c4core: using C++ standard: C++17
2026-09-22T08:03:45.7524089Z CMake Warning (dev) at external/rapidyaml/ext/c4core/cmake/c4Project.cmake:2694 (install):
2026-09-22T08:03:45.7524541Z   Policy CMP0177 is not set: install() DESTINATION paths are normalized.  Run
2026-09-22T08:03:45.7524807Z   "cmake --help-policy CMP0177" for policy details.  Use the cmake_policy
2026-09-22T08:03:45.7525033Z   command to set the policy and suppress this warning.
2026-09-22T08:03:45.7525205Z Call Stack (most recent call first):
2026-09-22T08:03:45.7525415Z   external/rapidyaml/ext/c4core/cmake/c4Project.cmake:2777 (__c4_install_exports)
2026-09-22T08:03:45.7525672Z   external/rapidyaml/ext/c4core/CMakeLists.txt:112 (c4_install_exports)
2026-09-22T08:03:45.7525942Z This warning is for project developers.  Use -Wno-dev to suppress it.
2026-09-22T08:03:45.7526086Z 
2026-09-22T08:03:45.7684215Z CMake Warning (dev) at external/rapidyaml/ext/c4core/cmake/c4Project.cmake:2746 (install):
2026-09-22T08:03:45.7684657Z   Policy CMP0177 is not set: install() DESTINATION paths are normalized.  Run
2026-09-22T08:03:45.7684971Z   "cmake --help-policy CMP0177" for policy details.  Use the cmake_policy
2026-09-22T08:03:45.7685187Z   command to set the policy and suppress this warning.
2026-09-22T08:03:45.7685354Z Call Stack (most recent call first):
2026-09-22T08:03:45.7685557Z   external/rapidyaml/ext/c4core/cmake/c4Project.cmake:2777 (__c4_install_exports)
2026-09-22T08:03:45.7685816Z   external/rapidyaml/ext/c4core/CMakeLists.txt:112 (c4_install_exports)
2026-09-22T08:03:45.7686052Z This warning is for project developers.  Use -Wno-dev to suppress it.
2026-09-22T08:03:45.7686191Z 
2026-09-22T08:03:45.7753578Z -- ryml: -----> target ryml PUBLIC incorporating lib c4core
2026-09-22T08:03:45.7826867Z CMake Warning (dev) at external/rapidyaml/ext/c4core/cmake/c4Project.cmake:2694 (install):
2026-09-22T08:03:45.7827654Z   Policy CMP0177 is not set: install() DESTINATION paths are normalized.  Run
2026-09-22T08:03:45.7828042Z   "cmake --help-policy CMP0177" for policy details.  Use the cmake_policy
2026-09-22T08:03:45.7828385Z   command to set the policy and suppress this warning.
2026-09-22T08:03:45.7828647Z Call Stack (most recent call first):
2026-09-22T08:03:45.7829050Z   external/rapidyaml/ext/c4core/cmake/c4Project.cmake:2777 (__c4_install_exports)
2026-09-22T08:03:45.7829433Z   external/rapidyaml/CMakeLists.txt:118 (c4_install_exports)
2026-09-22T08:03:45.7829690Z This warning is for project developers.  Use -Wno-dev to suppress it.
2026-09-22T08:03:45.7829830Z 
2026-09-22T08:03:45.7837206Z CMake Warning (dev) at external/rapidyaml/ext/c4core/cmake/c4Project.cmake:2746 (install):
2026-09-22T08:03:45.7837481Z   Policy CMP0177 is not set: install() DESTINATION paths are normalized.  Run
2026-09-22T08:03:45.7837730Z   "cmake --help-policy CMP0177" for policy details.  Use the cmake_policy
2026-09-22T08:03:45.7837952Z   command to set the policy and suppress this warning.
2026-09-22T08:03:45.7838124Z Call Stack (most recent call first):
2026-09-22T08:03:45.7838488Z   external/rapidyaml/ext/c4core/cmake/c4Project.cmake:2777 (__c4_install_exports)
2026-09-22T08:03:45.7838729Z   external/rapidyaml/CMakeLists.txt:118 (c4_install_exports)
2026-09-22T08:03:45.7839094Z This warning is for project developers.  Use -Wno-dev to suppress it.
2026-09-22T08:03:45.7839238Z 
2026-09-22T08:03:45.8787586Z -- The C compiler identification is GNU 13.3.0
2026-09-22T08:03:45.8998333Z -- Detecting C compiler ABI info
2026-09-22T08:03:45.9528279Z -- Detecting C compiler ABI info - done
2026-09-22T08:03:45.9629298Z -- Check for working C compiler: /usr/bin/cc - skipped
2026-09-22T08:03:45.9631838Z -- Detecting C compile features
2026-09-22T08:03:45.9634828Z -- Detecting C compile features - done
2026-09-22T08:03:45.9966346Z -- Performing Test CMAKE_HAVE_LIBC_PTHREAD
2026-09-22T08:03:46.0551756Z -- Performing Test CMAKE_HAVE_LIBC_PTHREAD - Success
2026-09-22T08:03:46.0746111Z -- Found Threads: TRUE
2026-09-22T08:03:46.0771363Z -- Generating Multi-library -fsanitize=undefined
2026-09-22T08:03:46.0862656Z -- tshark not found — skipping stack_codec_tshark validation
2026-09-22T08:03:46.0867057Z -- Generating Multi-library -fsanitize=undefined
2026-09-22T08:03:46.0892838Z -- Generating Multi-library -fsanitize=undefined
2026-09-22T08:03:46.0961850Z -- Configuring done (1.2s)
2026-09-22T08:03:46.1783274Z -- Generating done (0.1s)
2026-09-22T08:03:46.1785959Z -- Build files have been written to: /home/runner/work/tsn-gen/tsn-gen/build
2026-09-22T08:03:46.2158487Z [  1%] Building CXX object external/googletest/googletest/CMakeFiles/gtest.dir/src/gtest-all.cc.o
2026-09-22T08:03:46.2160462Z [  2%] Building CXX object tests/sanitizer/CMakeFiles/sanitizer_probe.dir/sanitizer_probe_lib.cpp.o
2026-09-22T08:03:46.2168054Z [  2%] Building CXX object external/rapidyaml/CMakeFiles/ryml.dir/src/c4/yml/common.cpp.o
2026-09-22T08:03:46.2169628Z [  2%] Building CXX object external/rapidyaml/subprojects/c4core/build/CMakeFiles/c4core.dir/src/c4/base64.cpp.o
2026-09-22T08:03:46.2389936Z [  2%] Linking CXX shared library libsanitizer_probe.so
2026-09-22T08:03:46.2560135Z [  2%] Built target sanitizer_probe
2026-09-22T08:03:46.2613398Z [  2%] Building CXX object tests/sanitizer/CMakeFiles/sanitizer_probe_ubsan.dir/sanitizer_probe_lib.cpp.o
2026-09-22T08:03:46.3229942Z [  3%] Linking CXX shared library libsanitizer_probe_ubsan.so
2026-09-22T08:03:46.3421053Z [  3%] Built target sanitizer_probe_ubsan
2026-09-22T08:03:46.3493453Z [  3%] Building CXX object tests/sanitizer/CMakeFiles/sanitizer_probe_asan.dir/sanitizer_probe_lib.cpp.o
2026-09-22T08:03:46.3893746Z [  4%] Linking CXX shared library libsanitizer_probe_asan.so
2026-09-22T08:03:46.4095125Z [  4%] Built target sanitizer_probe_asan
2026-09-22T08:03:46.4115152Z [  5%] Building CXX object external/rapidyaml/CMakeFiles/ryml.dir/src/c4/yml/node.cpp.o
2026-09-22T08:03:46.6206263Z [  5%] Building CXX object external/rapidyaml/CMakeFiles/ryml.dir/src/c4/yml/node_type.cpp.o
2026-09-22T08:03:46.6255740Z [  6%] Building CXX object external/rapidyaml/subprojects/c4core/build/CMakeFiles/c4core.dir/src/c4/char_traits.cpp.o
2026-09-22T08:03:46.7480138Z [  7%] Building CXX object external/rapidyaml/subprojects/c4core/build/CMakeFiles/c4core.dir/src/c4/error.cpp.o
2026-09-22T08:03:46.7980116Z [  7%] Building CXX object external/rapidyaml/subprojects/c4core/build/CMakeFiles/c4core.dir/src/c4/format.cpp.o
2026-09-22T08:03:46.8812813Z [  8%] Building CXX object external/rapidyaml/subprojects/c4core/build/CMakeFiles/c4core.dir/src/c4/language.cpp.o
2026-09-22T08:03:46.9027025Z [  8%] Building CXX object tests/sanitizer/CMakeFiles/sanitizer_probe-test_UBSAN.dir/sanitizer_probe_test.cpp.o
2026-09-22T08:03:47.0429855Z [  9%] Linking CXX executable sanitizer_probe-test_UBSAN
2026-09-22T08:03:47.1412851Z [  9%] Built target sanitizer_probe-test_UBSAN
2026-09-22T08:03:47.1489831Z [ 10%] Building CXX object external/rapidyaml/CMakeFiles/ryml.dir/src/c4/yml/parse.cpp.o
2026-09-22T08:03:47.1509882Z [ 11%] Building CXX object tests/sanitizer/CMakeFiles/sanitizer_probe-test_ASAN.dir/sanitizer_probe_test.cpp.o
2026-09-22T08:03:47.1860289Z [ 11%] Building CXX object external/rapidyaml/subprojects/c4core/build/CMakeFiles/c4core.dir/src/c4/memory_resource.cpp.o
2026-09-22T08:03:47.2969980Z [ 12%] Linking CXX executable sanitizer_probe-test_ASAN
2026-09-22T08:03:47.3122713Z [ 13%] Building CXX object external/rapidyaml/subprojects/c4core/build/CMakeFiles/c4core.dir/src/c4/memory_util.cpp.o
2026-09-22T08:03:47.3511345Z [ 13%] Building CXX object external/rapidyaml/subprojects/c4core/build/CMakeFiles/c4core.dir/src/c4/utf.cpp.o
2026-09-22T08:03:47.3877954Z [ 13%] Built target sanitizer_probe-test_ASAN
2026-09-22T08:03:47.3977449Z [ 14%] Building CXX object tests/sanitizer/CMakeFiles/sanitizer_probe-test.dir/sanitizer_probe_test.cpp.o
2026-09-22T08:03:47.5220096Z [ 14%] Linking CXX executable sanitizer_probe-test
2026-09-22T08:03:47.5722971Z [ 14%] Built target sanitizer_probe-test
2026-09-22T08:03:47.5750092Z [ 15%] Building CXX object external/rapidyaml/subprojects/c4core/build/CMakeFiles/c4core.dir/src/c4/version.cpp.o
2026-09-22T08:03:47.5929892Z [ 15%] Building CXX object external/rapidyaml/CMakeFiles/ryml.dir/src/c4/yml/preprocess.cpp.o
2026-09-22T08:03:47.7369962Z [ 15%] Linking CXX shared library libc4core.so
2026-09-22T08:03:47.7911134Z [ 15%] Built target c4core
2026-09-22T08:03:47.7940036Z [ 16%] Building CXX object external/rapidyaml/CMakeFiles/ryml.dir/src/c4/yml/reference_resolver.cpp.o
2026-09-22T08:03:48.0019941Z [ 16%] Building CXX object external/rapidyaml/CMakeFiles/ryml.dir/src/c4/yml/tag.cpp.o
2026-09-22T08:03:48.3180428Z [ 17%] Building CXX object external/rapidyaml/CMakeFiles/ryml.dir/src/c4/yml/tree.cpp.o
2026-09-22T08:03:48.4630118Z [ 18%] Building CXX object external/rapidyaml/CMakeFiles/ryml.dir/src/c4/yml/version.cpp.o
2026-09-22T08:03:48.5079967Z [ 18%] Building CXX object external/rapidyaml/CMakeFiles/ryml.dir/ext/c4core/src/c4/base64.cpp.o
2026-09-22T08:03:48.8789991Z [ 19%] Building CXX object external/rapidyaml/CMakeFiles/ryml.dir/ext/c4core/src/c4/char_traits.cpp.o
2026-09-22T08:03:48.9966474Z [ 19%] Building CXX object external/rapidyaml/CMakeFiles/ryml.dir/ext/c4core/src/c4/error.cpp.o
2026-09-22T08:03:49.0480041Z [ 20%] Building CXX object external/rapidyaml/CMakeFiles/ryml.dir/ext/c4core/src/c4/format.cpp.o
2026-09-22T08:03:49.0719974Z [ 20%] Building CXX object external/rapidyaml/CMakeFiles/ryml.dir/ext/c4core/src/c4/language.cpp.o
2026-09-22T08:03:49.0839904Z [ 21%] Building CXX object external/rapidyaml/CMakeFiles/ryml.dir/ext/c4core/src/c4/memory_resource.cpp.o
2026-09-22T08:03:49.1519943Z [ 22%] Building CXX object external/rapidyaml/CMakeFiles/ryml.dir/ext/c4core/src/c4/memory_util.cpp.o
2026-09-22T08:03:49.1980071Z [ 22%] Building CXX object external/rapidyaml/CMakeFiles/ryml.dir/ext/c4core/src/c4/utf.cpp.o
2026-09-22T08:03:49.2099838Z [ 23%] Building CXX object external/rapidyaml/CMakeFiles/ryml.dir/ext/c4core/src/c4/version.cpp.o
2026-09-22T08:03:49.4574140Z [ 23%] Linking CXX shared library libryml.so
2026-09-22T08:03:49.5053698Z [ 23%] Built target ryml
2026-09-22T08:03:49.5124074Z [ 23%] Building CXX object parser/CMakeFiles/protocol_parser_ubsan.dir/src/log.cpp.o
2026-09-22T08:03:49.5130456Z [ 23%] Building CXX object parser/CMakeFiles/protocol_parser.dir/src/log.cpp.o
2026-09-22T08:03:49.5134569Z [ 23%] Building CXX object parser/CMakeFiles/protocol_parser_asan.dir/src/log.cpp.o
2026-09-22T08:03:49.5227851Z [ 23%] Linking CXX shared library ../../../lib/libgtest.so
2026-09-22T08:03:49.6139888Z [ 23%] Built target gtest
2026-09-22T08:03:49.6165627Z [ 24%] Building CXX object parser/CMakeFiles/protocol_parser_asan.dir/src/validator.cpp.o
2026-09-22T08:03:49.6908310Z [ 25%] Building CXX object parser/CMakeFiles/protocol_parser.dir/src/validator.cpp.o
2026-09-22T08:03:49.6970281Z [ 26%] Building CXX object parser/CMakeFiles/protocol_parser_ubsan.dir/src/validator.cpp.o
2026-09-22T08:03:49.6989942Z [ 27%] Building CXX object external/googletest/googlemock/CMakeFiles/gmock.dir/src/gmock-all.cc.o
2026-09-22T08:03:50.8434521Z [ 27%] Building CXX object parser/CMakeFiles/protocol_parser.dir/src/protocol_parser.cpp.o
2026-09-22T08:03:51.2370089Z [ 27%] Linking CXX shared library ../../../lib/libgmock.so
2026-09-22T08:03:51.2480133Z [ 27%] Building CXX object parser/CMakeFiles/protocol_parser_asan.dir/src/protocol_parser.cpp.o
2026-09-22T08:03:51.2600172Z [ 27%] Building CXX object parser/CMakeFiles/protocol_parser_ubsan.dir/src/protocol_parser.cpp.o
2026-09-22T08:03:51.3049809Z [ 27%] Built target gmock
2026-09-22T08:03:51.3109734Z [ 28%] Building CXX object external/googletest/googletest/CMakeFiles/gtest_main.dir/src/gtest_main.cc.o
2026-09-22T08:03:51.8299560Z [ 29%] Building CXX object parser/CMakeFiles/protocol_parser.dir/src/protocol.cpp.o
2026-09-22T08:03:51.9650743Z [ 30%] Linking CXX shared library ../../../lib/libgtest_main.so
2026-09-22T08:03:52.0209264Z [ 30%] Built target gtest_main
2026-09-22T08:03:52.0287727Z [ 31%] Building CXX object external/googletest/googlemock/CMakeFiles/gmock_main.dir/src/gmock_main.cc.o
2026-09-22T08:03:52.2488167Z [ 32%] Building CXX object parser/CMakeFiles/protocol_parser_asan.dir/src/protocol.cpp.o
2026-09-22T08:03:52.3880607Z [ 33%] Building CXX object parser/CMakeFiles/protocol_parser_ubsan.dir/src/protocol.cpp.o
2026-09-22T08:03:52.8630105Z [ 33%] Linking CXX shared library ../../../lib/libgmock_main.so
2026-09-22T08:03:52.9130013Z [ 33%] Built target gmock_main
2026-09-22T08:03:52.9159682Z [ 33%] Building CXX object parser/CMakeFiles/protocol_parser_ubsan.dir/src/db_proto_if_impl.cpp.o
2026-09-22T08:03:52.9939971Z [ 34%] Building CXX object parser/CMakeFiles/protocol_parser.dir/src/db_proto_if_impl.cpp.o
2026-09-22T08:03:53.3670340Z [ 35%] Building CXX object parser/CMakeFiles/protocol_parser_asan.dir/src/db_proto_if_impl.cpp.o
2026-09-22T08:03:53.3679833Z [ 35%] Building CXX object parser/CMakeFiles/protocol_parser.dir/src/db_proto_impl.cpp.o
2026-09-22T08:03:53.7320188Z [ 35%] Building CXX object parser/CMakeFiles/protocol_parser_asan.dir/src/db_proto_impl.cpp.o
2026-09-22T08:03:53.9768729Z [ 35%] Building CXX object parser/tests/CMakeFiles/gtest_parser-test.dir/gtest.cpp.o
2026-09-22T08:03:54.0244015Z [ 36%] Building CXX object parser/CMakeFiles/protocol_parser.dir/src/db_proto_service_impl.cpp.o
2026-09-22T08:03:54.1240449Z [ 37%] Building CXX object parser/CMakeFiles/protocol_parser_ubsan.dir/src/db_proto_impl.cpp.o
2026-09-22T08:03:54.3370092Z [ 37%] Building CXX object parser/CMakeFiles/protocol_parser.dir/src/db_var_impl.cpp.o
2026-09-22T08:03:54.3824185Z [ 38%] Building CXX object parser/CMakeFiles/protocol_parser_asan.dir/src/db_proto_service_impl.cpp.o
2026-09-22T08:03:54.6207466Z [ 39%] Linking CXX executable gtest_parser-test
2026-09-22T08:03:54.6719857Z [ 40%] Building CXX object parser/CMakeFiles/protocol_parser.dir/src/logic_registry.cpp.o
2026-09-22T08:03:54.6934821Z [ 40%] Built target gtest_parser-test
2026-09-22T08:03:54.6976529Z [ 40%] Building CXX object parser/CMakeFiles/protocol_parser_asan.dir/src/db_var_impl.cpp.o
2026-09-22T08:03:54.7375503Z [ 40%] Building CXX object parser/CMakeFiles/protocol_parser_ubsan.dir/src/db_proto_service_impl.cpp.o
2026-09-22T08:03:54.8167013Z [ 41%] Building CXX object parser/CMakeFiles/protocol_parser_asan.dir/src/logic_registry.cpp.o
2026-09-22T08:03:54.9889954Z [ 41%] Building CXX object parser/CMakeFiles/protocol_parser.dir/src/stack.cpp.o
2026-09-22T08:03:55.0900175Z [ 42%] Building CXX object parser/CMakeFiles/protocol_parser.dir/src/stack_builder.cpp.o
2026-09-22T08:03:55.1397349Z [ 43%] Building CXX object parser/CMakeFiles/protocol_parser_ubsan.dir/src/db_var_impl.cpp.o
2026-09-22T08:03:55.1549981Z [ 43%] Building CXX object parser/CMakeFiles/protocol_parser_asan.dir/src/stack.cpp.o
2026-09-22T08:03:55.1849927Z [ 44%] Building CXX object parser/CMakeFiles/protocol_parser_asan.dir/src/stack_builder.cpp.o
2026-09-22T08:03:55.3530149Z [ 45%] Building CXX object parser/CMakeFiles/protocol_parser_ubsan.dir/src/logic_registry.cpp.o
2026-09-22T08:03:55.6409980Z [ 45%] Building CXX object parser/CMakeFiles/protocol_parser_ubsan.dir/src/stack.cpp.o
2026-09-22T08:03:55.7850489Z [ 46%] Building CXX object parser/CMakeFiles/protocol_parser_ubsan.dir/src/stack_builder.cpp.o
2026-09-22T08:03:55.9837135Z [ 46%] Linking CXX shared library libprotocol_parser.so
2026-09-22T08:03:56.0481771Z [ 46%] Built target protocol_parser
2026-09-22T08:03:56.0557794Z [ 47%] Building CXX object parser/tests/CMakeFiles/object_serializer-test.dir/object_serializer_test.cpp.o
2026-09-22T08:03:56.0589668Z [ 48%] Building CXX object parser/tests/CMakeFiles/protocol_parser-test.dir/protocol_parser_test.cpp.o
2026-09-22T08:03:56.3230060Z [ 49%] Linking CXX shared library libprotocol_parser_asan.so
2026-09-22T08:03:56.3970285Z [ 49%] Built target protocol_parser_asan
2026-09-22T08:03:56.4029621Z [ 49%] Building CXX object parser/tests/CMakeFiles/logic_registry-test.dir/logic_registry_test.cpp.o
2026-09-22T08:03:56.9920017Z [ 49%] Linking CXX shared library libprotocol_parser_ubsan.so
2026-09-22T08:03:57.0740033Z [ 49%] Built target protocol_parser_ubsan
2026-09-22T08:03:57.0799793Z [ 50%] Building CXX object parser/tests/CMakeFiles/stack_builder-test_ASAN.dir/stack_builder_test.cpp.o
2026-09-22T08:03:57.2010107Z [ 51%] Linking CXX executable protocol_parser-test
2026-09-22T08:03:57.2709969Z [ 51%] Built target protocol_parser-test
2026-09-22T08:03:57.2790084Z [ 51%] Building CXX object parser/tests/CMakeFiles/stack_builder-test.dir/stack_builder_test.cpp.o
2026-09-22T08:03:57.2819099Z [ 52%] Linking CXX executable logic_registry-test
2026-09-22T08:03:57.2935517Z [ 52%] Linking CXX executable object_serializer-test
2026-09-22T08:03:57.3580192Z [ 52%] Built target logic_registry-test
2026-09-22T08:03:57.3649581Z [ 52%] Built target object_serializer-test
2026-09-22T08:03:57.3679701Z [ 53%] Building CXX object parser/tests/CMakeFiles/validator-test_UBSAN.dir/validator_test.cpp.o
2026-09-22T08:03:57.3726338Z [ 54%] Building CXX object parser/tests/CMakeFiles/validator-test_ASAN.dir/validator_test.cpp.o
2026-09-22T08:03:58.1799778Z [ 54%] Linking CXX executable validator-test_ASAN
2026-09-22T08:03:58.2675954Z [ 55%] Linking CXX executable validator-test_UBSAN
2026-09-22T08:03:58.3590168Z [ 55%] Built target validator-test_ASAN
2026-09-22T08:03:58.3619600Z [ 55%] Built target validator-test_UBSAN
2026-09-22T08:03:58.3649767Z [ 56%] Building CXX object parser/tests/CMakeFiles/validator-test.dir/validator_test.cpp.o
2026-09-22T08:03:58.3679510Z [ 56%] Building CXX object logic/CMakeFiles/protocol_logic.dir/src/ethernet_frame_logic.cpp.o
2026-09-22T08:03:58.6029950Z [ 56%] Linking CXX executable stack_builder-test_ASAN
2026-09-22T08:03:58.6359991Z [ 57%] Linking CXX executable stack_builder-test
2026-09-22T08:03:58.6670313Z [ 58%] Building CXX object logic/CMakeFiles/protocol_logic.dir/src/avtp_control_logic.cpp.o
2026-09-22T08:03:58.6953210Z [ 58%] Built target stack_builder-test_ASAN
2026-09-22T08:03:58.7038037Z [ 59%] Building CXX object traffic-gen/CMakeFiles/traffic_gen.dir/src/packet_builder.cpp.o
2026-09-22T08:03:58.7060175Z [ 59%] Built target stack_builder-test
2026-09-22T08:03:58.7150075Z [ 60%] Building CXX object traffic-gen/CMakeFiles/traffic_gen_ubsan.dir/src/packet_builder.cpp.o
2026-09-22T08:03:58.9713913Z [ 60%] Building CXX object logic/CMakeFiles/protocol_logic.dir/src/aecp_aem_logic.cpp.o
2026-09-22T08:03:59.1239998Z [ 60%] Linking CXX executable validator-test
2026-09-22T08:03:59.1934095Z [ 60%] Built target validator-test
2026-09-22T08:03:59.2062788Z [ 60%] Building CXX object traffic-gen/CMakeFiles/traffic_gen_asan.dir/src/packet_builder.cpp.o
2026-09-22T08:03:59.2429803Z [ 60%] Building CXX object traffic-gen/CMakeFiles/traffic_gen.dir/src/packet_decoder.cpp.o
2026-09-22T08:03:59.2809957Z [ 61%] Linking CXX shared library libprotocol_logic.so
2026-09-22T08:03:59.3406017Z [ 61%] Built target protocol_logic
2026-09-22T08:03:59.3433355Z [ 62%] Building CXX object traffic-gen/CMakeFiles/traffic_gen_asan.dir/src/packet_decoder.cpp.o
2026-09-22T08:03:59.3869969Z [ 62%] Building CXX object traffic-gen/CMakeFiles/traffic_gen_ubsan.dir/src/packet_decoder.cpp.o
2026-09-22T08:03:59.7360609Z [ 63%] Building CXX object traffic-gen/CMakeFiles/traffic_gen.dir/src/pcap_sender.cpp.o
2026-09-22T08:03:59.8152160Z [ 63%] Building CXX object parser/tests/CMakeFiles/protocol_parser-test_UBSAN.dir/protocol_parser_test.cpp.o
2026-09-22T08:03:59.8550015Z [ 64%] Building CXX object traffic-gen/CMakeFiles/traffic_gen_asan.dir/src/pcap_sender.cpp.o
2026-09-22T08:03:59.9120195Z [ 66%] Building CXX object traffic-gen/CMakeFiles/traffic_gen_ubsan.dir/src/pcap_sender.cpp.o
2026-09-22T08:03:59.9149969Z [ 66%] Building CXX object traffic-gen/CMakeFiles/traffic_gen.dir/src/pcap_receiver.cpp.o
2026-09-22T08:04:00.0441838Z [ 66%] Building CXX object traffic-gen/CMakeFiles/traffic_gen_asan.dir/src/pcap_receiver.cpp.o
2026-09-22T08:04:00.1190147Z [ 66%] Building CXX object traffic-gen/CMakeFiles/traffic_gen_ubsan.dir/src/pcap_receiver.cpp.o
2026-09-22T08:04:00.1560007Z [ 66%] Building CXX object traffic-gen/CMakeFiles/traffic_gen.dir/src/raw_socket_sender.cpp.o
2026-09-22T08:04:00.3190376Z [ 67%] Building CXX object traffic-gen/CMakeFiles/traffic_gen_asan.dir/src/raw_socket_sender.cpp.o
2026-09-22T08:04:00.4124855Z [ 68%] Building CXX object traffic-gen/CMakeFiles/traffic_gen_ubsan.dir/src/raw_socket_sender.cpp.o
2026-09-22T08:04:00.4159863Z [ 69%] Building CXX object traffic-gen/CMakeFiles/traffic_gen.dir/src/raw_socket_receiver.cpp.o
2026-09-22T08:04:00.5710276Z [ 69%] Building CXX object traffic-gen/CMakeFiles/traffic_gen_asan.dir/src/raw_socket_receiver.cpp.o
2026-09-22T08:04:00.6536622Z [ 69%] Building CXX object traffic-gen/CMakeFiles/traffic_gen.dir/src/verilator_sender.cpp.o
2026-09-22T08:04:00.6740207Z [ 69%] Building CXX object traffic-gen/CMakeFiles/traffic_gen_ubsan.dir/src/raw_socket_receiver.cpp.o
2026-09-22T08:04:00.8534514Z [ 70%] Building CXX object traffic-gen/CMakeFiles/traffic_gen_asan.dir/src/verilator_sender.cpp.o
2026-09-22T08:04:00.9012899Z [ 71%] Building CXX object traffic-gen/CMakeFiles/traffic_gen.dir/src/verilator_receiver.cpp.o
2026-09-22T08:04:00.9713101Z [ 72%] Building CXX object traffic-gen/CMakeFiles/traffic_gen_ubsan.dir/src/verilator_sender.cpp.o
2026-09-22T08:04:01.1215999Z [ 72%] Building CXX object traffic-gen/CMakeFiles/traffic_gen_asan.dir/src/verilator_receiver.cpp.o
2026-09-22T08:04:01.1540223Z [ 72%] Building CXX object traffic-gen/CMakeFiles/traffic_gen.dir/src/traffic_generator.cpp.o
2026-09-22T08:04:01.1819872Z [ 73%] Linking CXX executable protocol_parser-test_UBSAN
2026-09-22T08:04:01.2520080Z [ 73%] Built target protocol_parser-test_UBSAN
2026-09-22T08:04:01.2549756Z [ 74%] Building CXX object traffic-gen/CMakeFiles/traffic_gen.dir/src/session.cpp.o
2026-09-22T08:04:01.2729972Z [ 74%] Building CXX object traffic-gen/CMakeFiles/traffic_gen_ubsan.dir/src/verilator_receiver.cpp.o
2026-09-22T08:04:01.4190006Z [ 75%] Building CXX object traffic-gen/CMakeFiles/traffic_gen_asan.dir/src/traffic_generator.cpp.o
2026-09-22T08:04:01.5950261Z [ 76%] Building CXX object traffic-gen/CMakeFiles/traffic_gen_ubsan.dir/src/traffic_generator.cpp.o
2026-09-22T08:04:01.9700090Z [ 76%] Building CXX object traffic-gen/CMakeFiles/traffic_gen_asan.dir/src/session.cpp.o
2026-09-22T08:04:02.2670184Z [ 76%] Building CXX object parser/tests/CMakeFiles/protocol_parser-test_ASAN.dir/protocol_parser_test.cpp.o
2026-09-22T08:04:02.3659818Z [ 77%] Linking CXX shared library libtraffic_gen.so
2026-09-22T08:04:02.4340903Z [ 77%] Built target traffic_gen
2026-09-22T08:04:02.4462096Z [ 78%] Building CXX object parser/tests/CMakeFiles/object_serializer-test_UBSAN.dir/object_serializer_test.cpp.o
2026-09-22T08:04:02.5330187Z [ 79%] Building CXX object traffic-gen/CMakeFiles/traffic_gen_ubsan.dir/src/session.cpp.o
2026-09-22T08:04:03.2499966Z [ 80%] Linking CXX shared library libtraffic_gen_asan.so
2026-09-22T08:04:03.3094324Z [ 80%] Built target traffic_gen_asan
2026-09-22T08:04:03.3165594Z [ 81%] Building CXX object parser/tests/CMakeFiles/object_serializer-test_ASAN.dir/object_serializer_test.cpp.o
2026-09-22T08:04:03.5309948Z [ 82%] Linking CXX executable protocol_parser-test_ASAN
2026-09-22T08:04:03.6225913Z [ 82%] Built target protocol_parser-test_ASAN
2026-09-22T08:04:03.6369211Z [ 82%] Building CXX object parser/tests/CMakeFiles/logic_registry-test_UBSAN.dir/logic_registry_test.cpp.o
2026-09-22T08:04:03.9510034Z [ 82%] Linking CXX executable object_serializer-test_UBSAN
2026-09-22T08:04:03.9619757Z [ 82%] Linking CXX shared library libtraffic_gen_ubsan.so
2026-09-22T08:04:04.0220018Z [ 82%] Built target object_serializer-test_UBSAN
2026-09-22T08:04:04.0247227Z [ 82%] Built target traffic_gen_ubsan
2026-09-22T08:04:04.0279638Z [ 83%] Building CXX object parser/tests/CMakeFiles/logic_registry-test_ASAN.dir/logic_registry_test.cpp.o
2026-09-22T08:04:04.0309594Z [ 83%] Building CXX object parser/tests/CMakeFiles/stack_builder-test_UBSAN.dir/stack_builder_test.cpp.o
2026-09-22T08:04:04.6950287Z [ 83%] Linking CXX executable object_serializer-test_ASAN
2026-09-22T08:04:04.7112188Z [ 84%] Linking CXX executable logic_registry-test_UBSAN
2026-09-22T08:04:04.7782272Z [ 84%] Built target object_serializer-test_ASAN
2026-09-22T08:04:04.7883793Z [ 84%] Built target logic_registry-test_UBSAN
2026-09-22T08:04:04.7910036Z [ 85%] Building CXX object logic/tests/CMakeFiles/ethernet_frame_logic-test.dir/ethernet_frame_logic_test.cpp.o
2026-09-22T08:04:04.7993266Z [ 86%] Building CXX object logic/tests/CMakeFiles/stack_codec-test.dir/stack_codec_test.cpp.o
2026-09-22T08:04:04.9617043Z [ 87%] Linking CXX executable logic_registry-test_ASAN
2026-09-22T08:04:05.0610318Z [ 87%] Built target logic_registry-test_ASAN
2026-09-22T08:04:05.0709936Z [ 88%] Building CXX object traffic-gen/CMakeFiles/packet_gen.dir/tools/packet_gen_main.cpp.o
2026-09-22T08:04:05.7269885Z [ 88%] Linking CXX executable stack_builder-test_UBSAN
2026-09-22T08:04:05.7979989Z [ 88%] Built target stack_builder-test_UBSAN
2026-09-22T08:04:05.8069837Z [ 88%] Building CXX object traffic-gen/tests/CMakeFiles/traffic_gen-test_UBSAN.dir/traffic_gen_test.cpp.o
2026-09-22T08:04:06.1140111Z [ 88%] Linking CXX executable ethernet_frame_logic-test
2026-09-22T08:04:06.1819902Z [ 88%] Built target ethernet_frame_logic-test
2026-09-22T08:04:06.1879826Z [ 88%] Building CXX object traffic-gen/tests/CMakeFiles/traffic_gen-test_ASAN.dir/traffic_gen_test.cpp.o
2026-09-22T08:04:06.1947570Z [ 89%] Linking CXX executable packet_gen
2026-09-22T08:04:06.2091287Z [ 89%] Linking CXX executable stack_codec-test
2026-09-22T08:04:06.2548617Z [ 89%] Built target packet_gen
2026-09-22T08:04:06.2639701Z [ 89%] Building CXX object traffic-gen/tests/CMakeFiles/traffic_gen-test.dir/traffic_gen_test.cpp.o
2026-09-22T08:04:06.2869909Z [ 89%] Built target stack_codec-test
2026-09-22T08:04:06.2929671Z [ 89%] Building CXX object traffic-gen/tests/CMakeFiles/adp_fuzz-test_UBSAN.dir/adp_fuzz_test.cpp.o
2026-09-22T08:04:07.6279947Z [ 90%] Linking CXX executable traffic_gen-test_UBSAN
2026-09-22T08:04:07.6520181Z [ 91%] Linking CXX executable traffic_gen-test
2026-09-22T08:04:07.7087388Z [ 91%] Built target traffic_gen-test_UBSAN
2026-09-22T08:04:07.7169827Z [ 91%] Building CXX object traffic-gen/tests/CMakeFiles/adp_fuzz-test_ASAN.dir/adp_fuzz_test.cpp.o
2026-09-22T08:04:07.7219890Z [ 92%] Linking CXX executable traffic_gen-test_ASAN
2026-09-22T08:04:07.7259314Z [ 92%] Built target traffic_gen-test
2026-09-22T08:04:07.7339452Z [ 92%] Building CXX object traffic-gen/tests/CMakeFiles/adp_fuzz-test.dir/adp_fuzz_test.cpp.o
2026-09-22T08:04:07.8119927Z [ 92%] Built target traffic_gen-test_ASAN
2026-09-22T08:04:07.8310043Z [ 93%] Building CXX object traffic-gen/tests/CMakeFiles/ptp_flags-test_UBSAN.dir/ptp_flags_test.cpp.o
2026-09-22T08:04:08.0849844Z [ 94%] Linking CXX executable adp_fuzz-test_UBSAN
2026-09-22T08:04:08.1639970Z [ 94%] Built target adp_fuzz-test_UBSAN
2026-09-22T08:04:08.1729810Z [ 95%] Building CXX object traffic-gen/tests/CMakeFiles/ptp_flags-test_ASAN.dir/ptp_flags_test.cpp.o
2026-09-22T08:04:09.1399976Z [ 96%] Linking CXX executable adp_fuzz-test
2026-09-22T08:04:09.2159862Z [ 96%] Built target adp_fuzz-test
2026-09-22T08:04:09.2229806Z [ 97%] Building CXX object traffic-gen/tests/CMakeFiles/ptp_flags-test.dir/ptp_flags_test.cpp.o
2026-09-22T08:04:09.2647027Z [ 98%] Linking CXX executable adp_fuzz-test_ASAN
2026-09-22T08:04:09.3702572Z [ 98%] Built target adp_fuzz-test_ASAN
2026-09-22T08:04:09.4310494Z [100%] Linking CXX executable ptp_flags-test_UBSAN
2026-09-22T08:04:09.4837595Z [100%] Built target ptp_flags-test_UBSAN
2026-09-22T08:04:09.6042328Z [100%] Linking CXX executable ptp_flags-test_ASAN
2026-09-22T08:04:09.6670159Z [100%] Built target ptp_flags-test_ASAN
2026-09-22T08:04:10.1766568Z [100%] Linking CXX executable ptp_flags-test
2026-09-22T08:04:10.2305363Z [100%] Built target ptp_flags-test
2026-09-22T08:04:10.3587764Z Executing software test suite
2026-09-22T08:04:10.3588416Z Test location: /home/runner/work/tsn-gen/tsn-gen/tests/../build
2026-09-22T08:04:10.8347564Z Test project /home/runner/work/tsn-gen/tsn-gen/build
2026-09-22T08:04:10.8946772Z         Start   1: ParserUsingTest.Version
2026-09-22T08:04:10.9035485Z   1/292 Test   #1: ParserUsingTest.Version .................................   Passed    0.00 sec
2026-09-22T08:04:10.9094282Z         Start   2: ParserUsingTest.BasePath
2026-09-22T08:04:10.9118536Z   2/292 Test   #2: ParserUsingTest.BasePath ................................   Passed    0.00 sec
2026-09-22T08:04:10.9119590Z         Start   3: Parser.InvalidPathInt
2026-09-22T08:04:10.9144373Z   3/292 Test   #3: Parser.InvalidPathInt ...................................   Passed    0.00 sec
2026-09-22T08:04:10.9145314Z         Start   4: Parser.VarCreation
2026-09-22T08:04:10.9169346Z   4/292 Test   #4: Parser.VarCreation ......................................   Passed    0.00 sec
2026-09-22T08:04:10.9170291Z         Start   5: Parser.VarCreationTooSmall
2026-09-22T08:04:10.9194290Z   5/292 Test   #5: Parser.VarCreationTooSmall ..............................   Passed    0.00 sec
2026-09-22T08:04:10.9195156Z         Start   6: Parser.listFiles
2026-09-22T08:04:10.9225582Z   6/292 Test   #6: Parser.listFiles ........................................   Passed    0.00 sec
2026-09-22T08:04:10.9226482Z         Start   7: Parser.VerifyDepth
2026-09-22T08:04:10.9254638Z   7/292 Test   #7: Parser.VerifyDepth ......................................   Passed    0.00 sec
2026-09-22T08:04:10.9255553Z         Start   8: Parser.DivergingPath
2026-09-22T08:04:10.9297034Z   8/292 Test   #8: Parser.DivergingPath ....................................   Passed    0.00 sec
2026-09-22T08:04:10.9297946Z         Start   9: Parser.ParsingProtocolNameInvalid
2026-09-22T08:04:10.9324802Z   9/292 Test   #9: Parser.ParsingProtocolNameInvalid .......................   Passed    0.00 sec
2026-09-22T08:04:10.9325647Z         Start  10: ParserUsingTest.Version
2026-09-22T08:04:10.9418086Z  10/292 Test  #10: ParserUsingTest.Version .................................   Passed    0.01 sec
2026-09-22T08:04:10.9418747Z         Start  11: ParserUsingTest.BasePath
2026-09-22T08:04:10.9525115Z  11/292 Test  #11: ParserUsingTest.BasePath ................................   Passed    0.01 sec
2026-09-22T08:04:10.9526268Z         Start  12: Parser.InvalidPathInt
2026-09-22T08:04:10.9624038Z  12/292 Test  #12: Parser.InvalidPathInt ...................................   Passed    0.01 sec
2026-09-22T08:04:10.9624669Z         Start  13: Parser.VarCreation
2026-09-22T08:04:10.9719674Z  13/292 Test  #13: Parser.VarCreation ......................................   Passed    0.01 sec
2026-09-22T08:04:10.9720660Z         Start  14: Parser.VarCreationTooSmall
2026-09-22T08:04:10.9822839Z  14/292 Test  #14: Parser.VarCreationTooSmall ..............................   Passed    0.01 sec
2026-09-22T08:04:10.9823295Z         Start  15: Parser.listFiles
2026-09-22T08:04:10.9926548Z  15/292 Test  #15: Parser.listFiles ........................................   Passed    0.01 sec
2026-09-22T08:04:10.9927442Z         Start  16: Parser.VerifyDepth
2026-09-22T08:04:11.0022841Z  16/292 Test  #16: Parser.VerifyDepth ......................................   Passed    0.01 sec
2026-09-22T08:04:11.0023851Z         Start  17: Parser.DivergingPath
2026-09-22T08:04:11.0179196Z  17/292 Test  #17: Parser.DivergingPath ....................................   Passed    0.02 sec
2026-09-22T08:04:11.0180007Z         Start  18: Parser.ParsingProtocolNameInvalid
2026-09-22T08:04:11.0283146Z  18/292 Test  #18: Parser.ParsingProtocolNameInvalid .......................   Passed    0.01 sec
2026-09-22T08:04:11.0284476Z         Start  19: ParserUsingTest.Version
2026-09-22T08:04:11.0312635Z  19/292 Test  #19: ParserUsingTest.Version .................................   Passed    0.00 sec
2026-09-22T08:04:11.0313677Z         Start  20: ParserUsingTest.BasePath
2026-09-22T08:04:11.0336813Z  20/292 Test  #20: ParserUsingTest.BasePath ................................   Passed    0.00 sec
2026-09-22T08:04:11.0337536Z         Start  21: Parser.InvalidPathInt
2026-09-22T08:04:11.0361904Z  21/292 Test  #21: Parser.InvalidPathInt ...................................   Passed    0.00 sec
2026-09-22T08:04:11.0362810Z         Start  22: Parser.VarCreation
2026-09-22T08:04:11.0383914Z  22/292 Test  #22: Parser.VarCreation ......................................   Passed    0.00 sec
2026-09-22T08:04:11.0384744Z         Start  23: Parser.VarCreationTooSmall
2026-09-22T08:04:11.0405254Z  23/292 Test  #23: Parser.VarCreationTooSmall ..............................   Passed    0.00 sec
2026-09-22T08:04:11.0406012Z         Start  24: Parser.listFiles
2026-09-22T08:04:11.0429907Z  24/292 Test  #24: Parser.listFiles ........................................   Passed    0.00 sec
2026-09-22T08:04:11.0430711Z         Start  25: Parser.VerifyDepth
2026-09-22T08:04:11.0455621Z  25/292 Test  #25: Parser.VerifyDepth ......................................   Passed    0.00 sec
2026-09-22T08:04:11.0456378Z         Start  26: Parser.DivergingPath
2026-09-22T08:04:11.0494482Z  26/292 Test  #26: Parser.DivergingPath ....................................   Passed    0.00 sec
2026-09-22T08:04:11.0495296Z         Start  27: Parser.ParsingProtocolNameInvalid
2026-09-22T08:04:11.0519196Z  27/292 Test  #27: Parser.ParsingProtocolNameInvalid .......................   Passed    0.00 sec
2026-09-22T08:04:11.0520082Z         Start  28: ObjectSerializer.ParseSimpleProtocol
2026-09-22T08:04:11.0552745Z  28/292 Test  #28: ObjectSerializer.ParseSimpleProtocol ....................   Passed    0.00 sec
2026-09-22T08:04:11.0553600Z         Start  29: ObjectSerializer.ParseSimpleProtocolVarCount
2026-09-22T08:04:11.0583169Z  29/292 Test  #29: ObjectSerializer.ParseSimpleProtocolVarCount ............   Passed    0.00 sec
2026-09-22T08:04:11.0584034Z         Start  30: ObjectSerializer.ParseSimpleProtocolVarName
2026-09-22T08:04:11.0613321Z  30/292 Test  #30: ObjectSerializer.ParseSimpleProtocolVarName .............   Passed    0.00 sec
2026-09-22T08:04:11.0614140Z         Start  31: ObjectSerializer.ParseSimpleProtocolVarSize
2026-09-22T08:04:11.0643235Z  31/292 Test  #31: ObjectSerializer.ParseSimpleProtocolVarSize .............   Passed    0.00 sec
2026-09-22T08:04:11.0644082Z         Start  32: ObjectSerializer.ParseSimpleProtocolVarExpectedValues
2026-09-22T08:04:11.0673534Z  32/292 Test  #32: ObjectSerializer.ParseSimpleProtocolVarExpectedValues ...   Passed    0.00 sec
2026-09-22T08:04:11.0674362Z         Start  33: ObjectSerializer.ParseSimpleProtocolIfaceCount
2026-09-22T08:04:11.0703075Z  33/292 Test  #33: ObjectSerializer.ParseSimpleProtocolIfaceCount ..........   Passed    0.00 sec
2026-09-22T08:04:11.0703923Z         Start  34: ObjectSerializer.ParseSimpleProtocolIfaceName
2026-09-22T08:04:11.0732462Z  34/292 Test  #34: ObjectSerializer.ParseSimpleProtocolIfaceName ...........   Passed    0.00 sec
2026-09-22T08:04:11.0733345Z         Start  35: ObjectSerializer.ParseSimpleProtocolIfaceDirection
2026-09-22T08:04:11.0762850Z  35/292 Test  #35: ObjectSerializer.ParseSimpleProtocolIfaceDirection ......   Passed    0.00 sec
2026-09-22T08:04:11.0763664Z         Start  36: ObjectSerializer.ParseSimpleProtocolIfaceVarRef
2026-09-22T08:04:11.0792360Z  36/292 Test  #36: ObjectSerializer.ParseSimpleProtocolIfaceVarRef .........   Passed    0.00 sec
2026-09-22T08:04:11.0793196Z         Start  37: ObjectSerializer.ParseSimpleProtocolServiceNoLogic
2026-09-22T08:04:11.0822057Z  37/292 Test  #37: ObjectSerializer.ParseSimpleProtocolServiceNoLogic ......   Passed    0.00 sec
2026-09-22T08:04:11.0822688Z         Start  38: ObjectSerializer.ParseProtocolWithLogicName
2026-09-22T08:04:11.0851586Z  38/292 Test  #38: ObjectSerializer.ParseProtocolWithLogicName .............   Passed    0.00 sec
2026-09-22T08:04:11.0852413Z         Start  39: ObjectSerializer.ParseSimpleProtocol
2026-09-22T08:04:11.0968770Z  39/292 Test  #39: ObjectSerializer.ParseSimpleProtocol ....................   Passed    0.01 sec
2026-09-22T08:04:11.0970051Z         Start  40: ObjectSerializer.ParseSimpleProtocolVarCount
2026-09-22T08:04:11.1076490Z  40/292 Test  #40: ObjectSerializer.ParseSimpleProtocolVarCount ............   Passed    0.01 sec
2026-09-22T08:04:11.1077302Z         Start  41: ObjectSerializer.ParseSimpleProtocolVarName
2026-09-22T08:04:11.1172468Z  41/292 Test  #41: ObjectSerializer.ParseSimpleProtocolVarName .............   Passed    0.01 sec
2026-09-22T08:04:11.1173038Z         Start  42: ObjectSerializer.ParseSimpleProtocolVarSize
2026-09-22T08:04:11.1285441Z  42/292 Test  #42: ObjectSerializer.ParseSimpleProtocolVarSize .............   Passed    0.01 sec
2026-09-22T08:04:11.1286146Z         Start  43: ObjectSerializer.ParseSimpleProtocolVarExpectedValues
2026-09-22T08:04:11.1388940Z  43/292 Test  #43: ObjectSerializer.ParseSimpleProtocolVarExpectedValues ...   Passed    0.01 sec
2026-09-22T08:04:11.1391633Z         Start  44: ObjectSerializer.ParseSimpleProtocolIfaceCount
2026-09-22T08:04:11.1484354Z  44/292 Test  #44: ObjectSerializer.ParseSimpleProtocolIfaceCount ..........   Passed    0.01 sec
2026-09-22T08:04:11.1484974Z         Start  45: ObjectSerializer.ParseSimpleProtocolIfaceName
2026-09-22T08:04:11.1594354Z  45/292 Test  #45: ObjectSerializer.ParseSimpleProtocolIfaceName ...........   Passed    0.01 sec
2026-09-22T08:04:11.1594991Z         Start  46: ObjectSerializer.ParseSimpleProtocolIfaceDirection
2026-09-22T08:04:11.1714145Z  46/292 Test  #46: ObjectSerializer.ParseSimpleProtocolIfaceDirection ......   Passed    0.01 sec
2026-09-22T08:04:11.1717434Z         Start  47: ObjectSerializer.ParseSimpleProtocolIfaceVarRef
2026-09-22T08:04:11.1843593Z  47/292 Test  #47: ObjectSerializer.ParseSimpleProtocolIfaceVarRef .........   Passed    0.01 sec
2026-09-22T08:04:11.1844195Z         Start  48: ObjectSerializer.ParseSimpleProtocolServiceNoLogic
2026-09-22T08:04:11.1965968Z  48/292 Test  #48: ObjectSerializer.ParseSimpleProtocolServiceNoLogic ......   Passed    0.01 sec
2026-09-22T08:04:11.1968003Z         Start  49: ObjectSerializer.ParseProtocolWithLogicName
2026-09-22T08:04:11.2090759Z  49/292 Test  #49: ObjectSerializer.ParseProtocolWithLogicName .............   Passed    0.01 sec
2026-09-22T08:04:11.2091666Z         Start  50: ObjectSerializer.ParseSimpleProtocol
2026-09-22T08:04:11.2127088Z  50/292 Test  #50: ObjectSerializer.ParseSimpleProtocol ....................   Passed    0.00 sec
2026-09-22T08:04:11.2128072Z         Start  51: ObjectSerializer.ParseSimpleProtocolVarCount
2026-09-22T08:04:11.2160261Z  51/292 Test  #51: ObjectSerializer.ParseSimpleProtocolVarCount ............   Passed    0.00 sec
2026-09-22T08:04:11.2161281Z         Start  52: ObjectSerializer.ParseSimpleProtocolVarName
2026-09-22T08:04:11.2187564Z  52/292 Test  #52: ObjectSerializer.ParseSimpleProtocolVarName .............   Passed    0.00 sec
2026-09-22T08:04:11.2188442Z         Start  53: ObjectSerializer.ParseSimpleProtocolVarSize
2026-09-22T08:04:11.2213447Z  53/292 Test  #53: ObjectSerializer.ParseSimpleProtocolVarSize .............   Passed    0.00 sec
2026-09-22T08:04:11.2214353Z         Start  54: ObjectSerializer.ParseSimpleProtocolVarExpectedValues
2026-09-22T08:04:11.2239437Z  54/292 Test  #54: ObjectSerializer.ParseSimpleProtocolVarExpectedValues ...   Passed    0.00 sec
2026-09-22T08:04:11.2240287Z         Start  55: ObjectSerializer.ParseSimpleProtocolIfaceCount
2026-09-22T08:04:11.2265246Z  55/292 Test  #55: ObjectSerializer.ParseSimpleProtocolIfaceCount ..........   Passed    0.00 sec
2026-09-22T08:04:11.2266314Z         Start  56: ObjectSerializer.ParseSimpleProtocolIfaceName
2026-09-22T08:04:11.2290551Z  56/292 Test  #56: ObjectSerializer.ParseSimpleProtocolIfaceName ...........   Passed    0.00 sec
2026-09-22T08:04:11.2291441Z         Start  57: ObjectSerializer.ParseSimpleProtocolIfaceDirection
2026-09-22T08:04:11.2316480Z  57/292 Test  #57: ObjectSerializer.ParseSimpleProtocolIfaceDirection ......   Passed    0.00 sec
2026-09-22T08:04:11.2317272Z         Start  58: ObjectSerializer.ParseSimpleProtocolIfaceVarRef
2026-09-22T08:04:11.2343201Z  58/292 Test  #58: ObjectSerializer.ParseSimpleProtocolIfaceVarRef .........   Passed    0.00 sec
2026-09-22T08:04:11.2344031Z         Start  59: ObjectSerializer.ParseSimpleProtocolServiceNoLogic
2026-09-22T08:04:11.2368374Z  59/292 Test  #59: ObjectSerializer.ParseSimpleProtocolServiceNoLogic ......   Passed    0.00 sec
2026-09-22T08:04:11.2369300Z         Start  60: ObjectSerializer.ParseProtocolWithLogicName
2026-09-22T08:04:11.2393382Z  60/292 Test  #60: ObjectSerializer.ParseProtocolWithLogicName .............   Passed    0.00 sec
2026-09-22T08:04:11.2394114Z         Start  61: LogicRegistry.RegisterAndCreate
2026-09-22T08:04:11.2422246Z  61/292 Test  #61: LogicRegistry.RegisterAndCreate .........................   Passed    0.00 sec
2026-09-22T08:04:11.2423060Z         Start  62: LogicRegistry.UnknownNameReturnsNull
2026-09-22T08:04:11.2448770Z  62/292 Test  #62: LogicRegistry.UnknownNameReturnsNull ....................   Passed    0.00 sec
2026-09-22T08:04:11.2449735Z         Start  63: LogicRegistry.DuplicateRegistrationRejected
2026-09-22T08:04:11.2476145Z  63/292 Test  #63: LogicRegistry.DuplicateRegistrationRejected .............   Passed    0.00 sec
2026-09-22T08:04:11.2477249Z         Start  64: LogicRegistry.EmptyNameRejected
2026-09-22T08:04:11.2503304Z  64/292 Test  #64: LogicRegistry.EmptyNameRejected .........................   Passed    0.00 sec
2026-09-22T08:04:11.2504122Z         Start  65: LogicRegistry.NullFactoryRejected
2026-09-22T08:04:11.2529438Z  65/292 Test  #65: LogicRegistry.NullFactoryRejected .......................   Passed    0.00 sec
2026-09-22T08:04:11.2530232Z         Start  66: PassthroughLogic.IsNoOp
2026-09-22T08:04:11.2555629Z  66/292 Test  #66: PassthroughLogic.IsNoOp .................................   Passed    0.00 sec
2026-09-22T08:04:11.2556286Z         Start  67: LayerContext.AdjacencyAndDefaults
2026-09-22T08:04:11.2581566Z  67/292 Test  #67: LayerContext.AdjacencyAndDefaults .......................   Passed    0.00 sec
2026-09-22T08:04:11.2582279Z         Start  68: LogicRegistry.RegisterAndCreate
2026-09-22T08:04:11.2683912Z  68/292 Test  #68: LogicRegistry.RegisterAndCreate .........................   Passed    0.01 sec
2026-09-22T08:04:11.2684720Z         Start  69: LogicRegistry.UnknownNameReturnsNull
2026-09-22T08:04:11.2781776Z  69/292 Test  #69: LogicRegistry.UnknownNameReturnsNull ....................   Passed    0.01 sec
2026-09-22T08:04:11.2789979Z         Start  70: LogicRegistry.DuplicateRegistrationRejected
2026-09-22T08:04:11.2890630Z  70/292 Test  #70: LogicRegistry.DuplicateRegistrationRejected .............   Passed    0.01 sec
2026-09-22T08:04:11.2891328Z         Start  71: LogicRegistry.EmptyNameRejected
2026-09-22T08:04:11.3001633Z  71/292 Test  #71: LogicRegistry.EmptyNameRejected .........................   Passed    0.01 sec
2026-09-22T08:04:11.3002307Z         Start  72: LogicRegistry.NullFactoryRejected
2026-09-22T08:04:11.3104070Z  72/292 Test  #72: LogicRegistry.NullFactoryRejected .......................   Passed    0.01 sec
2026-09-22T08:04:11.3104614Z         Start  73: PassthroughLogic.IsNoOp
2026-09-22T08:04:11.3207165Z  73/292 Test  #73: PassthroughLogic.IsNoOp .................................   Passed    0.01 sec
2026-09-22T08:04:11.3207747Z         Start  74: LayerContext.AdjacencyAndDefaults
2026-09-22T08:04:11.3303457Z  74/292 Test  #74: LayerContext.AdjacencyAndDefaults .......................   Passed    0.01 sec
2026-09-22T08:04:11.3304533Z         Start  75: LogicRegistry.RegisterAndCreate
2026-09-22T08:04:11.3335715Z  75/292 Test  #75: LogicRegistry.RegisterAndCreate .........................   Passed    0.00 sec
2026-09-22T08:04:11.3336443Z         Start  76: LogicRegistry.UnknownNameReturnsNull
2026-09-22T08:04:11.3359176Z  76/292 Test  #76: LogicRegistry.UnknownNameReturnsNull ....................   Passed    0.00 sec
2026-09-22T08:04:11.3359826Z         Start  77: LogicRegistry.DuplicateRegistrationRejected
2026-09-22T08:04:11.3381073Z  77/292 Test  #77: LogicRegistry.DuplicateRegistrationRejected .............   Passed    0.00 sec
2026-09-22T08:04:11.3383299Z         Start  78: LogicRegistry.EmptyNameRejected
2026-09-22T08:04:11.3403496Z  78/292 Test  #78: LogicRegistry.EmptyNameRejected .........................   Passed    0.00 sec
2026-09-22T08:04:11.3404582Z         Start  79: LogicRegistry.NullFactoryRejected
2026-09-22T08:04:11.3425144Z  79/292 Test  #79: LogicRegistry.NullFactoryRejected .......................   Passed    0.00 sec
2026-09-22T08:04:11.3425826Z         Start  80: PassthroughLogic.IsNoOp
2026-09-22T08:04:11.3446071Z  80/292 Test  #80: PassthroughLogic.IsNoOp .................................   Passed    0.00 sec
2026-09-22T08:04:11.3446675Z         Start  81: LayerContext.AdjacencyAndDefaults
2026-09-22T08:04:11.3467365Z  81/292 Test  #81: LayerContext.AdjacencyAndDefaults .......................   Passed    0.00 sec
2026-09-22T08:04:11.3467977Z         Start  82: StackBuilder.BuildsAllPassthroughStack
2026-09-22T08:04:11.3505078Z  82/292 Test  #82: StackBuilder.BuildsAllPassthroughStack ..................   Passed    0.00 sec
2026-09-22T08:04:11.3505727Z         Start  83: StackBuilder.ResolvesRegisteredLogic
2026-09-22T08:04:11.3538545Z  83/292 Test  #83: StackBuilder.ResolvesRegisteredLogic ....................   Passed    0.00 sec
2026-09-22T08:04:11.3539421Z         Start  84: StackBuilder.AdjacencyWiredBottomUp
2026-09-22T08:04:11.3571425Z  84/292 Test  #84: StackBuilder.AdjacencyWiredBottomUp .....................   Passed    0.00 sec
2026-09-22T08:04:11.3572093Z         Start  85: StackBuilder.UnknownLogicFailsBuild
2026-09-22T08:04:11.3603680Z  85/292 Test  #85: StackBuilder.UnknownLogicFailsBuild .....................   Passed    0.00 sec
2026-09-22T08:04:11.3604285Z         Start  86: StackBuilder.UnknownServiceFailsBuild
2026-09-22T08:04:11.3635841Z  86/292 Test  #86: StackBuilder.UnknownServiceFailsBuild ...................   Passed    0.00 sec
2026-09-22T08:04:11.3636581Z         Start  87: StackBuilder.BypassLogicForcesPassthrough
2026-09-22T08:04:11.3668210Z  87/292 Test  #87: StackBuilder.BypassLogicForcesPassthrough ...............   Passed    0.00 sec
2026-09-22T08:04:11.3668999Z         Start  88: StackBuilder.BypassLogicSkipsRegistryLookup
2026-09-22T08:04:11.3700896Z  88/292 Test  #88: StackBuilder.BypassLogicSkipsRegistryLookup .............   Passed    0.00 sec
2026-09-22T08:04:11.3701879Z         Start  89: StackBuilder.InvalidPathFailsBuild
2026-09-22T08:04:11.3733160Z  89/292 Test  #89: StackBuilder.InvalidPathFailsBuild ......................   Passed    0.00 sec
2026-09-22T08:04:11.3734234Z         Start  90: StackBuilder.BuildsAllPassthroughStack
2026-09-22T08:04:11.3828086Z  90/292 Test  #90: StackBuilder.BuildsAllPassthroughStack ..................   Passed    0.01 sec
2026-09-22T08:04:11.3828687Z         Start  91: StackBuilder.ResolvesRegisteredLogic
2026-09-22T08:04:11.3923922Z  91/292 Test  #91: StackBuilder.ResolvesRegisteredLogic ....................   Passed    0.01 sec
2026-09-22T08:04:11.3924583Z         Start  92: StackBuilder.AdjacencyWiredBottomUp
2026-09-22T08:04:11.4049145Z  92/292 Test  #92: StackBuilder.AdjacencyWiredBottomUp .....................   Passed    0.01 sec
2026-09-22T08:04:11.4050177Z         Start  93: StackBuilder.UnknownLogicFailsBuild
2026-09-22T08:04:11.4190409Z  93/292 Test  #93: StackBuilder.UnknownLogicFailsBuild .....................   Passed    0.01 sec
2026-09-22T08:04:11.4191196Z         Start  94: StackBuilder.UnknownServiceFailsBuild
2026-09-22T08:04:11.4289137Z  94/292 Test  #94: StackBuilder.UnknownServiceFailsBuild ...................   Passed    0.01 sec
2026-09-22T08:04:11.4289856Z         Start  95: StackBuilder.BypassLogicForcesPassthrough
2026-09-22T08:04:11.4403109Z  95/292 Test  #95: StackBuilder.BypassLogicForcesPassthrough ...............   Passed    0.01 sec
2026-09-22T08:04:11.4403767Z         Start  96: StackBuilder.BypassLogicSkipsRegistryLookup
2026-09-22T08:04:11.4543399Z  96/292 Test  #96: StackBuilder.BypassLogicSkipsRegistryLookup .............   Passed    0.01 sec
2026-09-22T08:04:11.4544144Z         Start  97: StackBuilder.InvalidPathFailsBuild
2026-09-22T08:04:11.4676512Z  97/292 Test  #97: StackBuilder.InvalidPathFailsBuild ......................   Passed    0.01 sec
2026-09-22T08:04:11.4677242Z         Start  98: StackBuilder.BuildsAllPassthroughStack
2026-09-22T08:04:11.4713709Z  98/292 Test  #98: StackBuilder.BuildsAllPassthroughStack ..................   Passed    0.00 sec
2026-09-22T08:04:11.4714387Z         Start  99: StackBuilder.ResolvesRegisteredLogic
2026-09-22T08:04:11.4745549Z  99/292 Test  #99: StackBuilder.ResolvesRegisteredLogic ....................   Passed    0.00 sec
2026-09-22T08:04:11.4746636Z         Start 100: StackBuilder.AdjacencyWiredBottomUp
2026-09-22T08:04:11.4776103Z 100/292 Test #100: StackBuilder.AdjacencyWiredBottomUp .....................   Passed    0.00 sec
2026-09-22T08:04:11.4776881Z         Start 101: StackBuilder.UnknownLogicFailsBuild
2026-09-22T08:04:11.4804839Z 101/292 Test #101: StackBuilder.UnknownLogicFailsBuild .....................   Passed    0.00 sec
2026-09-22T08:04:11.4805613Z         Start 102: StackBuilder.UnknownServiceFailsBuild
2026-09-22T08:04:11.4832708Z 102/292 Test #102: StackBuilder.UnknownServiceFailsBuild ...................   Passed    0.00 sec
2026-09-22T08:04:11.4833469Z         Start 103: StackBuilder.BypassLogicForcesPassthrough
2026-09-22T08:04:11.4860253Z 103/292 Test #103: StackBuilder.BypassLogicForcesPassthrough ...............   Passed    0.00 sec
2026-09-22T08:04:11.4861020Z         Start 104: StackBuilder.BypassLogicSkipsRegistryLookup
2026-09-22T08:04:11.4887190Z 104/292 Test #104: StackBuilder.BypassLogicSkipsRegistryLookup .............   Passed    0.00 sec
2026-09-22T08:04:11.4887915Z         Start 105: StackBuilder.InvalidPathFailsBuild
2026-09-22T08:04:11.4914305Z 105/292 Test #105: StackBuilder.InvalidPathFailsBuild ......................   Passed    0.00 sec
2026-09-22T08:04:11.4914986Z         Start 106: Validator.ConformingFilePasses
2026-09-22T08:04:11.4946514Z 106/292 Test #106: Validator.ConformingFilePasses ..........................   Passed    0.00 sec
2026-09-22T08:04:11.4947206Z         Start 107: Validator.ForeignTopLevelKeyRejected
2026-09-22T08:04:11.4975642Z 107/292 Test #107: Validator.ForeignTopLevelKeyRejected ....................   Passed    0.00 sec
2026-09-22T08:04:11.4976380Z         Start 108: Validator.MissingServiceRejected
2026-09-22T08:04:11.5004352Z 108/292 Test #108: Validator.MissingServiceRejected ........................   Passed    0.00 sec
2026-09-22T08:04:11.5005093Z         Start 109: Validator.OversizeFieldRejected
2026-09-22T08:04:11.5032595Z 109/292 Test #109: Validator.OversizeFieldRejected .........................   Passed    0.00 sec
2026-09-22T08:04:11.5033346Z         Start 110: Validator.BadDirectionRejected
2026-09-22T08:04:11.5061726Z 110/292 Test #110: Validator.BadDirectionRejected ..........................   Passed    0.00 sec
2026-09-22T08:04:11.5062536Z         Start 111: Validator.ServiceWithoutVarsOrEntitiesRejected
2026-09-22T08:04:11.5089573Z 111/292 Test #111: Validator.ServiceWithoutVarsOrEntitiesRejected ..........   Passed    0.00 sec
2026-09-22T08:04:11.5090339Z         Start 112: Validator.FindingsCarryLineNumbers
2026-09-22T08:04:11.5117115Z 112/292 Test #112: Validator.FindingsCarryLineNumbers ......................   Passed    0.00 sec
2026-09-22T08:04:11.5117839Z         Start 113: Validator.MissingDirectoryReported
2026-09-22T08:04:11.5143533Z 113/292 Test #113: Validator.MissingDirectoryReported ......................   Passed    0.00 sec
2026-09-22T08:04:11.5144227Z         Start 114: Validator.ConformingFilePasses
2026-09-22T08:04:11.5242043Z 114/292 Test #114: Validator.ConformingFilePasses ..........................   Passed    0.01 sec
2026-09-22T08:04:11.5242670Z         Start 115: Validator.ForeignTopLevelKeyRejected
2026-09-22T08:04:11.5357932Z 115/292 Test #115: Validator.ForeignTopLevelKeyRejected ....................   Passed    0.01 sec
2026-09-22T08:04:11.5358585Z         Start 116: Validator.MissingServiceRejected
2026-09-22T08:04:11.5452657Z 116/292 Test #116: Validator.MissingServiceRejected ........................   Passed    0.01 sec
2026-09-22T08:04:11.5453355Z         Start 117: Validator.OversizeFieldRejected
2026-09-22T08:04:11.5545626Z 117/292 Test #117: Validator.OversizeFieldRejected .........................   Passed    0.01 sec
2026-09-22T08:04:11.5546276Z         Start 118: Validator.BadDirectionRejected
2026-09-22T08:04:11.5656812Z 118/292 Test #118: Validator.BadDirectionRejected ..........................   Passed    0.01 sec
2026-09-22T08:04:11.5657294Z         Start 119: Validator.ServiceWithoutVarsOrEntitiesRejected
2026-09-22T08:04:11.5765972Z 119/292 Test #119: Validator.ServiceWithoutVarsOrEntitiesRejected ..........   Passed    0.01 sec
2026-09-22T08:04:11.5766561Z         Start 120: Validator.FindingsCarryLineNumbers
2026-09-22T08:04:11.5859079Z 120/292 Test #120: Validator.FindingsCarryLineNumbers ......................   Passed    0.01 sec
2026-09-22T08:04:11.5859648Z         Start 121: Validator.MissingDirectoryReported
2026-09-22T08:04:11.5952574Z 121/292 Test #121: Validator.MissingDirectoryReported ......................   Passed    0.01 sec
2026-09-22T08:04:11.5953047Z         Start 122: Validator.ConformingFilePasses
2026-09-22T08:04:11.5984640Z 122/292 Test #122: Validator.ConformingFilePasses ..........................   Passed    0.00 sec
2026-09-22T08:04:11.5985172Z         Start 123: Validator.ForeignTopLevelKeyRejected
2026-09-22T08:04:11.6009894Z 123/292 Test #123: Validator.ForeignTopLevelKeyRejected ....................   Passed    0.00 sec
2026-09-22T08:04:11.6010473Z         Start 124: Validator.MissingServiceRejected
2026-09-22T08:04:11.6034292Z 124/292 Test #124: Validator.MissingServiceRejected ........................   Passed    0.00 sec
2026-09-22T08:04:11.6035134Z         Start 125: Validator.OversizeFieldRejected
2026-09-22T08:04:11.6058648Z 125/292 Test #125: Validator.OversizeFieldRejected .........................   Passed    0.00 sec
2026-09-22T08:04:11.6059295Z         Start 126: Validator.BadDirectionRejected
2026-09-22T08:04:11.6083174Z 126/292 Test #126: Validator.BadDirectionRejected ..........................   Passed    0.00 sec
2026-09-22T08:04:11.6083716Z         Start 127: Validator.ServiceWithoutVarsOrEntitiesRejected
2026-09-22T08:04:11.6106839Z 127/292 Test #127: Validator.ServiceWithoutVarsOrEntitiesRejected ..........   Passed    0.00 sec
2026-09-22T08:04:11.6107624Z         Start 128: Validator.FindingsCarryLineNumbers
2026-09-22T08:04:11.6130636Z 128/292 Test #128: Validator.FindingsCarryLineNumbers ......................   Passed    0.00 sec
2026-09-22T08:04:11.6131211Z         Start 129: Validator.MissingDirectoryReported
2026-09-22T08:04:11.6152256Z 129/292 Test #129: Validator.MissingDirectoryReported ......................   Passed    0.00 sec
2026-09-22T08:04:11.6152911Z         Start 130: HelloTest.BasicAssertions
2026-09-22T08:04:11.6171603Z 130/292 Test #130: HelloTest.BasicAssertions ...............................   Passed    0.00 sec
2026-09-22T08:04:11.6172505Z         Start 131: EthernetFrameLogic.RegisteredUnderExpectedName
2026-09-22T08:04:11.6195424Z 131/292 Test #131: EthernetFrameLogic.RegisteredUnderExpectedName ..........   Passed    0.00 sec
2026-09-22T08:04:11.6195987Z         Start 132: EthernetFrameLogic.BoundByStackBuilder
2026-09-22T08:04:11.6224286Z 132/292 Test #132: EthernetFrameLogic.BoundByStackBuilder ..................   Passed    0.00 sec
2026-09-22T08:04:11.6225360Z         Start 133: EthernetFrameLogic.BypassLogicSwapsInPassthrough
2026-09-22T08:04:11.6252852Z 133/292 Test #133: EthernetFrameLogic.BypassLogicSwapsInPassthrough ........   Passed    0.00 sec
2026-09-22T08:04:11.6253692Z         Start 134: EthernetFrameLogic.EncodeDecodeCountersAdvance
2026-09-22T08:04:11.6276119Z 134/292 Test #134: EthernetFrameLogic.EncodeDecodeCountersAdvance ..........   Passed    0.00 sec
2026-09-22T08:04:11.6276643Z         Start 135: EthernetFrameLogic.NextLayerDefaults1722
2026-09-22T08:04:11.6299596Z 135/292 Test #135: EthernetFrameLogic.NextLayerDefaults1722 ................   Passed    0.00 sec
2026-09-22T08:04:11.6300408Z         Start 136: StackCodec.FrameHasExpectedSize
2026-09-22T08:04:11.6373432Z 136/292 Test #136: StackCodec.FrameHasExpectedSize .........................   Passed    0.01 sec
2026-09-22T08:04:11.6374038Z         Start 137: StackCodec.DerivedFieldsAreValid
2026-09-22T08:04:11.6444090Z 137/292 Test #137: StackCodec.DerivedFieldsAreValid ........................   Passed    0.01 sec
2026-09-22T08:04:11.6444683Z         Start 138: StackCodec.CommandStatusForcedToZero
2026-09-22T08:04:11.6605764Z 138/292 Test #138: StackCodec.CommandStatusForcedToZero ....................   Passed    0.02 sec
2026-09-22T08:04:11.6606571Z         Start 139: StackCodec.DecodeRoundTripsFields
2026-09-22T08:04:11.6676995Z 139/292 Test #139: StackCodec.DecodeRoundTripsFields .......................   Passed    0.01 sec
2026-09-22T08:04:11.6677547Z         Start 140: StackCodec.DeterministicForFixedSeed
2026-09-22T08:04:11.6749706Z 140/292 Test #140: StackCodec.DeterministicForFixedSeed ....................   Passed    0.01 sec
2026-09-22T08:04:11.6750724Z         Start 141: TrafficGenTest.EmptyInterfaceProducesEmptyPacket
2026-09-22T08:04:11.6789169Z 141/292 Test #141: TrafficGenTest.EmptyInterfaceProducesEmptyPacket ........   Passed    0.00 sec
2026-09-22T08:04:11.6789970Z         Start 142: TrafficGenTest.SimpleVarProducesOneByte
2026-09-22T08:04:11.6825447Z 142/292 Test #142: TrafficGenTest.SimpleVarProducesOneByte .................   Passed    0.00 sec
2026-09-22T08:04:11.6826215Z         Start 143: TrafficGenTest.SimpleVarValueInExpectedSet
2026-09-22T08:04:11.6863296Z 143/292 Test #143: TrafficGenTest.SimpleVarValueInExpectedSet ..............   Passed    0.00 sec
2026-09-22T08:04:11.6864000Z         Start 144: TrafficGenTest.DeterministicWithSameSeed
2026-09-22T08:04:11.6899684Z 144/292 Test #144: TrafficGenTest.DeterministicWithSameSeed ................   Passed    0.00 sec
2026-09-22T08:04:11.6900279Z         Start 145: TrafficGenTest.DifferentSeedsDifferentPackets
2026-09-22T08:04:11.6934711Z 145/292 Test #145: TrafficGenTest.DifferentSeedsDifferentPackets ...........   Passed    0.00 sec
2026-09-22T08:04:11.6935812Z         Start 146: TrafficGenTest.OpenClose
2026-09-22T08:04:11.6970162Z 146/292 Test #146: TrafficGenTest.OpenClose ................................   Passed    0.00 sec
2026-09-22T08:04:11.6970765Z         Start 147: TrafficGenTest.SendNamedInterface
2026-09-22T08:04:11.7005412Z 147/292 Test #147: TrafficGenTest.SendNamedInterface .......................   Passed    0.00 sec
2026-09-22T08:04:11.7006110Z         Start 148: TrafficGenTest.SendUnknownInterfaceReturnsError
2026-09-22T08:04:11.7040103Z 148/292 Test #148: TrafficGenTest.SendUnknownInterfaceReturnsError .........   Passed    0.00 sec
2026-09-22T08:04:11.7040776Z         Start 149: TrafficGenTest.SendAllSendsOnePacketPerInterface
2026-09-22T08:04:11.7075178Z 149/292 Test #149: TrafficGenTest.SendAllSendsOnePacketPerInterface ........   Passed    0.00 sec
2026-09-22T08:04:11.7075777Z         Start 150: TrafficGenTest.SendFilteredInDirection
2026-09-22T08:04:11.7110186Z 150/292 Test #150: TrafficGenTest.SendFilteredInDirection ..................   Passed    0.00 sec
2026-09-22T08:04:11.7110987Z         Start 151: TrafficGenTest.SendFilteredOutDirectionProducesNone
2026-09-22T08:04:11.7145168Z 151/292 Test #151: TrafficGenTest.SendFilteredOutDirectionProducesNone .....   Passed    0.00 sec
2026-09-22T08:04:11.7145918Z         Start 152: TrafficGenTest.SendLoopProducesNPackets
2026-09-22T08:04:11.7182515Z 152/292 Test #152: TrafficGenTest.SendLoopProducesNPackets .................   Passed    0.00 sec
2026-09-22T08:04:11.7183081Z         Start 153: TrafficGenTest.SendWithoutOpenReturnsNotOpen
2026-09-22T08:04:11.7219077Z 153/292 Test #153: TrafficGenTest.SendWithoutOpenReturnsNotOpen ............   Passed    0.00 sec
2026-09-22T08:04:11.7219772Z         Start 154: VerilatorSenderBeat.FullBeat
2026-09-22T08:04:11.7249331Z 154/292 Test #154: VerilatorSenderBeat.FullBeat ............................   Passed    0.00 sec
2026-09-22T08:04:11.7250093Z         Start 155: VerilatorSenderBeat.PartialLastBeat
2026-09-22T08:04:11.7279478Z 155/292 Test #155: VerilatorSenderBeat.PartialLastBeat .....................   Passed    0.00 sec
2026-09-22T08:04:11.7280269Z         Start 156: WideField.Emits512BitFieldWithoutUB
2026-09-22T08:04:11.7311168Z 156/292 Test #156: WideField.Emits512BitFieldWithoutUB .....................   Passed    0.00 sec
2026-09-22T08:04:11.7311929Z         Start 157: TrafficGenTest.EmptyInterfaceProducesEmptyPacket
2026-09-22T08:04:11.7417779Z 157/292 Test #157: TrafficGenTest.EmptyInterfaceProducesEmptyPacket ........   Passed    0.01 sec
2026-09-22T08:04:11.7418326Z         Start 158: TrafficGenTest.SimpleVarProducesOneByte
2026-09-22T08:04:11.7538073Z 158/292 Test #158: TrafficGenTest.SimpleVarProducesOneByte .................   Passed    0.01 sec
2026-09-22T08:04:11.7538887Z         Start 159: TrafficGenTest.SimpleVarValueInExpectedSet
2026-09-22T08:04:11.7649659Z 159/292 Test #159: TrafficGenTest.SimpleVarValueInExpectedSet ..............   Passed    0.01 sec
2026-09-22T08:04:11.7651366Z         Start 160: TrafficGenTest.DeterministicWithSameSeed
2026-09-22T08:04:11.7770120Z 160/292 Test #160: TrafficGenTest.DeterministicWithSameSeed ................   Passed    0.01 sec
2026-09-22T08:04:11.7771212Z         Start 161: TrafficGenTest.DifferentSeedsDifferentPackets
2026-09-22T08:04:11.7882016Z 161/292 Test #161: TrafficGenTest.DifferentSeedsDifferentPackets ...........   Passed    0.01 sec
2026-09-22T08:04:11.7882671Z         Start 162: TrafficGenTest.OpenClose
2026-09-22T08:04:11.8001045Z 162/292 Test #162: TrafficGenTest.OpenClose ................................   Passed    0.01 sec
2026-09-22T08:04:11.8001735Z         Start 163: TrafficGenTest.SendNamedInterface
2026-09-22T08:04:11.8109811Z 163/292 Test #163: TrafficGenTest.SendNamedInterface .......................   Passed    0.01 sec
2026-09-22T08:04:11.8110365Z         Start 164: TrafficGenTest.SendUnknownInterfaceReturnsError
2026-09-22T08:04:11.8229186Z 164/292 Test #164: TrafficGenTest.SendUnknownInterfaceReturnsError .........   Passed    0.01 sec
2026-09-22T08:04:11.8229843Z         Start 165: TrafficGenTest.SendAllSendsOnePacketPerInterface
2026-09-22T08:04:11.8355347Z 165/292 Test #165: TrafficGenTest.SendAllSendsOnePacketPerInterface ........   Passed    0.01 sec
2026-09-22T08:04:11.8356250Z         Start 166: TrafficGenTest.SendFilteredInDirection
2026-09-22T08:04:11.8463381Z 166/292 Test #166: TrafficGenTest.SendFilteredInDirection ..................   Passed    0.01 sec
2026-09-22T08:04:11.8463932Z         Start 167: TrafficGenTest.SendFilteredOutDirectionProducesNone
2026-09-22T08:04:11.8583024Z 167/292 Test #167: TrafficGenTest.SendFilteredOutDirectionProducesNone .....   Passed    0.01 sec
2026-09-22T08:04:11.8583531Z         Start 168: TrafficGenTest.SendLoopProducesNPackets
2026-09-22T08:04:11.8730516Z 168/292 Test #168: TrafficGenTest.SendLoopProducesNPackets .................   Passed    0.01 sec
2026-09-22T08:04:11.8731262Z         Start 169: TrafficGenTest.SendWithoutOpenReturnsNotOpen
2026-09-22T08:04:11.8855217Z 169/292 Test #169: TrafficGenTest.SendWithoutOpenReturnsNotOpen ............   Passed    0.01 sec
2026-09-22T08:04:11.8855904Z         Start 170: VerilatorSenderBeat.FullBeat
2026-09-22T08:04:11.8961923Z 170/292 Test #170: VerilatorSenderBeat.FullBeat ............................   Passed    0.01 sec
2026-09-22T08:04:11.8962638Z         Start 171: VerilatorSenderBeat.PartialLastBeat
2026-09-22T08:04:11.9074867Z 171/292 Test #171: VerilatorSenderBeat.PartialLastBeat .....................   Passed    0.01 sec
2026-09-22T08:04:11.9075397Z         Start 172: WideField.Emits512BitFieldWithoutUB
2026-09-22T08:04:11.9193417Z 172/292 Test #172: WideField.Emits512BitFieldWithoutUB .....................   Passed    0.01 sec
2026-09-22T08:04:11.9194151Z         Start 173: TrafficGenTest.EmptyInterfaceProducesEmptyPacket
2026-09-22T08:04:11.9233776Z 173/292 Test #173: TrafficGenTest.EmptyInterfaceProducesEmptyPacket ........   Passed    0.00 sec
2026-09-22T08:04:11.9234469Z         Start 174: TrafficGenTest.SimpleVarProducesOneByte
2026-09-22T08:04:11.9264800Z 174/292 Test #174: TrafficGenTest.SimpleVarProducesOneByte .................   Passed    0.00 sec
2026-09-22T08:04:11.9265564Z         Start 175: TrafficGenTest.SimpleVarValueInExpectedSet
2026-09-22T08:04:11.9295088Z 175/292 Test #175: TrafficGenTest.SimpleVarValueInExpectedSet ..............   Passed    0.00 sec
2026-09-22T08:04:11.9295840Z         Start 176: TrafficGenTest.DeterministicWithSameSeed
2026-09-22T08:04:11.9323947Z 176/292 Test #176: TrafficGenTest.DeterministicWithSameSeed ................   Passed    0.00 sec
2026-09-22T08:04:11.9324701Z         Start 177: TrafficGenTest.DifferentSeedsDifferentPackets
2026-09-22T08:04:11.9351632Z 177/292 Test #177: TrafficGenTest.DifferentSeedsDifferentPackets ...........   Passed    0.00 sec
2026-09-22T08:04:11.9352274Z         Start 178: TrafficGenTest.OpenClose
2026-09-22T08:04:11.9378981Z 178/292 Test #178: TrafficGenTest.OpenClose ................................   Passed    0.00 sec
2026-09-22T08:04:11.9379594Z         Start 179: TrafficGenTest.SendNamedInterface
2026-09-22T08:04:11.9406491Z 179/292 Test #179: TrafficGenTest.SendNamedInterface .......................   Passed    0.00 sec
2026-09-22T08:04:11.9407158Z         Start 180: TrafficGenTest.SendUnknownInterfaceReturnsError
2026-09-22T08:04:11.9434004Z 180/292 Test #180: TrafficGenTest.SendUnknownInterfaceReturnsError .........   Passed    0.00 sec
2026-09-22T08:04:11.9434662Z         Start 181: TrafficGenTest.SendAllSendsOnePacketPerInterface
2026-09-22T08:04:11.9461207Z 181/292 Test #181: TrafficGenTest.SendAllSendsOnePacketPerInterface ........   Passed    0.00 sec
2026-09-22T08:04:11.9461853Z         Start 182: TrafficGenTest.SendFilteredInDirection
2026-09-22T08:04:11.9488255Z 182/292 Test #182: TrafficGenTest.SendFilteredInDirection ..................   Passed    0.00 sec
2026-09-22T08:04:11.9489074Z         Start 183: TrafficGenTest.SendFilteredOutDirectionProducesNone
2026-09-22T08:04:11.9516365Z 183/292 Test #183: TrafficGenTest.SendFilteredOutDirectionProducesNone .....   Passed    0.00 sec
2026-09-22T08:04:11.9516982Z         Start 184: TrafficGenTest.SendLoopProducesNPackets
2026-09-22T08:04:11.9543834Z 184/292 Test #184: TrafficGenTest.SendLoopProducesNPackets .................   Passed    0.00 sec
2026-09-22T08:04:11.9544544Z         Start 185: TrafficGenTest.SendWithoutOpenReturnsNotOpen
2026-09-22T08:04:11.9571128Z 185/292 Test #185: TrafficGenTest.SendWithoutOpenReturnsNotOpen ............   Passed    0.00 sec
2026-09-22T08:04:11.9571780Z         Start 186: VerilatorSenderBeat.FullBeat
2026-09-22T08:04:11.9594464Z 186/292 Test #186: VerilatorSenderBeat.FullBeat ............................   Passed    0.00 sec
2026-09-22T08:04:11.9595112Z         Start 187: VerilatorSenderBeat.PartialLastBeat
2026-09-22T08:04:11.9617461Z 187/292 Test #187: VerilatorSenderBeat.PartialLastBeat .....................   Passed    0.00 sec
2026-09-22T08:04:11.9618196Z         Start 188: WideField.Emits512BitFieldWithoutUB
2026-09-22T08:04:11.9641455Z 188/292 Test #188: WideField.Emits512BitFieldWithoutUB .....................   Passed    0.00 sec
2026-09-22T08:04:11.9642089Z         Start 189: AdpFuzzTest.VarCount
2026-09-22T08:04:11.9683368Z 189/292 Test #189: AdpFuzzTest.VarCount ....................................   Passed    0.00 sec
2026-09-22T08:04:11.9684095Z         Start 190: AdpFuzzTest.MessageTypeConstraints
2026-09-22T08:04:11.9722192Z 190/292 Test #190: AdpFuzzTest.MessageTypeConstraints ......................   Passed    0.00 sec
2026-09-22T08:04:11.9722714Z         Start 191: AdpFuzzTest.ValidTimeRangeConstraint
2026-09-22T08:04:11.9759716Z 191/292 Test #191: AdpFuzzTest.ValidTimeRangeConstraint ....................   Passed    0.00 sec
2026-09-22T08:04:11.9760422Z         Start 192: AdpFuzzTest.ControlDataLengthFixed
2026-09-22T08:04:11.9796889Z 192/292 Test #192: AdpFuzzTest.ControlDataLengthFixed ......................   Passed    0.00 sec
2026-09-22T08:04:11.9797562Z         Start 193: AdpFuzzTest.TalkerCapabilitiesMask
2026-09-22T08:04:11.9833818Z 193/292 Test #193: AdpFuzzTest.TalkerCapabilitiesMask ......................   Passed    0.00 sec
2026-09-22T08:04:11.9834483Z         Start 194: AdpFuzzTest.ListenerCapabilitiesMask
2026-09-22T08:04:11.9870698Z 194/292 Test #194: AdpFuzzTest.ListenerCapabilitiesMask ....................   Passed    0.00 sec
2026-09-22T08:04:11.9871415Z         Start 195: AdpFuzzTest.ControllerCapabilitiesMask
2026-09-22T08:04:11.9907195Z 195/292 Test #195: AdpFuzzTest.ControllerCapabilitiesMask ..................   Passed    0.00 sec
2026-09-22T08:04:11.9907853Z         Start 196: AdpFuzzTest.ReservedFieldsAreFixed
2026-09-22T08:04:11.9943568Z 196/292 Test #196: AdpFuzzTest.ReservedFieldsAreFixed ......................   Passed    0.00 sec
2026-09-22T08:04:11.9944329Z         Start 197: AdpFuzzTest.InterfaceCount
2026-09-22T08:04:11.9980668Z 197/292 Test #197: AdpFuzzTest.InterfaceCount ..............................   Passed    0.00 sec
2026-09-22T08:04:11.9981351Z         Start 198: AdpFuzzTest.IfDataDirection
2026-09-22T08:04:12.0017756Z 198/292 Test #198: AdpFuzzTest.IfDataDirection .............................   Passed    0.00 sec
2026-09-22T08:04:12.0018342Z         Start 199: AdpFuzzTest.IfDataHas20VarRefs
2026-09-22T08:04:12.0055527Z 199/292 Test #199: AdpFuzzTest.IfDataHas20VarRefs ..........................   Passed    0.00 sec
2026-09-22T08:04:12.0056641Z         Start 200: AdpFuzzTest.IfDataFirstVarRefIsMessageType
2026-09-22T08:04:12.0093312Z 200/292 Test #200: AdpFuzzTest.IfDataFirstVarRefIsMessageType ..............   Passed    0.00 sec
2026-09-22T08:04:12.0094006Z         Start 201: AdpFuzzTest.IfDataLastVarRefIsReserved1
2026-09-22T08:04:12.0130292Z 201/292 Test #201: AdpFuzzTest.IfDataLastVarRefIsReserved1 .................   Passed    0.00 sec
2026-09-22T08:04:12.0131027Z         Start 202: AdpFuzzTest.FullAdpPacketIs67Bytes
2026-09-22T08:04:12.0176783Z 202/292 Test #202: AdpFuzzTest.FullAdpPacketIs67Bytes ......................   Passed    0.00 sec
2026-09-22T08:04:12.0177474Z         Start 203: AdpFuzzTest.MessageTypeAlwaysValid
2026-09-22T08:04:12.0221228Z 203/292 Test #203: AdpFuzzTest.MessageTypeAlwaysValid ......................   Passed    0.00 sec
2026-09-22T08:04:12.0221935Z         Start 204: AdpFuzzTest.ValidTimeAlwaysInRange
2026-09-22T08:04:12.0266194Z 204/292 Test #204: AdpFuzzTest.ValidTimeAlwaysInRange ......................   Passed    0.00 sec
2026-09-22T08:04:12.0267045Z         Start 205: AdpFuzzTest.ControlDataLengthAlways56
2026-09-22T08:04:12.0306224Z 205/292 Test #205: AdpFuzzTest.ControlDataLengthAlways56 ...................   Passed    0.00 sec
2026-09-22T08:04:12.0306862Z         Start 206: AdpFuzzTest.TalkerCapsRespectMask
2026-09-22T08:04:12.0353213Z 206/292 Test #206: AdpFuzzTest.TalkerCapsRespectMask .......................   Passed    0.00 sec
2026-09-22T08:04:12.0353867Z         Start 207: AdpFuzzTest.ListenerCapsRespectMask
2026-09-22T08:04:12.0400878Z 207/292 Test #207: AdpFuzzTest.ListenerCapsRespectMask .....................   Passed    0.00 sec
2026-09-22T08:04:12.0401632Z         Start 208: AdpFuzzTest.ControllerCapsRespectMask
2026-09-22T08:04:12.0448990Z 208/292 Test #208: AdpFuzzTest.ControllerCapsRespectMask ...................   Passed    0.00 sec
2026-09-22T08:04:12.0449846Z         Start 209: AdpFuzzTest.ReservedFieldsAlwaysZero
2026-09-22T08:04:12.0491145Z 209/292 Test #209: AdpFuzzTest.ReservedFieldsAlwaysZero ....................   Passed    0.00 sec
2026-09-22T08:04:12.0492010Z         Start 210: AdpFuzzTest.AvailableIndexAlwaysValid
2026-09-22T08:04:12.0533626Z 210/292 Test #210: AdpFuzzTest.AvailableIndexAlwaysValid ...................   Passed    0.00 sec
2026-09-22T08:04:12.0534276Z         Start 211: AdpFuzzTest.VarCount
2026-09-22T08:04:12.0659745Z 211/292 Test #211: AdpFuzzTest.VarCount ....................................   Passed    0.01 sec
2026-09-22T08:04:12.0661024Z         Start 212: AdpFuzzTest.MessageTypeConstraints
2026-09-22T08:04:12.0761543Z 212/292 Test #212: AdpFuzzTest.MessageTypeConstraints ......................   Passed    0.01 sec
2026-09-22T08:04:12.0762278Z         Start 213: AdpFuzzTest.ValidTimeRangeConstraint
2026-09-22T08:04:12.0871069Z 213/292 Test #213: AdpFuzzTest.ValidTimeRangeConstraint ....................   Passed    0.01 sec
2026-09-22T08:04:12.0871693Z         Start 214: AdpFuzzTest.ControlDataLengthFixed
2026-09-22T08:04:12.0987531Z 214/292 Test #214: AdpFuzzTest.ControlDataLengthFixed ......................   Passed    0.01 sec
2026-09-22T08:04:12.0988123Z         Start 215: AdpFuzzTest.TalkerCapabilitiesMask
2026-09-22T08:04:12.1099377Z 215/292 Test #215: AdpFuzzTest.TalkerCapabilitiesMask ......................   Passed    0.01 sec
2026-09-22T08:04:12.1100553Z         Start 216: AdpFuzzTest.ListenerCapabilitiesMask
2026-09-22T08:04:12.1242352Z 216/292 Test #216: AdpFuzzTest.ListenerCapabilitiesMask ....................   Passed    0.01 sec
2026-09-22T08:04:12.1243041Z         Start 217: AdpFuzzTest.ControllerCapabilitiesMask
2026-09-22T08:04:12.1355170Z 217/292 Test #217: AdpFuzzTest.ControllerCapabilitiesMask ..................   Passed    0.01 sec
2026-09-22T08:04:12.1357835Z         Start 218: AdpFuzzTest.ReservedFieldsAreFixed
2026-09-22T08:04:12.1491393Z 218/292 Test #218: AdpFuzzTest.ReservedFieldsAreFixed ......................   Passed    0.01 sec
2026-09-22T08:04:12.1491990Z         Start 219: AdpFuzzTest.InterfaceCount
2026-09-22T08:04:12.1640422Z 219/292 Test #219: AdpFuzzTest.InterfaceCount ..............................   Passed    0.01 sec
2026-09-22T08:04:12.1641264Z         Start 220: AdpFuzzTest.IfDataDirection
2026-09-22T08:04:12.1774787Z 220/292 Test #220: AdpFuzzTest.IfDataDirection .............................   Passed    0.01 sec
2026-09-22T08:04:12.1775284Z         Start 221: AdpFuzzTest.IfDataHas20VarRefs
2026-09-22T08:04:12.1920433Z 221/292 Test #221: AdpFuzzTest.IfDataHas20VarRefs ..........................   Passed    0.01 sec
2026-09-22T08:04:12.1920960Z         Start 222: AdpFuzzTest.IfDataFirstVarRefIsMessageType
2026-09-22T08:04:12.2028320Z 222/292 Test #222: AdpFuzzTest.IfDataFirstVarRefIsMessageType ..............   Passed    0.01 sec
2026-09-22T08:04:12.2029382Z         Start 223: AdpFuzzTest.IfDataLastVarRefIsReserved1
2026-09-22T08:04:12.2152597Z 223/292 Test #223: AdpFuzzTest.IfDataLastVarRefIsReserved1 .................   Passed    0.01 sec
2026-09-22T08:04:12.2153532Z         Start 224: AdpFuzzTest.FullAdpPacketIs67Bytes
2026-09-22T08:04:12.2321740Z 224/292 Test #224: AdpFuzzTest.FullAdpPacketIs67Bytes ......................   Passed    0.02 sec
2026-09-22T08:04:12.2322347Z         Start 225: AdpFuzzTest.MessageTypeAlwaysValid
2026-09-22T08:04:12.2477266Z 225/292 Test #225: AdpFuzzTest.MessageTypeAlwaysValid ......................   Passed    0.02 sec
2026-09-22T08:04:12.2477811Z         Start 226: AdpFuzzTest.ValidTimeAlwaysInRange
2026-09-22T08:04:12.2658556Z 226/292 Test #226: AdpFuzzTest.ValidTimeAlwaysInRange ......................   Passed    0.02 sec
2026-09-22T08:04:12.2661974Z         Start 227: AdpFuzzTest.ControlDataLengthAlways56
2026-09-22T08:04:12.2792190Z 227/292 Test #227: AdpFuzzTest.ControlDataLengthAlways56 ...................   Passed    0.01 sec
2026-09-22T08:04:12.2793133Z         Start 228: AdpFuzzTest.TalkerCapsRespectMask
2026-09-22T08:04:12.2969203Z 228/292 Test #228: AdpFuzzTest.TalkerCapsRespectMask .......................   Passed    0.02 sec
2026-09-22T08:04:12.2969827Z         Start 229: AdpFuzzTest.ListenerCapsRespectMask
2026-09-22T08:04:12.3131765Z 229/292 Test #229: AdpFuzzTest.ListenerCapsRespectMask .....................   Passed    0.02 sec
2026-09-22T08:04:12.3132297Z         Start 230: AdpFuzzTest.ControllerCapsRespectMask
2026-09-22T08:04:12.3299766Z 230/292 Test #230: AdpFuzzTest.ControllerCapsRespectMask ...................   Passed    0.02 sec
2026-09-22T08:04:12.3300293Z         Start 231: AdpFuzzTest.ReservedFieldsAlwaysZero
2026-09-22T08:04:12.3456563Z 231/292 Test #231: AdpFuzzTest.ReservedFieldsAlwaysZero ....................   Passed    0.01 sec
2026-09-22T08:04:12.3457084Z         Start 232: AdpFuzzTest.AvailableIndexAlwaysValid
2026-09-22T08:04:12.3598433Z 232/292 Test #232: AdpFuzzTest.AvailableIndexAlwaysValid ...................   Passed    0.01 sec
2026-09-22T08:04:12.3599070Z         Start 233: AdpFuzzTest.VarCount
2026-09-22T08:04:12.3641883Z 233/292 Test #233: AdpFuzzTest.VarCount ....................................   Passed    0.00 sec
2026-09-22T08:04:12.3642522Z         Start 234: AdpFuzzTest.MessageTypeConstraints
2026-09-22T08:04:12.3677112Z 234/292 Test #234: AdpFuzzTest.MessageTypeConstraints ......................   Passed    0.00 sec
2026-09-22T08:04:12.3677709Z         Start 235: AdpFuzzTest.ValidTimeRangeConstraint
2026-09-22T08:04:12.3708035Z 235/292 Test #235: AdpFuzzTest.ValidTimeRangeConstraint ....................   Passed    0.00 sec
2026-09-22T08:04:12.3708957Z         Start 236: AdpFuzzTest.ControlDataLengthFixed
2026-09-22T08:04:12.3737391Z 236/292 Test #236: AdpFuzzTest.ControlDataLengthFixed ......................   Passed    0.00 sec
2026-09-22T08:04:12.3738087Z         Start 237: AdpFuzzTest.TalkerCapabilitiesMask
2026-09-22T08:04:12.3765995Z 237/292 Test #237: AdpFuzzTest.TalkerCapabilitiesMask ......................   Passed    0.00 sec
2026-09-22T08:04:12.3766743Z         Start 238: AdpFuzzTest.ListenerCapabilitiesMask
2026-09-22T08:04:12.3795385Z 238/292 Test #238: AdpFuzzTest.ListenerCapabilitiesMask ....................   Passed    0.00 sec
2026-09-22T08:04:12.3796108Z         Start 239: AdpFuzzTest.ControllerCapabilitiesMask
2026-09-22T08:04:12.3824000Z 239/292 Test #239: AdpFuzzTest.ControllerCapabilitiesMask ..................   Passed    0.00 sec
2026-09-22T08:04:12.3824680Z         Start 240: AdpFuzzTest.ReservedFieldsAreFixed
2026-09-22T08:04:12.3853417Z 240/292 Test #240: AdpFuzzTest.ReservedFieldsAreFixed ......................   Passed    0.00 sec
2026-09-22T08:04:12.3854213Z         Start 241: AdpFuzzTest.InterfaceCount
2026-09-22T08:04:12.3882521Z 241/292 Test #241: AdpFuzzTest.InterfaceCount ..............................   Passed    0.00 sec
2026-09-22T08:04:12.3883092Z         Start 242: AdpFuzzTest.IfDataDirection
2026-09-22T08:04:12.3911760Z 242/292 Test #242: AdpFuzzTest.IfDataDirection .............................   Passed    0.00 sec
2026-09-22T08:04:12.3912426Z         Start 243: AdpFuzzTest.IfDataHas20VarRefs
2026-09-22T08:04:12.3940884Z 243/292 Test #243: AdpFuzzTest.IfDataHas20VarRefs ..........................   Passed    0.00 sec
2026-09-22T08:04:12.3941743Z         Start 244: AdpFuzzTest.IfDataFirstVarRefIsMessageType
2026-09-22T08:04:12.3969895Z 244/292 Test #244: AdpFuzzTest.IfDataFirstVarRefIsMessageType ..............   Passed    0.00 sec
2026-09-22T08:04:12.3970506Z         Start 245: AdpFuzzTest.IfDataLastVarRefIsReserved1
2026-09-22T08:04:12.3999073Z 245/292 Test #245: AdpFuzzTest.IfDataLastVarRefIsReserved1 .................   Passed    0.00 sec
2026-09-22T08:04:12.4000017Z         Start 246: AdpFuzzTest.FullAdpPacketIs67Bytes
2026-09-22T08:04:12.4034733Z 246/292 Test #246: AdpFuzzTest.FullAdpPacketIs67Bytes ......................   Passed    0.00 sec
2026-09-22T08:04:12.4035198Z         Start 247: AdpFuzzTest.MessageTypeAlwaysValid
2026-09-22T08:04:12.4068988Z 247/292 Test #247: AdpFuzzTest.MessageTypeAlwaysValid ......................   Passed    0.00 sec
2026-09-22T08:04:12.4069619Z         Start 248: AdpFuzzTest.ValidTimeAlwaysInRange
2026-09-22T08:04:12.4103599Z 248/292 Test #248: AdpFuzzTest.ValidTimeAlwaysInRange ......................   Passed    0.00 sec
2026-09-22T08:04:12.4104625Z         Start 249: AdpFuzzTest.ControlDataLengthAlways56
2026-09-22T08:04:12.4134923Z 249/292 Test #249: AdpFuzzTest.ControlDataLengthAlways56 ...................   Passed    0.00 sec
2026-09-22T08:04:12.4135714Z         Start 250: AdpFuzzTest.TalkerCapsRespectMask
2026-09-22T08:04:12.4171177Z 250/292 Test #250: AdpFuzzTest.TalkerCapsRespectMask .......................   Passed    0.00 sec
2026-09-22T08:04:12.4171742Z         Start 251: AdpFuzzTest.ListenerCapsRespectMask
2026-09-22T08:04:12.4207108Z 251/292 Test #251: AdpFuzzTest.ListenerCapsRespectMask .....................   Passed    0.00 sec
2026-09-22T08:04:12.4207577Z         Start 252: AdpFuzzTest.ControllerCapsRespectMask
2026-09-22T08:04:12.4243528Z 252/292 Test #252: AdpFuzzTest.ControllerCapsRespectMask ...................   Passed    0.00 sec
2026-09-22T08:04:12.4244314Z         Start 253: AdpFuzzTest.ReservedFieldsAlwaysZero
2026-09-22T08:04:12.4276146Z 253/292 Test #253: AdpFuzzTest.ReservedFieldsAlwaysZero ....................   Passed    0.00 sec
2026-09-22T08:04:12.4276671Z         Start 254: AdpFuzzTest.AvailableIndexAlwaysValid
2026-09-22T08:04:12.4308088Z 254/292 Test #254: AdpFuzzTest.AvailableIndexAlwaysValid ...................   Passed    0.00 sec
2026-09-22T08:04:12.4308567Z         Start 255: PtpFlags.SyncModelPermitsOnlyTwoStepFlag
2026-09-22T08:04:12.4391579Z 255/292 Test #255: PtpFlags.SyncModelPermitsOnlyTwoStepFlag ................   Passed    0.01 sec
2026-09-22T08:04:12.4392376Z         Start 256: PtpFlags.FollowUpModelPermitsOnlyAllFlagsClear
2026-09-22T08:04:12.4473591Z 256/292 Test #256: PtpFlags.FollowUpModelPermitsOnlyAllFlagsClear ..........   Passed    0.01 sec
2026-09-22T08:04:12.4474107Z         Start 257: PtpFlags.PdelayModelsKeepTheirStrictFlags
2026-09-22T08:04:12.4554020Z 257/292 Test #257: PtpFlags.PdelayModelsKeepTheirStrictFlags ...............   Passed    0.01 sec
2026-09-22T08:04:12.4554761Z         Start 258: PtpFlags.NoMediaDependentModelPermitsPtpTimescale
2026-09-22T08:04:12.4633894Z 258/292 Test #258: PtpFlags.NoMediaDependentModelPermitsPtpTimescale .......   Passed    0.01 sec
2026-09-22T08:04:12.4634877Z         Start 259: PtpFlags.GeneratedSyncFramesCarryTwoStepFlagOnly
2026-09-22T08:04:12.4762104Z 259/292 Test #259: PtpFlags.GeneratedSyncFramesCarryTwoStepFlagOnly ........   Passed    0.01 sec
2026-09-22T08:04:12.4762772Z         Start 260: PtpFlags.GeneratedFollowUpFramesCarryNoFlags
2026-09-22T08:04:12.4906350Z 260/292 Test #260: PtpFlags.GeneratedFollowUpFramesCarryNoFlags ............   Passed    0.01 sec
2026-09-22T08:04:12.4907241Z         Start 261: PtpFlags.GeneratedPdelayFramesKeepTheirStrictFlags
2026-09-22T08:04:12.5146996Z 261/292 Test #261: PtpFlags.GeneratedPdelayFramesKeepTheirStrictFlags ......   Passed    0.02 sec
2026-09-22T08:04:12.5147664Z         Start 262: PtpFlags.GeneratedFramesMatchTheirModelsFlags
2026-09-22T08:04:12.5415762Z 262/292 Test #262: PtpFlags.GeneratedFramesMatchTheirModelsFlags ...........   Passed    0.03 sec
2026-09-22T08:04:12.5416634Z         Start 263: PtpFlags.DecoderRecoversOutOfProfileFlagsVerbatim
2026-09-22T08:04:12.5496946Z 263/292 Test #263: PtpFlags.DecoderRecoversOutOfProfileFlagsVerbatim .......   Passed    0.01 sec
2026-09-22T08:04:12.5497503Z         Start 264: PtpFlags.DecodingDoesNotApplyTheTransmitConstraint
2026-09-22T08:04:12.5577004Z 264/292 Test #264: PtpFlags.DecodingDoesNotApplyTheTransmitConstraint ......   Passed    0.01 sec
2026-09-22T08:04:12.5577810Z         Start 265: PtpFlags.SyncModelPermitsOnlyTwoStepFlag
2026-09-22T08:04:12.5897258Z 265/292 Test #265: PtpFlags.SyncModelPermitsOnlyTwoStepFlag ................   Passed    0.03 sec
2026-09-22T08:04:12.5897830Z         Start 266: PtpFlags.FollowUpModelPermitsOnlyAllFlagsClear
2026-09-22T08:04:12.6164807Z 266/292 Test #266: PtpFlags.FollowUpModelPermitsOnlyAllFlagsClear ..........   Passed    0.03 sec
2026-09-22T08:04:12.6165400Z         Start 267: PtpFlags.PdelayModelsKeepTheirStrictFlags
2026-09-22T08:04:12.6449961Z 267/292 Test #267: PtpFlags.PdelayModelsKeepTheirStrictFlags ...............   Passed    0.03 sec
2026-09-22T08:04:12.6450465Z         Start 268: PtpFlags.NoMediaDependentModelPermitsPtpTimescale
2026-09-22T08:04:12.6781945Z 268/292 Test #268: PtpFlags.NoMediaDependentModelPermitsPtpTimescale .......   Passed    0.03 sec
2026-09-22T08:04:12.6782649Z         Start 269: PtpFlags.GeneratedSyncFramesCarryTwoStepFlagOnly
2026-09-22T08:04:12.7153321Z 269/292 Test #269: PtpFlags.GeneratedSyncFramesCarryTwoStepFlagOnly ........   Passed    0.04 sec
2026-09-22T08:04:12.7154059Z         Start 270: PtpFlags.GeneratedFollowUpFramesCarryNoFlags
2026-09-22T08:04:12.7613641Z 270/292 Test #270: PtpFlags.GeneratedFollowUpFramesCarryNoFlags ............   Passed    0.05 sec
2026-09-22T08:04:12.7614434Z         Start 271: PtpFlags.GeneratedPdelayFramesKeepTheirStrictFlags
2026-09-22T08:04:12.8174261Z 271/292 Test #271: PtpFlags.GeneratedPdelayFramesKeepTheirStrictFlags ......   Passed    0.06 sec
2026-09-22T08:04:12.8174960Z         Start 272: PtpFlags.GeneratedFramesMatchTheirModelsFlags
2026-09-22T08:04:12.8901249Z 272/292 Test #272: PtpFlags.GeneratedFramesMatchTheirModelsFlags ...........   Passed    0.07 sec
2026-09-22T08:04:12.8901936Z         Start 273: PtpFlags.DecoderRecoversOutOfProfileFlagsVerbatim
2026-09-22T08:04:12.9193974Z 273/292 Test #273: PtpFlags.DecoderRecoversOutOfProfileFlagsVerbatim .......   Passed    0.03 sec
2026-09-22T08:04:12.9194606Z         Start 274: PtpFlags.DecodingDoesNotApplyTheTransmitConstraint
2026-09-22T08:04:12.9464079Z 274/292 Test #274: PtpFlags.DecodingDoesNotApplyTheTransmitConstraint ......   Passed    0.03 sec
2026-09-22T08:04:12.9465053Z         Start 275: PtpFlags.SyncModelPermitsOnlyTwoStepFlag
2026-09-22T08:04:12.9543387Z 275/292 Test #275: PtpFlags.SyncModelPermitsOnlyTwoStepFlag ................   Passed    0.01 sec
2026-09-22T08:04:12.9543990Z         Start 276: PtpFlags.FollowUpModelPermitsOnlyAllFlagsClear
2026-09-22T08:04:12.9616647Z 276/292 Test #276: PtpFlags.FollowUpModelPermitsOnlyAllFlagsClear ..........   Passed    0.01 sec
2026-09-22T08:04:12.9617284Z         Start 277: PtpFlags.PdelayModelsKeepTheirStrictFlags
2026-09-22T08:04:12.9688036Z 277/292 Test #277: PtpFlags.PdelayModelsKeepTheirStrictFlags ...............   Passed    0.01 sec
2026-09-22T08:04:12.9688644Z         Start 278: PtpFlags.NoMediaDependentModelPermitsPtpTimescale
2026-09-22T08:04:12.9754817Z 278/292 Test #278: PtpFlags.NoMediaDependentModelPermitsPtpTimescale .......   Passed    0.01 sec
2026-09-22T08:04:12.9755432Z         Start 279: PtpFlags.GeneratedSyncFramesCarryTwoStepFlagOnly
2026-09-22T08:04:12.9859593Z 279/292 Test #279: PtpFlags.GeneratedSyncFramesCarryTwoStepFlagOnly ........   Passed    0.01 sec
2026-09-22T08:04:12.9860171Z         Start 280: PtpFlags.GeneratedFollowUpFramesCarryNoFlags
2026-09-22T08:04:12.9974485Z 280/292 Test #280: PtpFlags.GeneratedFollowUpFramesCarryNoFlags ............   Passed    0.01 sec
2026-09-22T08:04:12.9975359Z         Start 281: PtpFlags.GeneratedPdelayFramesKeepTheirStrictFlags
2026-09-22T08:04:13.0165129Z 281/292 Test #281: PtpFlags.GeneratedPdelayFramesKeepTheirStrictFlags ......   Passed    0.02 sec
2026-09-22T08:04:13.0165983Z         Start 282: PtpFlags.GeneratedFramesMatchTheirModelsFlags
2026-09-22T08:04:13.0355494Z 282/292 Test #282: PtpFlags.GeneratedFramesMatchTheirModelsFlags ...........   Passed    0.02 sec
2026-09-22T08:04:13.0356225Z         Start 283: PtpFlags.DecoderRecoversOutOfProfileFlagsVerbatim
2026-09-22T08:04:13.0422369Z 283/292 Test #283: PtpFlags.DecoderRecoversOutOfProfileFlagsVerbatim .......   Passed    0.01 sec
2026-09-22T08:04:13.0423013Z         Start 284: PtpFlags.DecodingDoesNotApplyTheTransmitConstraint
2026-09-22T08:04:13.0489541Z 284/292 Test #284: PtpFlags.DecodingDoesNotApplyTheTransmitConstraint ......   Passed    0.01 sec
2026-09-22T08:04:13.0490029Z         Start 285: corpus_validates
2026-09-22T08:04:13.0544186Z 285/292 Test #285: corpus_validates ........................................   Passed    0.01 sec
2026-09-22T08:04:13.0544705Z         Start 286: sanitizer_probe-test.clean
2026-09-22T08:04:13.0557310Z 286/292 Test #286: sanitizer_probe-test.clean ..............................   Passed    0.00 sec
2026-09-22T08:04:13.0557716Z         Start 287: sanitizer_probe-test_ASAN.clean
2026-09-22T08:04:13.0606666Z 287/292 Test #287: sanitizer_probe-test_ASAN.clean .........................   Passed    0.00 sec
2026-09-22T08:04:13.0607308Z         Start 288: sanitizer_probe-test_UBSAN.clean
2026-09-22T08:04:13.0622578Z 288/292 Test #288: sanitizer_probe-test_UBSAN.clean ........................   Passed    0.00 sec
2026-09-22T08:04:13.0623122Z         Start 289: sanitizer_probe-test_ASAN.library-heap-overflow
2026-09-22T08:04:13.4551535Z 289/292 Test #289: sanitizer_probe-test_ASAN.library-heap-overflow .........   Passed    0.39 sec
2026-09-22T08:04:13.4962860Z         Start 290: sanitizer_probe-test_ASAN.consumer-heap-overflow
2026-09-22T08:04:13.5131515Z 290/292 Test #290: sanitizer_probe-test_ASAN.consumer-heap-overflow ........   Passed    0.02 sec
2026-09-22T08:04:13.5132357Z         Start 291: sanitizer_probe-test_UBSAN.library-signed-overflow
2026-09-22T08:04:13.5321001Z 291/292 Test #291: sanitizer_probe-test_UBSAN.library-signed-overflow ......   Passed    0.02 sec
2026-09-22T08:04:13.5322200Z         Start 292: sanitizer_probe-test_UBSAN.consumer-signed-overflow
2026-09-22T08:04:13.5360585Z 292/292 Test #292: sanitizer_probe-test_UBSAN.consumer-signed-overflow .....   Passed    0.00 sec
2026-09-22T08:04:13.5365775Z 
2026-09-22T08:04:13.5365882Z 100% tests passed, 0 tests failed out of 292
2026-09-22T08:04:13.5366207Z 
2026-09-22T08:04:13.5366274Z Total Test time (real) =   2.70 sec
2026-09-22T08:04:13.5808051Z ##[group]Run ./tests/run-tests.sh
2026-09-22T08:04:13.5808249Z [36;1m./tests/run-tests.sh[0m
2026-09-22T08:04:13.5842807Z shell: /usr/bin/bash -e {0}
2026-09-22T08:04:13.5842961Z ##[endgroup]
2026-09-22T08:04:13.5951587Z Executing software test suite
2026-09-22T08:04:13.5951896Z Test location: /home/runner/work/tsn-gen/tsn-gen/tests/../build
2026-09-22T08:04:13.5964642Z Internal ctest changing into directory: /home/runner/work/tsn-gen/tsn-gen/build
2026-09-22T08:04:13.5966435Z Test project /home/runner/work/tsn-gen/tsn-gen/build
2026-09-22T08:04:13.6033763Z         Start   1: ParserUsingTest.Version
2026-09-22T08:04:13.6069400Z   1/292 Test   #1: ParserUsingTest.Version .................................   Passed    0.00 sec
2026-09-22T08:04:13.6070796Z         Start   2: ParserUsingTest.BasePath
2026-09-22T08:04:13.6097581Z   2/292 Test   #2: ParserUsingTest.BasePath ................................   Passed    0.00 sec
2026-09-22T08:04:13.6098625Z         Start   3: Parser.InvalidPathInt
2026-09-22T08:04:13.6124266Z   3/292 Test   #3: Parser.InvalidPathInt ...................................   Passed    0.00 sec
2026-09-22T08:04:13.6125240Z         Start   4: Parser.VarCreation
2026-09-22T08:04:13.6151418Z   4/292 Test   #4: Parser.VarCreation ......................................   Passed    0.00 sec
2026-09-22T08:04:13.6152402Z         Start   5: Parser.VarCreationTooSmall
2026-09-22T08:04:13.6177554Z   5/292 Test   #5: Parser.VarCreationTooSmall ..............................   Passed    0.00 sec
2026-09-22T08:04:13.6178485Z         Start   6: Parser.listFiles
2026-09-22T08:04:13.6207125Z   6/292 Test   #6: Parser.listFiles ........................................   Passed    0.00 sec
2026-09-22T08:04:13.6208061Z         Start   7: Parser.VerifyDepth
2026-09-22T08:04:13.6237298Z   7/292 Test   #7: Parser.VerifyDepth ......................................   Passed    0.00 sec
2026-09-22T08:04:13.6238279Z         Start   8: Parser.DivergingPath
2026-09-22T08:04:13.6280427Z   8/292 Test   #8: Parser.DivergingPath ....................................   Passed    0.00 sec
2026-09-22T08:04:13.6281436Z         Start   9: Parser.ParsingProtocolNameInvalid
2026-09-22T08:04:13.6309172Z   9/292 Test   #9: Parser.ParsingProtocolNameInvalid .......................   Passed    0.00 sec
2026-09-22T08:04:13.6310152Z         Start  10: ParserUsingTest.Version
2026-09-22T08:04:13.6406987Z  10/292 Test  #10: ParserUsingTest.Version .................................   Passed    0.01 sec
2026-09-22T08:04:13.6407898Z         Start  11: ParserUsingTest.BasePath
2026-09-22T08:04:13.6513855Z  11/292 Test  #11: ParserUsingTest.BasePath ................................   Passed    0.01 sec
2026-09-22T08:04:13.6514635Z         Start  12: Parser.InvalidPathInt
2026-09-22T08:04:13.6618390Z  12/292 Test  #12: Parser.InvalidPathInt ...................................   Passed    0.01 sec
2026-09-22T08:04:13.6629620Z         Start  13: Parser.VarCreation
2026-09-22T08:04:13.6715194Z  13/292 Test  #13: Parser.VarCreation ......................................   Passed    0.01 sec
2026-09-22T08:04:13.6716350Z         Start  14: Parser.VarCreationTooSmall
2026-09-22T08:04:13.6813113Z  14/292 Test  #14: Parser.VarCreationTooSmall ..............................   Passed    0.01 sec
2026-09-22T08:04:13.6813811Z         Start  15: Parser.listFiles
2026-09-22T08:04:13.6924757Z  15/292 Test  #15: Parser.listFiles ........................................   Passed    0.01 sec
2026-09-22T08:04:13.6925636Z         Start  16: Parser.VerifyDepth
2026-09-22T08:04:13.7044208Z  16/292 Test  #16: Parser.VerifyDepth ......................................   Passed    0.01 sec
2026-09-22T08:04:13.7045738Z         Start  17: Parser.DivergingPath
2026-09-22T08:04:13.7187736Z  17/292 Test  #17: Parser.DivergingPath ....................................   Passed    0.01 sec
2026-09-22T08:04:13.7188135Z         Start  18: Parser.ParsingProtocolNameInvalid
2026-09-22T08:04:13.7296848Z  18/292 Test  #18: Parser.ParsingProtocolNameInvalid .......................   Passed    0.01 sec
2026-09-22T08:04:13.7300326Z         Start  19: ParserUsingTest.Version
2026-09-22T08:04:13.7324356Z  19/292 Test  #19: ParserUsingTest.Version .................................   Passed    0.00 sec
2026-09-22T08:04:13.7325581Z         Start  20: ParserUsingTest.BasePath
2026-09-22T08:04:13.7347609Z  20/292 Test  #20: ParserUsingTest.BasePath ................................   Passed    0.00 sec
2026-09-22T08:04:13.7348256Z         Start  21: Parser.InvalidPathInt
2026-09-22T08:04:13.7369093Z  21/292 Test  #21: Parser.InvalidPathInt ...................................   Passed    0.00 sec
2026-09-22T08:04:13.7369748Z         Start  22: Parser.VarCreation
2026-09-22T08:04:13.7389876Z  22/292 Test  #22: Parser.VarCreation ......................................   Passed    0.00 sec
2026-09-22T08:04:13.7390531Z         Start  23: Parser.VarCreationTooSmall
2026-09-22T08:04:13.7410715Z  23/292 Test  #23: Parser.VarCreationTooSmall ..............................   Passed    0.00 sec
2026-09-22T08:04:13.7411618Z         Start  24: Parser.listFiles
2026-09-22T08:04:13.7435577Z  24/292 Test  #24: Parser.listFiles ........................................   Passed    0.00 sec
2026-09-22T08:04:13.7436220Z         Start  25: Parser.VerifyDepth
2026-09-22T08:04:13.7462586Z  25/292 Test  #25: Parser.VerifyDepth ......................................   Passed    0.00 sec
2026-09-22T08:04:13.7463327Z         Start  26: Parser.DivergingPath
2026-09-22T08:04:13.7500736Z  26/292 Test  #26: Parser.DivergingPath ....................................   Passed    0.00 sec
2026-09-22T08:04:13.7501498Z         Start  27: Parser.ParsingProtocolNameInvalid
2026-09-22T08:04:13.7524102Z  27/292 Test  #27: Parser.ParsingProtocolNameInvalid .......................   Passed    0.00 sec
2026-09-22T08:04:13.7525041Z         Start  28: ObjectSerializer.ParseSimpleProtocol
2026-09-22T08:04:13.7557437Z  28/292 Test  #28: ObjectSerializer.ParseSimpleProtocol ....................   Passed    0.00 sec
2026-09-22T08:04:13.7558137Z         Start  29: ObjectSerializer.ParseSimpleProtocolVarCount
2026-09-22T08:04:13.7587863Z  29/292 Test  #29: ObjectSerializer.ParseSimpleProtocolVarCount ............   Passed    0.00 sec
2026-09-22T08:04:13.7588749Z         Start  30: ObjectSerializer.ParseSimpleProtocolVarName
2026-09-22T08:04:13.7617909Z  30/292 Test  #30: ObjectSerializer.ParseSimpleProtocolVarName .............   Passed    0.00 sec
2026-09-22T08:04:13.7618535Z         Start  31: ObjectSerializer.ParseSimpleProtocolVarSize
2026-09-22T08:04:13.7647622Z  31/292 Test  #31: ObjectSerializer.ParseSimpleProtocolVarSize .............   Passed    0.00 sec
2026-09-22T08:04:13.7648574Z         Start  32: ObjectSerializer.ParseSimpleProtocolVarExpectedValues
2026-09-22T08:04:13.7677966Z  32/292 Test  #32: ObjectSerializer.ParseSimpleProtocolVarExpectedValues ...   Passed    0.00 sec
2026-09-22T08:04:13.7678582Z         Start  33: ObjectSerializer.ParseSimpleProtocolIfaceCount
2026-09-22T08:04:13.7707301Z  33/292 Test  #33: ObjectSerializer.ParseSimpleProtocolIfaceCount ..........   Passed    0.00 sec
2026-09-22T08:04:13.7708231Z         Start  34: ObjectSerializer.ParseSimpleProtocolIfaceName
2026-09-22T08:04:13.7737394Z  34/292 Test  #34: ObjectSerializer.ParseSimpleProtocolIfaceName ...........   Passed    0.00 sec
2026-09-22T08:04:13.7738080Z         Start  35: ObjectSerializer.ParseSimpleProtocolIfaceDirection
2026-09-22T08:04:13.7766753Z  35/292 Test  #35: ObjectSerializer.ParseSimpleProtocolIfaceDirection ......   Passed    0.00 sec
2026-09-22T08:04:13.7767667Z         Start  36: ObjectSerializer.ParseSimpleProtocolIfaceVarRef
2026-09-22T08:04:13.7796546Z  36/292 Test  #36: ObjectSerializer.ParseSimpleProtocolIfaceVarRef .........   Passed    0.00 sec
2026-09-22T08:04:13.7797714Z         Start  37: ObjectSerializer.ParseSimpleProtocolServiceNoLogic
2026-09-22T08:04:13.7826889Z  37/292 Test  #37: ObjectSerializer.ParseSimpleProtocolServiceNoLogic ......   Passed    0.00 sec
2026-09-22T08:04:13.7827896Z         Start  38: ObjectSerializer.ParseProtocolWithLogicName
2026-09-22T08:04:13.7856688Z  38/292 Test  #38: ObjectSerializer.ParseProtocolWithLogicName .............   Passed    0.00 sec
2026-09-22T08:04:13.7857807Z         Start  39: ObjectSerializer.ParseSimpleProtocol
2026-09-22T08:04:13.7961168Z  39/292 Test  #39: ObjectSerializer.ParseSimpleProtocol ....................   Passed    0.01 sec
2026-09-22T08:04:13.7961780Z         Start  40: ObjectSerializer.ParseSimpleProtocolVarCount
2026-09-22T08:04:13.8053151Z  40/292 Test  #40: ObjectSerializer.ParseSimpleProtocolVarCount ............   Passed    0.01 sec
2026-09-22T08:04:13.8053690Z         Start  41: ObjectSerializer.ParseSimpleProtocolVarName
2026-09-22T08:04:13.8162011Z  41/292 Test  #41: ObjectSerializer.ParseSimpleProtocolVarName .............   Passed    0.01 sec
2026-09-22T08:04:13.8162602Z         Start  42: ObjectSerializer.ParseSimpleProtocolVarSize
2026-09-22T08:04:13.8291355Z  42/292 Test  #42: ObjectSerializer.ParseSimpleProtocolVarSize .............   Passed    0.01 sec
2026-09-22T08:04:13.8292071Z         Start  43: ObjectSerializer.ParseSimpleProtocolVarExpectedValues
2026-09-22T08:04:13.8386224Z  43/292 Test  #43: ObjectSerializer.ParseSimpleProtocolVarExpectedValues ...   Passed    0.01 sec
2026-09-22T08:04:13.8387079Z         Start  44: ObjectSerializer.ParseSimpleProtocolIfaceCount
2026-09-22T08:04:13.8494454Z  44/292 Test  #44: ObjectSerializer.ParseSimpleProtocolIfaceCount ..........   Passed    0.01 sec
2026-09-22T08:04:13.8494991Z         Start  45: ObjectSerializer.ParseSimpleProtocolIfaceName
2026-09-22T08:04:13.8611411Z  45/292 Test  #45: ObjectSerializer.ParseSimpleProtocolIfaceName ...........   Passed    0.01 sec
2026-09-22T08:04:13.8612062Z         Start  46: ObjectSerializer.ParseSimpleProtocolIfaceDirection
2026-09-22T08:04:13.8702431Z  46/292 Test  #46: ObjectSerializer.ParseSimpleProtocolIfaceDirection ......   Passed    0.01 sec
2026-09-22T08:04:13.8703147Z         Start  47: ObjectSerializer.ParseSimpleProtocolIfaceVarRef
2026-09-22T08:04:13.8817106Z  47/292 Test  #47: ObjectSerializer.ParseSimpleProtocolIfaceVarRef .........   Passed    0.01 sec
2026-09-22T08:04:13.8817953Z         Start  48: ObjectSerializer.ParseSimpleProtocolServiceNoLogic
2026-09-22T08:04:13.8944026Z  48/292 Test  #48: ObjectSerializer.ParseSimpleProtocolServiceNoLogic ......   Passed    0.01 sec
2026-09-22T08:04:13.8948062Z         Start  49: ObjectSerializer.ParseProtocolWithLogicName
2026-09-22T08:04:13.9064742Z  49/292 Test  #49: ObjectSerializer.ParseProtocolWithLogicName .............   Passed    0.01 sec
2026-09-22T08:04:13.9065456Z         Start  50: ObjectSerializer.ParseSimpleProtocol
2026-09-22T08:04:13.9098713Z  50/292 Test  #50: ObjectSerializer.ParseSimpleProtocol ....................   Passed    0.00 sec
2026-09-22T08:04:13.9099989Z         Start  51: ObjectSerializer.ParseSimpleProtocolVarCount
2026-09-22T08:04:13.9126566Z  51/292 Test  #51: ObjectSerializer.ParseSimpleProtocolVarCount ............   Passed    0.00 sec
2026-09-22T08:04:13.9127731Z         Start  52: ObjectSerializer.ParseSimpleProtocolVarName
2026-09-22T08:04:13.9155972Z  52/292 Test  #52: ObjectSerializer.ParseSimpleProtocolVarName .............   Passed    0.00 sec
2026-09-22T08:04:13.9156854Z         Start  53: ObjectSerializer.ParseSimpleProtocolVarSize
2026-09-22T08:04:13.9181198Z  53/292 Test  #53: ObjectSerializer.ParseSimpleProtocolVarSize .............   Passed    0.00 sec
2026-09-22T08:04:13.9182155Z         Start  54: ObjectSerializer.ParseSimpleProtocolVarExpectedValues
2026-09-22T08:04:13.9206074Z  54/292 Test  #54: ObjectSerializer.ParseSimpleProtocolVarExpectedValues ...   Passed    0.00 sec
2026-09-22T08:04:13.9206916Z         Start  55: ObjectSerializer.ParseSimpleProtocolIfaceCount
2026-09-22T08:04:13.9230900Z  55/292 Test  #55: ObjectSerializer.ParseSimpleProtocolIfaceCount ..........   Passed    0.00 sec
2026-09-22T08:04:13.9231791Z         Start  56: ObjectSerializer.ParseSimpleProtocolIfaceName
2026-09-22T08:04:13.9255851Z  56/292 Test  #56: ObjectSerializer.ParseSimpleProtocolIfaceName ...........   Passed    0.00 sec
2026-09-22T08:04:13.9256516Z         Start  57: ObjectSerializer.ParseSimpleProtocolIfaceDirection
2026-09-22T08:04:13.9280929Z  57/292 Test  #57: ObjectSerializer.ParseSimpleProtocolIfaceDirection ......   Passed    0.00 sec
2026-09-22T08:04:13.9281828Z         Start  58: ObjectSerializer.ParseSimpleProtocolIfaceVarRef
2026-09-22T08:04:13.9305777Z  58/292 Test  #58: ObjectSerializer.ParseSimpleProtocolIfaceVarRef .........   Passed    0.00 sec
2026-09-22T08:04:13.9306620Z         Start  59: ObjectSerializer.ParseSimpleProtocolServiceNoLogic
2026-09-22T08:04:13.9330892Z  59/292 Test  #59: ObjectSerializer.ParseSimpleProtocolServiceNoLogic ......   Passed    0.00 sec
2026-09-22T08:04:13.9331699Z         Start  60: ObjectSerializer.ParseProtocolWithLogicName
2026-09-22T08:04:13.9356294Z  60/292 Test  #60: ObjectSerializer.ParseProtocolWithLogicName .............   Passed    0.00 sec
2026-09-22T08:04:13.9357071Z         Start  61: LogicRegistry.RegisterAndCreate
2026-09-22T08:04:13.9384928Z  61/292 Test  #61: LogicRegistry.RegisterAndCreate .........................   Passed    0.00 sec
2026-09-22T08:04:13.9385813Z         Start  62: LogicRegistry.UnknownNameReturnsNull
2026-09-22T08:04:13.9411287Z  62/292 Test  #62: LogicRegistry.UnknownNameReturnsNull ....................   Passed    0.00 sec
2026-09-22T08:04:13.9412118Z         Start  63: LogicRegistry.DuplicateRegistrationRejected
2026-09-22T08:04:13.9439276Z  63/292 Test  #63: LogicRegistry.DuplicateRegistrationRejected .............   Passed    0.00 sec
2026-09-22T08:04:13.9440439Z         Start  64: LogicRegistry.EmptyNameRejected
2026-09-22T08:04:13.9466421Z  64/292 Test  #64: LogicRegistry.EmptyNameRejected .........................   Passed    0.00 sec
2026-09-22T08:04:13.9467359Z         Start  65: LogicRegistry.NullFactoryRejected
2026-09-22T08:04:13.9493694Z  65/292 Test  #65: LogicRegistry.NullFactoryRejected .......................   Passed    0.00 sec
2026-09-22T08:04:13.9494711Z         Start  66: PassthroughLogic.IsNoOp
2026-09-22T08:04:13.9520438Z  66/292 Test  #66: PassthroughLogic.IsNoOp .................................   Passed    0.00 sec
2026-09-22T08:04:13.9521358Z         Start  67: LayerContext.AdjacencyAndDefaults
2026-09-22T08:04:13.9546531Z  67/292 Test  #67: LayerContext.AdjacencyAndDefaults .......................   Passed    0.00 sec
2026-09-22T08:04:13.9547327Z         Start  68: LogicRegistry.RegisterAndCreate
2026-09-22T08:04:13.9634607Z  68/292 Test  #68: LogicRegistry.RegisterAndCreate .........................   Passed    0.01 sec
2026-09-22T08:04:13.9635459Z         Start  69: LogicRegistry.UnknownNameReturnsNull
2026-09-22T08:04:13.9745148Z  69/292 Test  #69: LogicRegistry.UnknownNameReturnsNull ....................   Passed    0.01 sec
2026-09-22T08:04:13.9745716Z         Start  70: LogicRegistry.DuplicateRegistrationRejected
2026-09-22T08:04:13.9860052Z  70/292 Test  #70: LogicRegistry.DuplicateRegistrationRejected .............   Passed    0.01 sec
2026-09-22T08:04:13.9860636Z         Start  71: LogicRegistry.EmptyNameRejected
2026-09-22T08:04:13.9960806Z  71/292 Test  #71: LogicRegistry.EmptyNameRejected .........................   Passed    0.01 sec
2026-09-22T08:04:13.9964848Z         Start  72: LogicRegistry.NullFactoryRejected
2026-09-22T08:04:14.0061882Z  72/292 Test  #72: LogicRegistry.NullFactoryRejected .......................   Passed    0.01 sec
2026-09-22T08:04:14.0063179Z         Start  73: PassthroughLogic.IsNoOp
2026-09-22T08:04:14.0170655Z  73/292 Test  #73: PassthroughLogic.IsNoOp .................................   Passed    0.01 sec
2026-09-22T08:04:14.0171053Z         Start  74: LayerContext.AdjacencyAndDefaults
2026-09-22T08:04:14.0256501Z  74/292 Test  #74: LayerContext.AdjacencyAndDefaults .......................   Passed    0.01 sec
2026-09-22T08:04:14.0257215Z         Start  75: LogicRegistry.RegisterAndCreate
2026-09-22T08:04:14.0289659Z  75/292 Test  #75: LogicRegistry.RegisterAndCreate .........................   Passed    0.00 sec
2026-09-22T08:04:14.0290782Z         Start  76: LogicRegistry.UnknownNameReturnsNull
2026-09-22T08:04:14.0316215Z  76/292 Test  #76: LogicRegistry.UnknownNameReturnsNull ....................   Passed    0.00 sec
2026-09-22T08:04:14.0316975Z         Start  77: LogicRegistry.DuplicateRegistrationRejected
2026-09-22T08:04:14.0339569Z  77/292 Test  #77: LogicRegistry.DuplicateRegistrationRejected .............   Passed    0.00 sec
2026-09-22T08:04:14.0340249Z         Start  78: LogicRegistry.EmptyNameRejected
2026-09-22T08:04:14.0360952Z  78/292 Test  #78: LogicRegistry.EmptyNameRejected .........................   Passed    0.00 sec
2026-09-22T08:04:14.0361621Z         Start  79: LogicRegistry.NullFactoryRejected
2026-09-22T08:04:14.0382047Z  79/292 Test  #79: LogicRegistry.NullFactoryRejected .......................   Passed    0.00 sec
2026-09-22T08:04:14.0382640Z         Start  80: PassthroughLogic.IsNoOp
2026-09-22T08:04:14.0405041Z  80/292 Test  #80: PassthroughLogic.IsNoOp .................................   Passed    0.00 sec
2026-09-22T08:04:14.0405936Z         Start  81: LayerContext.AdjacencyAndDefaults
2026-09-22T08:04:14.0425879Z  81/292 Test  #81: LayerContext.AdjacencyAndDefaults .......................   Passed    0.00 sec
2026-09-22T08:04:14.0426605Z         Start  82: StackBuilder.BuildsAllPassthroughStack
2026-09-22T08:04:14.0463151Z  82/292 Test  #82: StackBuilder.BuildsAllPassthroughStack ..................   Passed    0.00 sec
2026-09-22T08:04:14.0463977Z         Start  83: StackBuilder.ResolvesRegisteredLogic
2026-09-22T08:04:14.0496088Z  83/292 Test  #83: StackBuilder.ResolvesRegisteredLogic ....................   Passed    0.00 sec
2026-09-22T08:04:14.0496629Z         Start  84: StackBuilder.AdjacencyWiredBottomUp
2026-09-22T08:04:14.0529136Z  84/292 Test  #84: StackBuilder.AdjacencyWiredBottomUp .....................   Passed    0.00 sec
2026-09-22T08:04:14.0530299Z         Start  85: StackBuilder.UnknownLogicFailsBuild
2026-09-22T08:04:14.0561259Z  85/292 Test  #85: StackBuilder.UnknownLogicFailsBuild .....................   Passed    0.00 sec
2026-09-22T08:04:14.0561860Z         Start  86: StackBuilder.UnknownServiceFailsBuild
2026-09-22T08:04:14.0593079Z  86/292 Test  #86: StackBuilder.UnknownServiceFailsBuild ...................   Passed    0.00 sec
2026-09-22T08:04:14.0594006Z         Start  87: StackBuilder.BypassLogicForcesPassthrough
2026-09-22T08:04:14.0625266Z  87/292 Test  #87: StackBuilder.BypassLogicForcesPassthrough ...............   Passed    0.00 sec
2026-09-22T08:04:14.0626151Z         Start  88: StackBuilder.BypassLogicSkipsRegistryLookup
2026-09-22T08:04:14.0657617Z  88/292 Test  #88: StackBuilder.BypassLogicSkipsRegistryLookup .............   Passed    0.00 sec
2026-09-22T08:04:14.0658242Z         Start  89: StackBuilder.InvalidPathFailsBuild
2026-09-22T08:04:14.0688340Z  89/292 Test  #89: StackBuilder.InvalidPathFailsBuild ......................   Passed    0.00 sec
2026-09-22T08:04:14.0689003Z         Start  90: StackBuilder.BuildsAllPassthroughStack
2026-09-22T08:04:14.0795445Z  90/292 Test  #90: StackBuilder.BuildsAllPassthroughStack ..................   Passed    0.01 sec
2026-09-22T08:04:14.0796694Z         Start  91: StackBuilder.ResolvesRegisteredLogic
2026-09-22T08:04:14.0890024Z  91/292 Test  #91: StackBuilder.ResolvesRegisteredLogic ....................   Passed    0.01 sec
2026-09-22T08:04:14.0890761Z         Start  92: StackBuilder.AdjacencyWiredBottomUp
2026-09-22T08:04:14.1004631Z  92/292 Test  #92: StackBuilder.AdjacencyWiredBottomUp .....................   Passed    0.01 sec
2026-09-22T08:04:14.1005265Z         Start  93: StackBuilder.UnknownLogicFailsBuild
2026-09-22T08:04:14.1117807Z  93/292 Test  #93: StackBuilder.UnknownLogicFailsBuild .....................   Passed    0.01 sec
2026-09-22T08:04:14.1118333Z         Start  94: StackBuilder.UnknownServiceFailsBuild
2026-09-22T08:04:14.1242773Z  94/292 Test  #94: StackBuilder.UnknownServiceFailsBuild ...................   Passed    0.01 sec
2026-09-22T08:04:14.1243347Z         Start  95: StackBuilder.BypassLogicForcesPassthrough
2026-09-22T08:04:14.1386832Z  95/292 Test  #95: StackBuilder.BypassLogicForcesPassthrough ...............   Passed    0.01 sec
2026-09-22T08:04:14.1387478Z         Start  96: StackBuilder.BypassLogicSkipsRegistryLookup
2026-09-22T08:04:14.1498158Z  96/292 Test  #96: StackBuilder.BypassLogicSkipsRegistryLookup .............   Passed    0.01 sec
2026-09-22T08:04:14.1498757Z         Start  97: StackBuilder.InvalidPathFailsBuild
2026-09-22T08:04:14.1623797Z  97/292 Test  #97: StackBuilder.InvalidPathFailsBuild ......................   Passed    0.01 sec
2026-09-22T08:04:14.1624525Z         Start  98: StackBuilder.BuildsAllPassthroughStack
2026-09-22T08:04:14.1658644Z  98/292 Test  #98: StackBuilder.BuildsAllPassthroughStack ..................   Passed    0.00 sec
2026-09-22T08:04:14.1666366Z         Start  99: StackBuilder.ResolvesRegisteredLogic
2026-09-22T08:04:14.1688424Z  99/292 Test  #99: StackBuilder.ResolvesRegisteredLogic ....................   Passed    0.00 sec
2026-09-22T08:04:14.1689535Z         Start 100: StackBuilder.AdjacencyWiredBottomUp
2026-09-22T08:04:14.1719667Z 100/292 Test #100: StackBuilder.AdjacencyWiredBottomUp .....................   Passed    0.00 sec
2026-09-22T08:04:14.1720179Z         Start 101: StackBuilder.UnknownLogicFailsBuild
2026-09-22T08:04:14.1746887Z 101/292 Test #101: StackBuilder.UnknownLogicFailsBuild .....................   Passed    0.00 sec
2026-09-22T08:04:14.1747745Z         Start 102: StackBuilder.UnknownServiceFailsBuild
2026-09-22T08:04:14.1773378Z 102/292 Test #102: StackBuilder.UnknownServiceFailsBuild ...................   Passed    0.00 sec
2026-09-22T08:04:14.1774050Z         Start 103: StackBuilder.BypassLogicForcesPassthrough
2026-09-22T08:04:14.1800183Z 103/292 Test #103: StackBuilder.BypassLogicForcesPassthrough ...............   Passed    0.00 sec
2026-09-22T08:04:14.1801040Z         Start 104: StackBuilder.BypassLogicSkipsRegistryLookup
2026-09-22T08:04:14.1826524Z 104/292 Test #104: StackBuilder.BypassLogicSkipsRegistryLookup .............   Passed    0.00 sec
2026-09-22T08:04:14.1827148Z         Start 105: StackBuilder.InvalidPathFailsBuild
2026-09-22T08:04:14.1852613Z 105/292 Test #105: StackBuilder.InvalidPathFailsBuild ......................   Passed    0.00 sec
2026-09-22T08:04:14.1853432Z         Start 106: Validator.ConformingFilePasses
2026-09-22T08:04:14.1883438Z 106/292 Test #106: Validator.ConformingFilePasses ..........................   Passed    0.00 sec
2026-09-22T08:04:14.1884041Z         Start 107: Validator.ForeignTopLevelKeyRejected
2026-09-22T08:04:14.1929510Z 107/292 Test #107: Validator.ForeignTopLevelKeyRejected ....................   Passed    0.00 sec
2026-09-22T08:04:14.1930039Z         Start 108: Validator.MissingServiceRejected
2026-09-22T08:04:14.1941009Z 108/292 Test #108: Validator.MissingServiceRejected ........................   Passed    0.00 sec
2026-09-22T08:04:14.1941654Z         Start 109: Validator.OversizeFieldRejected
2026-09-22T08:04:14.1970094Z 109/292 Test #109: Validator.OversizeFieldRejected .........................   Passed    0.00 sec
2026-09-22T08:04:14.1970624Z         Start 110: Validator.BadDirectionRejected
2026-09-22T08:04:14.2019371Z 110/292 Test #110: Validator.BadDirectionRejected ..........................   Passed    0.00 sec
2026-09-22T08:04:14.2020486Z         Start 111: Validator.ServiceWithoutVarsOrEntitiesRejected
2026-09-22T08:04:14.2049566Z 111/292 Test #111: Validator.ServiceWithoutVarsOrEntitiesRejected ..........   Passed    0.00 sec
2026-09-22T08:04:14.2058683Z         Start 112: Validator.FindingsCarryLineNumbers
2026-09-22T08:04:14.2079586Z 112/292 Test #112: Validator.FindingsCarryLineNumbers ......................   Passed    0.00 sec
2026-09-22T08:04:14.2089517Z         Start 113: Validator.MissingDirectoryReported
2026-09-22T08:04:14.2089968Z 113/292 Test #113: Validator.MissingDirectoryReported ......................   Passed    0.00 sec
2026-09-22T08:04:14.2090381Z         Start 114: Validator.ConformingFilePasses
2026-09-22T08:04:14.2193864Z 114/292 Test #114: Validator.ConformingFilePasses ..........................   Passed    0.01 sec
2026-09-22T08:04:14.2194259Z         Start 115: Validator.ForeignTopLevelKeyRejected
2026-09-22T08:04:14.2299816Z 115/292 Test #115: Validator.ForeignTopLevelKeyRejected ....................   Passed    0.01 sec
2026-09-22T08:04:14.2301230Z         Start 116: Validator.MissingServiceRejected
2026-09-22T08:04:14.2407639Z 116/292 Test #116: Validator.MissingServiceRejected ........................   Passed    0.01 sec
2026-09-22T08:04:14.2408767Z         Start 117: Validator.OversizeFieldRejected
2026-09-22T08:04:14.2517594Z 117/292 Test #117: Validator.OversizeFieldRejected .........................   Passed    0.01 sec
2026-09-22T08:04:14.2518090Z         Start 118: Validator.BadDirectionRejected
2026-09-22T08:04:14.2627212Z 118/292 Test #118: Validator.BadDirectionRejected ..........................   Passed    0.01 sec
2026-09-22T08:04:14.2628681Z         Start 119: Validator.ServiceWithoutVarsOrEntitiesRejected
2026-09-22T08:04:14.2732773Z 119/292 Test #119: Validator.ServiceWithoutVarsOrEntitiesRejected ..........   Passed    0.01 sec
2026-09-22T08:04:14.2733339Z         Start 120: Validator.FindingsCarryLineNumbers
2026-09-22T08:04:14.2832701Z 120/292 Test #120: Validator.FindingsCarryLineNumbers ......................   Passed    0.01 sec
2026-09-22T08:04:14.2833738Z         Start 121: Validator.MissingDirectoryReported
2026-09-22T08:04:14.2935044Z 121/292 Test #121: Validator.MissingDirectoryReported ......................   Passed    0.01 sec
2026-09-22T08:04:14.2935586Z         Start 122: Validator.ConformingFilePasses
2026-09-22T08:04:14.2967214Z 122/292 Test #122: Validator.ConformingFilePasses ..........................   Passed    0.00 sec
2026-09-22T08:04:14.2967990Z         Start 123: Validator.ForeignTopLevelKeyRejected
2026-09-22T08:04:14.2994654Z 123/292 Test #123: Validator.ForeignTopLevelKeyRejected ....................   Passed    0.00 sec
2026-09-22T08:04:14.2995090Z         Start 124: Validator.MissingServiceRejected
2026-09-22T08:04:14.3019393Z 124/292 Test #124: Validator.MissingServiceRejected ........................   Passed    0.00 sec
2026-09-22T08:04:14.3019819Z         Start 125: Validator.OversizeFieldRejected
2026-09-22T08:04:14.3043724Z 125/292 Test #125: Validator.OversizeFieldRejected .........................   Passed    0.00 sec
2026-09-22T08:04:14.3044539Z         Start 126: Validator.BadDirectionRejected
2026-09-22T08:04:14.3067496Z 126/292 Test #126: Validator.BadDirectionRejected ..........................   Passed    0.00 sec
2026-09-22T08:04:14.3067991Z         Start 127: Validator.ServiceWithoutVarsOrEntitiesRejected
2026-09-22T08:04:14.3089961Z 127/292 Test #127: Validator.ServiceWithoutVarsOrEntitiesRejected ..........   Passed    0.00 sec
2026-09-22T08:04:14.3090760Z         Start 128: Validator.FindingsCarryLineNumbers
2026-09-22T08:04:14.3112420Z 128/292 Test #128: Validator.FindingsCarryLineNumbers ......................   Passed    0.00 sec
2026-09-22T08:04:14.3112850Z         Start 129: Validator.MissingDirectoryReported
2026-09-22T08:04:14.3132970Z 129/292 Test #129: Validator.MissingDirectoryReported ......................   Passed    0.00 sec
2026-09-22T08:04:14.3133802Z         Start 130: HelloTest.BasicAssertions
2026-09-22T08:04:14.3151250Z 130/292 Test #130: HelloTest.BasicAssertions ...............................   Passed    0.00 sec
2026-09-22T08:04:14.3151762Z         Start 131: EthernetFrameLogic.RegisteredUnderExpectedName
2026-09-22T08:04:14.3173846Z 131/292 Test #131: EthernetFrameLogic.RegisteredUnderExpectedName ..........   Passed    0.00 sec
2026-09-22T08:04:14.3174682Z         Start 132: EthernetFrameLogic.BoundByStackBuilder
2026-09-22T08:04:14.3201152Z 132/292 Test #132: EthernetFrameLogic.BoundByStackBuilder ..................   Passed    0.00 sec
2026-09-22T08:04:14.3201659Z         Start 133: EthernetFrameLogic.BypassLogicSwapsInPassthrough
2026-09-22T08:04:14.3227055Z 133/292 Test #133: EthernetFrameLogic.BypassLogicSwapsInPassthrough ........   Passed    0.00 sec
2026-09-22T08:04:14.3228194Z         Start 134: EthernetFrameLogic.EncodeDecodeCountersAdvance
2026-09-22T08:04:14.3249104Z 134/292 Test #134: EthernetFrameLogic.EncodeDecodeCountersAdvance ..........   Passed    0.00 sec
2026-09-22T08:04:14.3249989Z         Start 135: EthernetFrameLogic.NextLayerDefaults1722
2026-09-22T08:04:14.3270797Z 135/292 Test #135: EthernetFrameLogic.NextLayerDefaults1722 ................   Passed    0.00 sec
2026-09-22T08:04:14.3271247Z         Start 136: StackCodec.FrameHasExpectedSize
2026-09-22T08:04:14.3340110Z 136/292 Test #136: StackCodec.FrameHasExpectedSize .........................   Passed    0.01 sec
2026-09-22T08:04:14.3340952Z         Start 137: StackCodec.DerivedFieldsAreValid
2026-09-22T08:04:14.3407896Z 137/292 Test #137: StackCodec.DerivedFieldsAreValid ........................   Passed    0.01 sec
2026-09-22T08:04:14.3408567Z         Start 138: StackCodec.CommandStatusForcedToZero
2026-09-22T08:04:14.3561409Z 138/292 Test #138: StackCodec.CommandStatusForcedToZero ....................   Passed    0.02 sec
2026-09-22T08:04:14.3562147Z         Start 139: StackCodec.DecodeRoundTripsFields
2026-09-22T08:04:14.3629572Z 139/292 Test #139: StackCodec.DecodeRoundTripsFields .......................   Passed    0.01 sec
2026-09-22T08:04:14.3630301Z         Start 140: StackCodec.DeterministicForFixedSeed
2026-09-22T08:04:14.3696915Z 140/292 Test #140: StackCodec.DeterministicForFixedSeed ....................   Passed    0.01 sec
2026-09-22T08:04:14.3697622Z         Start 141: TrafficGenTest.EmptyInterfaceProducesEmptyPacket
2026-09-22T08:04:14.3734293Z 141/292 Test #141: TrafficGenTest.EmptyInterfaceProducesEmptyPacket ........   Passed    0.00 sec
2026-09-22T08:04:14.3735022Z         Start 142: TrafficGenTest.SimpleVarProducesOneByte
2026-09-22T08:04:14.3768950Z 142/292 Test #142: TrafficGenTest.SimpleVarProducesOneByte .................   Passed    0.00 sec
2026-09-22T08:04:14.3769620Z         Start 143: TrafficGenTest.SimpleVarValueInExpectedSet
2026-09-22T08:04:14.3803914Z 143/292 Test #143: TrafficGenTest.SimpleVarValueInExpectedSet ..............   Passed    0.00 sec
2026-09-22T08:04:14.3804555Z         Start 144: TrafficGenTest.DeterministicWithSameSeed
2026-09-22T08:04:14.3838480Z 144/292 Test #144: TrafficGenTest.DeterministicWithSameSeed ................   Passed    0.00 sec
2026-09-22T08:04:14.3839285Z         Start 145: TrafficGenTest.DifferentSeedsDifferentPackets
2026-09-22T08:04:14.3872304Z 145/292 Test #145: TrafficGenTest.DifferentSeedsDifferentPackets ...........   Passed    0.00 sec
2026-09-22T08:04:14.3872955Z         Start 146: TrafficGenTest.OpenClose
2026-09-22T08:04:14.3905108Z 146/292 Test #146: TrafficGenTest.OpenClose ................................   Passed    0.00 sec
2026-09-22T08:04:14.3905807Z         Start 147: TrafficGenTest.SendNamedInterface
2026-09-22T08:04:14.3938292Z 147/292 Test #147: TrafficGenTest.SendNamedInterface .......................   Passed    0.00 sec
2026-09-22T08:04:14.3939183Z         Start 148: TrafficGenTest.SendUnknownInterfaceReturnsError
2026-09-22T08:04:14.3970975Z 148/292 Test #148: TrafficGenTest.SendUnknownInterfaceReturnsError .........   Passed    0.00 sec
2026-09-22T08:04:14.3971851Z         Start 149: TrafficGenTest.SendAllSendsOnePacketPerInterface
2026-09-22T08:04:14.4004670Z 149/292 Test #149: TrafficGenTest.SendAllSendsOnePacketPerInterface ........   Passed    0.00 sec
2026-09-22T08:04:14.4005420Z         Start 150: TrafficGenTest.SendFilteredInDirection
2026-09-22T08:04:14.4038589Z 150/292 Test #150: TrafficGenTest.SendFilteredInDirection ..................   Passed    0.00 sec
2026-09-22T08:04:14.4039430Z         Start 151: TrafficGenTest.SendFilteredOutDirectionProducesNone
2026-09-22T08:04:14.4071757Z 151/292 Test #151: TrafficGenTest.SendFilteredOutDirectionProducesNone .....   Passed    0.00 sec
2026-09-22T08:04:14.4072456Z         Start 152: TrafficGenTest.SendLoopProducesNPackets
2026-09-22T08:04:14.4105309Z 152/292 Test #152: TrafficGenTest.SendLoopProducesNPackets .................   Passed    0.00 sec
2026-09-22T08:04:14.4106201Z         Start 153: TrafficGenTest.SendWithoutOpenReturnsNotOpen
2026-09-22T08:04:14.4137892Z 153/292 Test #153: TrafficGenTest.SendWithoutOpenReturnsNotOpen ............   Passed    0.00 sec
2026-09-22T08:04:14.4138545Z         Start 154: VerilatorSenderBeat.FullBeat
2026-09-22T08:04:14.4166591Z 154/292 Test #154: VerilatorSenderBeat.FullBeat ............................   Passed    0.00 sec
2026-09-22T08:04:14.4167623Z         Start 155: VerilatorSenderBeat.PartialLastBeat
2026-09-22T08:04:14.4194965Z 155/292 Test #155: VerilatorSenderBeat.PartialLastBeat .....................   Passed    0.00 sec
2026-09-22T08:04:14.4195733Z         Start 156: WideField.Emits512BitFieldWithoutUB
2026-09-22T08:04:14.4224459Z 156/292 Test #156: WideField.Emits512BitFieldWithoutUB .....................   Passed    0.00 sec
2026-09-22T08:04:14.4225063Z         Start 157: TrafficGenTest.EmptyInterfaceProducesEmptyPacket
2026-09-22T08:04:14.4346328Z 157/292 Test #157: TrafficGenTest.EmptyInterfaceProducesEmptyPacket ........   Passed    0.01 sec
2026-09-22T08:04:14.4347583Z         Start 158: TrafficGenTest.SimpleVarProducesOneByte
2026-09-22T08:04:14.4437469Z 158/292 Test #158: TrafficGenTest.SimpleVarProducesOneByte .................   Passed    0.01 sec
2026-09-22T08:04:14.4438414Z         Start 159: TrafficGenTest.SimpleVarValueInExpectedSet
2026-09-22T08:04:14.4561939Z 159/292 Test #159: TrafficGenTest.SimpleVarValueInExpectedSet ..............   Passed    0.01 sec
2026-09-22T08:04:14.4562702Z         Start 160: TrafficGenTest.DeterministicWithSameSeed
2026-09-22T08:04:14.4696915Z 160/292 Test #160: TrafficGenTest.DeterministicWithSameSeed ................   Passed    0.01 sec
2026-09-22T08:04:14.4697673Z         Start 161: TrafficGenTest.DifferentSeedsDifferentPackets
2026-09-22T08:04:14.4814610Z 161/292 Test #161: TrafficGenTest.DifferentSeedsDifferentPackets ...........   Passed    0.01 sec
2026-09-22T08:04:14.4819736Z         Start 162: TrafficGenTest.OpenClose
2026-09-22T08:04:14.4934835Z 162/292 Test #162: TrafficGenTest.OpenClose ................................   Passed    0.01 sec
2026-09-22T08:04:14.4935403Z         Start 163: TrafficGenTest.SendNamedInterface
2026-09-22T08:04:14.5055116Z 163/292 Test #163: TrafficGenTest.SendNamedInterface .......................   Passed    0.01 sec
2026-09-22T08:04:14.5055674Z         Start 164: TrafficGenTest.SendUnknownInterfaceReturnsError
2026-09-22T08:04:14.5157601Z 164/292 Test #164: TrafficGenTest.SendUnknownInterfaceReturnsError .........   Passed    0.01 sec
2026-09-22T08:04:14.5158176Z         Start 165: TrafficGenTest.SendAllSendsOnePacketPerInterface
2026-09-22T08:04:14.5271973Z 165/292 Test #165: TrafficGenTest.SendAllSendsOnePacketPerInterface ........   Passed    0.01 sec
2026-09-22T08:04:14.5272735Z         Start 166: TrafficGenTest.SendFilteredInDirection
2026-09-22T08:04:14.5398440Z 166/292 Test #166: TrafficGenTest.SendFilteredInDirection ..................   Passed    0.01 sec
2026-09-22T08:04:14.5399119Z         Start 167: TrafficGenTest.SendFilteredOutDirectionProducesNone
2026-09-22T08:04:14.5497334Z 167/292 Test #167: TrafficGenTest.SendFilteredOutDirectionProducesNone .....   Passed    0.01 sec
2026-09-22T08:04:14.5497984Z         Start 168: TrafficGenTest.SendLoopProducesNPackets
2026-09-22T08:04:14.5616219Z 168/292 Test #168: TrafficGenTest.SendLoopProducesNPackets .................   Passed    0.01 sec
2026-09-22T08:04:14.5616990Z         Start 169: TrafficGenTest.SendWithoutOpenReturnsNotOpen
2026-09-22T08:04:14.5720678Z 169/292 Test #169: TrafficGenTest.SendWithoutOpenReturnsNotOpen ............   Passed    0.01 sec
2026-09-22T08:04:14.5721232Z         Start 170: VerilatorSenderBeat.FullBeat
2026-09-22T08:04:14.5807494Z 170/292 Test #170: VerilatorSenderBeat.FullBeat ............................   Passed    0.01 sec
2026-09-22T08:04:14.5808177Z         Start 171: VerilatorSenderBeat.PartialLastBeat
2026-09-22T08:04:14.5912621Z 171/292 Test #171: VerilatorSenderBeat.PartialLastBeat .....................   Passed    0.01 sec
2026-09-22T08:04:14.5913605Z         Start 172: WideField.Emits512BitFieldWithoutUB
2026-09-22T08:04:14.6015433Z 172/292 Test #172: WideField.Emits512BitFieldWithoutUB .....................   Passed    0.01 sec
2026-09-22T08:04:14.6015898Z         Start 173: TrafficGenTest.EmptyInterfaceProducesEmptyPacket
2026-09-22T08:04:14.6050808Z 173/292 Test #173: TrafficGenTest.EmptyInterfaceProducesEmptyPacket ........   Passed    0.00 sec
2026-09-22T08:04:14.6051337Z         Start 174: TrafficGenTest.SimpleVarProducesOneByte
2026-09-22T08:04:14.6080090Z 174/292 Test #174: TrafficGenTest.SimpleVarProducesOneByte .................   Passed    0.00 sec
2026-09-22T08:04:14.6080897Z         Start 175: TrafficGenTest.SimpleVarValueInExpectedSet
2026-09-22T08:04:14.6108613Z 175/292 Test #175: TrafficGenTest.SimpleVarValueInExpectedSet ..............   Passed    0.00 sec
2026-09-22T08:04:14.6109464Z         Start 176: TrafficGenTest.DeterministicWithSameSeed
2026-09-22T08:04:14.6136122Z 176/292 Test #176: TrafficGenTest.DeterministicWithSameSeed ................   Passed    0.00 sec
2026-09-22T08:04:14.6136856Z         Start 177: TrafficGenTest.DifferentSeedsDifferentPackets
2026-09-22T08:04:14.6162765Z 177/292 Test #177: TrafficGenTest.DifferentSeedsDifferentPackets ...........   Passed    0.00 sec
2026-09-22T08:04:14.6163460Z         Start 178: TrafficGenTest.OpenClose
2026-09-22T08:04:14.6188743Z 178/292 Test #178: TrafficGenTest.OpenClose ................................   Passed    0.00 sec
2026-09-22T08:04:14.6189558Z         Start 179: TrafficGenTest.SendNamedInterface
2026-09-22T08:04:14.6215762Z 179/292 Test #179: TrafficGenTest.SendNamedInterface .......................   Passed    0.00 sec
2026-09-22T08:04:14.6216519Z         Start 180: TrafficGenTest.SendUnknownInterfaceReturnsError
2026-09-22T08:04:14.6241658Z 180/292 Test #180: TrafficGenTest.SendUnknownInterfaceReturnsError .........   Passed    0.00 sec
2026-09-22T08:04:14.6242407Z         Start 181: TrafficGenTest.SendAllSendsOnePacketPerInterface
2026-09-22T08:04:14.6268702Z 181/292 Test #181: TrafficGenTest.SendAllSendsOnePacketPerInterface ........   Passed    0.00 sec
2026-09-22T08:04:14.6269444Z         Start 182: TrafficGenTest.SendFilteredInDirection
2026-09-22T08:04:14.6294829Z 182/292 Test #182: TrafficGenTest.SendFilteredInDirection ..................   Passed    0.00 sec
2026-09-22T08:04:14.6295563Z         Start 183: TrafficGenTest.SendFilteredOutDirectionProducesNone
2026-09-22T08:04:14.6320679Z 183/292 Test #183: TrafficGenTest.SendFilteredOutDirectionProducesNone .....   Passed    0.00 sec
2026-09-22T08:04:14.6321347Z         Start 184: TrafficGenTest.SendLoopProducesNPackets
2026-09-22T08:04:14.6347417Z 184/292 Test #184: TrafficGenTest.SendLoopProducesNPackets .................   Passed    0.00 sec
2026-09-22T08:04:14.6348149Z         Start 185: TrafficGenTest.SendWithoutOpenReturnsNotOpen
2026-09-22T08:04:14.6373276Z 185/292 Test #185: TrafficGenTest.SendWithoutOpenReturnsNotOpen ............   Passed    0.00 sec
2026-09-22T08:04:14.6373721Z         Start 186: VerilatorSenderBeat.FullBeat
2026-09-22T08:04:14.6394619Z 186/292 Test #186: VerilatorSenderBeat.FullBeat ............................   Passed    0.00 sec
2026-09-22T08:04:14.6395286Z         Start 187: VerilatorSenderBeat.PartialLastBeat
2026-09-22T08:04:14.6416000Z 187/292 Test #187: VerilatorSenderBeat.PartialLastBeat .....................   Passed    0.00 sec
2026-09-22T08:04:14.6416668Z         Start 188: WideField.Emits512BitFieldWithoutUB
2026-09-22T08:04:14.6439116Z 188/292 Test #188: WideField.Emits512BitFieldWithoutUB .....................   Passed    0.00 sec
2026-09-22T08:04:14.6439759Z         Start 189: AdpFuzzTest.VarCount
2026-09-22T08:04:14.6478398Z 189/292 Test #189: AdpFuzzTest.VarCount ....................................   Passed    0.00 sec
2026-09-22T08:04:14.6479167Z         Start 190: AdpFuzzTest.MessageTypeConstraints
2026-09-22T08:04:14.6514995Z 190/292 Test #190: AdpFuzzTest.MessageTypeConstraints ......................   Passed    0.00 sec
2026-09-22T08:04:14.6515895Z         Start 191: AdpFuzzTest.ValidTimeRangeConstraint
2026-09-22T08:04:14.6550915Z 191/292 Test #191: AdpFuzzTest.ValidTimeRangeConstraint ....................   Passed    0.00 sec
2026-09-22T08:04:14.6551661Z         Start 192: AdpFuzzTest.ControlDataLengthFixed
2026-09-22T08:04:14.6586912Z 192/292 Test #192: AdpFuzzTest.ControlDataLengthFixed ......................   Passed    0.00 sec
2026-09-22T08:04:14.6587562Z         Start 193: AdpFuzzTest.TalkerCapabilitiesMask
2026-09-22T08:04:14.6622182Z 193/292 Test #193: AdpFuzzTest.TalkerCapabilitiesMask ......................   Passed    0.00 sec
2026-09-22T08:04:14.6622833Z         Start 194: AdpFuzzTest.ListenerCapabilitiesMask
2026-09-22T08:04:14.6656651Z 194/292 Test #194: AdpFuzzTest.ListenerCapabilitiesMask ....................   Passed    0.00 sec
2026-09-22T08:04:14.6657317Z         Start 195: AdpFuzzTest.ControllerCapabilitiesMask
2026-09-22T08:04:14.6691748Z 195/292 Test #195: AdpFuzzTest.ControllerCapabilitiesMask ..................   Passed    0.00 sec
2026-09-22T08:04:14.6692481Z         Start 196: AdpFuzzTest.ReservedFieldsAreFixed
2026-09-22T08:04:14.6726030Z 196/292 Test #196: AdpFuzzTest.ReservedFieldsAreFixed ......................   Passed    0.00 sec
2026-09-22T08:04:14.6726674Z         Start 197: AdpFuzzTest.InterfaceCount
2026-09-22T08:04:14.6760043Z 197/292 Test #197: AdpFuzzTest.InterfaceCount ..............................   Passed    0.00 sec
2026-09-22T08:04:14.6760793Z         Start 198: AdpFuzzTest.IfDataDirection
2026-09-22T08:04:14.6794469Z 198/292 Test #198: AdpFuzzTest.IfDataDirection .............................   Passed    0.00 sec
2026-09-22T08:04:14.6795070Z         Start 199: AdpFuzzTest.IfDataHas20VarRefs
2026-09-22T08:04:14.6829179Z 199/292 Test #199: AdpFuzzTest.IfDataHas20VarRefs ..........................   Passed    0.00 sec
2026-09-22T08:04:14.6829819Z         Start 200: AdpFuzzTest.IfDataFirstVarRefIsMessageType
2026-09-22T08:04:14.6863362Z 200/292 Test #200: AdpFuzzTest.IfDataFirstVarRefIsMessageType ..............   Passed    0.00 sec
2026-09-22T08:04:14.6864038Z         Start 201: AdpFuzzTest.IfDataLastVarRefIsReserved1
2026-09-22T08:04:14.6897360Z 201/292 Test #201: AdpFuzzTest.IfDataLastVarRefIsReserved1 .................   Passed    0.00 sec
2026-09-22T08:04:14.6898013Z         Start 202: AdpFuzzTest.FullAdpPacketIs67Bytes
2026-09-22T08:04:14.6942634Z 202/292 Test #202: AdpFuzzTest.FullAdpPacketIs67Bytes ......................   Passed    0.00 sec
2026-09-22T08:04:14.6943287Z         Start 203: AdpFuzzTest.MessageTypeAlwaysValid
2026-09-22T08:04:14.6983883Z 203/292 Test #203: AdpFuzzTest.MessageTypeAlwaysValid ......................   Passed    0.00 sec
2026-09-22T08:04:14.6984604Z         Start 204: AdpFuzzTest.ValidTimeAlwaysInRange
2026-09-22T08:04:14.7025985Z 204/292 Test #204: AdpFuzzTest.ValidTimeAlwaysInRange ......................   Passed    0.00 sec
2026-09-22T08:04:14.7026800Z         Start 205: AdpFuzzTest.ControlDataLengthAlways56
2026-09-22T08:04:14.7062869Z 205/292 Test #205: AdpFuzzTest.ControlDataLengthAlways56 ...................   Passed    0.00 sec
2026-09-22T08:04:14.7063615Z         Start 206: AdpFuzzTest.TalkerCapsRespectMask
2026-09-22T08:04:14.7106231Z 206/292 Test #206: AdpFuzzTest.TalkerCapsRespectMask .......................   Passed    0.00 sec
2026-09-22T08:04:14.7106893Z         Start 207: AdpFuzzTest.ListenerCapsRespectMask
2026-09-22T08:04:14.7149434Z 207/292 Test #207: AdpFuzzTest.ListenerCapsRespectMask .....................   Passed    0.00 sec
2026-09-22T08:04:14.7150089Z         Start 208: AdpFuzzTest.ControllerCapsRespectMask
2026-09-22T08:04:14.7193980Z 208/292 Test #208: AdpFuzzTest.ControllerCapsRespectMask ...................   Passed    0.00 sec
2026-09-22T08:04:14.7194640Z         Start 209: AdpFuzzTest.ReservedFieldsAlwaysZero
2026-09-22T08:04:14.7232413Z 209/292 Test #209: AdpFuzzTest.ReservedFieldsAlwaysZero ....................   Passed    0.00 sec
2026-09-22T08:04:14.7233091Z         Start 210: AdpFuzzTest.AvailableIndexAlwaysValid
2026-09-22T08:04:14.7271449Z 210/292 Test #210: AdpFuzzTest.AvailableIndexAlwaysValid ...................   Passed    0.00 sec
2026-09-22T08:04:14.7271903Z         Start 211: AdpFuzzTest.VarCount
2026-09-22T08:04:14.7372861Z 211/292 Test #211: AdpFuzzTest.VarCount ....................................   Passed    0.01 sec
2026-09-22T08:04:14.7373490Z         Start 212: AdpFuzzTest.MessageTypeConstraints
2026-09-22T08:04:14.7499288Z 212/292 Test #212: AdpFuzzTest.MessageTypeConstraints ......................   Passed    0.01 sec
2026-09-22T08:04:14.7499839Z         Start 213: AdpFuzzTest.ValidTimeRangeConstraint
2026-09-22T08:04:14.7640236Z 213/292 Test #213: AdpFuzzTest.ValidTimeRangeConstraint ....................   Passed    0.01 sec
2026-09-22T08:04:14.7640789Z         Start 214: AdpFuzzTest.ControlDataLengthFixed
2026-09-22T08:04:14.7745391Z 214/292 Test #214: AdpFuzzTest.ControlDataLengthFixed ......................   Passed    0.01 sec
2026-09-22T08:04:14.7745933Z         Start 215: AdpFuzzTest.TalkerCapabilitiesMask
2026-09-22T08:04:14.7896677Z 215/292 Test #215: AdpFuzzTest.TalkerCapabilitiesMask ......................   Passed    0.01 sec
2026-09-22T08:04:14.7897273Z         Start 216: AdpFuzzTest.ListenerCapabilitiesMask
2026-09-22T08:04:14.8006441Z 216/292 Test #216: AdpFuzzTest.ListenerCapabilitiesMask ....................   Passed    0.01 sec
2026-09-22T08:04:14.8007328Z         Start 217: AdpFuzzTest.ControllerCapabilitiesMask
2026-09-22T08:04:14.8112135Z 217/292 Test #217: AdpFuzzTest.ControllerCapabilitiesMask ..................   Passed    0.01 sec
2026-09-22T08:04:14.8112625Z         Start 218: AdpFuzzTest.ReservedFieldsAreFixed
2026-09-22T08:04:14.8225863Z 218/292 Test #218: AdpFuzzTest.ReservedFieldsAreFixed ......................   Passed    0.01 sec
2026-09-22T08:04:14.8226419Z         Start 219: AdpFuzzTest.InterfaceCount
2026-09-22T08:04:14.8351277Z 219/292 Test #219: AdpFuzzTest.InterfaceCount ..............................   Passed    0.01 sec
2026-09-22T08:04:14.8351814Z         Start 220: AdpFuzzTest.IfDataDirection
2026-09-22T08:04:14.8482960Z 220/292 Test #220: AdpFuzzTest.IfDataDirection .............................   Passed    0.01 sec
2026-09-22T08:04:14.8483529Z         Start 221: AdpFuzzTest.IfDataHas20VarRefs
2026-09-22T08:04:14.8591266Z 221/292 Test #221: AdpFuzzTest.IfDataHas20VarRefs ..........................   Passed    0.01 sec
2026-09-22T08:04:14.8592016Z         Start 222: AdpFuzzTest.IfDataFirstVarRefIsMessageType
2026-09-22T08:04:14.8714560Z 222/292 Test #222: AdpFuzzTest.IfDataFirstVarRefIsMessageType ..............   Passed    0.01 sec
2026-09-22T08:04:14.8715142Z         Start 223: AdpFuzzTest.IfDataLastVarRefIsReserved1
2026-09-22T08:04:14.8834052Z 223/292 Test #223: AdpFuzzTest.IfDataLastVarRefIsReserved1 .................   Passed    0.01 sec
2026-09-22T08:04:14.8834728Z         Start 224: AdpFuzzTest.FullAdpPacketIs67Bytes
2026-09-22T08:04:14.8988931Z 224/292 Test #224: AdpFuzzTest.FullAdpPacketIs67Bytes ......................   Passed    0.02 sec
2026-09-22T08:04:14.8989733Z         Start 225: AdpFuzzTest.MessageTypeAlwaysValid
2026-09-22T08:04:14.9145360Z 225/292 Test #225: AdpFuzzTest.MessageTypeAlwaysValid ......................   Passed    0.02 sec
2026-09-22T08:04:14.9145932Z         Start 226: AdpFuzzTest.ValidTimeAlwaysInRange
2026-09-22T08:04:14.9303329Z 226/292 Test #226: AdpFuzzTest.ValidTimeAlwaysInRange ......................   Passed    0.02 sec
2026-09-22T08:04:14.9303851Z         Start 227: AdpFuzzTest.ControlDataLengthAlways56
2026-09-22T08:04:14.9426990Z 227/292 Test #227: AdpFuzzTest.ControlDataLengthAlways56 ...................   Passed    0.01 sec
2026-09-22T08:04:14.9427819Z         Start 228: AdpFuzzTest.TalkerCapsRespectMask
2026-09-22T08:04:14.9589247Z 228/292 Test #228: AdpFuzzTest.TalkerCapsRespectMask .......................   Passed    0.02 sec
2026-09-22T08:04:14.9589951Z         Start 229: AdpFuzzTest.ListenerCapsRespectMask
2026-09-22T08:04:14.9756019Z 229/292 Test #229: AdpFuzzTest.ListenerCapsRespectMask .....................   Passed    0.02 sec
2026-09-22T08:04:14.9756774Z         Start 230: AdpFuzzTest.ControllerCapsRespectMask
2026-09-22T08:04:14.9912462Z 230/292 Test #230: AdpFuzzTest.ControllerCapsRespectMask ...................   Passed    0.02 sec
2026-09-22T08:04:14.9912907Z         Start 231: AdpFuzzTest.ReservedFieldsAlwaysZero
2026-09-22T08:04:15.0041207Z 231/292 Test #231: AdpFuzzTest.ReservedFieldsAlwaysZero ....................   Passed    0.01 sec
2026-09-22T08:04:15.0041775Z         Start 232: AdpFuzzTest.AvailableIndexAlwaysValid
2026-09-22T08:04:15.0184050Z 232/292 Test #232: AdpFuzzTest.AvailableIndexAlwaysValid ...................   Passed    0.01 sec
2026-09-22T08:04:15.0184771Z         Start 233: AdpFuzzTest.VarCount
2026-09-22T08:04:15.0226793Z 233/292 Test #233: AdpFuzzTest.VarCount ....................................   Passed    0.00 sec
2026-09-22T08:04:15.0227162Z         Start 234: AdpFuzzTest.MessageTypeConstraints
2026-09-22T08:04:15.0259032Z 234/292 Test #234: AdpFuzzTest.MessageTypeConstraints ......................   Passed    0.00 sec
2026-09-22T08:04:15.0259646Z         Start 235: AdpFuzzTest.ValidTimeRangeConstraint
2026-09-22T08:04:15.0289778Z 235/292 Test #235: AdpFuzzTest.ValidTimeRangeConstraint ....................   Passed    0.00 sec
2026-09-22T08:04:15.0290761Z         Start 236: AdpFuzzTest.ControlDataLengthFixed
2026-09-22T08:04:15.0319654Z 236/292 Test #236: AdpFuzzTest.ControlDataLengthFixed ......................   Passed    0.00 sec
2026-09-22T08:04:15.0320281Z         Start 237: AdpFuzzTest.TalkerCapabilitiesMask
2026-09-22T08:04:15.0347802Z 237/292 Test #237: AdpFuzzTest.TalkerCapabilitiesMask ......................   Passed    0.00 sec
2026-09-22T08:04:15.0348592Z         Start 238: AdpFuzzTest.ListenerCapabilitiesMask
2026-09-22T08:04:15.0375951Z 238/292 Test #238: AdpFuzzTest.ListenerCapabilitiesMask ....................   Passed    0.00 sec
2026-09-22T08:04:15.0376404Z         Start 239: AdpFuzzTest.ControllerCapabilitiesMask
2026-09-22T08:04:15.0403291Z 239/292 Test #239: AdpFuzzTest.ControllerCapabilitiesMask ..................   Passed    0.00 sec
2026-09-22T08:04:15.0403830Z         Start 240: AdpFuzzTest.ReservedFieldsAreFixed
2026-09-22T08:04:15.0430987Z 240/292 Test #240: AdpFuzzTest.ReservedFieldsAreFixed ......................   Passed    0.00 sec
2026-09-22T08:04:15.0431749Z         Start 241: AdpFuzzTest.InterfaceCount
2026-09-22T08:04:15.0458472Z 241/292 Test #241: AdpFuzzTest.InterfaceCount ..............................   Passed    0.00 sec
2026-09-22T08:04:15.0458999Z         Start 242: AdpFuzzTest.IfDataDirection
2026-09-22T08:04:15.0485717Z 242/292 Test #242: AdpFuzzTest.IfDataDirection .............................   Passed    0.00 sec
2026-09-22T08:04:15.0486189Z         Start 243: AdpFuzzTest.IfDataHas20VarRefs
2026-09-22T08:04:15.0513459Z 243/292 Test #243: AdpFuzzTest.IfDataHas20VarRefs ..........................   Passed    0.00 sec
2026-09-22T08:04:15.0514253Z         Start 244: AdpFuzzTest.IfDataFirstVarRefIsMessageType
2026-09-22T08:04:15.0540453Z 244/292 Test #244: AdpFuzzTest.IfDataFirstVarRefIsMessageType ..............   Passed    0.00 sec
2026-09-22T08:04:15.0540964Z         Start 245: AdpFuzzTest.IfDataLastVarRefIsReserved1
2026-09-22T08:04:15.0567792Z 245/292 Test #245: AdpFuzzTest.IfDataLastVarRefIsReserved1 .................   Passed    0.00 sec
2026-09-22T08:04:15.0568587Z         Start 246: AdpFuzzTest.FullAdpPacketIs67Bytes
2026-09-22T08:04:15.0601765Z 246/292 Test #246: AdpFuzzTest.FullAdpPacketIs67Bytes ......................   Passed    0.00 sec
2026-09-22T08:04:15.0602207Z         Start 247: AdpFuzzTest.MessageTypeAlwaysValid
2026-09-22T08:04:15.0634542Z 247/292 Test #247: AdpFuzzTest.MessageTypeAlwaysValid ......................   Passed    0.00 sec
2026-09-22T08:04:15.0635337Z         Start 248: AdpFuzzTest.ValidTimeAlwaysInRange
2026-09-22T08:04:15.0667347Z 248/292 Test #248: AdpFuzzTest.ValidTimeAlwaysInRange ......................   Passed    0.00 sec
2026-09-22T08:04:15.0667817Z         Start 249: AdpFuzzTest.ControlDataLengthAlways56
2026-09-22T08:04:15.0697842Z 249/292 Test #249: AdpFuzzTest.ControlDataLengthAlways56 ...................   Passed    0.00 sec
2026-09-22T08:04:15.0698433Z         Start 250: AdpFuzzTest.TalkerCapsRespectMask
2026-09-22T08:04:15.0732603Z 250/292 Test #250: AdpFuzzTest.TalkerCapsRespectMask .......................   Passed    0.00 sec
2026-09-22T08:04:15.0733093Z         Start 251: AdpFuzzTest.ListenerCapsRespectMask
2026-09-22T08:04:15.0767706Z 251/292 Test #251: AdpFuzzTest.ListenerCapsRespectMask .....................   Passed    0.00 sec
2026-09-22T08:04:15.0768504Z         Start 252: AdpFuzzTest.ControllerCapsRespectMask
2026-09-22T08:04:15.0803909Z 252/292 Test #252: AdpFuzzTest.ControllerCapsRespectMask ...................   Passed    0.00 sec
2026-09-22T08:04:15.0804432Z         Start 253: AdpFuzzTest.ReservedFieldsAlwaysZero
2026-09-22T08:04:15.0835604Z 253/292 Test #253: AdpFuzzTest.ReservedFieldsAlwaysZero ....................   Passed    0.00 sec
2026-09-22T08:04:15.0836398Z         Start 254: AdpFuzzTest.AvailableIndexAlwaysValid
2026-09-22T08:04:15.0867392Z 254/292 Test #254: AdpFuzzTest.AvailableIndexAlwaysValid ...................   Passed    0.00 sec
2026-09-22T08:04:15.0868066Z         Start 255: PtpFlags.SyncModelPermitsOnlyTwoStepFlag
2026-09-22T08:04:15.0951332Z 255/292 Test #255: PtpFlags.SyncModelPermitsOnlyTwoStepFlag ................   Passed    0.01 sec
2026-09-22T08:04:15.0952093Z         Start 256: PtpFlags.FollowUpModelPermitsOnlyAllFlagsClear
2026-09-22T08:04:15.1030769Z 256/292 Test #256: PtpFlags.FollowUpModelPermitsOnlyAllFlagsClear ..........   Passed    0.01 sec
2026-09-22T08:04:15.1031353Z         Start 257: PtpFlags.PdelayModelsKeepTheirStrictFlags
2026-09-22T08:04:15.1108986Z 257/292 Test #257: PtpFlags.PdelayModelsKeepTheirStrictFlags ...............   Passed    0.01 sec
2026-09-22T08:04:15.1110155Z         Start 258: PtpFlags.NoMediaDependentModelPermitsPtpTimescale
2026-09-22T08:04:15.1189478Z 258/292 Test #258: PtpFlags.NoMediaDependentModelPermitsPtpTimescale .......   Passed    0.01 sec
2026-09-22T08:04:15.1190226Z         Start 259: PtpFlags.GeneratedSyncFramesCarryTwoStepFlagOnly
2026-09-22T08:04:15.1322320Z 259/292 Test #259: PtpFlags.GeneratedSyncFramesCarryTwoStepFlagOnly ........   Passed    0.01 sec
2026-09-22T08:04:15.1323149Z         Start 260: PtpFlags.GeneratedFollowUpFramesCarryNoFlags
2026-09-22T08:04:15.1460368Z 260/292 Test #260: PtpFlags.GeneratedFollowUpFramesCarryNoFlags ............   Passed    0.01 sec
2026-09-22T08:04:15.1461036Z         Start 261: PtpFlags.GeneratedPdelayFramesKeepTheirStrictFlags
2026-09-22T08:04:15.1697146Z 261/292 Test #261: PtpFlags.GeneratedPdelayFramesKeepTheirStrictFlags ......   Passed    0.02 sec
2026-09-22T08:04:15.1698691Z         Start 262: PtpFlags.GeneratedFramesMatchTheirModelsFlags
2026-09-22T08:04:15.1956913Z 262/292 Test #262: PtpFlags.GeneratedFramesMatchTheirModelsFlags ...........   Passed    0.03 sec
2026-09-22T08:04:15.1957713Z         Start 263: PtpFlags.DecoderRecoversOutOfProfileFlagsVerbatim
2026-09-22T08:04:15.2036176Z 263/292 Test #263: PtpFlags.DecoderRecoversOutOfProfileFlagsVerbatim .......   Passed    0.01 sec
2026-09-22T08:04:15.2036941Z         Start 264: PtpFlags.DecodingDoesNotApplyTheTransmitConstraint
2026-09-22T08:04:15.2115369Z 264/292 Test #264: PtpFlags.DecodingDoesNotApplyTheTransmitConstraint ......   Passed    0.01 sec
2026-09-22T08:04:15.2116112Z         Start 265: PtpFlags.SyncModelPermitsOnlyTwoStepFlag
2026-09-22T08:04:15.2423572Z 265/292 Test #265: PtpFlags.SyncModelPermitsOnlyTwoStepFlag ................   Passed    0.03 sec
2026-09-22T08:04:15.2424136Z         Start 266: PtpFlags.FollowUpModelPermitsOnlyAllFlagsClear
2026-09-22T08:04:15.2690227Z 266/292 Test #266: PtpFlags.FollowUpModelPermitsOnlyAllFlagsClear ..........   Passed    0.03 sec
2026-09-22T08:04:15.2691886Z         Start 267: PtpFlags.PdelayModelsKeepTheirStrictFlags
2026-09-22T08:04:15.2962493Z 267/292 Test #267: PtpFlags.PdelayModelsKeepTheirStrictFlags ...............   Passed    0.03 sec
2026-09-22T08:04:15.2963054Z         Start 268: PtpFlags.NoMediaDependentModelPermitsPtpTimescale
2026-09-22T08:04:15.3219960Z 268/292 Test #268: PtpFlags.NoMediaDependentModelPermitsPtpTimescale .......   Passed    0.03 sec
2026-09-22T08:04:15.3220509Z         Start 269: PtpFlags.GeneratedSyncFramesCarryTwoStepFlagOnly
2026-09-22T08:04:15.3562972Z 269/292 Test #269: PtpFlags.GeneratedSyncFramesCarryTwoStepFlagOnly ........   Passed    0.03 sec
2026-09-22T08:04:15.3563557Z         Start 270: PtpFlags.GeneratedFollowUpFramesCarryNoFlags
2026-09-22T08:04:15.4003384Z 270/292 Test #270: PtpFlags.GeneratedFollowUpFramesCarryNoFlags ............   Passed    0.04 sec
2026-09-22T08:04:15.4006028Z         Start 271: PtpFlags.GeneratedPdelayFramesKeepTheirStrictFlags
2026-09-22T08:04:15.4537884Z 271/292 Test #271: PtpFlags.GeneratedPdelayFramesKeepTheirStrictFlags ......   Passed    0.05 sec
2026-09-22T08:04:15.4538475Z         Start 272: PtpFlags.GeneratedFramesMatchTheirModelsFlags
2026-09-22T08:04:15.5237675Z 272/292 Test #272: PtpFlags.GeneratedFramesMatchTheirModelsFlags ...........   Passed    0.07 sec
2026-09-22T08:04:15.5238356Z         Start 273: PtpFlags.DecoderRecoversOutOfProfileFlagsVerbatim
2026-09-22T08:04:15.5550965Z 273/292 Test #273: PtpFlags.DecoderRecoversOutOfProfileFlagsVerbatim .......   Passed    0.03 sec
2026-09-22T08:04:15.5551793Z         Start 274: PtpFlags.DecodingDoesNotApplyTheTransmitConstraint
2026-09-22T08:04:15.5835884Z 274/292 Test #274: PtpFlags.DecodingDoesNotApplyTheTransmitConstraint ......   Passed    0.03 sec
2026-09-22T08:04:15.5836408Z         Start 275: PtpFlags.SyncModelPermitsOnlyTwoStepFlag
2026-09-22T08:04:15.5916918Z 275/292 Test #275: PtpFlags.SyncModelPermitsOnlyTwoStepFlag ................   Passed    0.01 sec
2026-09-22T08:04:15.5917408Z         Start 276: PtpFlags.FollowUpModelPermitsOnlyAllFlagsClear
2026-09-22T08:04:15.5988742Z 276/292 Test #276: PtpFlags.FollowUpModelPermitsOnlyAllFlagsClear ..........   Passed    0.01 sec
2026-09-22T08:04:15.5991365Z         Start 277: PtpFlags.PdelayModelsKeepTheirStrictFlags
2026-09-22T08:04:15.6054756Z 277/292 Test #277: PtpFlags.PdelayModelsKeepTheirStrictFlags ...............   Passed    0.01 sec
2026-09-22T08:04:15.6055556Z         Start 278: PtpFlags.NoMediaDependentModelPermitsPtpTimescale
2026-09-22T08:04:15.6119323Z 278/292 Test #278: PtpFlags.NoMediaDependentModelPermitsPtpTimescale .......   Passed    0.01 sec
2026-09-22T08:04:15.6119917Z         Start 279: PtpFlags.GeneratedSyncFramesCarryTwoStepFlagOnly
2026-09-22T08:04:15.6220306Z 279/292 Test #279: PtpFlags.GeneratedSyncFramesCarryTwoStepFlagOnly ........   Passed    0.01 sec
2026-09-22T08:04:15.6220914Z         Start 280: PtpFlags.GeneratedFollowUpFramesCarryNoFlags
2026-09-22T08:04:15.6332565Z 280/292 Test #280: PtpFlags.GeneratedFollowUpFramesCarryNoFlags ............   Passed    0.01 sec
2026-09-22T08:04:15.6333435Z         Start 281: PtpFlags.GeneratedPdelayFramesKeepTheirStrictFlags
2026-09-22T08:04:15.6515277Z 281/292 Test #281: PtpFlags.GeneratedPdelayFramesKeepTheirStrictFlags ......   Passed    0.02 sec
2026-09-22T08:04:15.6515957Z         Start 282: PtpFlags.GeneratedFramesMatchTheirModelsFlags
2026-09-22T08:04:15.6698895Z 282/292 Test #282: PtpFlags.GeneratedFramesMatchTheirModelsFlags ...........   Passed    0.02 sec
2026-09-22T08:04:15.6699718Z         Start 283: PtpFlags.DecoderRecoversOutOfProfileFlagsVerbatim
2026-09-22T08:04:15.6763839Z 283/292 Test #283: PtpFlags.DecoderRecoversOutOfProfileFlagsVerbatim .......   Passed    0.01 sec
2026-09-22T08:04:15.6764397Z         Start 284: PtpFlags.DecodingDoesNotApplyTheTransmitConstraint
2026-09-22T08:04:15.6831075Z 284/292 Test #284: PtpFlags.DecodingDoesNotApplyTheTransmitConstraint ......   Passed    0.01 sec
2026-09-22T08:04:15.6831823Z         Start 285: corpus_validates
2026-09-22T08:04:15.6883071Z 285/292 Test #285: corpus_validates ........................................   Passed    0.01 sec
2026-09-22T08:04:15.6883453Z         Start 286: sanitizer_probe-test.clean
2026-09-22T08:04:15.6895389Z 286/292 Test #286: sanitizer_probe-test.clean ..............................   Passed    0.00 sec
2026-09-22T08:04:15.6895994Z         Start 287: sanitizer_probe-test_ASAN.clean
2026-09-22T08:04:15.6943619Z 287/292 Test #287: sanitizer_probe-test_ASAN.clean .........................   Passed    0.00 sec
2026-09-22T08:04:15.6944269Z         Start 288: sanitizer_probe-test_UBSAN.clean
2026-09-22T08:04:15.6959233Z 288/292 Test #288: sanitizer_probe-test_UBSAN.clean ........................   Passed    0.00 sec
2026-09-22T08:04:15.6959809Z         Start 289: sanitizer_probe-test_ASAN.library-heap-overflow
2026-09-22T08:04:15.7120658Z 289/292 Test #289: sanitizer_probe-test_ASAN.library-heap-overflow .........   Passed    0.02 sec
2026-09-22T08:04:15.7121250Z         Start 290: sanitizer_probe-test_ASAN.consumer-heap-overflow
2026-09-22T08:04:15.7290372Z 290/292 Test #290: sanitizer_probe-test_ASAN.consumer-heap-overflow ........   Passed    0.02 sec
2026-09-22T08:04:15.7292694Z         Start 291: sanitizer_probe-test_UBSAN.library-signed-overflow
2026-09-22T08:04:15.7323976Z 291/292 Test #291: sanitizer_probe-test_UBSAN.library-signed-overflow ......   Passed    0.00 sec
2026-09-22T08:04:15.7324947Z         Start 292: sanitizer_probe-test_UBSAN.consumer-signed-overflow
2026-09-22T08:04:15.7359869Z 292/292 Test #292: sanitizer_probe-test_UBSAN.consumer-signed-overflow .....   Passed    0.00 sec
2026-09-22T08:04:15.7370629Z 
2026-09-22T08:04:15.7370839Z 100% tests passed, 0 tests failed out of 292
2026-09-22T08:04:15.7371064Z 
2026-09-22T08:04:15.7371150Z Total Test time (real) =   2.14 sec
2026-09-22T08:04:15.7466291Z Node 20 is being deprecated. This workflow is running with Node 24 by default. If you need to temporarily use Node 20, you can set the ACTIONS_ALLOW_USE_UNSECURE_NODE_VERSION=true environment variable. For more information see: https://github.blog/changelog/2025-09-19-deprecation-of-node-20-on-github-actions-runners/
2026-09-22T08:04:15.7467146Z Post job cleanup.
2026-09-22T08:04:15.7979329Z [command]/usr/bin/git version
2026-09-22T08:04:15.8009818Z git version 2.55.0
2026-09-22T08:04:15.8032902Z Temporarily overriding HOME='/home/runner/work/_temp/ad32d06e-9523-42ac-b46e-7811cd17fdae' before making global git config changes
2026-09-22T08:04:15.8033554Z Adding repository directory to the temporary git global config as a safe directory
2026-09-22T08:04:15.8036309Z [command]/usr/bin/git config --global --add safe.directory /home/runner/work/tsn-gen/tsn-gen
2026-09-22T08:04:15.8076927Z [command]/usr/bin/git config --local --name-only --get-regexp core\.sshCommand
2026-09-22T08:04:15.8108138Z [command]/usr/bin/git submodule foreach --recursive sh -c "git config --local --name-only --get-regexp 'core\.sshCommand' && git config --local --unset-all 'core.sshCommand' || :"
2026-09-22T08:04:15.8279564Z Entering 'external/FTXUI'
2026-09-22T08:04:15.8317841Z Entering 'external/PcapPlusPlus'
2026-09-22T08:04:15.8356288Z Entering 'external/googletest'
2026-09-22T08:04:15.8388185Z Entering 'external/mininet'
2026-09-22T08:04:15.8419261Z Entering 'external/protobuf-c'
2026-09-22T08:04:15.8452817Z Entering 'external/rapidyaml'
2026-09-22T08:04:15.8485391Z Entering 'external/rapidyaml/ext/c4core'
2026-09-22T08:04:15.8517670Z Entering 'external/rapidyaml/ext/c4core/cmake'
2026-09-22T08:04:15.8551665Z Entering 'external/rapidyaml/ext/c4core/src/c4/ext/debugbreak'
2026-09-22T08:04:15.8584262Z Entering 'external/rapidyaml/ext/c4core/src/c4/ext/fast_float'
2026-09-22T08:04:15.8620267Z Entering 'tests/act'
2026-09-22T08:04:15.8667619Z [command]/usr/bin/git config --local --name-only --get-regexp http\.https\:\/\/github\.com\/\.extraheader
2026-09-22T08:04:15.8694255Z http.https://github.com/.extraheader
2026-09-22T08:04:15.8702197Z [command]/usr/bin/git config --local --unset-all http.https://github.com/.extraheader
2026-09-22T08:04:15.9185839Z [command]/usr/bin/git submodule foreach --recursive sh -c "git config --local --name-only --get-regexp 'http\.https\:\/\/github\.com\/\.extraheader' && git config --local --unset-all 'http.https://github.com/.extraheader' || :"
2026-09-22T08:04:15.9341845Z Entering 'external/FTXUI'
2026-09-22T08:04:15.9373880Z Entering 'external/PcapPlusPlus'
2026-09-22T08:04:15.9407763Z Entering 'external/googletest'
2026-09-22T08:04:15.9439601Z Entering 'external/mininet'
2026-09-22T08:04:15.9471461Z Entering 'external/protobuf-c'
2026-09-22T08:04:15.9502328Z Entering 'external/rapidyaml'
2026-09-22T08:04:15.9532645Z Entering 'external/rapidyaml/ext/c4core'
2026-09-22T08:04:15.9565805Z Entering 'external/rapidyaml/ext/c4core/cmake'
2026-09-22T08:04:15.9600861Z Entering 'external/rapidyaml/ext/c4core/src/c4/ext/debugbreak'
2026-09-22T08:04:15.9635011Z Entering 'external/rapidyaml/ext/c4core/src/c4/ext/fast_float'
2026-09-22T08:04:15.9673141Z Entering 'tests/act'
2026-09-22T08:04:15.9723940Z [command]/usr/bin/git config --local --name-only --get-regexp ^includeIf\.gitdir:
2026-09-22T08:04:15.9755005Z [command]/usr/bin/git submodule foreach --recursive git config --local --show-origin --name-only --get-regexp remote.origin.url
2026-09-22T08:04:15.9922583Z Entering 'external/FTXUI'
2026-09-22T08:04:15.9939428Z file:/home/runner/work/tsn-gen/tsn-gen/.git/modules/external/FTXUI/config	remote.origin.url
2026-09-22T08:04:15.9953848Z Entering 'external/PcapPlusPlus'
2026-09-22T08:04:15.9967882Z file:/home/runner/work/tsn-gen/tsn-gen/.git/modules/external/PcapPlusPlus/config	remote.origin.url
2026-09-22T08:04:15.9982869Z Entering 'external/googletest'
2026-09-22T08:04:15.9996172Z file:/home/runner/work/tsn-gen/tsn-gen/.git/modules/external/googletest/config	remote.origin.url
2026-09-22T08:04:16.0009904Z Entering 'external/mininet'
2026-09-22T08:04:16.0022957Z file:/home/runner/work/tsn-gen/tsn-gen/.git/modules/external/mininet/config	remote.origin.url
2026-09-22T08:04:16.0036404Z Entering 'external/protobuf-c'
2026-09-22T08:04:16.0049696Z file:/home/runner/work/tsn-gen/tsn-gen/.git/modules/external/protobuf-c/config	remote.origin.url
2026-09-22T08:04:16.0063241Z Entering 'external/rapidyaml'
2026-09-22T08:04:16.0076415Z file:/home/runner/work/tsn-gen/tsn-gen/.git/modules/external/rapidyaml/config	remote.origin.url
2026-09-22T08:04:16.0089233Z Entering 'external/rapidyaml/ext/c4core'
2026-09-22T08:04:16.0102909Z file:/home/runner/work/tsn-gen/tsn-gen/.git/modules/external/rapidyaml/modules/extern/c4core/config	remote.origin.url
2026-09-22T08:04:16.0115794Z Entering 'external/rapidyaml/ext/c4core/cmake'
2026-09-22T08:04:16.0129748Z file:/home/runner/work/tsn-gen/tsn-gen/.git/modules/external/rapidyaml/modules/extern/c4core/modules/cmake/config	remote.origin.url
2026-09-22T08:04:16.0143923Z Entering 'external/rapidyaml/ext/c4core/src/c4/ext/debugbreak'
2026-09-22T08:04:16.0158051Z file:/home/runner/work/tsn-gen/tsn-gen/.git/modules/external/rapidyaml/modules/extern/c4core/modules/extern/debugbreak/config	remote.origin.url
2026-09-22T08:04:16.0172825Z Entering 'external/rapidyaml/ext/c4core/src/c4/ext/fast_float'
2026-09-22T08:04:16.0186969Z file:/home/runner/work/tsn-gen/tsn-gen/.git/modules/external/rapidyaml/modules/extern/c4core/modules/src/c4/ext/fast_float/config	remote.origin.url
2026-09-22T08:04:16.0204468Z Entering 'tests/act'
2026-09-22T08:04:16.0217532Z file:/home/runner/work/tsn-gen/tsn-gen/.git/modules/tests/act/config	remote.origin.url
2026-09-22T08:04:16.0243521Z [command]/usr/bin/git config --file /home/runner/work/tsn-gen/tsn-gen/.git/modules/external/FTXUI/config --name-only --get-regexp ^includeIf\.gitdir:
2026-09-22T08:04:16.0270242Z [command]/usr/bin/git config --file /home/runner/work/tsn-gen/tsn-gen/.git/modules/external/PcapPlusPlus/config --name-only --get-regexp ^includeIf\.gitdir:
2026-09-22T08:04:16.0295210Z [command]/usr/bin/git config --file /home/runner/work/tsn-gen/tsn-gen/.git/modules/external/googletest/config --name-only --get-regexp ^includeIf\.gitdir:
2026-09-22T08:04:16.0320075Z [command]/usr/bin/git config --file /home/runner/work/tsn-gen/tsn-gen/.git/modules/external/mininet/config --name-only --get-regexp ^includeIf\.gitdir:
2026-09-22T08:04:16.0345441Z [command]/usr/bin/git config --file /home/runner/work/tsn-gen/tsn-gen/.git/modules/external/protobuf-c/config --name-only --get-regexp ^includeIf\.gitdir:
2026-09-22T08:04:16.0369674Z [command]/usr/bin/git config --file /home/runner/work/tsn-gen/tsn-gen/.git/modules/external/rapidyaml/config --name-only --get-regexp ^includeIf\.gitdir:
2026-09-22T08:04:16.0394495Z [command]/usr/bin/git config --file /home/runner/work/tsn-gen/tsn-gen/.git/modules/external/rapidyaml/modules/extern/c4core/config --name-only --get-regexp ^includeIf\.gitdir:
2026-09-22T08:04:16.0417271Z [command]/usr/bin/git config --file /home/runner/work/tsn-gen/tsn-gen/.git/modules/external/rapidyaml/modules/extern/c4core/modules/cmake/config --name-only --get-regexp ^includeIf\.gitdir:
2026-09-22T08:04:16.0440869Z [command]/usr/bin/git config --file /home/runner/work/tsn-gen/tsn-gen/.git/modules/external/rapidyaml/modules/extern/c4core/modules/extern/debugbreak/config --name-only --get-regexp ^includeIf\.gitdir:
2026-09-22T08:04:16.0503399Z [command]/usr/bin/git config --file /home/runner/work/tsn-gen/tsn-gen/.git/modules/external/rapidyaml/modules/extern/c4core/modules/src/c4/ext/fast_float/config --name-only --get-regexp ^includeIf\.gitdir:
2026-09-22T08:04:16.0504931Z [command]/usr/bin/git config --file /home/runner/work/tsn-gen/tsn-gen/.git/modules/tests/act/config --name-only --get-regexp ^includeIf\.gitdir:
2026-09-22T08:04:16.0617398Z Cleaning up orphan processes
2026-09-22T08:04:16.0802067Z ##[warning]Node.js 20 is deprecated. The following actions target Node.js 20 but are being forced to run on Node.js 24: actions/checkout@v4. For more information see: https://github.blog/changelog/2025-09-19-deprecation-of-node-20-on-github-actions-runners/
