2026-09-22T08:03:22.2236591Z Current runner version: '2.337.0'
2026-09-22T08:03:22.2262461Z ##[group]Runner Image Provisioner
2026-09-22T08:03:22.2263872Z Hosted Compute Agent
2026-09-22T08:03:22.2264512Z Version: 20260828.587
2026-09-22T08:03:22.2265163Z Commit: abac92662cab4cc7352de4f9f9d2e2419aad9c29
2026-09-22T08:03:22.2265961Z Build Date: 2026-08-28T16:44:25Z
2026-09-22T08:03:22.2266665Z Worker ID: {773bf9b6-4c7c-4d50-8ee4-3f6a63f7b0c5}
2026-09-22T08:03:22.2267410Z Azure Region: eastus
2026-09-22T08:03:22.2268102Z ##[endgroup]
2026-09-22T08:03:22.2269635Z ##[group]Operating System
2026-09-22T08:03:22.2270362Z Ubuntu
2026-09-22T08:03:22.2270914Z 24.04.5
2026-09-22T08:03:22.2271464Z LTS
2026-09-22T08:03:22.2272060Z ##[endgroup]
2026-09-22T08:03:22.2272827Z ##[group]Runner Image
2026-09-22T08:03:22.2273620Z Image: ubuntu-24.04
2026-09-22T08:03:22.2274286Z Version: 20260907.300.1
2026-09-22T08:03:22.2275666Z Included Software: https://github.com/actions/runner-images/blob/ubuntu24/20260907.300/images/ubuntu/Ubuntu2404-Readme.md
2026-09-22T08:03:22.2277238Z Image Release: https://github.com/actions/runner-images/releases/tag/ubuntu24%2F20260907.300
2026-09-22T08:03:22.2278246Z ##[endgroup]
2026-09-22T08:03:22.2279520Z ##[group]GITHUB_TOKEN Permissions
2026-09-22T08:03:22.2282044Z Contents: read
2026-09-22T08:03:22.2282923Z Metadata: read
2026-09-22T08:03:22.2283478Z Packages: read
2026-09-22T08:03:22.2284545Z ##[endgroup]
2026-09-22T08:03:22.2287026Z Secret source: Actions
2026-09-22T08:03:22.2288074Z Cache mode: write
2026-09-22T08:03:22.2289139Z Prepare workflow directory
2026-09-22T08:03:22.2624225Z Prepare all required actions
2026-09-22T08:03:22.2672360Z Getting action download info
2026-09-22T08:03:22.4849436Z Download action repository 'actions/checkout@v4' (SHA:11d5960a326750d5838078e36cf38b85af677262)
2026-09-22T08:03:22.7020799Z Complete job name: behave-testing
2026-09-22T08:03:22.7911766Z Node 20 is being deprecated. This workflow is running with Node 24 by default. If you need to temporarily use Node 20, you can set the ACTIONS_ALLOW_USE_UNSECURE_NODE_VERSION=true environment variable. For more information see: https://github.blog/changelog/2025-09-19-deprecation-of-node-20-on-github-actions-runners/
2026-09-22T08:03:22.7920964Z ##[group]Run actions/checkout@v4
2026-09-22T08:03:22.7921730Z with:
2026-09-22T08:03:22.7922194Z   repository: kebag-logic/tsn-gen
2026-09-22T08:03:22.7926293Z   token: ***
2026-09-22T08:03:22.7926753Z   ssh-strict: true
2026-09-22T08:03:22.7927208Z   ssh-user: git
2026-09-22T08:03:22.7927675Z   persist-credentials: true
2026-09-22T08:03:22.7928171Z   clean: true
2026-09-22T08:03:22.7928641Z   sparse-checkout-cone-mode: true
2026-09-22T08:03:22.7929182Z   fetch-depth: 1
2026-09-22T08:03:22.7929627Z   fetch-tags: false
2026-09-22T08:03:22.7930086Z   show-progress: true
2026-09-22T08:03:22.7930549Z   lfs: false
2026-09-22T08:03:22.7931019Z   submodules: false
2026-09-22T08:03:22.7931493Z   set-safe-directory: true
2026-09-22T08:03:22.7932024Z   allow-unsafe-pr-checkout: false
2026-09-22T08:03:22.7933014Z ##[endgroup]
2026-09-22T08:03:22.8977598Z Syncing repository: kebag-logic/tsn-gen
2026-09-22T08:03:22.8980279Z ##[group]Getting Git version info
2026-09-22T08:03:22.8981402Z Working directory is '/home/runner/work/tsn-gen/tsn-gen'
2026-09-22T08:03:22.8983398Z [command]/usr/bin/git version
2026-09-22T08:03:22.9058267Z git version 2.55.0
2026-09-22T08:03:22.9083939Z ##[endgroup]
2026-09-22T08:03:22.9105000Z Temporarily overriding HOME='/home/runner/work/_temp/7b945cb1-2ecb-4c46-8e2d-c56ddfc6ef5c' before making global git config changes
2026-09-22T08:03:22.9107226Z Adding repository directory to the temporary git global config as a safe directory
2026-09-22T08:03:22.9110301Z [command]/usr/bin/git config --global --add safe.directory /home/runner/work/tsn-gen/tsn-gen
2026-09-22T08:03:22.9172324Z Deleting the contents of '/home/runner/work/tsn-gen/tsn-gen'
2026-09-22T08:03:22.9177144Z ##[group]Initializing the repository
2026-09-22T08:03:22.9181425Z [command]/usr/bin/git init /home/runner/work/tsn-gen/tsn-gen
2026-09-22T08:03:22.9302814Z hint: Using 'master' as the name for the initial branch. This default branch name
2026-09-22T08:03:22.9303994Z hint: will change to "main" in Git 3.0. To configure the initial branch name
2026-09-22T08:03:22.9304976Z hint: to use in all of your new repositories, which will suppress this warning,
2026-09-22T08:03:22.9306042Z hint: call:
2026-09-22T08:03:22.9306463Z hint:
2026-09-22T08:03:22.9307011Z hint: 	git config --global init.defaultBranch <name>
2026-09-22T08:03:22.9307659Z hint:
2026-09-22T08:03:22.9308264Z hint: Names commonly chosen instead of 'master' are 'main', 'trunk' and
2026-09-22T08:03:22.9309223Z hint: 'development'. The just-created branch can be renamed via this command:
2026-09-22T08:03:22.9309995Z hint:
2026-09-22T08:03:22.9310433Z hint: 	git branch -m <name>
2026-09-22T08:03:22.9310933Z hint:
2026-09-22T08:03:22.9311626Z hint: Disable this message with "git config set advice.defaultBranchName false"
2026-09-22T08:03:22.9318019Z Initialized empty Git repository in /home/runner/work/tsn-gen/tsn-gen/.git/
2026-09-22T08:03:22.9330421Z [command]/usr/bin/git remote add origin https://github.com/kebag-logic/tsn-gen
2026-09-22T08:03:22.9384621Z ##[endgroup]
2026-09-22T08:03:22.9385740Z ##[group]Disabling automatic garbage collection
2026-09-22T08:03:22.9388842Z [command]/usr/bin/git config --local gc.auto 0
2026-09-22T08:03:22.9422053Z ##[endgroup]
2026-09-22T08:03:22.9423555Z ##[group]Setting up auth
2026-09-22T08:03:22.9428907Z [command]/usr/bin/git config --local --name-only --get-regexp core\.sshCommand
2026-09-22T08:03:22.9464667Z [command]/usr/bin/git submodule foreach --recursive sh -c "git config --local --name-only --get-regexp 'core\.sshCommand' && git config --local --unset-all 'core.sshCommand' || :"
2026-09-22T08:03:22.9860003Z [command]/usr/bin/git config --local --name-only --get-regexp http\.https\:\/\/github\.com\/\.extraheader
2026-09-22T08:03:22.9902134Z [command]/usr/bin/git submodule foreach --recursive sh -c "git config --local --name-only --get-regexp 'http\.https\:\/\/github\.com\/\.extraheader' && git config --local --unset-all 'http.https://github.com/.extraheader' || :"
2026-09-22T08:03:23.0129752Z [command]/usr/bin/git config --local --name-only --get-regexp ^includeIf\.gitdir:
2026-09-22T08:03:23.0167024Z [command]/usr/bin/git submodule foreach --recursive git config --local --show-origin --name-only --get-regexp remote.origin.url
2026-09-22T08:03:23.0396638Z [command]/usr/bin/git config --local http.https://github.com/.extraheader AUTHORIZATION: basic ***
2026-09-22T08:03:23.0437256Z ##[endgroup]
2026-09-22T08:03:23.0438070Z ##[group]Fetching the repository
2026-09-22T08:03:23.0447936Z [command]/usr/bin/git -c protocol.version=2 fetch --no-tags --prune --no-recurse-submodules --depth=1 origin +76906b83eb54ac29040fe72fd910d34727188694:refs/remotes/origin/15-instrument-sanitizer-targets
2026-09-22T08:03:23.3614255Z From https://github.com/kebag-logic/tsn-gen
2026-09-22T08:03:23.3615554Z  * [new ref]         76906b83eb54ac29040fe72fd910d34727188694 -> origin/15-instrument-sanitizer-targets
2026-09-22T08:03:23.3620288Z ##[endgroup]
2026-09-22T08:03:23.3621266Z ##[group]Determining the checkout info
2026-09-22T08:03:23.3622976Z ##[endgroup]
2026-09-22T08:03:23.3628910Z [command]/usr/bin/git sparse-checkout disable
2026-09-22T08:03:23.3681007Z [command]/usr/bin/git config --local --unset-all extensions.worktreeConfig
2026-09-22T08:03:23.3712345Z ##[group]Checking out the ref
2026-09-22T08:03:23.3717464Z [command]/usr/bin/git checkout --progress --force -B 15-instrument-sanitizer-targets refs/remotes/origin/15-instrument-sanitizer-targets
2026-09-22T08:03:23.3915903Z Switched to a new branch '15-instrument-sanitizer-targets'
2026-09-22T08:03:23.3923408Z branch '15-instrument-sanitizer-targets' set up to track 'origin/15-instrument-sanitizer-targets'.
2026-09-22T08:03:23.3927426Z ##[endgroup]
2026-09-22T08:03:23.3969296Z [command]/usr/bin/git log -1 --format=%H
2026-09-22T08:03:23.3995600Z 76906b83eb54ac29040fe72fd910d34727188694
2026-09-22T08:03:23.4228739Z ##[group]Run git submodule update --init --recursive
2026-09-22T08:03:23.4229881Z [36;1mgit submodule update --init --recursive[0m
2026-09-22T08:03:23.4272016Z shell: /usr/bin/bash -e {0}
2026-09-22T08:03:23.4272935Z ##[endgroup]
2026-09-22T08:03:23.4566176Z Submodule 'external/FTXUI' (https://github.com/ArthurSonzogni/FTXUI.git) registered for path 'external/FTXUI'
2026-09-22T08:03:23.4569522Z Submodule 'external/PcapPlusPlus' (https://github.com/seladb/PcapPlusPlus.git) registered for path 'external/PcapPlusPlus'
2026-09-22T08:03:23.4573646Z Submodule 'external/googletest' (https://github.com/google/googletest.git) registered for path 'external/googletest'
2026-09-22T08:03:23.4577784Z Submodule 'external/mininet' (https://github.com/mininet/mininet.git) registered for path 'external/mininet'
2026-09-22T08:03:23.4582435Z Submodule 'external/protobuf-c' (https://github.com/protobuf-c/protobuf-c.git) registered for path 'external/protobuf-c'
2026-09-22T08:03:23.4587193Z Submodule 'external/rapidyaml' (https://github.com/biojppm/rapidyaml.git) registered for path 'external/rapidyaml'
2026-09-22T08:03:23.4590908Z Submodule 'tests/act' (https://github.com/nektos/act.git) registered for path 'tests/act'
2026-09-22T08:03:23.4617068Z Cloning into '/home/runner/work/tsn-gen/tsn-gen/external/FTXUI'...
2026-09-22T08:03:27.4015135Z Cloning into '/home/runner/work/tsn-gen/tsn-gen/external/PcapPlusPlus'...
2026-09-22T08:03:29.9933671Z Cloning into '/home/runner/work/tsn-gen/tsn-gen/external/googletest'...
2026-09-22T08:03:31.5594519Z Cloning into '/home/runner/work/tsn-gen/tsn-gen/external/mininet'...
2026-09-22T08:03:32.0308115Z Cloning into '/home/runner/work/tsn-gen/tsn-gen/external/protobuf-c'...
2026-09-22T08:03:32.4273732Z Cloning into '/home/runner/work/tsn-gen/tsn-gen/external/rapidyaml'...
2026-09-22T08:03:34.0063168Z Cloning into '/home/runner/work/tsn-gen/tsn-gen/tests/act'...
2026-09-22T08:03:35.1260162Z Submodule path 'external/FTXUI': checked out 'd75108e96058b6e00da6306a7d99c9555f645434'
2026-09-22T08:03:35.5462020Z Submodule path 'external/PcapPlusPlus': checked out 'bc5c08d3df37e9d725656c345d3991ab0c982717'
2026-09-22T08:03:35.5927793Z Submodule path 'external/googletest': checked out '0bdccf4aa2f5c67af967193caf31d42d5c49bde2'
2026-09-22T08:03:35.6123427Z Submodule path 'external/mininet': checked out '88f14e946a05cd0895e1a127bf89da9b3fb1d98b'
2026-09-22T08:03:35.6276424Z Submodule path 'external/protobuf-c': checked out '8c201f6e47a53feaab773922a743091eb6c8972a'
2026-09-22T08:03:35.7549123Z Submodule path 'external/rapidyaml': checked out 'e65999dc4d65368e1b3eb770e28d775885b0f525'
2026-09-22T08:03:35.7570952Z Submodule 'extern/c4core' (https://github.com/biojppm/c4core) registered for path 'external/rapidyaml/ext/c4core'
2026-09-22T08:03:35.7597508Z Cloning into '/home/runner/work/tsn-gen/tsn-gen/external/rapidyaml/ext/c4core'...
2026-09-22T08:03:36.3471853Z Submodule path 'external/rapidyaml/ext/c4core': checked out '6c876ec05a4387c25068cdbd58724828dad1d217'
2026-09-22T08:03:36.3491073Z Submodule 'cmake' (https://github.com/biojppm/cmake) registered for path 'external/rapidyaml/ext/c4core/cmake'
2026-09-22T08:03:36.3495672Z Submodule 'extern/debugbreak' (https://github.com/biojppm/debugbreak) registered for path 'external/rapidyaml/ext/c4core/src/c4/ext/debugbreak'
2026-09-22T08:03:36.3500380Z Submodule 'src/c4/ext/fast_float' (https://github.com/fastfloat/fast_float) registered for path 'external/rapidyaml/ext/c4core/src/c4/ext/fast_float'
2026-09-22T08:03:36.3528036Z Cloning into '/home/runner/work/tsn-gen/tsn-gen/external/rapidyaml/ext/c4core/cmake'...
2026-09-22T08:03:36.7109935Z Cloning into '/home/runner/work/tsn-gen/tsn-gen/external/rapidyaml/ext/c4core/src/c4/ext/debugbreak'...
2026-09-22T08:03:36.9286446Z Cloning into '/home/runner/work/tsn-gen/tsn-gen/external/rapidyaml/ext/c4core/src/c4/ext/fast_float'...
2026-09-22T08:03:37.3175695Z Submodule path 'external/rapidyaml/ext/c4core/cmake': checked out 'b8e95acb1bdd564e47ac57d903a483604d90cbfa'
2026-09-22T08:03:37.3271625Z Submodule path 'external/rapidyaml/ext/c4core/src/c4/ext/debugbreak': checked out '328e4abca3384cbd0a69e70f263cc7b2794bff09'
2026-09-22T08:03:37.3492097Z Submodule path 'external/rapidyaml/ext/c4core/src/c4/ext/fast_float': checked out 'd28a3320c2de0963b6e469b8ca3bbc36496de684'
2026-09-22T08:03:37.5773256Z Submodule path 'tests/act': checked out 'eb46e8aa5a23f99c76be4a53413a856d6b236145'
2026-09-22T08:03:37.5845133Z ##[group]Run ./setup.sh d
2026-09-22T08:03:37.5845452Z [36;1m./setup.sh d[0m
2026-09-22T08:03:37.5883381Z shell: /usr/bin/bash -e {0}
2026-09-22T08:03:37.5883649Z ##[endgroup]
2026-09-22T08:03:37.5997972Z rm: cannot remove './build': No such file or directory
2026-09-22T08:03:38.4650028Z -- The CXX compiler identification is GNU 13.3.0
2026-09-22T08:03:38.6240460Z -- Detecting CXX compiler ABI info
2026-09-22T08:03:38.8414284Z -- Detecting CXX compiler ABI info - done
2026-09-22T08:03:38.8592969Z -- Check for working CXX compiler: /usr/bin/c++ - skipped
2026-09-22T08:03:38.8647719Z -- Detecting CXX compile features
2026-09-22T08:03:38.8657401Z -- Detecting CXX compile features - done
2026-09-22T08:03:38.9129763Z -- ryml: using C++ standard: C++17
2026-09-22T08:03:38.9154421Z -- ryml: importing subproject c4core (SUBDIRECTORY)... /home/runner/work/tsn-gen/tsn-gen/external/rapidyaml/ext/c4core
2026-09-22T08:03:38.9205073Z -- c4core: using C++ standard: C++17
2026-09-22T08:03:38.9411236Z CMake Warning (dev) at external/rapidyaml/ext/c4core/cmake/c4Project.cmake:2694 (install):
2026-09-22T08:03:38.9412155Z   Policy CMP0177 is not set: install() DESTINATION paths are normalized.  Run
2026-09-22T08:03:38.9413452Z   "cmake --help-policy CMP0177" for policy details.  Use the cmake_policy
2026-09-22T08:03:38.9413958Z   command to set the policy and suppress this warning.
2026-09-22T08:03:38.9414341Z Call Stack (most recent call first):
2026-09-22T08:03:38.9414801Z   external/rapidyaml/ext/c4core/cmake/c4Project.cmake:2777 (__c4_install_exports)
2026-09-22T08:03:38.9415400Z   external/rapidyaml/ext/c4core/CMakeLists.txt:112 (c4_install_exports)
2026-09-22T08:03:38.9415986Z This warning is for project developers.  Use -Wno-dev to suppress it.
2026-09-22T08:03:38.9416308Z 
2026-09-22T08:03:38.9523181Z CMake Warning (dev) at external/rapidyaml/ext/c4core/cmake/c4Project.cmake:2746 (install):
2026-09-22T08:03:38.9524422Z   Policy CMP0177 is not set: install() DESTINATION paths are normalized.  Run
2026-09-22T08:03:38.9525191Z   "cmake --help-policy CMP0177" for policy details.  Use the cmake_policy
2026-09-22T08:03:38.9525838Z   command to set the policy and suppress this warning.
2026-09-22T08:03:38.9526328Z Call Stack (most recent call first):
2026-09-22T08:03:38.9526936Z   external/rapidyaml/ext/c4core/cmake/c4Project.cmake:2777 (__c4_install_exports)
2026-09-22T08:03:38.9527726Z   external/rapidyaml/ext/c4core/CMakeLists.txt:112 (c4_install_exports)
2026-09-22T08:03:38.9528431Z This warning is for project developers.  Use -Wno-dev to suppress it.
2026-09-22T08:03:38.9528853Z 
2026-09-22T08:03:38.9624015Z -- ryml: -----> target ryml PUBLIC incorporating lib c4core
2026-09-22T08:03:38.9738202Z CMake Warning (dev) at external/rapidyaml/ext/c4core/cmake/c4Project.cmake:2694 (install):
2026-09-22T08:03:38.9738956Z   Policy CMP0177 is not set: install() DESTINATION paths are normalized.  Run
2026-09-22T08:03:38.9739569Z   "cmake --help-policy CMP0177" for policy details.  Use the cmake_policy
2026-09-22T08:03:38.9740116Z   command to set the policy and suppress this warning.
2026-09-22T08:03:38.9740518Z Call Stack (most recent call first):
2026-09-22T08:03:38.9741004Z   external/rapidyaml/ext/c4core/cmake/c4Project.cmake:2777 (__c4_install_exports)
2026-09-22T08:03:38.9741600Z   external/rapidyaml/CMakeLists.txt:118 (c4_install_exports)
2026-09-22T08:03:38.9742123Z This warning is for project developers.  Use -Wno-dev to suppress it.
2026-09-22T08:03:38.9742470Z 
2026-09-22T08:03:38.9751242Z CMake Warning (dev) at external/rapidyaml/ext/c4core/cmake/c4Project.cmake:2746 (install):
2026-09-22T08:03:38.9751979Z   Policy CMP0177 is not set: install() DESTINATION paths are normalized.  Run
2026-09-22T08:03:38.9753029Z   "cmake --help-policy CMP0177" for policy details.  Use the cmake_policy
2026-09-22T08:03:38.9753529Z   command to set the policy and suppress this warning.
2026-09-22T08:03:38.9753891Z Call Stack (most recent call first):
2026-09-22T08:03:38.9754548Z   external/rapidyaml/ext/c4core/cmake/c4Project.cmake:2777 (__c4_install_exports)
2026-09-22T08:03:38.9755098Z   external/rapidyaml/CMakeLists.txt:118 (c4_install_exports)
2026-09-22T08:03:38.9755577Z This warning is for project developers.  Use -Wno-dev to suppress it.
2026-09-22T08:03:38.9755900Z 
2026-09-22T08:03:39.0946337Z -- The C compiler identification is GNU 13.3.0
2026-09-22T08:03:39.1194131Z -- Detecting C compiler ABI info
2026-09-22T08:03:39.1894204Z -- Detecting C compiler ABI info - done
2026-09-22T08:03:39.2067269Z -- Check for working C compiler: /usr/bin/cc - skipped
2026-09-22T08:03:39.2071356Z -- Detecting C compile features
2026-09-22T08:03:39.2076687Z -- Detecting C compile features - done
2026-09-22T08:03:39.2542160Z -- Performing Test CMAKE_HAVE_LIBC_PTHREAD
2026-09-22T08:03:39.3328047Z -- Performing Test CMAKE_HAVE_LIBC_PTHREAD - Success
2026-09-22T08:03:39.3425641Z -- Found Threads: TRUE
2026-09-22T08:03:39.3464267Z -- Generating Multi-library -fsanitize=undefined
2026-09-22T08:03:39.3587815Z -- tshark not found — skipping stack_codec_tshark validation
2026-09-22T08:03:39.3594686Z -- Generating Multi-library -fsanitize=undefined
2026-09-22T08:03:39.3639754Z -- Generating Multi-library -fsanitize=undefined
2026-09-22T08:03:39.3703051Z -- Configuring done (1.3s)
2026-09-22T08:03:39.4884931Z -- Generating done (0.1s)
2026-09-22T08:03:39.4889489Z -- Build files have been written to: /home/runner/work/tsn-gen/tsn-gen/build
2026-09-22T08:03:39.5254524Z [  1%] Building CXX object external/rapidyaml/subprojects/c4core/build/CMakeFiles/c4core.dir/src/c4/base64.cpp.o
2026-09-22T08:03:39.5256484Z [  1%] Building CXX object external/googletest/googletest/CMakeFiles/gtest.dir/src/gtest-all.cc.o
2026-09-22T08:03:39.5267685Z [  2%] Building CXX object tests/sanitizer/CMakeFiles/sanitizer_probe.dir/sanitizer_probe_lib.cpp.o
2026-09-22T08:03:39.5269070Z [  2%] Building CXX object external/rapidyaml/CMakeFiles/ryml.dir/src/c4/yml/common.cpp.o
2026-09-22T08:03:39.5573950Z [  2%] Linking CXX shared library libsanitizer_probe.so
2026-09-22T08:03:39.5858942Z [  2%] Built target sanitizer_probe
2026-09-22T08:03:39.5885129Z [  3%] Building CXX object external/rapidyaml/subprojects/c4core/build/CMakeFiles/c4core.dir/src/c4/char_traits.cpp.o
2026-09-22T08:03:39.7633133Z [  4%] Building CXX object external/rapidyaml/CMakeFiles/ryml.dir/src/c4/yml/node.cpp.o
2026-09-22T08:03:40.2944122Z [  5%] Building CXX object external/rapidyaml/subprojects/c4core/build/CMakeFiles/c4core.dir/src/c4/error.cpp.o
2026-09-22T08:03:40.3464518Z [  5%] Building CXX object external/rapidyaml/subprojects/c4core/build/CMakeFiles/c4core.dir/src/c4/format.cpp.o
2026-09-22T08:03:40.3930884Z [  5%] Building CXX object tests/sanitizer/CMakeFiles/sanitizer_probe_ubsan.dir/sanitizer_probe_lib.cpp.o
2026-09-22T08:03:40.4285566Z [  6%] Linking CXX shared library libsanitizer_probe_ubsan.so
2026-09-22T08:03:40.4723657Z [  6%] Built target sanitizer_probe_ubsan
2026-09-22T08:03:40.4753805Z [  6%] Building CXX object external/rapidyaml/CMakeFiles/ryml.dir/src/c4/yml/node_type.cpp.o
2026-09-22T08:03:40.7260654Z [  7%] Building CXX object external/rapidyaml/subprojects/c4core/build/CMakeFiles/c4core.dir/src/c4/language.cpp.o
2026-09-22T08:03:40.7514196Z [  7%] Building CXX object external/rapidyaml/subprojects/c4core/build/CMakeFiles/c4core.dir/src/c4/memory_resource.cpp.o
2026-09-22T08:03:41.0184079Z [  7%] Building CXX object tests/sanitizer/CMakeFiles/sanitizer_probe_asan.dir/sanitizer_probe_lib.cpp.o
2026-09-22T08:03:41.0505454Z [  8%] Linking CXX shared library libsanitizer_probe_asan.so
2026-09-22T08:03:41.0932254Z [  8%] Built target sanitizer_probe_asan
2026-09-22T08:03:41.0964097Z [  9%] Building CXX object external/rapidyaml/CMakeFiles/ryml.dir/src/c4/yml/parse.cpp.o
2026-09-22T08:03:41.1184278Z [ 10%] Building CXX object external/rapidyaml/subprojects/c4core/build/CMakeFiles/c4core.dir/src/c4/memory_util.cpp.o
2026-09-22T08:03:41.1953437Z [ 10%] Building CXX object external/rapidyaml/subprojects/c4core/build/CMakeFiles/c4core.dir/src/c4/utf.cpp.o
2026-09-22T08:03:41.5364440Z [ 10%] Building CXX object tests/sanitizer/CMakeFiles/sanitizer_probe-test_UBSAN.dir/sanitizer_probe_test.cpp.o
2026-09-22T08:03:41.9243744Z [ 11%] Linking CXX executable sanitizer_probe-test_UBSAN
2026-09-22T08:03:42.0659637Z [ 12%] Building CXX object external/rapidyaml/subprojects/c4core/build/CMakeFiles/c4core.dir/src/c4/version.cpp.o
2026-09-22T08:03:42.0993753Z [ 12%] Built target sanitizer_probe-test_UBSAN
2026-09-22T08:03:42.1114160Z [ 12%] Building CXX object external/rapidyaml/CMakeFiles/ryml.dir/src/c4/yml/preprocess.cpp.o
2026-09-22T08:03:42.1353670Z [ 12%] Linking CXX shared library libc4core.so
2026-09-22T08:03:42.2168179Z [ 12%] Built target c4core
2026-09-22T08:03:42.2285667Z [ 13%] Building CXX object tests/sanitizer/CMakeFiles/sanitizer_probe-test_ASAN.dir/sanitizer_probe_test.cpp.o
2026-09-22T08:03:42.5071823Z [ 14%] Linking CXX executable sanitizer_probe-test_ASAN
2026-09-22T08:03:42.6894139Z [ 14%] Built target sanitizer_probe-test_ASAN
2026-09-22T08:03:42.7006942Z [ 15%] Building CXX object tests/sanitizer/CMakeFiles/sanitizer_probe-test.dir/sanitizer_probe_test.cpp.o
2026-09-22T08:03:42.8654196Z [ 16%] Building CXX object external/rapidyaml/CMakeFiles/ryml.dir/src/c4/yml/reference_resolver.cpp.o
2026-09-22T08:03:42.9340363Z [ 16%] Linking CXX executable sanitizer_probe-test
2026-09-22T08:03:43.0022291Z [ 16%] Built target sanitizer_probe-test
2026-09-22T08:03:43.0073738Z [ 16%] Building CXX object external/rapidyaml/CMakeFiles/ryml.dir/src/c4/yml/tag.cpp.o
2026-09-22T08:03:43.8864104Z [ 17%] Building CXX object external/rapidyaml/CMakeFiles/ryml.dir/src/c4/yml/tree.cpp.o
2026-09-22T08:03:43.9324176Z [ 18%] Building CXX object external/rapidyaml/CMakeFiles/ryml.dir/src/c4/yml/version.cpp.o
2026-09-22T08:03:44.0141072Z [ 18%] Building CXX object external/rapidyaml/CMakeFiles/ryml.dir/ext/c4core/src/c4/base64.cpp.o
2026-09-22T08:03:44.7615613Z [ 19%] Building CXX object external/rapidyaml/CMakeFiles/ryml.dir/ext/c4core/src/c4/char_traits.cpp.o
2026-09-22T08:03:44.9934174Z [ 19%] Building CXX object external/rapidyaml/CMakeFiles/ryml.dir/ext/c4core/src/c4/error.cpp.o
2026-09-22T08:03:45.0803983Z [ 20%] Building CXX object external/rapidyaml/CMakeFiles/ryml.dir/ext/c4core/src/c4/format.cpp.o
2026-09-22T08:03:45.1909220Z [ 20%] Linking CXX shared library ../../../lib/libgtest.so
2026-09-22T08:03:45.1993974Z [ 20%] Building CXX object external/rapidyaml/CMakeFiles/ryml.dir/ext/c4core/src/c4/language.cpp.o
2026-09-22T08:03:45.2264322Z [ 21%] Building CXX object external/rapidyaml/CMakeFiles/ryml.dir/ext/c4core/src/c4/memory_resource.cpp.o
2026-09-22T08:03:45.3273756Z [ 21%] Built target gtest
2026-09-22T08:03:45.3313879Z [ 22%] Building CXX object external/rapidyaml/CMakeFiles/ryml.dir/ext/c4core/src/c4/memory_util.cpp.o
2026-09-22T08:03:45.3914154Z [ 23%] Building CXX object external/googletest/googlemock/CMakeFiles/gmock.dir/src/gmock-all.cc.o
2026-09-22T08:03:45.4078591Z [ 24%] Building CXX object external/googletest/googletest/CMakeFiles/gtest_main.dir/src/gtest_main.cc.o
2026-09-22T08:03:45.4693981Z [ 24%] Building CXX object external/rapidyaml/CMakeFiles/ryml.dir/ext/c4core/src/c4/utf.cpp.o
2026-09-22T08:03:45.8706397Z [ 25%] Building CXX object external/rapidyaml/CMakeFiles/ryml.dir/ext/c4core/src/c4/version.cpp.o
2026-09-22T08:03:46.2191761Z [ 25%] Linking CXX shared library libryml.so
2026-09-22T08:03:46.3165956Z [ 25%] Built target ryml
2026-09-22T08:03:46.3280028Z [ 25%] Building CXX object parser/CMakeFiles/protocol_parser.dir/src/log.cpp.o
2026-09-22T08:03:46.3303565Z [ 25%] Building CXX object parser/CMakeFiles/protocol_parser_ubsan.dir/src/log.cpp.o
2026-09-22T08:03:46.3593762Z [ 26%] Linking CXX shared library ../../../lib/libgtest_main.so
2026-09-22T08:03:46.4438008Z [ 26%] Built target gtest_main
2026-09-22T08:03:46.4473142Z [ 27%] Building CXX object parser/CMakeFiles/protocol_parser_ubsan.dir/src/validator.cpp.o
2026-09-22T08:03:46.6664258Z [ 28%] Building CXX object parser/CMakeFiles/protocol_parser.dir/src/validator.cpp.o
2026-09-22T08:03:46.6778356Z [ 28%] Building CXX object parser/CMakeFiles/protocol_parser_asan.dir/src/log.cpp.o
2026-09-22T08:03:47.0323922Z [ 29%] Building CXX object parser/CMakeFiles/protocol_parser_asan.dir/src/validator.cpp.o
2026-09-22T08:03:47.9693962Z [ 29%] Linking CXX shared library ../../../lib/libgmock.so
2026-09-22T08:03:48.0653908Z [ 29%] Built target gmock
2026-09-22T08:03:48.0773836Z [ 29%] Building CXX object parser/tests/CMakeFiles/gtest_parser-test.dir/gtest.cpp.o
2026-09-22T08:03:48.8273981Z [ 29%] Building CXX object parser/CMakeFiles/protocol_parser.dir/src/protocol_parser.cpp.o
2026-09-22T08:03:49.3223830Z [ 30%] Linking CXX executable gtest_parser-test
2026-09-22T08:03:49.3334400Z [ 30%] Building CXX object parser/CMakeFiles/protocol_parser_ubsan.dir/src/protocol_parser.cpp.o
2026-09-22T08:03:49.4273692Z [ 30%] Built target gtest_parser-test
2026-09-22T08:03:49.4333504Z [ 30%] Building CXX object parser/CMakeFiles/protocol_parser_asan.dir/src/protocol_parser.cpp.o
2026-09-22T08:03:50.1406304Z [ 31%] Building CXX object parser/CMakeFiles/protocol_parser_ubsan.dir/src/protocol.cpp.o
2026-09-22T08:03:51.2354097Z [ 32%] Building CXX object parser/CMakeFiles/protocol_parser.dir/src/protocol.cpp.o
2026-09-22T08:03:51.3960714Z [ 33%] Building CXX object external/googletest/googlemock/CMakeFiles/gmock_main.dir/src/gmock_main.cc.o
2026-09-22T08:03:51.8734941Z [ 34%] Building CXX object parser/CMakeFiles/protocol_parser_asan.dir/src/protocol.cpp.o
2026-09-22T08:03:52.8363901Z [ 34%] Linking CXX shared library ../../../lib/libgmock_main.so
2026-09-22T08:03:52.9113853Z [ 34%] Built target gmock_main
2026-09-22T08:03:52.9143825Z [ 35%] Building CXX object parser/CMakeFiles/protocol_parser_asan.dir/src/db_proto_if_impl.cpp.o
2026-09-22T08:03:53.2645244Z [ 35%] Building CXX object parser/CMakeFiles/protocol_parser_ubsan.dir/src/db_proto_if_impl.cpp.o
2026-09-22T08:03:53.4705057Z [ 36%] Building CXX object parser/CMakeFiles/protocol_parser.dir/src/db_proto_if_impl.cpp.o
2026-09-22T08:03:53.5534356Z [ 37%] Building CXX object parser/CMakeFiles/protocol_parser_ubsan.dir/src/db_proto_impl.cpp.o
2026-09-22T08:03:53.9904626Z [ 37%] Building CXX object parser/CMakeFiles/protocol_parser.dir/src/db_proto_impl.cpp.o
2026-09-22T08:03:54.0184217Z [ 37%] Building CXX object parser/CMakeFiles/protocol_parser_asan.dir/src/db_proto_impl.cpp.o
2026-09-22T08:03:54.9594149Z [ 37%] Building CXX object parser/CMakeFiles/protocol_parser_ubsan.dir/src/db_proto_service_impl.cpp.o
2026-09-22T08:03:54.9793767Z [ 38%] Building CXX object parser/CMakeFiles/protocol_parser_asan.dir/src/db_proto_service_impl.cpp.o
2026-09-22T08:03:55.2774364Z [ 39%] Building CXX object parser/CMakeFiles/protocol_parser.dir/src/db_proto_service_impl.cpp.o
2026-09-22T08:03:55.2844459Z [ 40%] Building CXX object parser/CMakeFiles/protocol_parser_ubsan.dir/src/db_var_impl.cpp.o
2026-09-22T08:03:55.6394230Z [ 40%] Building CXX object parser/CMakeFiles/protocol_parser_asan.dir/src/db_var_impl.cpp.o
2026-09-22T08:03:55.6984136Z [ 40%] Building CXX object parser/CMakeFiles/protocol_parser.dir/src/db_var_impl.cpp.o
2026-09-22T08:03:55.8564278Z [ 41%] Building CXX object parser/CMakeFiles/protocol_parser_asan.dir/src/logic_registry.cpp.o
2026-09-22T08:03:56.0871883Z [ 42%] Building CXX object parser/CMakeFiles/protocol_parser_ubsan.dir/src/logic_registry.cpp.o
2026-09-22T08:03:56.3256104Z [ 43%] Building CXX object parser/CMakeFiles/protocol_parser.dir/src/logic_registry.cpp.o
2026-09-22T08:03:56.3553939Z [ 43%] Building CXX object parser/CMakeFiles/protocol_parser_ubsan.dir/src/stack.cpp.o
2026-09-22T08:03:56.4873972Z [ 43%] Building CXX object parser/CMakeFiles/protocol_parser_asan.dir/src/stack.cpp.o
2026-09-22T08:03:56.7505582Z [ 43%] Building CXX object parser/CMakeFiles/protocol_parser.dir/src/stack.cpp.o
2026-09-22T08:03:56.7964011Z [ 44%] Building CXX object parser/CMakeFiles/protocol_parser_ubsan.dir/src/stack_builder.cpp.o
2026-09-22T08:03:56.8614093Z [ 45%] Building CXX object parser/CMakeFiles/protocol_parser_asan.dir/src/stack_builder.cpp.o
2026-09-22T08:03:56.9044529Z [ 46%] Building CXX object parser/CMakeFiles/protocol_parser.dir/src/stack_builder.cpp.o
2026-09-22T08:03:58.1996847Z [ 47%] Linking CXX shared library libprotocol_parser_asan.so
2026-09-22T08:03:58.2710254Z [ 47%] Built target protocol_parser_asan
2026-09-22T08:03:58.2810465Z [ 47%] Building CXX object parser/tests/CMakeFiles/protocol_parser-test_ASAN.dir/protocol_parser_test.cpp.o
2026-09-22T08:03:58.2843824Z [ 48%] Building CXX object parser/tests/CMakeFiles/object_serializer-test_ASAN.dir/object_serializer_test.cpp.o
2026-09-22T08:03:58.5958735Z [ 48%] Linking CXX shared library libprotocol_parser.so
2026-09-22T08:03:58.7053796Z [ 48%] Built target protocol_parser
2026-09-22T08:03:58.7143844Z [ 48%] Building CXX object parser/tests/CMakeFiles/logic_registry-test_ASAN.dir/logic_registry_test.cpp.o
2026-09-22T08:03:58.9251185Z [ 48%] Linking CXX shared library libprotocol_parser_ubsan.so
2026-09-22T08:03:59.0573685Z [ 48%] Built target protocol_parser_ubsan
2026-09-22T08:03:59.0663901Z [ 48%] Building CXX object parser/tests/CMakeFiles/logic_registry-test.dir/logic_registry_test.cpp.o
2026-09-22T08:04:00.4414105Z [ 49%] Linking CXX executable logic_registry-test_ASAN
2026-09-22T08:04:00.4654203Z [ 50%] Linking CXX executable protocol_parser-test_ASAN
2026-09-22T08:04:00.6018072Z [ 51%] Linking CXX executable logic_registry-test
2026-09-22T08:04:00.6553864Z [ 51%] Built target logic_registry-test_ASAN
2026-09-22T08:04:00.6565152Z [ 51%] Built target protocol_parser-test_ASAN
2026-09-22T08:04:00.6648698Z [ 52%] Building CXX object parser/tests/CMakeFiles/stack_builder-test_UBSAN.dir/stack_builder_test.cpp.o
2026-09-22T08:04:00.6670101Z [ 53%] Building CXX object parser/tests/CMakeFiles/stack_builder-test_ASAN.dir/stack_builder_test.cpp.o
2026-09-22T08:04:00.7013770Z [ 53%] Built target logic_registry-test
2026-09-22T08:04:00.7103583Z [ 53%] Building CXX object parser/tests/CMakeFiles/stack_builder-test.dir/stack_builder_test.cpp.o
2026-09-22T08:04:00.7343843Z [ 53%] Linking CXX executable object_serializer-test_ASAN
2026-09-22T08:04:00.8526401Z [ 53%] Built target object_serializer-test_ASAN
2026-09-22T08:04:00.8684062Z [ 54%] Building CXX object parser/tests/CMakeFiles/validator-test_UBSAN.dir/validator_test.cpp.o
2026-09-22T08:04:02.4843899Z [ 55%] Linking CXX executable validator-test_UBSAN
2026-09-22T08:04:02.6062209Z [ 55%] Built target validator-test_UBSAN
2026-09-22T08:04:02.6203872Z [ 56%] Building CXX object parser/tests/CMakeFiles/validator-test_ASAN.dir/validator_test.cpp.o
2026-09-22T08:04:03.1863447Z [ 57%] Linking CXX executable stack_builder-test
2026-09-22T08:04:03.3053668Z [ 57%] Built target stack_builder-test
2026-09-22T08:04:03.3143817Z [ 58%] Building CXX object parser/tests/CMakeFiles/validator-test.dir/validator_test.cpp.o
2026-09-22T08:04:03.3744294Z [ 58%] Linking CXX executable stack_builder-test_ASAN
2026-09-22T08:04:03.5223770Z [ 58%] Built target stack_builder-test_ASAN
2026-09-22T08:04:03.5355000Z [ 58%] Building CXX object logic/CMakeFiles/protocol_logic.dir/src/ethernet_frame_logic.cpp.o
2026-09-22T08:04:03.7493979Z [ 58%] Linking CXX executable stack_builder-test_UBSAN
2026-09-22T08:04:03.8633515Z [ 58%] Built target stack_builder-test_UBSAN
2026-09-22T08:04:03.8763927Z [ 59%] Building CXX object traffic-gen/CMakeFiles/traffic_gen.dir/src/packet_builder.cpp.o
2026-09-22T08:04:04.0578571Z [ 60%] Building CXX object logic/CMakeFiles/protocol_logic.dir/src/avtp_control_logic.cpp.o
2026-09-22T08:04:04.0893951Z [ 60%] Linking CXX executable validator-test_ASAN
2026-09-22T08:04:04.2123914Z [ 60%] Built target validator-test_ASAN
2026-09-22T08:04:04.2243684Z [ 61%] Building CXX object traffic-gen/CMakeFiles/traffic_gen_ubsan.dir/src/packet_builder.cpp.o
2026-09-22T08:04:04.6518098Z [ 61%] Building CXX object logic/CMakeFiles/protocol_logic.dir/src/aecp_aem_logic.cpp.o
2026-09-22T08:04:04.6703492Z [ 61%] Linking CXX executable validator-test
2026-09-22T08:04:04.7763892Z [ 61%] Built target validator-test
2026-09-22T08:04:04.7793819Z [ 61%] Building CXX object traffic-gen/CMakeFiles/traffic_gen_ubsan.dir/src/packet_decoder.cpp.o
2026-09-22T08:04:04.8224475Z [ 61%] Building CXX object traffic-gen/CMakeFiles/traffic_gen.dir/src/packet_decoder.cpp.o
2026-09-22T08:04:05.2043899Z [ 62%] Linking CXX shared library libprotocol_logic.so
2026-09-22T08:04:05.2913711Z [ 62%] Built target protocol_logic
2026-09-22T08:04:05.2943891Z [ 63%] Building CXX object traffic-gen/CMakeFiles/traffic_gen_ubsan.dir/src/pcap_sender.cpp.o
2026-09-22T08:04:05.3614063Z [ 63%] Building CXX object traffic-gen/CMakeFiles/traffic_gen_ubsan.dir/src/pcap_receiver.cpp.o
2026-09-22T08:04:05.6324771Z [ 64%] Building CXX object traffic-gen/CMakeFiles/traffic_gen.dir/src/pcap_sender.cpp.o
2026-09-22T08:04:05.6827295Z [ 65%] Building CXX object traffic-gen/CMakeFiles/traffic_gen_ubsan.dir/src/raw_socket_sender.cpp.o
2026-09-22T08:04:05.7184182Z [ 65%] Building CXX object traffic-gen/CMakeFiles/traffic_gen_asan.dir/src/packet_builder.cpp.o
2026-09-22T08:04:05.9161138Z [ 66%] Building CXX object traffic-gen/CMakeFiles/traffic_gen.dir/src/pcap_receiver.cpp.o
2026-09-22T08:04:05.9617808Z [ 67%] Building CXX object traffic-gen/CMakeFiles/traffic_gen_asan.dir/src/packet_decoder.cpp.o
2026-09-22T08:04:06.2154199Z [ 67%] Building CXX object traffic-gen/CMakeFiles/traffic_gen_ubsan.dir/src/raw_socket_receiver.cpp.o
2026-09-22T08:04:06.3844294Z [ 67%] Building CXX object traffic-gen/CMakeFiles/traffic_gen.dir/src/raw_socket_sender.cpp.o
2026-09-22T08:04:06.7184058Z [ 68%] Building CXX object traffic-gen/CMakeFiles/traffic_gen_asan.dir/src/pcap_sender.cpp.o
2026-09-22T08:04:06.7784182Z [ 69%] Building CXX object traffic-gen/CMakeFiles/traffic_gen_ubsan.dir/src/verilator_sender.cpp.o
2026-09-22T08:04:06.8234248Z [ 70%] Building CXX object traffic-gen/CMakeFiles/traffic_gen.dir/src/raw_socket_receiver.cpp.o
2026-09-22T08:04:06.8314836Z [ 70%] Building CXX object traffic-gen/CMakeFiles/traffic_gen_asan.dir/src/pcap_receiver.cpp.o
2026-09-22T08:04:07.0796325Z [ 70%] Building CXX object traffic-gen/CMakeFiles/traffic_gen_ubsan.dir/src/verilator_receiver.cpp.o
2026-09-22T08:04:07.2834287Z [ 70%] Building CXX object traffic-gen/CMakeFiles/traffic_gen.dir/src/verilator_sender.cpp.o
2026-09-22T08:04:07.3356200Z [ 71%] Building CXX object traffic-gen/CMakeFiles/traffic_gen_asan.dir/src/raw_socket_sender.cpp.o
2026-09-22T08:04:07.3384934Z [ 72%] Building CXX object traffic-gen/CMakeFiles/traffic_gen_ubsan.dir/src/traffic_generator.cpp.o
2026-09-22T08:04:07.6805108Z [ 73%] Building CXX object traffic-gen/CMakeFiles/traffic_gen.dir/src/verilator_receiver.cpp.o
2026-09-22T08:04:07.7414378Z [ 73%] Building CXX object traffic-gen/CMakeFiles/traffic_gen_asan.dir/src/raw_socket_receiver.cpp.o
2026-09-22T08:04:07.8034184Z [ 74%] Building CXX object traffic-gen/CMakeFiles/traffic_gen_ubsan.dir/src/session.cpp.o
2026-09-22T08:04:08.1723993Z [ 74%] Building CXX object traffic-gen/CMakeFiles/traffic_gen.dir/src/traffic_generator.cpp.o
2026-09-22T08:04:08.2314937Z [ 75%] Building CXX object traffic-gen/CMakeFiles/traffic_gen_asan.dir/src/verilator_sender.cpp.o
2026-09-22T08:04:08.7334293Z [ 75%] Building CXX object traffic-gen/CMakeFiles/traffic_gen_asan.dir/src/verilator_receiver.cpp.o
2026-09-22T08:04:09.0930535Z [ 76%] Building CXX object traffic-gen/CMakeFiles/traffic_gen.dir/src/session.cpp.o
2026-09-22T08:04:09.2704323Z [ 77%] Building CXX object traffic-gen/CMakeFiles/traffic_gen_asan.dir/src/traffic_generator.cpp.o
2026-09-22T08:04:09.7556632Z [ 77%] Building CXX object traffic-gen/CMakeFiles/traffic_gen_asan.dir/src/session.cpp.o
2026-09-22T08:04:10.5303685Z [ 77%] Linking CXX shared library libtraffic_gen_ubsan.so
2026-09-22T08:04:10.6353623Z [ 77%] Built target traffic_gen_ubsan
2026-09-22T08:04:10.6473853Z [ 77%] Building CXX object parser/tests/CMakeFiles/protocol_parser-test_UBSAN.dir/protocol_parser_test.cpp.o
2026-09-22T08:04:10.8904205Z [ 78%] Building CXX object parser/tests/CMakeFiles/protocol_parser-test.dir/protocol_parser_test.cpp.o
2026-09-22T08:04:11.1373646Z [ 79%] Linking CXX shared library libtraffic_gen.so
2026-09-22T08:04:11.2423814Z [ 79%] Built target traffic_gen
2026-09-22T08:04:11.2524322Z [ 80%] Building CXX object parser/tests/CMakeFiles/object_serializer-test_UBSAN.dir/object_serializer_test.cpp.o
2026-09-22T08:04:12.0685865Z [ 81%] Linking CXX shared library libtraffic_gen_asan.so
2026-09-22T08:04:12.1653941Z [ 81%] Built target traffic_gen_asan
2026-09-22T08:04:12.1774120Z [ 82%] Building CXX object parser/tests/CMakeFiles/object_serializer-test.dir/object_serializer_test.cpp.o
2026-09-22T08:04:13.0273800Z [ 83%] Linking CXX executable protocol_parser-test
2026-09-22T08:04:13.1273695Z [ 83%] Built target protocol_parser-test
2026-09-22T08:04:13.1363768Z [ 83%] Building CXX object parser/tests/CMakeFiles/logic_registry-test_UBSAN.dir/logic_registry_test.cpp.o
2026-09-22T08:04:13.1793767Z [ 84%] Linking CXX executable protocol_parser-test_UBSAN
2026-09-22T08:04:13.2803779Z [ 84%] Built target protocol_parser-test_UBSAN
2026-09-22T08:04:13.2924115Z [ 85%] Building CXX object logic/tests/CMakeFiles/ethernet_frame_logic-test.dir/ethernet_frame_logic_test.cpp.o
2026-09-22T08:04:14.1653962Z [ 85%] Linking CXX executable object_serializer-test_UBSAN
2026-09-22T08:04:14.2763693Z [ 85%] Built target object_serializer-test_UBSAN
2026-09-22T08:04:14.2881733Z [ 86%] Building CXX object logic/tests/CMakeFiles/stack_codec-test.dir/stack_codec_test.cpp.o
2026-09-22T08:04:14.5733671Z [ 86%] Linking CXX executable object_serializer-test
2026-09-22T08:04:14.6813750Z [ 86%] Built target object_serializer-test
2026-09-22T08:04:14.6903772Z [ 87%] Building CXX object traffic-gen/CMakeFiles/packet_gen.dir/tools/packet_gen_main.cpp.o
2026-09-22T08:04:15.0783438Z [ 88%] Linking CXX executable logic_registry-test_UBSAN
2026-09-22T08:04:15.1914022Z [ 88%] Built target logic_registry-test_UBSAN
2026-09-22T08:04:15.1993937Z [ 88%] Building CXX object traffic-gen/tests/CMakeFiles/traffic_gen-test_UBSAN.dir/traffic_gen_test.cpp.o
2026-09-22T08:04:15.6703922Z [ 88%] Linking CXX executable ethernet_frame_logic-test
2026-09-22T08:04:15.7803896Z [ 88%] Built target ethernet_frame_logic-test
2026-09-22T08:04:15.7894127Z [ 88%] Building CXX object traffic-gen/tests/CMakeFiles/traffic_gen-test_ASAN.dir/traffic_gen_test.cpp.o
2026-09-22T08:04:16.9024093Z [ 89%] Linking CXX executable packet_gen
2026-09-22T08:04:16.9606281Z [ 89%] Linking CXX executable stack_codec-test
2026-09-22T08:04:16.9948440Z [ 89%] Built target packet_gen
2026-09-22T08:04:17.0058370Z [ 89%] Building CXX object traffic-gen/tests/CMakeFiles/traffic_gen-test.dir/traffic_gen_test.cpp.o
2026-09-22T08:04:17.0755225Z [ 89%] Built target stack_codec-test
2026-09-22T08:04:17.0873943Z [ 89%] Building CXX object traffic-gen/tests/CMakeFiles/adp_fuzz-test_UBSAN.dir/adp_fuzz_test.cpp.o
2026-09-22T08:04:18.5663790Z [ 90%] Linking CXX executable traffic_gen-test_UBSAN
2026-09-22T08:04:18.6913737Z [ 90%] Built target traffic_gen-test_UBSAN
2026-09-22T08:04:18.7024184Z [ 90%] Building CXX object traffic-gen/tests/CMakeFiles/adp_fuzz-test_ASAN.dir/adp_fuzz_test.cpp.o
2026-09-22T08:04:18.7571177Z [ 91%] Linking CXX executable traffic_gen-test_ASAN
2026-09-22T08:04:18.9184014Z [ 91%] Built target traffic_gen-test_ASAN
2026-09-22T08:04:18.9323935Z [ 91%] Building CXX object traffic-gen/tests/CMakeFiles/adp_fuzz-test.dir/adp_fuzz_test.cpp.o
2026-09-22T08:04:19.6400692Z [ 92%] Linking CXX executable traffic_gen-test
2026-09-22T08:04:19.7583634Z [ 92%] Built target traffic_gen-test
2026-09-22T08:04:19.7703928Z [ 93%] Building CXX object traffic-gen/tests/CMakeFiles/ptp_flags-test_UBSAN.dir/ptp_flags_test.cpp.o
2026-09-22T08:04:20.4004054Z [ 94%] Linking CXX executable adp_fuzz-test_UBSAN
2026-09-22T08:04:20.5227655Z [ 94%] Built target adp_fuzz-test_UBSAN
2026-09-22T08:04:20.5344021Z [ 95%] Building CXX object traffic-gen/tests/CMakeFiles/ptp_flags-test_ASAN.dir/ptp_flags_test.cpp.o
2026-09-22T08:04:21.5203912Z [ 96%] Linking CXX executable adp_fuzz-test
2026-09-22T08:04:21.5923841Z [ 97%] Linking CXX executable adp_fuzz-test_ASAN
2026-09-22T08:04:21.6303862Z [ 97%] Built target adp_fuzz-test
2026-09-22T08:04:21.6393791Z [ 98%] Building CXX object traffic-gen/tests/CMakeFiles/ptp_flags-test.dir/ptp_flags_test.cpp.o
2026-09-22T08:04:21.7439120Z [ 98%] Built target adp_fuzz-test_ASAN
2026-09-22T08:04:22.8233913Z [100%] Linking CXX executable ptp_flags-test_UBSAN
2026-09-22T08:04:22.9391806Z [100%] Built target ptp_flags-test_UBSAN
2026-09-22T08:04:23.0591138Z [100%] Linking CXX executable ptp_flags-test_ASAN
2026-09-22T08:04:23.1432587Z [100%] Built target ptp_flags-test_ASAN
2026-09-22T08:04:23.3781258Z [100%] Linking CXX executable ptp_flags-test
2026-09-22T08:04:23.4511550Z [100%] Built target ptp_flags-test
2026-09-22T08:04:23.6158666Z Executing software test suite
2026-09-22T08:04:23.6159377Z Test location: /home/runner/work/tsn-gen/tsn-gen/tests/../build
2026-09-22T08:04:24.0045173Z Test project /home/runner/work/tsn-gen/tsn-gen/build
2026-09-22T08:04:24.0568619Z         Start   1: ParserUsingTest.Version
2026-09-22T08:04:24.0658542Z   1/292 Test   #1: ParserUsingTest.Version .................................   Passed    0.00 sec
2026-09-22T08:04:24.0724875Z         Start   2: ParserUsingTest.BasePath
2026-09-22T08:04:24.0767534Z   2/292 Test   #2: ParserUsingTest.BasePath ................................   Passed    0.00 sec
2026-09-22T08:04:24.0768786Z         Start   3: Parser.InvalidPathInt
2026-09-22T08:04:24.0804045Z   3/292 Test   #3: Parser.InvalidPathInt ...................................   Passed    0.00 sec
2026-09-22T08:04:24.0805235Z         Start   4: Parser.VarCreation
2026-09-22T08:04:24.0839596Z   4/292 Test   #4: Parser.VarCreation ......................................   Passed    0.00 sec
2026-09-22T08:04:24.0840884Z         Start   5: Parser.VarCreationTooSmall
2026-09-22T08:04:24.0874945Z   5/292 Test   #5: Parser.VarCreationTooSmall ..............................   Passed    0.00 sec
2026-09-22T08:04:24.0876243Z         Start   6: Parser.listFiles
2026-09-22T08:04:24.0918702Z   6/292 Test   #6: Parser.listFiles ........................................   Passed    0.00 sec
2026-09-22T08:04:24.0920012Z         Start   7: Parser.VerifyDepth
2026-09-22T08:04:24.0958648Z   7/292 Test   #7: Parser.VerifyDepth ......................................   Passed    0.00 sec
2026-09-22T08:04:24.0960040Z         Start   8: Parser.DivergingPath
2026-09-22T08:04:24.1017959Z   8/292 Test   #8: Parser.DivergingPath ....................................   Passed    0.01 sec
2026-09-22T08:04:24.1019284Z         Start   9: Parser.ParsingProtocolNameInvalid
2026-09-22T08:04:24.1055497Z   9/292 Test   #9: Parser.ParsingProtocolNameInvalid .......................   Passed    0.00 sec
2026-09-22T08:04:24.1056755Z         Start  10: ParserUsingTest.Version
2026-09-22T08:04:24.1177997Z  10/292 Test  #10: ParserUsingTest.Version .................................   Passed    0.01 sec
2026-09-22T08:04:24.1178931Z         Start  11: ParserUsingTest.BasePath
2026-09-22T08:04:24.1315086Z  11/292 Test  #11: ParserUsingTest.BasePath ................................   Passed    0.01 sec
2026-09-22T08:04:24.1316109Z         Start  12: Parser.InvalidPathInt
2026-09-22T08:04:24.1440710Z  12/292 Test  #12: Parser.InvalidPathInt ...................................   Passed    0.01 sec
2026-09-22T08:04:24.1444447Z         Start  13: Parser.VarCreation
2026-09-22T08:04:24.1569306Z  13/292 Test  #13: Parser.VarCreation ......................................   Passed    0.01 sec
2026-09-22T08:04:24.1573518Z         Start  14: Parser.VarCreationTooSmall
2026-09-22T08:04:24.1719169Z  14/292 Test  #14: Parser.VarCreationTooSmall ..............................   Passed    0.01 sec
2026-09-22T08:04:24.1720145Z         Start  15: Parser.listFiles
2026-09-22T08:04:24.1880364Z  15/292 Test  #15: Parser.listFiles ........................................   Passed    0.02 sec
2026-09-22T08:04:24.1884069Z         Start  16: Parser.VerifyDepth
2026-09-22T08:04:24.2040578Z  16/292 Test  #16: Parser.VerifyDepth ......................................   Passed    0.02 sec
2026-09-22T08:04:24.2041504Z         Start  17: Parser.DivergingPath
2026-09-22T08:04:24.2259604Z  17/292 Test  #17: Parser.DivergingPath ....................................   Passed    0.02 sec
2026-09-22T08:04:24.2264282Z         Start  18: Parser.ParsingProtocolNameInvalid
2026-09-22T08:04:24.2416859Z  18/292 Test  #18: Parser.ParsingProtocolNameInvalid .......................   Passed    0.02 sec
2026-09-22T08:04:24.2417895Z         Start  19: ParserUsingTest.Version
2026-09-22T08:04:24.2467377Z  19/292 Test  #19: ParserUsingTest.Version .................................   Passed    0.00 sec
2026-09-22T08:04:24.2468472Z         Start  20: ParserUsingTest.BasePath
2026-09-22T08:04:24.2497202Z  20/292 Test  #20: ParserUsingTest.BasePath ................................   Passed    0.00 sec
2026-09-22T08:04:24.2498931Z         Start  21: Parser.InvalidPathInt
2026-09-22T08:04:24.2531770Z  21/292 Test  #21: Parser.InvalidPathInt ...................................   Passed    0.00 sec
2026-09-22T08:04:24.2533096Z         Start  22: Parser.VarCreation
2026-09-22T08:04:24.2562545Z  22/292 Test  #22: Parser.VarCreation ......................................   Passed    0.00 sec
2026-09-22T08:04:24.2564017Z         Start  23: Parser.VarCreationTooSmall
2026-09-22T08:04:24.2594314Z  23/292 Test  #23: Parser.VarCreationTooSmall ..............................   Passed    0.00 sec
2026-09-22T08:04:24.2595353Z         Start  24: Parser.listFiles
2026-09-22T08:04:24.2626434Z  24/292 Test  #24: Parser.listFiles ........................................   Passed    0.00 sec
2026-09-22T08:04:24.2627519Z         Start  25: Parser.VerifyDepth
2026-09-22T08:04:24.2659449Z  25/292 Test  #25: Parser.VerifyDepth ......................................   Passed    0.00 sec
2026-09-22T08:04:24.2660611Z         Start  26: Parser.DivergingPath
2026-09-22T08:04:24.2711112Z  26/292 Test  #26: Parser.DivergingPath ....................................   Passed    0.00 sec
2026-09-22T08:04:24.2712257Z         Start  27: Parser.ParsingProtocolNameInvalid
2026-09-22T08:04:24.2744243Z  27/292 Test  #27: Parser.ParsingProtocolNameInvalid .......................   Passed    0.00 sec
2026-09-22T08:04:24.2745343Z         Start  28: ObjectSerializer.ParseSimpleProtocol
2026-09-22T08:04:24.2788584Z  28/292 Test  #28: ObjectSerializer.ParseSimpleProtocol ....................   Passed    0.00 sec
2026-09-22T08:04:24.2789627Z         Start  29: ObjectSerializer.ParseSimpleProtocolVarCount
2026-09-22T08:04:24.2831594Z  29/292 Test  #29: ObjectSerializer.ParseSimpleProtocolVarCount ............   Passed    0.00 sec
2026-09-22T08:04:24.2832565Z         Start  30: ObjectSerializer.ParseSimpleProtocolVarName
2026-09-22T08:04:24.2874219Z  30/292 Test  #30: ObjectSerializer.ParseSimpleProtocolVarName .............   Passed    0.00 sec
2026-09-22T08:04:24.2875346Z         Start  31: ObjectSerializer.ParseSimpleProtocolVarSize
2026-09-22T08:04:24.2916526Z  31/292 Test  #31: ObjectSerializer.ParseSimpleProtocolVarSize .............   Passed    0.00 sec
2026-09-22T08:04:24.2917707Z         Start  32: ObjectSerializer.ParseSimpleProtocolVarExpectedValues
2026-09-22T08:04:24.2958200Z  32/292 Test  #32: ObjectSerializer.ParseSimpleProtocolVarExpectedValues ...   Passed    0.00 sec
2026-09-22T08:04:24.2959293Z         Start  33: ObjectSerializer.ParseSimpleProtocolIfaceCount
2026-09-22T08:04:24.3000804Z  33/292 Test  #33: ObjectSerializer.ParseSimpleProtocolIfaceCount ..........   Passed    0.00 sec
2026-09-22T08:04:24.3002091Z         Start  34: ObjectSerializer.ParseSimpleProtocolIfaceName
2026-09-22T08:04:24.3041982Z  34/292 Test  #34: ObjectSerializer.ParseSimpleProtocolIfaceName ...........   Passed    0.00 sec
2026-09-22T08:04:24.3043354Z         Start  35: ObjectSerializer.ParseSimpleProtocolIfaceDirection
2026-09-22T08:04:24.3084257Z  35/292 Test  #35: ObjectSerializer.ParseSimpleProtocolIfaceDirection ......   Passed    0.00 sec
2026-09-22T08:04:24.3085781Z         Start  36: ObjectSerializer.ParseSimpleProtocolIfaceVarRef
2026-09-22T08:04:24.3125267Z  36/292 Test  #36: ObjectSerializer.ParseSimpleProtocolIfaceVarRef .........   Passed    0.00 sec
2026-09-22T08:04:24.3126405Z         Start  37: ObjectSerializer.ParseSimpleProtocolServiceNoLogic
2026-09-22T08:04:24.3166890Z  37/292 Test  #37: ObjectSerializer.ParseSimpleProtocolServiceNoLogic ......   Passed    0.00 sec
2026-09-22T08:04:24.3168001Z         Start  38: ObjectSerializer.ParseProtocolWithLogicName
2026-09-22T08:04:24.3207574Z  38/292 Test  #38: ObjectSerializer.ParseProtocolWithLogicName .............   Passed    0.00 sec
2026-09-22T08:04:24.3208773Z         Start  39: ObjectSerializer.ParseSimpleProtocol
2026-09-22T08:04:24.3347615Z  39/292 Test  #39: ObjectSerializer.ParseSimpleProtocol ....................   Passed    0.01 sec
2026-09-22T08:04:24.3348748Z         Start  40: ObjectSerializer.ParseSimpleProtocolVarCount
2026-09-22T08:04:24.3495720Z  40/292 Test  #40: ObjectSerializer.ParseSimpleProtocolVarCount ............   Passed    0.01 sec
2026-09-22T08:04:24.3496913Z         Start  41: ObjectSerializer.ParseSimpleProtocolVarName
2026-09-22T08:04:24.3660246Z  41/292 Test  #41: ObjectSerializer.ParseSimpleProtocolVarName .............   Passed    0.02 sec
2026-09-22T08:04:24.3661417Z         Start  42: ObjectSerializer.ParseSimpleProtocolVarSize
2026-09-22T08:04:24.3814612Z  42/292 Test  #42: ObjectSerializer.ParseSimpleProtocolVarSize .............   Passed    0.01 sec
2026-09-22T08:04:24.3819795Z         Start  43: ObjectSerializer.ParseSimpleProtocolVarExpectedValues
2026-09-22T08:04:24.3987837Z  43/292 Test  #43: ObjectSerializer.ParseSimpleProtocolVarExpectedValues ...   Passed    0.02 sec
2026-09-22T08:04:24.3989109Z         Start  44: ObjectSerializer.ParseSimpleProtocolIfaceCount
2026-09-22T08:04:24.4141918Z  44/292 Test  #44: ObjectSerializer.ParseSimpleProtocolIfaceCount ..........   Passed    0.02 sec
2026-09-22T08:04:24.4143779Z         Start  45: ObjectSerializer.ParseSimpleProtocolIfaceName
2026-09-22T08:04:24.4296949Z  45/292 Test  #45: ObjectSerializer.ParseSimpleProtocolIfaceName ...........   Passed    0.02 sec
2026-09-22T08:04:24.4298118Z         Start  46: ObjectSerializer.ParseSimpleProtocolIfaceDirection
2026-09-22T08:04:24.4453139Z  46/292 Test  #46: ObjectSerializer.ParseSimpleProtocolIfaceDirection ......   Passed    0.02 sec
2026-09-22T08:04:24.4454786Z         Start  47: ObjectSerializer.ParseSimpleProtocolIfaceVarRef
2026-09-22T08:04:24.4591983Z  47/292 Test  #47: ObjectSerializer.ParseSimpleProtocolIfaceVarRef .........   Passed    0.01 sec
2026-09-22T08:04:24.4593755Z         Start  48: ObjectSerializer.ParseSimpleProtocolServiceNoLogic
2026-09-22T08:04:24.4768946Z  48/292 Test  #48: ObjectSerializer.ParseSimpleProtocolServiceNoLogic ......   Passed    0.02 sec
2026-09-22T08:04:24.4770242Z         Start  49: ObjectSerializer.ParseProtocolWithLogicName
2026-09-22T08:04:24.4932088Z  49/292 Test  #49: ObjectSerializer.ParseProtocolWithLogicName .............   Passed    0.02 sec
2026-09-22T08:04:24.4933569Z         Start  50: ObjectSerializer.ParseSimpleProtocol
2026-09-22T08:04:24.4984196Z  50/292 Test  #50: ObjectSerializer.ParseSimpleProtocol ....................   Passed    0.00 sec
2026-09-22T08:04:24.4985469Z         Start  51: ObjectSerializer.ParseSimpleProtocolVarCount
2026-09-22T08:04:24.5020148Z  51/292 Test  #51: ObjectSerializer.ParseSimpleProtocolVarCount ............   Passed    0.00 sec
2026-09-22T08:04:24.5021346Z         Start  52: ObjectSerializer.ParseSimpleProtocolVarName
2026-09-22T08:04:24.5054343Z  52/292 Test  #52: ObjectSerializer.ParseSimpleProtocolVarName .............   Passed    0.00 sec
2026-09-22T08:04:24.5055566Z         Start  53: ObjectSerializer.ParseSimpleProtocolVarSize
2026-09-22T08:04:24.5088290Z  53/292 Test  #53: ObjectSerializer.ParseSimpleProtocolVarSize .............   Passed    0.00 sec
2026-09-22T08:04:24.5089458Z         Start  54: ObjectSerializer.ParseSimpleProtocolVarExpectedValues
2026-09-22T08:04:24.5121824Z  54/292 Test  #54: ObjectSerializer.ParseSimpleProtocolVarExpectedValues ...   Passed    0.00 sec
2026-09-22T08:04:24.5123704Z         Start  55: ObjectSerializer.ParseSimpleProtocolIfaceCount
2026-09-22T08:04:24.5156234Z  55/292 Test  #55: ObjectSerializer.ParseSimpleProtocolIfaceCount ..........   Passed    0.00 sec
2026-09-22T08:04:24.5157854Z         Start  56: ObjectSerializer.ParseSimpleProtocolIfaceName
2026-09-22T08:04:24.5190265Z  56/292 Test  #56: ObjectSerializer.ParseSimpleProtocolIfaceName ...........   Passed    0.00 sec
2026-09-22T08:04:24.5191548Z         Start  57: ObjectSerializer.ParseSimpleProtocolIfaceDirection
2026-09-22T08:04:24.5223264Z  57/292 Test  #57: ObjectSerializer.ParseSimpleProtocolIfaceDirection ......   Passed    0.00 sec
2026-09-22T08:04:24.5224552Z         Start  58: ObjectSerializer.ParseSimpleProtocolIfaceVarRef
2026-09-22T08:04:24.5256054Z  58/292 Test  #58: ObjectSerializer.ParseSimpleProtocolIfaceVarRef .........   Passed    0.00 sec
2026-09-22T08:04:24.5257255Z         Start  59: ObjectSerializer.ParseSimpleProtocolServiceNoLogic
2026-09-22T08:04:24.5289041Z  59/292 Test  #59: ObjectSerializer.ParseSimpleProtocolServiceNoLogic ......   Passed    0.00 sec
2026-09-22T08:04:24.5290153Z         Start  60: ObjectSerializer.ParseProtocolWithLogicName
2026-09-22T08:04:24.5321539Z  60/292 Test  #60: ObjectSerializer.ParseProtocolWithLogicName .............   Passed    0.00 sec
2026-09-22T08:04:24.5322568Z         Start  61: LogicRegistry.RegisterAndCreate
2026-09-22T08:04:24.5358385Z  61/292 Test  #61: LogicRegistry.RegisterAndCreate .........................   Passed    0.00 sec
2026-09-22T08:04:24.5359527Z         Start  62: LogicRegistry.UnknownNameReturnsNull
2026-09-22T08:04:24.5393182Z  62/292 Test  #62: LogicRegistry.UnknownNameReturnsNull ....................   Passed    0.00 sec
2026-09-22T08:04:24.5394512Z         Start  63: LogicRegistry.DuplicateRegistrationRejected
2026-09-22T08:04:24.5428786Z  63/292 Test  #63: LogicRegistry.DuplicateRegistrationRejected .............   Passed    0.00 sec
2026-09-22T08:04:24.5429841Z         Start  64: LogicRegistry.EmptyNameRejected
2026-09-22T08:04:24.5462944Z  64/292 Test  #64: LogicRegistry.EmptyNameRejected .........................   Passed    0.00 sec
2026-09-22T08:04:24.5464240Z         Start  65: LogicRegistry.NullFactoryRejected
2026-09-22T08:04:24.5498842Z  65/292 Test  #65: LogicRegistry.NullFactoryRejected .......................   Passed    0.00 sec
2026-09-22T08:04:24.5500088Z         Start  66: PassthroughLogic.IsNoOp
2026-09-22T08:04:24.5534289Z  66/292 Test  #66: PassthroughLogic.IsNoOp .................................   Passed    0.00 sec
2026-09-22T08:04:24.5535382Z         Start  67: LayerContext.AdjacencyAndDefaults
2026-09-22T08:04:24.5569265Z  67/292 Test  #67: LayerContext.AdjacencyAndDefaults .......................   Passed    0.00 sec
2026-09-22T08:04:24.5570279Z         Start  68: LogicRegistry.RegisterAndCreate
2026-09-22T08:04:24.5687464Z  68/292 Test  #68: LogicRegistry.RegisterAndCreate .........................   Passed    0.01 sec
2026-09-22T08:04:24.5688484Z         Start  69: LogicRegistry.UnknownNameReturnsNull
2026-09-22T08:04:24.5819287Z  69/292 Test  #69: LogicRegistry.UnknownNameReturnsNull ....................   Passed    0.01 sec
2026-09-22T08:04:24.5820291Z         Start  70: LogicRegistry.DuplicateRegistrationRejected
2026-09-22T08:04:24.5956967Z  70/292 Test  #70: LogicRegistry.DuplicateRegistrationRejected .............   Passed    0.01 sec
2026-09-22T08:04:24.5958296Z         Start  71: LogicRegistry.EmptyNameRejected
2026-09-22T08:04:24.6087219Z  71/292 Test  #71: LogicRegistry.EmptyNameRejected .........................   Passed    0.01 sec
2026-09-22T08:04:24.6088354Z         Start  72: LogicRegistry.NullFactoryRejected
2026-09-22T08:04:24.6218534Z  72/292 Test  #72: LogicRegistry.NullFactoryRejected .......................   Passed    0.01 sec
2026-09-22T08:04:24.6219604Z         Start  73: PassthroughLogic.IsNoOp
2026-09-22T08:04:24.6342437Z  73/292 Test  #73: PassthroughLogic.IsNoOp .................................   Passed    0.01 sec
2026-09-22T08:04:24.6343964Z         Start  74: LayerContext.AdjacencyAndDefaults
2026-09-22T08:04:24.6470226Z  74/292 Test  #74: LayerContext.AdjacencyAndDefaults .......................   Passed    0.01 sec
2026-09-22T08:04:24.6473927Z         Start  75: LogicRegistry.RegisterAndCreate
2026-09-22T08:04:24.6513110Z  75/292 Test  #75: LogicRegistry.RegisterAndCreate .........................   Passed    0.00 sec
2026-09-22T08:04:24.6514551Z         Start  76: LogicRegistry.UnknownNameReturnsNull
2026-09-22T08:04:24.6546445Z  76/292 Test  #76: LogicRegistry.UnknownNameReturnsNull ....................   Passed    0.00 sec
2026-09-22T08:04:24.6547544Z         Start  77: LogicRegistry.DuplicateRegistrationRejected
2026-09-22T08:04:24.6578548Z  77/292 Test  #77: LogicRegistry.DuplicateRegistrationRejected .............   Passed    0.00 sec
2026-09-22T08:04:24.6579617Z         Start  78: LogicRegistry.EmptyNameRejected
2026-09-22T08:04:24.6609768Z  78/292 Test  #78: LogicRegistry.EmptyNameRejected .........................   Passed    0.00 sec
2026-09-22T08:04:24.6610863Z         Start  79: LogicRegistry.NullFactoryRejected
2026-09-22T08:04:24.6640384Z  79/292 Test  #79: LogicRegistry.NullFactoryRejected .......................   Passed    0.00 sec
2026-09-22T08:04:24.6641385Z         Start  80: PassthroughLogic.IsNoOp
2026-09-22T08:04:24.6668653Z  80/292 Test  #80: PassthroughLogic.IsNoOp .................................   Passed    0.00 sec
2026-09-22T08:04:24.6669602Z         Start  81: LayerContext.AdjacencyAndDefaults
2026-09-22T08:04:24.6699074Z  81/292 Test  #81: LayerContext.AdjacencyAndDefaults .......................   Passed    0.00 sec
2026-09-22T08:04:24.6700138Z         Start  82: StackBuilder.BuildsAllPassthroughStack
2026-09-22T08:04:24.6750731Z  82/292 Test  #82: StackBuilder.BuildsAllPassthroughStack ..................   Passed    0.00 sec
2026-09-22T08:04:24.6751785Z         Start  83: StackBuilder.ResolvesRegisteredLogic
2026-09-22T08:04:24.6799026Z  83/292 Test  #83: StackBuilder.ResolvesRegisteredLogic ....................   Passed    0.00 sec
2026-09-22T08:04:24.6799996Z         Start  84: StackBuilder.AdjacencyWiredBottomUp
2026-09-22T08:04:24.6847694Z  84/292 Test  #84: StackBuilder.AdjacencyWiredBottomUp .....................   Passed    0.00 sec
2026-09-22T08:04:24.6849009Z         Start  85: StackBuilder.UnknownLogicFailsBuild
2026-09-22T08:04:24.6894992Z  85/292 Test  #85: StackBuilder.UnknownLogicFailsBuild .....................   Passed    0.00 sec
2026-09-22T08:04:24.6895957Z         Start  86: StackBuilder.UnknownServiceFailsBuild
2026-09-22T08:04:24.6940829Z  86/292 Test  #86: StackBuilder.UnknownServiceFailsBuild ...................   Passed    0.00 sec
2026-09-22T08:04:24.6941848Z         Start  87: StackBuilder.BypassLogicForcesPassthrough
2026-09-22T08:04:24.6987454Z  87/292 Test  #87: StackBuilder.BypassLogicForcesPassthrough ...............   Passed    0.00 sec
2026-09-22T08:04:24.6988480Z         Start  88: StackBuilder.BypassLogicSkipsRegistryLookup
2026-09-22T08:04:24.7033810Z  88/292 Test  #88: StackBuilder.BypassLogicSkipsRegistryLookup .............   Passed    0.00 sec
2026-09-22T08:04:24.7035044Z         Start  89: StackBuilder.InvalidPathFailsBuild
2026-09-22T08:04:24.7078620Z  89/292 Test  #89: StackBuilder.InvalidPathFailsBuild ......................   Passed    0.00 sec
2026-09-22T08:04:24.7079995Z         Start  90: StackBuilder.BuildsAllPassthroughStack
2026-09-22T08:04:24.7223707Z  90/292 Test  #90: StackBuilder.BuildsAllPassthroughStack ..................   Passed    0.01 sec
2026-09-22T08:04:24.7224769Z         Start  91: StackBuilder.ResolvesRegisteredLogic
2026-09-22T08:04:24.7384871Z  91/292 Test  #91: StackBuilder.ResolvesRegisteredLogic ....................   Passed    0.02 sec
2026-09-22T08:04:24.7399765Z         Start  92: StackBuilder.AdjacencyWiredBottomUp
2026-09-22T08:04:24.7551783Z  92/292 Test  #92: StackBuilder.AdjacencyWiredBottomUp .....................   Passed    0.02 sec
2026-09-22T08:04:24.7553688Z         Start  93: StackBuilder.UnknownLogicFailsBuild
2026-09-22T08:04:24.7713378Z  93/292 Test  #93: StackBuilder.UnknownLogicFailsBuild .....................   Passed    0.02 sec
2026-09-22T08:04:24.7714900Z         Start  94: StackBuilder.UnknownServiceFailsBuild
2026-09-22T08:04:24.7894442Z  94/292 Test  #94: StackBuilder.UnknownServiceFailsBuild ...................   Passed    0.02 sec
2026-09-22T08:04:24.7895482Z         Start  95: StackBuilder.BypassLogicForcesPassthrough
2026-09-22T08:04:24.8045965Z  95/292 Test  #95: StackBuilder.BypassLogicForcesPassthrough ...............   Passed    0.02 sec
2026-09-22T08:04:24.8047529Z         Start  96: StackBuilder.BypassLogicSkipsRegistryLookup
2026-09-22T08:04:24.8228966Z  96/292 Test  #96: StackBuilder.BypassLogicSkipsRegistryLookup .............   Passed    0.02 sec
2026-09-22T08:04:24.8230151Z         Start  97: StackBuilder.InvalidPathFailsBuild
2026-09-22T08:04:24.8401558Z  97/292 Test  #97: StackBuilder.InvalidPathFailsBuild ......................   Passed    0.02 sec
2026-09-22T08:04:24.8402884Z         Start  98: StackBuilder.BuildsAllPassthroughStack
2026-09-22T08:04:24.8454088Z  98/292 Test  #98: StackBuilder.BuildsAllPassthroughStack ..................   Passed    0.00 sec
2026-09-22T08:04:24.8455183Z         Start  99: StackBuilder.ResolvesRegisteredLogic
2026-09-22T08:04:24.8491301Z  99/292 Test  #99: StackBuilder.ResolvesRegisteredLogic ....................   Passed    0.00 sec
2026-09-22T08:04:24.8492488Z         Start 100: StackBuilder.AdjacencyWiredBottomUp
2026-09-22T08:04:24.8529628Z 100/292 Test #100: StackBuilder.AdjacencyWiredBottomUp .....................   Passed    0.00 sec
2026-09-22T08:04:24.8530751Z         Start 101: StackBuilder.UnknownLogicFailsBuild
2026-09-22T08:04:24.8566759Z 101/292 Test #101: StackBuilder.UnknownLogicFailsBuild .....................   Passed    0.00 sec
2026-09-22T08:04:24.8567841Z         Start 102: StackBuilder.UnknownServiceFailsBuild
2026-09-22T08:04:24.8603314Z 102/292 Test #102: StackBuilder.UnknownServiceFailsBuild ...................   Passed    0.00 sec
2026-09-22T08:04:24.8604268Z         Start 103: StackBuilder.BypassLogicForcesPassthrough
2026-09-22T08:04:24.8639457Z 103/292 Test #103: StackBuilder.BypassLogicForcesPassthrough ...............   Passed    0.00 sec
2026-09-22T08:04:24.8640494Z         Start 104: StackBuilder.BypassLogicSkipsRegistryLookup
2026-09-22T08:04:24.8675214Z 104/292 Test #104: StackBuilder.BypassLogicSkipsRegistryLookup .............   Passed    0.00 sec
2026-09-22T08:04:24.8676167Z         Start 105: StackBuilder.InvalidPathFailsBuild
2026-09-22T08:04:24.8710417Z 105/292 Test #105: StackBuilder.InvalidPathFailsBuild ......................   Passed    0.00 sec
2026-09-22T08:04:24.8711423Z         Start 106: Validator.ConformingFilePasses
2026-09-22T08:04:24.8749830Z 106/292 Test #106: Validator.ConformingFilePasses ..........................   Passed    0.00 sec
2026-09-22T08:04:24.8750869Z         Start 107: Validator.ForeignTopLevelKeyRejected
2026-09-22T08:04:24.8787934Z 107/292 Test #107: Validator.ForeignTopLevelKeyRejected ....................   Passed    0.00 sec
2026-09-22T08:04:24.8789030Z         Start 108: Validator.MissingServiceRejected
2026-09-22T08:04:24.8825517Z 108/292 Test #108: Validator.MissingServiceRejected ........................   Passed    0.00 sec
2026-09-22T08:04:24.8826572Z         Start 109: Validator.OversizeFieldRejected
2026-09-22T08:04:24.8863073Z 109/292 Test #109: Validator.OversizeFieldRejected .........................   Passed    0.00 sec
2026-09-22T08:04:24.8864100Z         Start 110: Validator.BadDirectionRejected
2026-09-22T08:04:24.8901938Z 110/292 Test #110: Validator.BadDirectionRejected ..........................   Passed    0.00 sec
2026-09-22T08:04:24.8903185Z         Start 111: Validator.ServiceWithoutVarsOrEntitiesRejected
2026-09-22T08:04:24.8939462Z 111/292 Test #111: Validator.ServiceWithoutVarsOrEntitiesRejected ..........   Passed    0.00 sec
2026-09-22T08:04:24.8940554Z         Start 112: Validator.FindingsCarryLineNumbers
2026-09-22T08:04:24.8978993Z 112/292 Test #112: Validator.FindingsCarryLineNumbers ......................   Passed    0.00 sec
2026-09-22T08:04:24.8980212Z         Start 113: Validator.MissingDirectoryReported
2026-09-22T08:04:24.9014558Z 113/292 Test #113: Validator.MissingDirectoryReported ......................   Passed    0.00 sec
2026-09-22T08:04:24.9015415Z         Start 114: Validator.ConformingFilePasses
2026-09-22T08:04:24.9169022Z 114/292 Test #114: Validator.ConformingFilePasses ..........................   Passed    0.02 sec
2026-09-22T08:04:24.9170290Z         Start 115: Validator.ForeignTopLevelKeyRejected
2026-09-22T08:04:24.9315473Z 115/292 Test #115: Validator.ForeignTopLevelKeyRejected ....................   Passed    0.01 sec
2026-09-22T08:04:24.9319074Z         Start 116: Validator.MissingServiceRejected
2026-09-22T08:04:24.9453607Z 116/292 Test #116: Validator.MissingServiceRejected ........................   Passed    0.01 sec
2026-09-22T08:04:24.9454652Z         Start 117: Validator.OversizeFieldRejected
2026-09-22T08:04:24.9600615Z 117/292 Test #117: Validator.OversizeFieldRejected .........................   Passed    0.01 sec
2026-09-22T08:04:24.9601812Z         Start 118: Validator.BadDirectionRejected
2026-09-22T08:04:24.9768792Z 118/292 Test #118: Validator.BadDirectionRejected ..........................   Passed    0.02 sec
2026-09-22T08:04:24.9770227Z         Start 119: Validator.ServiceWithoutVarsOrEntitiesRejected
2026-09-22T08:04:24.9908486Z 119/292 Test #119: Validator.ServiceWithoutVarsOrEntitiesRejected ..........   Passed    0.01 sec
2026-09-22T08:04:24.9909512Z         Start 120: Validator.FindingsCarryLineNumbers
2026-09-22T08:04:25.0055000Z 120/292 Test #120: Validator.FindingsCarryLineNumbers ......................   Passed    0.01 sec
2026-09-22T08:04:25.0056009Z         Start 121: Validator.MissingDirectoryReported
2026-09-22T08:04:25.0193931Z 121/292 Test #121: Validator.MissingDirectoryReported ......................   Passed    0.01 sec
2026-09-22T08:04:25.0194953Z         Start 122: Validator.ConformingFilePasses
2026-09-22T08:04:25.0232639Z 122/292 Test #122: Validator.ConformingFilePasses ..........................   Passed    0.00 sec
2026-09-22T08:04:25.0233854Z         Start 123: Validator.ForeignTopLevelKeyRejected
2026-09-22T08:04:25.0267234Z 123/292 Test #123: Validator.ForeignTopLevelKeyRejected ....................   Passed    0.00 sec
2026-09-22T08:04:25.0268173Z         Start 124: Validator.MissingServiceRejected
2026-09-22T08:04:25.0300804Z 124/292 Test #124: Validator.MissingServiceRejected ........................   Passed    0.00 sec
2026-09-22T08:04:25.0301659Z         Start 125: Validator.OversizeFieldRejected
2026-09-22T08:04:25.0332581Z 125/292 Test #125: Validator.OversizeFieldRejected .........................   Passed    0.00 sec
2026-09-22T08:04:25.0333806Z         Start 126: Validator.BadDirectionRejected
2026-09-22T08:04:25.0366254Z 126/292 Test #126: Validator.BadDirectionRejected ..........................   Passed    0.00 sec
2026-09-22T08:04:25.0367300Z         Start 127: Validator.ServiceWithoutVarsOrEntitiesRejected
2026-09-22T08:04:25.0398002Z 127/292 Test #127: Validator.ServiceWithoutVarsOrEntitiesRejected ..........   Passed    0.00 sec
2026-09-22T08:04:25.0398867Z         Start 128: Validator.FindingsCarryLineNumbers
2026-09-22T08:04:25.0429253Z 128/292 Test #128: Validator.FindingsCarryLineNumbers ......................   Passed    0.00 sec
2026-09-22T08:04:25.0430195Z         Start 129: Validator.MissingDirectoryReported
2026-09-22T08:04:25.0459535Z 129/292 Test #129: Validator.MissingDirectoryReported ......................   Passed    0.00 sec
2026-09-22T08:04:25.0460488Z         Start 130: HelloTest.BasicAssertions
2026-09-22T08:04:25.0485957Z 130/292 Test #130: HelloTest.BasicAssertions ...............................   Passed    0.00 sec
2026-09-22T08:04:25.0487063Z         Start 131: EthernetFrameLogic.RegisteredUnderExpectedName
2026-09-22T08:04:25.0517170Z 131/292 Test #131: EthernetFrameLogic.RegisteredUnderExpectedName ..........   Passed    0.00 sec
2026-09-22T08:04:25.0518362Z         Start 132: EthernetFrameLogic.BoundByStackBuilder
2026-09-22T08:04:25.0554331Z 132/292 Test #132: EthernetFrameLogic.BoundByStackBuilder ..................   Passed    0.00 sec
2026-09-22T08:04:25.0556147Z         Start 133: EthernetFrameLogic.BypassLogicSwapsInPassthrough
2026-09-22T08:04:25.0590997Z 133/292 Test #133: EthernetFrameLogic.BypassLogicSwapsInPassthrough ........   Passed    0.00 sec
2026-09-22T08:04:25.0592086Z         Start 134: EthernetFrameLogic.EncodeDecodeCountersAdvance
2026-09-22T08:04:25.0621457Z 134/292 Test #134: EthernetFrameLogic.EncodeDecodeCountersAdvance ..........   Passed    0.00 sec
2026-09-22T08:04:25.0622533Z         Start 135: EthernetFrameLogic.NextLayerDefaults1722
2026-09-22T08:04:25.0652709Z 135/292 Test #135: EthernetFrameLogic.NextLayerDefaults1722 ................   Passed    0.00 sec
2026-09-22T08:04:25.0654051Z         Start 136: StackCodec.FrameHasExpectedSize
2026-09-22T08:04:25.0784199Z 136/292 Test #136: StackCodec.FrameHasExpectedSize .........................   Passed    0.01 sec
2026-09-22T08:04:25.0785305Z         Start 137: StackCodec.DerivedFieldsAreValid
2026-09-22T08:04:25.0911664Z 137/292 Test #137: StackCodec.DerivedFieldsAreValid ........................   Passed    0.01 sec
2026-09-22T08:04:25.0912795Z         Start 138: StackCodec.CommandStatusForcedToZero
2026-09-22T08:04:25.1194621Z 138/292 Test #138: StackCodec.CommandStatusForcedToZero ....................   Passed    0.03 sec
2026-09-22T08:04:25.1195559Z         Start 139: StackCodec.DecodeRoundTripsFields
2026-09-22T08:04:25.1323182Z 139/292 Test #139: StackCodec.DecodeRoundTripsFields .......................   Passed    0.01 sec
2026-09-22T08:04:25.1324649Z         Start 140: StackCodec.DeterministicForFixedSeed
2026-09-22T08:04:25.1452355Z 140/292 Test #140: StackCodec.DeterministicForFixedSeed ....................   Passed    0.01 sec
2026-09-22T08:04:25.1453601Z         Start 141: TrafficGenTest.EmptyInterfaceProducesEmptyPacket
2026-09-22T08:04:25.1503466Z 141/292 Test #141: TrafficGenTest.EmptyInterfaceProducesEmptyPacket ........   Passed    0.00 sec
2026-09-22T08:04:25.1504666Z         Start 142: TrafficGenTest.SimpleVarProducesOneByte
2026-09-22T08:04:25.1552096Z 142/292 Test #142: TrafficGenTest.SimpleVarProducesOneByte .................   Passed    0.00 sec
2026-09-22T08:04:25.1553333Z         Start 143: TrafficGenTest.SimpleVarValueInExpectedSet
2026-09-22T08:04:25.1604875Z 143/292 Test #143: TrafficGenTest.SimpleVarValueInExpectedSet ..............   Passed    0.01 sec
2026-09-22T08:04:25.1605843Z         Start 144: TrafficGenTest.DeterministicWithSameSeed
2026-09-22T08:04:25.1655859Z 144/292 Test #144: TrafficGenTest.DeterministicWithSameSeed ................   Passed    0.00 sec
2026-09-22T08:04:25.1656896Z         Start 145: TrafficGenTest.DifferentSeedsDifferentPackets
2026-09-22T08:04:25.1702398Z 145/292 Test #145: TrafficGenTest.DifferentSeedsDifferentPackets ...........   Passed    0.00 sec
2026-09-22T08:04:25.1703463Z         Start 146: TrafficGenTest.OpenClose
2026-09-22T08:04:25.1749305Z 146/292 Test #146: TrafficGenTest.OpenClose ................................   Passed    0.00 sec
2026-09-22T08:04:25.1750274Z         Start 147: TrafficGenTest.SendNamedInterface
2026-09-22T08:04:25.1796147Z 147/292 Test #147: TrafficGenTest.SendNamedInterface .......................   Passed    0.00 sec
2026-09-22T08:04:25.1797514Z         Start 148: TrafficGenTest.SendUnknownInterfaceReturnsError
2026-09-22T08:04:25.1842955Z 148/292 Test #148: TrafficGenTest.SendUnknownInterfaceReturnsError .........   Passed    0.00 sec
2026-09-22T08:04:25.1844120Z         Start 149: TrafficGenTest.SendAllSendsOnePacketPerInterface
2026-09-22T08:04:25.1890142Z 149/292 Test #149: TrafficGenTest.SendAllSendsOnePacketPerInterface ........   Passed    0.00 sec
2026-09-22T08:04:25.1891132Z         Start 150: TrafficGenTest.SendFilteredInDirection
2026-09-22T08:04:25.1937811Z 150/292 Test #150: TrafficGenTest.SendFilteredInDirection ..................   Passed    0.00 sec
2026-09-22T08:04:25.1939123Z         Start 151: TrafficGenTest.SendFilteredOutDirectionProducesNone
2026-09-22T08:04:25.1984057Z 151/292 Test #151: TrafficGenTest.SendFilteredOutDirectionProducesNone .....   Passed    0.00 sec
2026-09-22T08:04:25.1985054Z         Start 152: TrafficGenTest.SendLoopProducesNPackets
2026-09-22T08:04:25.2031126Z 152/292 Test #152: TrafficGenTest.SendLoopProducesNPackets .................   Passed    0.00 sec
2026-09-22T08:04:25.2032152Z         Start 153: TrafficGenTest.SendWithoutOpenReturnsNotOpen
2026-09-22T08:04:25.2077941Z 153/292 Test #153: TrafficGenTest.SendWithoutOpenReturnsNotOpen ............   Passed    0.00 sec
2026-09-22T08:04:25.2078861Z         Start 154: VerilatorSenderBeat.FullBeat
2026-09-22T08:04:25.2117221Z 154/292 Test #154: VerilatorSenderBeat.FullBeat ............................   Passed    0.00 sec
2026-09-22T08:04:25.2118137Z         Start 155: VerilatorSenderBeat.PartialLastBeat
2026-09-22T08:04:25.2156940Z 155/292 Test #155: VerilatorSenderBeat.PartialLastBeat .....................   Passed    0.00 sec
2026-09-22T08:04:25.2157936Z         Start 156: WideField.Emits512BitFieldWithoutUB
2026-09-22T08:04:25.2197823Z 156/292 Test #156: WideField.Emits512BitFieldWithoutUB .....................   Passed    0.00 sec
2026-09-22T08:04:25.2198841Z         Start 157: TrafficGenTest.EmptyInterfaceProducesEmptyPacket
2026-09-22T08:04:25.2344000Z 157/292 Test #157: TrafficGenTest.EmptyInterfaceProducesEmptyPacket ........   Passed    0.01 sec
2026-09-22T08:04:25.2345024Z         Start 158: TrafficGenTest.SimpleVarProducesOneByte
2026-09-22T08:04:25.2505683Z 158/292 Test #158: TrafficGenTest.SimpleVarProducesOneByte .................   Passed    0.02 sec
2026-09-22T08:04:25.2507010Z         Start 159: TrafficGenTest.SimpleVarValueInExpectedSet
2026-09-22T08:04:25.2693590Z 159/292 Test #159: TrafficGenTest.SimpleVarValueInExpectedSet ..............   Passed    0.02 sec
2026-09-22T08:04:25.2694774Z         Start 160: TrafficGenTest.DeterministicWithSameSeed
2026-09-22T08:04:25.2877071Z 160/292 Test #160: TrafficGenTest.DeterministicWithSameSeed ................   Passed    0.02 sec
2026-09-22T08:04:25.2878336Z         Start 161: TrafficGenTest.DifferentSeedsDifferentPackets
2026-09-22T08:04:25.3054809Z 161/292 Test #161: TrafficGenTest.DifferentSeedsDifferentPackets ...........   Passed    0.02 sec
2026-09-22T08:04:25.3057448Z         Start 162: TrafficGenTest.OpenClose
2026-09-22T08:04:25.3192441Z 162/292 Test #162: TrafficGenTest.OpenClose ................................   Passed    0.02 sec
2026-09-22T08:04:25.3193551Z         Start 163: TrafficGenTest.SendNamedInterface
2026-09-22T08:04:25.3369086Z 163/292 Test #163: TrafficGenTest.SendNamedInterface .......................   Passed    0.02 sec
2026-09-22T08:04:25.3370174Z         Start 164: TrafficGenTest.SendUnknownInterfaceReturnsError
2026-09-22T08:04:25.3546692Z 164/292 Test #164: TrafficGenTest.SendUnknownInterfaceReturnsError .........   Passed    0.02 sec
2026-09-22T08:04:25.3547909Z         Start 165: TrafficGenTest.SendAllSendsOnePacketPerInterface
2026-09-22T08:04:25.3720090Z 165/292 Test #165: TrafficGenTest.SendAllSendsOnePacketPerInterface ........   Passed    0.02 sec
2026-09-22T08:04:25.3723703Z         Start 166: TrafficGenTest.SendFilteredInDirection
2026-09-22T08:04:25.3865595Z 166/292 Test #166: TrafficGenTest.SendFilteredInDirection ..................   Passed    0.01 sec
2026-09-22T08:04:25.3866751Z         Start 167: TrafficGenTest.SendFilteredOutDirectionProducesNone
2026-09-22T08:04:25.4029730Z 167/292 Test #167: TrafficGenTest.SendFilteredOutDirectionProducesNone .....   Passed    0.02 sec
2026-09-22T08:04:25.4030763Z         Start 168: TrafficGenTest.SendLoopProducesNPackets
2026-09-22T08:04:25.4212800Z 168/292 Test #168: TrafficGenTest.SendLoopProducesNPackets .................   Passed    0.02 sec
2026-09-22T08:04:25.4214041Z         Start 169: TrafficGenTest.SendWithoutOpenReturnsNotOpen
2026-09-22T08:04:25.4379167Z 169/292 Test #169: TrafficGenTest.SendWithoutOpenReturnsNotOpen ............   Passed    0.02 sec
2026-09-22T08:04:25.4396691Z         Start 170: VerilatorSenderBeat.FullBeat
2026-09-22T08:04:25.4531703Z 170/292 Test #170: VerilatorSenderBeat.FullBeat ............................   Passed    0.01 sec
2026-09-22T08:04:25.4532948Z         Start 171: VerilatorSenderBeat.PartialLastBeat
2026-09-22T08:04:25.4679294Z 171/292 Test #171: VerilatorSenderBeat.PartialLastBeat .....................   Passed    0.01 sec
2026-09-22T08:04:25.4680377Z         Start 172: WideField.Emits512BitFieldWithoutUB
2026-09-22T08:04:25.4830816Z 172/292 Test #172: WideField.Emits512BitFieldWithoutUB .....................   Passed    0.01 sec
2026-09-22T08:04:25.4831954Z         Start 173: TrafficGenTest.EmptyInterfaceProducesEmptyPacket
2026-09-22T08:04:25.4881190Z 173/292 Test #173: TrafficGenTest.EmptyInterfaceProducesEmptyPacket ........   Passed    0.00 sec
2026-09-22T08:04:25.4882446Z         Start 174: TrafficGenTest.SimpleVarProducesOneByte
2026-09-22T08:04:25.4923434Z 174/292 Test #174: TrafficGenTest.SimpleVarProducesOneByte .................   Passed    0.00 sec
2026-09-22T08:04:25.4924562Z         Start 175: TrafficGenTest.SimpleVarValueInExpectedSet
2026-09-22T08:04:25.4960725Z 175/292 Test #175: TrafficGenTest.SimpleVarValueInExpectedSet ..............   Passed    0.00 sec
2026-09-22T08:04:25.4961825Z         Start 176: TrafficGenTest.DeterministicWithSameSeed
2026-09-22T08:04:25.4999695Z 176/292 Test #176: TrafficGenTest.DeterministicWithSameSeed ................   Passed    0.00 sec
2026-09-22T08:04:25.5000900Z         Start 177: TrafficGenTest.DifferentSeedsDifferentPackets
2026-09-22T08:04:25.5034865Z 177/292 Test #177: TrafficGenTest.DifferentSeedsDifferentPackets ...........   Passed    0.00 sec
2026-09-22T08:04:25.5035847Z         Start 178: TrafficGenTest.OpenClose
2026-09-22T08:04:25.5069159Z 178/292 Test #178: TrafficGenTest.OpenClose ................................   Passed    0.00 sec
2026-09-22T08:04:25.5070076Z         Start 179: TrafficGenTest.SendNamedInterface
2026-09-22T08:04:25.5103978Z 179/292 Test #179: TrafficGenTest.SendNamedInterface .......................   Passed    0.00 sec
2026-09-22T08:04:25.5105102Z         Start 180: TrafficGenTest.SendUnknownInterfaceReturnsError
2026-09-22T08:04:25.5138162Z 180/292 Test #180: TrafficGenTest.SendUnknownInterfaceReturnsError .........   Passed    0.00 sec
2026-09-22T08:04:25.5139025Z         Start 181: TrafficGenTest.SendAllSendsOnePacketPerInterface
2026-09-22T08:04:25.5172996Z 181/292 Test #181: TrafficGenTest.SendAllSendsOnePacketPerInterface ........   Passed    0.00 sec
2026-09-22T08:04:25.5173900Z         Start 182: TrafficGenTest.SendFilteredInDirection
2026-09-22T08:04:25.5207379Z 182/292 Test #182: TrafficGenTest.SendFilteredInDirection ..................   Passed    0.00 sec
2026-09-22T08:04:25.5208523Z         Start 183: TrafficGenTest.SendFilteredOutDirectionProducesNone
2026-09-22T08:04:25.5242596Z 183/292 Test #183: TrafficGenTest.SendFilteredOutDirectionProducesNone .....   Passed    0.00 sec
2026-09-22T08:04:25.5243943Z         Start 184: TrafficGenTest.SendLoopProducesNPackets
2026-09-22T08:04:25.5279893Z 184/292 Test #184: TrafficGenTest.SendLoopProducesNPackets .................   Passed    0.00 sec
2026-09-22T08:04:25.5281062Z         Start 185: TrafficGenTest.SendWithoutOpenReturnsNotOpen
2026-09-22T08:04:25.5315317Z 185/292 Test #185: TrafficGenTest.SendWithoutOpenReturnsNotOpen ............   Passed    0.00 sec
2026-09-22T08:04:25.5316225Z         Start 186: VerilatorSenderBeat.FullBeat
2026-09-22T08:04:25.5344362Z 186/292 Test #186: VerilatorSenderBeat.FullBeat ............................   Passed    0.00 sec
2026-09-22T08:04:25.5345326Z         Start 187: VerilatorSenderBeat.PartialLastBeat
2026-09-22T08:04:25.5373593Z 187/292 Test #187: VerilatorSenderBeat.PartialLastBeat .....................   Passed    0.00 sec
2026-09-22T08:04:25.5374434Z         Start 188: WideField.Emits512BitFieldWithoutUB
2026-09-22T08:04:25.5404214Z 188/292 Test #188: WideField.Emits512BitFieldWithoutUB .....................   Passed    0.00 sec
2026-09-22T08:04:25.5405444Z         Start 189: AdpFuzzTest.VarCount
2026-09-22T08:04:25.5456822Z 189/292 Test #189: AdpFuzzTest.VarCount ....................................   Passed    0.01 sec
2026-09-22T08:04:25.5457796Z         Start 190: AdpFuzzTest.MessageTypeConstraints
2026-09-22T08:04:25.5506575Z 190/292 Test #190: AdpFuzzTest.MessageTypeConstraints ......................   Passed    0.00 sec
2026-09-22T08:04:25.5507635Z         Start 191: AdpFuzzTest.ValidTimeRangeConstraint
2026-09-22T08:04:25.5556195Z 191/292 Test #191: AdpFuzzTest.ValidTimeRangeConstraint ....................   Passed    0.00 sec
2026-09-22T08:04:25.5557206Z         Start 192: AdpFuzzTest.ControlDataLengthFixed
2026-09-22T08:04:25.5605317Z 192/292 Test #192: AdpFuzzTest.ControlDataLengthFixed ......................   Passed    0.00 sec
2026-09-22T08:04:25.5606332Z         Start 193: AdpFuzzTest.TalkerCapabilitiesMask
2026-09-22T08:04:25.5654086Z 193/292 Test #193: AdpFuzzTest.TalkerCapabilitiesMask ......................   Passed    0.00 sec
2026-09-22T08:04:25.5655245Z         Start 194: AdpFuzzTest.ListenerCapabilitiesMask
2026-09-22T08:04:25.5706273Z 194/292 Test #194: AdpFuzzTest.ListenerCapabilitiesMask ....................   Passed    0.00 sec
2026-09-22T08:04:25.5707312Z         Start 195: AdpFuzzTest.ControllerCapabilitiesMask
2026-09-22T08:04:25.5755668Z 195/292 Test #195: AdpFuzzTest.ControllerCapabilitiesMask ..................   Passed    0.00 sec
2026-09-22T08:04:25.5756687Z         Start 196: AdpFuzzTest.ReservedFieldsAreFixed
2026-09-22T08:04:25.5804430Z 196/292 Test #196: AdpFuzzTest.ReservedFieldsAreFixed ......................   Passed    0.00 sec
2026-09-22T08:04:25.5805467Z         Start 197: AdpFuzzTest.InterfaceCount
2026-09-22T08:04:25.5852785Z 197/292 Test #197: AdpFuzzTest.InterfaceCount ..............................   Passed    0.00 sec
2026-09-22T08:04:25.5854004Z         Start 198: AdpFuzzTest.IfDataDirection
2026-09-22T08:04:25.5903509Z 198/292 Test #198: AdpFuzzTest.IfDataDirection .............................   Passed    0.00 sec
2026-09-22T08:04:25.5904449Z         Start 199: AdpFuzzTest.IfDataHas20VarRefs
2026-09-22T08:04:25.5951603Z 199/292 Test #199: AdpFuzzTest.IfDataHas20VarRefs ..........................   Passed    0.00 sec
2026-09-22T08:04:25.5953095Z         Start 200: AdpFuzzTest.IfDataFirstVarRefIsMessageType
2026-09-22T08:04:25.6002235Z 200/292 Test #200: AdpFuzzTest.IfDataFirstVarRefIsMessageType ..............   Passed    0.00 sec
2026-09-22T08:04:25.6003640Z         Start 201: AdpFuzzTest.IfDataLastVarRefIsReserved1
2026-09-22T08:04:25.6051179Z 201/292 Test #201: AdpFuzzTest.IfDataLastVarRefIsReserved1 .................   Passed    0.00 sec
2026-09-22T08:04:25.6052144Z         Start 202: AdpFuzzTest.FullAdpPacketIs67Bytes
2026-09-22T08:04:25.6117752Z 202/292 Test #202: AdpFuzzTest.FullAdpPacketIs67Bytes ......................   Passed    0.01 sec
2026-09-22T08:04:25.6118952Z         Start 203: AdpFuzzTest.MessageTypeAlwaysValid
2026-09-22T08:04:25.6183687Z 203/292 Test #203: AdpFuzzTest.MessageTypeAlwaysValid ......................   Passed    0.01 sec
2026-09-22T08:04:25.6184778Z         Start 204: AdpFuzzTest.ValidTimeAlwaysInRange
2026-09-22T08:04:25.6250019Z 204/292 Test #204: AdpFuzzTest.ValidTimeAlwaysInRange ......................   Passed    0.01 sec
2026-09-22T08:04:25.6250982Z         Start 205: AdpFuzzTest.ControlDataLengthAlways56
2026-09-22T08:04:25.6302788Z 205/292 Test #205: AdpFuzzTest.ControlDataLengthAlways56 ...................   Passed    0.01 sec
2026-09-22T08:04:25.6303719Z         Start 206: AdpFuzzTest.TalkerCapsRespectMask
2026-09-22T08:04:25.6371825Z 206/292 Test #206: AdpFuzzTest.TalkerCapsRespectMask .......................   Passed    0.01 sec
2026-09-22T08:04:25.6373010Z         Start 207: AdpFuzzTest.ListenerCapsRespectMask
2026-09-22T08:04:25.6441574Z 207/292 Test #207: AdpFuzzTest.ListenerCapsRespectMask .....................   Passed    0.01 sec
2026-09-22T08:04:25.6442518Z         Start 208: AdpFuzzTest.ControllerCapsRespectMask
2026-09-22T08:04:25.6515003Z 208/292 Test #208: AdpFuzzTest.ControllerCapsRespectMask ...................   Passed    0.01 sec
2026-09-22T08:04:25.6516166Z         Start 209: AdpFuzzTest.ReservedFieldsAlwaysZero
2026-09-22T08:04:25.6572337Z 209/292 Test #209: AdpFuzzTest.ReservedFieldsAlwaysZero ....................   Passed    0.01 sec
2026-09-22T08:04:25.6573620Z         Start 210: AdpFuzzTest.AvailableIndexAlwaysValid
2026-09-22T08:04:25.6631574Z 210/292 Test #210: AdpFuzzTest.AvailableIndexAlwaysValid ...................   Passed    0.01 sec
2026-09-22T08:04:25.6632430Z         Start 211: AdpFuzzTest.VarCount
2026-09-22T08:04:25.6797800Z 211/292 Test #211: AdpFuzzTest.VarCount ....................................   Passed    0.02 sec
2026-09-22T08:04:25.6798875Z         Start 212: AdpFuzzTest.MessageTypeConstraints
2026-09-22T08:04:25.6999613Z 212/292 Test #212: AdpFuzzTest.MessageTypeConstraints ......................   Passed    0.02 sec
2026-09-22T08:04:25.7000750Z         Start 213: AdpFuzzTest.ValidTimeRangeConstraint
2026-09-22T08:04:25.7209507Z 213/292 Test #213: AdpFuzzTest.ValidTimeRangeConstraint ....................   Passed    0.02 sec
2026-09-22T08:04:25.7210567Z         Start 214: AdpFuzzTest.ControlDataLengthFixed
2026-09-22T08:04:25.7415367Z 214/292 Test #214: AdpFuzzTest.ControlDataLengthFixed ......................   Passed    0.02 sec
2026-09-22T08:04:25.7416508Z         Start 215: AdpFuzzTest.TalkerCapabilitiesMask
2026-09-22T08:04:25.7632027Z 215/292 Test #215: AdpFuzzTest.TalkerCapabilitiesMask ......................   Passed    0.02 sec
2026-09-22T08:04:25.7633640Z         Start 216: AdpFuzzTest.ListenerCapabilitiesMask
2026-09-22T08:04:25.7801307Z 216/292 Test #216: AdpFuzzTest.ListenerCapabilitiesMask ....................   Passed    0.02 sec
2026-09-22T08:04:25.7806356Z         Start 217: AdpFuzzTest.ControllerCapabilitiesMask
2026-09-22T08:04:25.7992309Z 217/292 Test #217: AdpFuzzTest.ControllerCapabilitiesMask ..................   Passed    0.02 sec
2026-09-22T08:04:25.7993950Z         Start 218: AdpFuzzTest.ReservedFieldsAreFixed
2026-09-22T08:04:25.8192173Z 218/292 Test #218: AdpFuzzTest.ReservedFieldsAreFixed ......................   Passed    0.02 sec
2026-09-22T08:04:25.8193379Z         Start 219: AdpFuzzTest.InterfaceCount
2026-09-22T08:04:25.8368524Z 219/292 Test #219: AdpFuzzTest.InterfaceCount ..............................   Passed    0.02 sec
2026-09-22T08:04:25.8369466Z         Start 220: AdpFuzzTest.IfDataDirection
2026-09-22T08:04:25.8542983Z 220/292 Test #220: AdpFuzzTest.IfDataDirection .............................   Passed    0.02 sec
2026-09-22T08:04:25.8544354Z         Start 221: AdpFuzzTest.IfDataHas20VarRefs
2026-09-22T08:04:25.8726857Z 221/292 Test #221: AdpFuzzTest.IfDataHas20VarRefs ..........................   Passed    0.02 sec
2026-09-22T08:04:25.8733599Z         Start 222: AdpFuzzTest.IfDataFirstVarRefIsMessageType
2026-09-22T08:04:25.8892089Z 222/292 Test #222: AdpFuzzTest.IfDataFirstVarRefIsMessageType ..............   Passed    0.02 sec
2026-09-22T08:04:25.8893744Z         Start 223: AdpFuzzTest.IfDataLastVarRefIsReserved1
2026-09-22T08:04:25.9061719Z 223/292 Test #223: AdpFuzzTest.IfDataLastVarRefIsReserved1 .................   Passed    0.02 sec
2026-09-22T08:04:25.9062951Z         Start 224: AdpFuzzTest.FullAdpPacketIs67Bytes
2026-09-22T08:04:25.9283741Z 224/292 Test #224: AdpFuzzTest.FullAdpPacketIs67Bytes ......................   Passed    0.02 sec
2026-09-22T08:04:25.9284975Z         Start 225: AdpFuzzTest.MessageTypeAlwaysValid
2026-09-22T08:04:25.9492825Z 225/292 Test #225: AdpFuzzTest.MessageTypeAlwaysValid ......................   Passed    0.02 sec
2026-09-22T08:04:25.9493996Z         Start 226: AdpFuzzTest.ValidTimeAlwaysInRange
2026-09-22T08:04:25.9683908Z 226/292 Test #226: AdpFuzzTest.ValidTimeAlwaysInRange ......................   Passed    0.02 sec
2026-09-22T08:04:25.9687894Z         Start 227: AdpFuzzTest.ControlDataLengthAlways56
2026-09-22T08:04:25.9859814Z 227/292 Test #227: AdpFuzzTest.ControlDataLengthAlways56 ...................   Passed    0.02 sec
2026-09-22T08:04:25.9861348Z         Start 228: AdpFuzzTest.TalkerCapsRespectMask
2026-09-22T08:04:26.0083962Z 228/292 Test #228: AdpFuzzTest.TalkerCapsRespectMask .......................   Passed    0.02 sec
2026-09-22T08:04:26.0087853Z         Start 229: AdpFuzzTest.ListenerCapsRespectMask
2026-09-22T08:04:26.0311369Z 229/292 Test #229: AdpFuzzTest.ListenerCapsRespectMask .....................   Passed    0.02 sec
2026-09-22T08:04:26.0312498Z         Start 230: AdpFuzzTest.ControllerCapsRespectMask
2026-09-22T08:04:26.0583809Z 230/292 Test #230: AdpFuzzTest.ControllerCapsRespectMask ...................   Passed    0.03 sec
2026-09-22T08:04:26.0584988Z         Start 231: AdpFuzzTest.ReservedFieldsAlwaysZero
2026-09-22T08:04:26.0824411Z 231/292 Test #231: AdpFuzzTest.ReservedFieldsAlwaysZero ....................   Passed    0.02 sec
2026-09-22T08:04:26.0826160Z         Start 232: AdpFuzzTest.AvailableIndexAlwaysValid
2026-09-22T08:04:26.0983843Z 232/292 Test #232: AdpFuzzTest.AvailableIndexAlwaysValid ...................   Passed    0.02 sec
2026-09-22T08:04:26.0984819Z         Start 233: AdpFuzzTest.VarCount
2026-09-22T08:04:26.1032460Z 233/292 Test #233: AdpFuzzTest.VarCount ....................................   Passed    0.00 sec
2026-09-22T08:04:26.1033737Z         Start 234: AdpFuzzTest.MessageTypeConstraints
2026-09-22T08:04:26.1073730Z 234/292 Test #234: AdpFuzzTest.MessageTypeConstraints ......................   Passed    0.00 sec
2026-09-22T08:04:26.1074807Z         Start 235: AdpFuzzTest.ValidTimeRangeConstraint
2026-09-22T08:04:26.1120941Z 235/292 Test #235: AdpFuzzTest.ValidTimeRangeConstraint ....................   Passed    0.00 sec
2026-09-22T08:04:26.1121924Z         Start 236: AdpFuzzTest.ControlDataLengthFixed
2026-09-22T08:04:26.1160210Z 236/292 Test #236: AdpFuzzTest.ControlDataLengthFixed ......................   Passed    0.00 sec
2026-09-22T08:04:26.1161256Z         Start 237: AdpFuzzTest.TalkerCapabilitiesMask
2026-09-22T08:04:26.1198303Z 237/292 Test #237: AdpFuzzTest.TalkerCapabilitiesMask ......................   Passed    0.00 sec
2026-09-22T08:04:26.1199359Z         Start 238: AdpFuzzTest.ListenerCapabilitiesMask
2026-09-22T08:04:26.1236524Z 238/292 Test #238: AdpFuzzTest.ListenerCapabilitiesMask ....................   Passed    0.00 sec
2026-09-22T08:04:26.1237481Z         Start 239: AdpFuzzTest.ControllerCapabilitiesMask
2026-09-22T08:04:26.1273588Z 239/292 Test #239: AdpFuzzTest.ControllerCapabilitiesMask ..................   Passed    0.00 sec
2026-09-22T08:04:26.1274738Z         Start 240: AdpFuzzTest.ReservedFieldsAreFixed
2026-09-22T08:04:26.1311009Z 240/292 Test #240: AdpFuzzTest.ReservedFieldsAreFixed ......................   Passed    0.00 sec
2026-09-22T08:04:26.1311796Z         Start 241: AdpFuzzTest.InterfaceCount
2026-09-22T08:04:26.1348106Z 241/292 Test #241: AdpFuzzTest.InterfaceCount ..............................   Passed    0.00 sec
2026-09-22T08:04:26.1349010Z         Start 242: AdpFuzzTest.IfDataDirection
2026-09-22T08:04:26.1385361Z 242/292 Test #242: AdpFuzzTest.IfDataDirection .............................   Passed    0.00 sec
2026-09-22T08:04:26.1386342Z         Start 243: AdpFuzzTest.IfDataHas20VarRefs
2026-09-22T08:04:26.1422466Z 243/292 Test #243: AdpFuzzTest.IfDataHas20VarRefs ..........................   Passed    0.00 sec
2026-09-22T08:04:26.1423608Z         Start 244: AdpFuzzTest.IfDataFirstVarRefIsMessageType
2026-09-22T08:04:26.1459807Z 244/292 Test #244: AdpFuzzTest.IfDataFirstVarRefIsMessageType ..............   Passed    0.00 sec
2026-09-22T08:04:26.1460737Z         Start 245: AdpFuzzTest.IfDataLastVarRefIsReserved1
2026-09-22T08:04:26.1497623Z 245/292 Test #245: AdpFuzzTest.IfDataLastVarRefIsReserved1 .................   Passed    0.00 sec
2026-09-22T08:04:26.1498599Z         Start 246: AdpFuzzTest.FullAdpPacketIs67Bytes
2026-09-22T08:04:26.1546814Z 246/292 Test #246: AdpFuzzTest.FullAdpPacketIs67Bytes ......................   Passed    0.00 sec
2026-09-22T08:04:26.1547757Z         Start 247: AdpFuzzTest.MessageTypeAlwaysValid
2026-09-22T08:04:26.1593978Z 247/292 Test #247: AdpFuzzTest.MessageTypeAlwaysValid ......................   Passed    0.00 sec
2026-09-22T08:04:26.1594897Z         Start 248: AdpFuzzTest.ValidTimeAlwaysInRange
2026-09-22T08:04:26.1642024Z 248/292 Test #248: AdpFuzzTest.ValidTimeAlwaysInRange ......................   Passed    0.00 sec
2026-09-22T08:04:26.1643244Z         Start 249: AdpFuzzTest.ControlDataLengthAlways56
2026-09-22T08:04:26.1682399Z 249/292 Test #249: AdpFuzzTest.ControlDataLengthAlways56 ...................   Passed    0.00 sec
2026-09-22T08:04:26.1683503Z         Start 250: AdpFuzzTest.TalkerCapsRespectMask
2026-09-22T08:04:26.1731709Z 250/292 Test #250: AdpFuzzTest.TalkerCapsRespectMask .......................   Passed    0.00 sec
2026-09-22T08:04:26.1732533Z         Start 251: AdpFuzzTest.ListenerCapsRespectMask
2026-09-22T08:04:26.1781251Z 251/292 Test #251: AdpFuzzTest.ListenerCapsRespectMask .....................   Passed    0.00 sec
2026-09-22T08:04:26.1782078Z         Start 252: AdpFuzzTest.ControllerCapsRespectMask
2026-09-22T08:04:26.1831980Z 252/292 Test #252: AdpFuzzTest.ControllerCapsRespectMask ...................   Passed    0.00 sec
2026-09-22T08:04:26.1833058Z         Start 253: AdpFuzzTest.ReservedFieldsAlwaysZero
2026-09-22T08:04:26.1874280Z 253/292 Test #253: AdpFuzzTest.ReservedFieldsAlwaysZero ....................   Passed    0.00 sec
2026-09-22T08:04:26.1875302Z         Start 254: AdpFuzzTest.AvailableIndexAlwaysValid
2026-09-22T08:04:26.1917709Z 254/292 Test #254: AdpFuzzTest.AvailableIndexAlwaysValid ...................   Passed    0.00 sec
2026-09-22T08:04:26.1918688Z         Start 255: PtpFlags.SyncModelPermitsOnlyTwoStepFlag
2026-09-22T08:04:26.2073005Z 255/292 Test #255: PtpFlags.SyncModelPermitsOnlyTwoStepFlag ................   Passed    0.02 sec
2026-09-22T08:04:26.2074415Z         Start 256: PtpFlags.FollowUpModelPermitsOnlyAllFlagsClear
2026-09-22T08:04:26.2228239Z 256/292 Test #256: PtpFlags.FollowUpModelPermitsOnlyAllFlagsClear ..........   Passed    0.02 sec
2026-09-22T08:04:26.2231184Z         Start 257: PtpFlags.PdelayModelsKeepTheirStrictFlags
2026-09-22T08:04:26.2380534Z 257/292 Test #257: PtpFlags.PdelayModelsKeepTheirStrictFlags ...............   Passed    0.02 sec
2026-09-22T08:04:26.2381870Z         Start 258: PtpFlags.NoMediaDependentModelPermitsPtpTimescale
2026-09-22T08:04:26.2531620Z 258/292 Test #258: PtpFlags.NoMediaDependentModelPermitsPtpTimescale .......   Passed    0.01 sec
2026-09-22T08:04:26.2533597Z         Start 259: PtpFlags.GeneratedSyncFramesCarryTwoStepFlagOnly
2026-09-22T08:04:26.2767134Z 259/292 Test #259: PtpFlags.GeneratedSyncFramesCarryTwoStepFlagOnly ........   Passed    0.02 sec
2026-09-22T08:04:26.2768214Z         Start 260: PtpFlags.GeneratedFollowUpFramesCarryNoFlags
2026-09-22T08:04:26.3035826Z 260/292 Test #260: PtpFlags.GeneratedFollowUpFramesCarryNoFlags ............   Passed    0.03 sec
2026-09-22T08:04:26.3036874Z         Start 261: PtpFlags.GeneratedPdelayFramesKeepTheirStrictFlags
2026-09-22T08:04:26.3466662Z 261/292 Test #261: PtpFlags.GeneratedPdelayFramesKeepTheirStrictFlags ......   Passed    0.04 sec
2026-09-22T08:04:26.3468025Z         Start 262: PtpFlags.GeneratedFramesMatchTheirModelsFlags
2026-09-22T08:04:26.3965779Z 262/292 Test #262: PtpFlags.GeneratedFramesMatchTheirModelsFlags ...........   Passed    0.05 sec
2026-09-22T08:04:26.3966891Z         Start 263: PtpFlags.DecoderRecoversOutOfProfileFlagsVerbatim
2026-09-22T08:04:26.4126715Z 263/292 Test #263: PtpFlags.DecoderRecoversOutOfProfileFlagsVerbatim .......   Passed    0.02 sec
2026-09-22T08:04:26.4127828Z         Start 264: PtpFlags.DecodingDoesNotApplyTheTransmitConstraint
2026-09-22T08:04:26.4286754Z 264/292 Test #264: PtpFlags.DecodingDoesNotApplyTheTransmitConstraint ......   Passed    0.02 sec
2026-09-22T08:04:26.4287833Z         Start 265: PtpFlags.SyncModelPermitsOnlyTwoStepFlag
2026-09-22T08:04:26.4676880Z 265/292 Test #265: PtpFlags.SyncModelPermitsOnlyTwoStepFlag ................   Passed    0.04 sec
2026-09-22T08:04:26.4677948Z         Start 266: PtpFlags.FollowUpModelPermitsOnlyAllFlagsClear
2026-09-22T08:04:26.5100971Z 266/292 Test #266: PtpFlags.FollowUpModelPermitsOnlyAllFlagsClear ..........   Passed    0.04 sec
2026-09-22T08:04:26.5102167Z         Start 267: PtpFlags.PdelayModelsKeepTheirStrictFlags
2026-09-22T08:04:26.5590547Z 267/292 Test #267: PtpFlags.PdelayModelsKeepTheirStrictFlags ...............   Passed    0.05 sec
2026-09-22T08:04:26.5591710Z         Start 268: PtpFlags.NoMediaDependentModelPermitsPtpTimescale
2026-09-22T08:04:26.6018828Z 268/292 Test #268: PtpFlags.NoMediaDependentModelPermitsPtpTimescale .......   Passed    0.04 sec
2026-09-22T08:04:26.6019945Z         Start 269: PtpFlags.GeneratedSyncFramesCarryTwoStepFlagOnly
2026-09-22T08:04:26.6621335Z 269/292 Test #269: PtpFlags.GeneratedSyncFramesCarryTwoStepFlagOnly ........   Passed    0.06 sec
2026-09-22T08:04:26.6622333Z         Start 270: PtpFlags.GeneratedFollowUpFramesCarryNoFlags
2026-09-22T08:04:26.7280054Z 270/292 Test #270: PtpFlags.GeneratedFollowUpFramesCarryNoFlags ............   Passed    0.07 sec
2026-09-22T08:04:26.7281181Z         Start 271: PtpFlags.GeneratedPdelayFramesKeepTheirStrictFlags
2026-09-22T08:04:26.8274830Z 271/292 Test #271: PtpFlags.GeneratedPdelayFramesKeepTheirStrictFlags ......   Passed    0.10 sec
2026-09-22T08:04:26.8275920Z         Start 272: PtpFlags.GeneratedFramesMatchTheirModelsFlags
2026-09-22T08:04:26.9366307Z 272/292 Test #272: PtpFlags.GeneratedFramesMatchTheirModelsFlags ...........   Passed    0.11 sec
2026-09-22T08:04:26.9367646Z         Start 273: PtpFlags.DecoderRecoversOutOfProfileFlagsVerbatim
2026-09-22T08:04:26.9799912Z 273/292 Test #273: PtpFlags.DecoderRecoversOutOfProfileFlagsVerbatim .......   Passed    0.04 sec
2026-09-22T08:04:26.9801039Z         Start 274: PtpFlags.DecodingDoesNotApplyTheTransmitConstraint
2026-09-22T08:04:27.0239129Z 274/292 Test #274: PtpFlags.DecodingDoesNotApplyTheTransmitConstraint ......   Passed    0.04 sec
2026-09-22T08:04:27.0240265Z         Start 275: PtpFlags.SyncModelPermitsOnlyTwoStepFlag
2026-09-22T08:04:27.0370114Z 275/292 Test #275: PtpFlags.SyncModelPermitsOnlyTwoStepFlag ................   Passed    0.01 sec
2026-09-22T08:04:27.0371000Z         Start 276: PtpFlags.FollowUpModelPermitsOnlyAllFlagsClear
2026-09-22T08:04:27.0495481Z 276/292 Test #276: PtpFlags.FollowUpModelPermitsOnlyAllFlagsClear ..........   Passed    0.01 sec
2026-09-22T08:04:27.0496402Z         Start 277: PtpFlags.PdelayModelsKeepTheirStrictFlags
2026-09-22T08:04:27.0617401Z 277/292 Test #277: PtpFlags.PdelayModelsKeepTheirStrictFlags ...............   Passed    0.01 sec
2026-09-22T08:04:27.0618358Z         Start 278: PtpFlags.NoMediaDependentModelPermitsPtpTimescale
2026-09-22T08:04:27.0736803Z 278/292 Test #278: PtpFlags.NoMediaDependentModelPermitsPtpTimescale .......   Passed    0.01 sec
2026-09-22T08:04:27.0737753Z         Start 279: PtpFlags.GeneratedSyncFramesCarryTwoStepFlagOnly
2026-09-22T08:04:27.0910811Z 279/292 Test #279: PtpFlags.GeneratedSyncFramesCarryTwoStepFlagOnly ........   Passed    0.02 sec
2026-09-22T08:04:27.0911657Z         Start 280: PtpFlags.GeneratedFollowUpFramesCarryNoFlags
2026-09-22T08:04:27.1102399Z 280/292 Test #280: PtpFlags.GeneratedFollowUpFramesCarryNoFlags ............   Passed    0.02 sec
2026-09-22T08:04:27.1103525Z         Start 281: PtpFlags.GeneratedPdelayFramesKeepTheirStrictFlags
2026-09-22T08:04:27.1404813Z 281/292 Test #281: PtpFlags.GeneratedPdelayFramesKeepTheirStrictFlags ......   Passed    0.03 sec
2026-09-22T08:04:27.1406161Z         Start 282: PtpFlags.GeneratedFramesMatchTheirModelsFlags
2026-09-22T08:04:27.1729313Z 282/292 Test #282: PtpFlags.GeneratedFramesMatchTheirModelsFlags ...........   Passed    0.03 sec
2026-09-22T08:04:27.1730468Z         Start 283: PtpFlags.DecoderRecoversOutOfProfileFlagsVerbatim
2026-09-22T08:04:27.1853703Z 283/292 Test #283: PtpFlags.DecoderRecoversOutOfProfileFlagsVerbatim .......   Passed    0.01 sec
2026-09-22T08:04:27.1854748Z         Start 284: PtpFlags.DecodingDoesNotApplyTheTransmitConstraint
2026-09-22T08:04:27.1972934Z 284/292 Test #284: PtpFlags.DecodingDoesNotApplyTheTransmitConstraint ......   Passed    0.01 sec
2026-09-22T08:04:27.1974068Z         Start 285: corpus_validates
2026-09-22T08:04:27.2065122Z 285/292 Test #285: corpus_validates ........................................   Passed    0.01 sec
2026-09-22T08:04:27.2065847Z         Start 286: sanitizer_probe-test.clean
2026-09-22T08:04:27.2081733Z 286/292 Test #286: sanitizer_probe-test.clean ..............................   Passed    0.00 sec
2026-09-22T08:04:27.2082529Z         Start 287: sanitizer_probe-test_ASAN.clean
2026-09-22T08:04:27.2169120Z 287/292 Test #287: sanitizer_probe-test_ASAN.clean .........................   Passed    0.01 sec
2026-09-22T08:04:27.2170177Z         Start 288: sanitizer_probe-test_UBSAN.clean
2026-09-22T08:04:27.2190744Z 288/292 Test #288: sanitizer_probe-test_UBSAN.clean ........................   Passed    0.00 sec
2026-09-22T08:04:27.2193660Z         Start 289: sanitizer_probe-test_ASAN.library-heap-overflow
2026-09-22T08:04:27.4812853Z 289/292 Test #289: sanitizer_probe-test_ASAN.library-heap-overflow .........   Passed    0.26 sec
2026-09-22T08:04:27.4909002Z         Start 290: sanitizer_probe-test_ASAN.consumer-heap-overflow
2026-09-22T08:04:27.5147081Z 290/292 Test #290: sanitizer_probe-test_ASAN.consumer-heap-overflow ........   Passed    0.02 sec
2026-09-22T08:04:27.5148119Z         Start 291: sanitizer_probe-test_UBSAN.library-signed-overflow
2026-09-22T08:04:27.5337069Z 291/292 Test #291: sanitizer_probe-test_UBSAN.library-signed-overflow ......   Passed    0.02 sec
2026-09-22T08:04:27.5337988Z         Start 292: sanitizer_probe-test_UBSAN.consumer-signed-overflow
2026-09-22T08:04:27.5385622Z 292/292 Test #292: sanitizer_probe-test_UBSAN.consumer-signed-overflow .....   Passed    0.00 sec
2026-09-22T08:04:27.5391778Z 
2026-09-22T08:04:27.5392142Z 100% tests passed, 0 tests failed out of 292
2026-09-22T08:04:27.5392505Z 
2026-09-22T08:04:27.5392884Z Total Test time (real) =   3.53 sec
2026-09-22T08:04:27.5805148Z ##[group]Run ./tests/run-tests-behave.sh
2026-09-22T08:04:27.5805515Z [36;1m./tests/run-tests-behave.sh[0m
2026-09-22T08:04:27.5841507Z shell: /usr/bin/bash -e {0}
2026-09-22T08:04:27.5841760Z ##[endgroup]
2026-09-22T08:04:31.5105957Z *** behave: /home/runner/work/tsn-gen/tsn-gen/traffic-gen/tests/aecp_behave/features
2026-09-22T08:04:31.6180325Z USING RUNNER: behave.runner:Runner
2026-09-22T08:04:31.6181535Z Feature: AECP AEM ACQUIRE_ENTITY and LOCK_ENTITY PDU generation # ../traffic-gen/tests/aecp_behave/features/aecp_acquire_lock_entity.feature:6
2026-09-22T08:04:31.6182320Z 
2026-09-22T08:04:31.6183467Z   Feature: AECP AEM ACQUIRE_ENTITY and LOCK_ENTITY PDU generation  # ../traffic-gen/tests/aecp_behave/features/aecp_acquire_lock_entity.feature:6
2026-09-22T08:04:31.6184426Z 
2026-09-22T08:04:31.6185320Z   Scenario: ACQUIRE_ENTITY command_type is always 0                                               # ../traffic-gen/tests/aecp_behave/features/aecp_acquire_lock_entity.feature:15
2026-09-22T08:04:31.6186981Z     Given the AECP protocol directory is loaded                                                   # ../traffic-gen/tests/aecp_behave/features/steps/packet_steps.py:17
2026-09-22T08:04:31.6194203Z     Given the interface "atdecc_aecp_acquire_entity::AECP_ACQUIRE_ENTITY::AECP_ACQUIRE_ENTITY_IF" # ../traffic-gen/tests/aecp_behave/features/steps/packet_steps.py:24
2026-09-22T08:04:31.6195252Z     When I generate 200 packets with seed 10                                                      # ../traffic-gen/tests/aecp_behave/features/steps/packet_steps.py:62
2026-09-22T08:04:31.6329235Z     Then the field "command_type" always equals 0                                                 # ../traffic-gen/tests/aecp_behave/features/steps/packet_steps.py:95
2026-09-22T08:04:31.6333677Z 
2026-09-22T08:04:31.6334680Z   Scenario: ACQUIRE_ENTITY acquire_entity_flags respects PERSISTENT|RELEASE mask                  # ../traffic-gen/tests/aecp_behave/features/aecp_acquire_lock_entity.feature:20
2026-09-22T08:04:31.6336321Z     Given the AECP protocol directory is loaded                                                   # ../traffic-gen/tests/aecp_behave/features/steps/packet_steps.py:17
2026-09-22T08:04:31.6338249Z     Given the interface "atdecc_aecp_acquire_entity::AECP_ACQUIRE_ENTITY::AECP_ACQUIRE_ENTITY_IF" # ../traffic-gen/tests/aecp_behave/features/steps/packet_steps.py:24
2026-09-22T08:04:31.6339447Z     When I generate 500 packets with seed 11                                                      # ../traffic-gen/tests/aecp_behave/features/steps/packet_steps.py:62
2026-09-22T08:04:31.6553809Z     Then the field "acquire_entity_flags" always satisfies mask 0xC0000000                        # ../traffic-gen/tests/aecp_behave/features/steps/packet_steps.py:126
2026-09-22T08:04:31.6559027Z 
2026-09-22T08:04:31.6559961Z   Scenario: ACQUIRE_ENTITY descriptor_type is a valid IEEE 1722.1 descriptor                      # ../traffic-gen/tests/aecp_behave/features/aecp_acquire_lock_entity.feature:25
2026-09-22T08:04:31.6561618Z     Given the AECP protocol directory is loaded                                                   # ../traffic-gen/tests/aecp_behave/features/steps/packet_steps.py:17
2026-09-22T08:04:31.6563637Z     Given the interface "atdecc_aecp_acquire_entity::AECP_ACQUIRE_ENTITY::AECP_ACQUIRE_ENTITY_IF" # ../traffic-gen/tests/aecp_behave/features/steps/packet_steps.py:24
2026-09-22T08:04:31.6565386Z     When I generate 500 packets with seed 12                                                      # ../traffic-gen/tests/aecp_behave/features/steps/packet_steps.py:62
2026-09-22T08:04:31.6773949Z     Then the field "descriptor_type" is always in range [0, 37]                                   # ../traffic-gen/tests/aecp_behave/features/steps/packet_steps.py:116
2026-09-22T08:04:31.6778366Z 
2026-09-22T08:04:31.6779458Z   Scenario: ACQUIRE_ENTITY message_type is AEM_COMMAND or AEM_RESPONSE                            # ../traffic-gen/tests/aecp_behave/features/aecp_acquire_lock_entity.feature:30
2026-09-22T08:04:31.6782047Z     Given the AECP protocol directory is loaded                                                   # ../traffic-gen/tests/aecp_behave/features/steps/packet_steps.py:17
2026-09-22T08:04:31.6784442Z     Given the interface "atdecc_aecp_acquire_entity::AECP_ACQUIRE_ENTITY::AECP_ACQUIRE_ENTITY_IF" # ../traffic-gen/tests/aecp_behave/features/steps/packet_steps.py:24
2026-09-22T08:04:31.6786115Z     When I generate 500 packets with seed 13                                                      # ../traffic-gen/tests/aecp_behave/features/steps/packet_steps.py:62
2026-09-22T08:04:31.6993441Z     Then the field "message_type" is always one of [0, 1]                                         # ../traffic-gen/tests/aecp_behave/features/steps/packet_steps.py:137
2026-09-22T08:04:31.6997680Z 
2026-09-22T08:04:31.6998529Z   Scenario: ACQUIRE_ENTITY control_data_length is always 36                                       # ../traffic-gen/tests/aecp_behave/features/aecp_acquire_lock_entity.feature:35
2026-09-22T08:04:31.7000058Z     Given the AECP protocol directory is loaded                                                   # ../traffic-gen/tests/aecp_behave/features/steps/packet_steps.py:17
2026-09-22T08:04:31.7001884Z     Given the interface "atdecc_aecp_acquire_entity::AECP_ACQUIRE_ENTITY::AECP_ACQUIRE_ENTITY_IF" # ../traffic-gen/tests/aecp_behave/features/steps/packet_steps.py:24
2026-09-22T08:04:31.7003817Z     When I generate 100 packets with seed 14                                                      # ../traffic-gen/tests/aecp_behave/features/steps/packet_steps.py:62
2026-09-22T08:04:31.7104943Z     Then the field "control_data_length" always equals 36                                         # ../traffic-gen/tests/aecp_behave/features/steps/packet_steps.py:95
2026-09-22T08:04:31.7107862Z 
2026-09-22T08:04:31.7108719Z   Scenario: ACQUIRE_ENTITY packet is 39 bytes (308 bits padded)                                   # ../traffic-gen/tests/aecp_behave/features/aecp_acquire_lock_entity.feature:40
2026-09-22T08:04:31.7110482Z     Given the AECP protocol directory is loaded                                                   # ../traffic-gen/tests/aecp_behave/features/steps/packet_steps.py:17
2026-09-22T08:04:31.7112542Z     Given the interface "atdecc_aecp_acquire_entity::AECP_ACQUIRE_ENTITY::AECP_ACQUIRE_ENTITY_IF" # ../traffic-gen/tests/aecp_behave/features/steps/packet_steps.py:24
2026-09-22T08:04:31.7114455Z     When I generate 50 packets with seed 15                                                       # ../traffic-gen/tests/aecp_behave/features/steps/packet_steps.py:62
2026-09-22T08:04:31.7201450Z     Then the packet size is always 39 bytes                                                       # ../traffic-gen/tests/aecp_behave/features/steps/packet_steps.py:148
2026-09-22T08:04:31.7204795Z 
2026-09-22T08:04:31.7205640Z   Scenario: LOCK_ENTITY command_type is always 1                                         # ../traffic-gen/tests/aecp_behave/features/aecp_acquire_lock_entity.feature:49
2026-09-22T08:04:31.7207277Z     Given the AECP protocol directory is loaded                                          # ../traffic-gen/tests/aecp_behave/features/steps/packet_steps.py:17
2026-09-22T08:04:31.7208947Z     Given the interface "atdecc_aecp_lock_entity::AECP_LOCK_ENTITY::AECP_LOCK_ENTITY_IF" # ../traffic-gen/tests/aecp_behave/features/steps/packet_steps.py:24
2026-09-22T08:04:31.7210662Z     When I generate 200 packets with seed 20                                             # ../traffic-gen/tests/aecp_behave/features/steps/packet_steps.py:62
2026-09-22T08:04:31.7338888Z     Then the field "command_type" always equals 1                                        # ../traffic-gen/tests/aecp_behave/features/steps/packet_steps.py:95
2026-09-22T08:04:31.7342013Z 
2026-09-22T08:04:31.7343333Z   Scenario: LOCK_ENTITY lock_entity_flags respects UNLOCK mask                           # ../traffic-gen/tests/aecp_behave/features/aecp_acquire_lock_entity.feature:54
2026-09-22T08:04:31.7345575Z     Given the AECP protocol directory is loaded                                          # ../traffic-gen/tests/aecp_behave/features/steps/packet_steps.py:17
2026-09-22T08:04:31.7347185Z     Given the interface "atdecc_aecp_lock_entity::AECP_LOCK_ENTITY::AECP_LOCK_ENTITY_IF" # ../traffic-gen/tests/aecp_behave/features/steps/packet_steps.py:24
2026-09-22T08:04:31.7348270Z     When I generate 500 packets with seed 21                                             # ../traffic-gen/tests/aecp_behave/features/steps/packet_steps.py:62
2026-09-22T08:04:31.7554152Z     Then the field "lock_entity_flags" always satisfies mask 0x80000000                  # ../traffic-gen/tests/aecp_behave/features/steps/packet_steps.py:126
2026-09-22T08:04:31.7558590Z 
2026-09-22T08:04:31.7559524Z   Scenario: LOCK_ENTITY descriptor_type is a valid IEEE 1722.1 descriptor                # ../traffic-gen/tests/aecp_behave/features/aecp_acquire_lock_entity.feature:59
2026-09-22T08:04:31.7561190Z     Given the AECP protocol directory is loaded                                          # ../traffic-gen/tests/aecp_behave/features/steps/packet_steps.py:17
2026-09-22T08:04:31.7562919Z     Given the interface "atdecc_aecp_lock_entity::AECP_LOCK_ENTITY::AECP_LOCK_ENTITY_IF" # ../traffic-gen/tests/aecp_behave/features/steps/packet_steps.py:24
2026-09-22T08:04:31.7564164Z     When I generate 500 packets with seed 22                                             # ../traffic-gen/tests/aecp_behave/features/steps/packet_steps.py:62
2026-09-22T08:04:31.7767071Z     Then the field "descriptor_type" is always in range [0, 37]                          # ../traffic-gen/tests/aecp_behave/features/steps/packet_steps.py:116
2026-09-22T08:04:31.7772254Z 
2026-09-22T08:04:31.7773382Z   Scenario: LOCK_ENTITY control_data_length is always 36                                 # ../traffic-gen/tests/aecp_behave/features/aecp_acquire_lock_entity.feature:64
2026-09-22T08:04:31.7775550Z     Given the AECP protocol directory is loaded                                          # ../traffic-gen/tests/aecp_behave/features/steps/packet_steps.py:17
2026-09-22T08:04:31.7778984Z     Given the interface "atdecc_aecp_lock_entity::AECP_LOCK_ENTITY::AECP_LOCK_ENTITY_IF" # ../traffic-gen/tests/aecp_behave/features/steps/packet_steps.py:24
2026-09-22T08:04:31.7780591Z     When I generate 100 packets with seed 23                                             # ../traffic-gen/tests/aecp_behave/features/steps/packet_steps.py:62
2026-09-22T08:04:31.7878854Z     Then the field "control_data_length" always equals 36                                # ../traffic-gen/tests/aecp_behave/features/steps/packet_steps.py:95
2026-09-22T08:04:31.7882697Z 
2026-09-22T08:04:31.7883496Z   Scenario: ACQUIRE_ENTITY packets are written to a pcap capture file                             # ../traffic-gen/tests/aecp_behave/features/aecp_acquire_lock_entity.feature:73
2026-09-22T08:04:31.7884617Z     Given the AECP protocol directory is loaded                                                   # ../traffic-gen/tests/aecp_behave/features/steps/packet_steps.py:17
2026-09-22T08:04:31.7886219Z     Given the interface "atdecc_aecp_acquire_entity::AECP_ACQUIRE_ENTITY::AECP_ACQUIRE_ENTITY_IF" # ../traffic-gen/tests/aecp_behave/features/steps/packet_steps.py:24
2026-09-22T08:04:31.7889915Z     When I generate 10 packets with seed 30 to pcap file "/tmp/aecp_acquire.pcap"                 # ../traffic-gen/tests/aecp_behave/features/steps/packet_steps.py:72
2026-09-22T08:04:31.7973740Z     Then the pcap file "/tmp/aecp_acquire.pcap" exists                                            # ../traffic-gen/tests/aecp_behave/features/steps/packet_steps.py:232
2026-09-22T08:04:31.7975498Z     And the pcap file "/tmp/aecp_acquire.pcap" contains 10 packets                                # ../traffic-gen/tests/aecp_behave/features/steps/packet_steps.py:237
2026-09-22T08:04:31.7978038Z 
2026-09-22T08:04:31.7981094Z Feature: AECP AEM audio mapping PDU generation # ../traffic-gen/tests/aecp_behave/features/aecp_audio_mapping.feature:7
2026-09-22T08:04:31.7981590Z 
2026-09-22T08:04:31.7982183Z   Feature: AECP AEM audio mapping PDU generation  # ../traffic-gen/tests/aecp_behave/features/aecp_audio_mapping.feature:7
2026-09-22T08:04:31.7983157Z 
2026-09-22T08:04:31.7983663Z   Scenario: GET_AUDIO_MAP command_type is always 43                                            # ../traffic-gen/tests/aecp_behave/features/aecp_audio_mapping.feature:16
2026-09-22T08:04:31.7984656Z     Given the AECP protocol directory is loaded                                                # ../traffic-gen/tests/aecp_behave/features/steps/packet_steps.py:17
2026-09-22T08:04:31.7985865Z     Given the interface "atdecc_aecp_get_audio_map::AECP_GET_AUDIO_MAP::AECP_GET_AUDIO_MAP_IF" # ../traffic-gen/tests/aecp_behave/features/steps/packet_steps.py:24
2026-09-22T08:04:31.7987116Z     When I generate 200 packets with seed 150                                                  # ../traffic-gen/tests/aecp_behave/features/steps/packet_steps.py:62
2026-09-22T08:04:31.8115231Z     Then the field "command_type" always equals 43                                             # ../traffic-gen/tests/aecp_behave/features/steps/packet_steps.py:95
2026-09-22T08:04:31.8118831Z 
2026-09-22T08:04:31.8119424Z   Scenario: GET_AUDIO_MAP control_data_length is always 28                                     # ../traffic-gen/tests/aecp_behave/features/aecp_audio_mapping.feature:21
2026-09-22T08:04:31.8120700Z     Given the AECP protocol directory is loaded                                                # ../traffic-gen/tests/aecp_behave/features/steps/packet_steps.py:17
2026-09-22T08:04:31.8121843Z     Given the interface "atdecc_aecp_get_audio_map::AECP_GET_AUDIO_MAP::AECP_GET_AUDIO_MAP_IF" # ../traffic-gen/tests/aecp_behave/features/steps/packet_steps.py:24
2026-09-22T08:04:31.8123402Z     When I generate 100 packets with seed 151                                                  # ../traffic-gen/tests/aecp_behave/features/steps/packet_steps.py:62
2026-09-22T08:04:31.8224965Z     Then the field "control_data_length" always equals 28                                      # ../traffic-gen/tests/aecp_behave/features/steps/packet_steps.py:95
2026-09-22T08:04:31.8228493Z 
2026-09-22T08:04:31.8229182Z   Scenario: GET_AUDIO_MAP reserved field is always zero                                        # ../traffic-gen/tests/aecp_behave/features/aecp_audio_mapping.feature:26
2026-09-22T08:04:31.8230637Z     Given the AECP protocol directory is loaded                                                # ../traffic-gen/tests/aecp_behave/features/steps/packet_steps.py:17
2026-09-22T08:04:31.8232042Z     Given the interface "atdecc_aecp_get_audio_map::AECP_GET_AUDIO_MAP::AECP_GET_AUDIO_MAP_IF" # ../traffic-gen/tests/aecp_behave/features/steps/packet_steps.py:24
2026-09-22T08:04:31.8233603Z     When I generate 200 packets with seed 152                                                  # ../traffic-gen/tests/aecp_behave/features/steps/packet_steps.py:62
2026-09-22T08:04:31.8358590Z     Then the field "reserved" always equals 0                                                  # ../traffic-gen/tests/aecp_behave/features/steps/packet_steps.py:95
2026-09-22T08:04:31.8362288Z 
2026-09-22T08:04:31.8363111Z   Scenario: GET_AUDIO_MAP descriptor_type is a valid IEEE 1722.1 descriptor                    # ../traffic-gen/tests/aecp_behave/features/aecp_audio_mapping.feature:31
2026-09-22T08:04:31.8364625Z     Given the AECP protocol directory is loaded                                                # ../traffic-gen/tests/aecp_behave/features/steps/packet_steps.py:17
2026-09-22T08:04:31.8365846Z     Given the interface "atdecc_aecp_get_audio_map::AECP_GET_AUDIO_MAP::AECP_GET_AUDIO_MAP_IF" # ../traffic-gen/tests/aecp_behave/features/steps/packet_steps.py:24
2026-09-22T08:04:31.8367233Z     When I generate 500 packets with seed 153                                                  # ../traffic-gen/tests/aecp_behave/features/steps/packet_steps.py:62
2026-09-22T08:04:31.8573535Z     Then the field "descriptor_type" is always in range [0, 37]                                # ../traffic-gen/tests/aecp_behave/features/steps/packet_steps.py:116
2026-09-22T08:04:31.8578626Z 
2026-09-22T08:04:31.8579282Z   Scenario: GET_AUDIO_MAP packet is 31 bytes (244 bits padded)                                 # ../traffic-gen/tests/aecp_behave/features/aecp_audio_mapping.feature:36
2026-09-22T08:04:31.8580634Z     Given the AECP protocol directory is loaded                                                # ../traffic-gen/tests/aecp_behave/features/steps/packet_steps.py:17
2026-09-22T08:04:31.8581877Z     Given the interface "atdecc_aecp_get_audio_map::AECP_GET_AUDIO_MAP::AECP_GET_AUDIO_MAP_IF" # ../traffic-gen/tests/aecp_behave/features/steps/packet_steps.py:24
2026-09-22T08:04:31.8583444Z     When I generate 50 packets with seed 154                                                   # ../traffic-gen/tests/aecp_behave/features/steps/packet_steps.py:62
2026-09-22T08:04:31.8672197Z     Then the packet size is always 31 bytes                                                    # ../traffic-gen/tests/aecp_behave/features/steps/packet_steps.py:148
2026-09-22T08:04:31.8676026Z 
2026-09-22T08:04:31.8676634Z   Scenario: Audio mappings command_type is ADD or REMOVE                                          # ../traffic-gen/tests/aecp_behave/features/aecp_audio_mapping.feature:45
2026-09-22T08:04:31.8677989Z     Given the AECP protocol directory is loaded                                                   # ../traffic-gen/tests/aecp_behave/features/steps/packet_steps.py:17
2026-09-22T08:04:31.8679257Z     Given the interface "atdecc_aecp_audio_mappings::AECP_AUDIO_MAPPINGS::AECP_AUDIO_MAPPINGS_IF" # ../traffic-gen/tests/aecp_behave/features/steps/packet_steps.py:24
2026-09-22T08:04:31.8680631Z     When I generate 500 packets with seed 160                                                     # ../traffic-gen/tests/aecp_behave/features/steps/packet_steps.py:62
2026-09-22T08:04:31.8919946Z     Then the field "command_type" is always one of [44, 45]                                       # ../traffic-gen/tests/aecp_behave/features/steps/packet_steps.py:137
2026-09-22T08:04:31.8925998Z 
2026-09-22T08:04:31.8926691Z   Scenario: Audio mappings number_of_mappings is always 1                                         # ../traffic-gen/tests/aecp_behave/features/aecp_audio_mapping.feature:50
2026-09-22T08:04:31.8928299Z     Given the AECP protocol directory is loaded                                                   # ../traffic-gen/tests/aecp_behave/features/steps/packet_steps.py:17
2026-09-22T08:04:31.8929724Z     Given the interface "atdecc_aecp_audio_mappings::AECP_AUDIO_MAPPINGS::AECP_AUDIO_MAPPINGS_IF" # ../traffic-gen/tests/aecp_behave/features/steps/packet_steps.py:24
2026-09-22T08:04:31.8930985Z     When I generate 200 packets with seed 161                                                     # ../traffic-gen/tests/aecp_behave/features/steps/packet_steps.py:62
2026-09-22T08:04:31.9073213Z     Then the field "number_of_mappings" always equals 1                                           # ../traffic-gen/tests/aecp_behave/features/steps/packet_steps.py:95
2026-09-22T08:04:31.9077375Z 
2026-09-22T08:04:31.9078114Z   Scenario: Audio mappings control_data_length is always 36                                       # ../traffic-gen/tests/aecp_behave/features/aecp_audio_mapping.feature:55
2026-09-22T08:04:31.9079520Z     Given the AECP protocol directory is loaded                                                   # ../traffic-gen/tests/aecp_behave/features/steps/packet_steps.py:17
2026-09-22T08:04:31.9080936Z     Given the interface "atdecc_aecp_audio_mappings::AECP_AUDIO_MAPPINGS::AECP_AUDIO_MAPPINGS_IF" # ../traffic-gen/tests/aecp_behave/features/steps/packet_steps.py:24
2026-09-22T08:04:31.9082229Z     When I generate 100 packets with seed 162                                                     # ../traffic-gen/tests/aecp_behave/features/steps/packet_steps.py:62
2026-09-22T08:04:31.9191224Z     Then the field "control_data_length" always equals 36                                         # ../traffic-gen/tests/aecp_behave/features/steps/packet_steps.py:95
2026-09-22T08:04:31.9195268Z 
2026-09-22T08:04:31.9195928Z   Scenario: Audio mappings reserved field is always zero                                          # ../traffic-gen/tests/aecp_behave/features/aecp_audio_mapping.feature:60
2026-09-22T08:04:31.9197407Z     Given the AECP protocol directory is loaded                                                   # ../traffic-gen/tests/aecp_behave/features/steps/packet_steps.py:17
2026-09-22T08:04:31.9198964Z     Given the interface "atdecc_aecp_audio_mappings::AECP_AUDIO_MAPPINGS::AECP_AUDIO_MAPPINGS_IF" # ../traffic-gen/tests/aecp_behave/features/steps/packet_steps.py:24
2026-09-22T08:04:31.9200192Z     When I generate 200 packets with seed 163                                                     # ../traffic-gen/tests/aecp_behave/features/steps/packet_steps.py:62
2026-09-22T08:04:31.9341360Z     Then the field "reserved" always equals 0                                                     # ../traffic-gen/tests/aecp_behave/features/steps/packet_steps.py:95
2026-09-22T08:04:31.9345842Z 
2026-09-22T08:04:31.9346573Z   Scenario: Audio mappings descriptor_type is a valid IEEE 1722.1 descriptor                      # ../traffic-gen/tests/aecp_behave/features/aecp_audio_mapping.feature:65
2026-09-22T08:04:31.9347886Z     Given the AECP protocol directory is loaded                                                   # ../traffic-gen/tests/aecp_behave/features/steps/packet_steps.py:17
2026-09-22T08:04:31.9349173Z     Given the interface "atdecc_aecp_audio_mappings::AECP_AUDIO_MAPPINGS::AECP_AUDIO_MAPPINGS_IF" # ../traffic-gen/tests/aecp_behave/features/steps/packet_steps.py:24
2026-09-22T08:04:31.9350533Z     When I generate 500 packets with seed 164                                                     # ../traffic-gen/tests/aecp_behave/features/steps/packet_steps.py:62
2026-09-22T08:04:31.9590215Z     Then the field "descriptor_type" is always in range [0, 37]                                   # ../traffic-gen/tests/aecp_behave/features/steps/packet_steps.py:116
2026-09-22T08:04:31.9595867Z 
2026-09-22T08:04:31.9596550Z   Scenario: Audio mappings packet is 39 bytes (308 bits padded)                                   # ../traffic-gen/tests/aecp_behave/features/aecp_audio_mapping.feature:70
2026-09-22T08:04:31.9598294Z     Given the AECP protocol directory is loaded                                                   # ../traffic-gen/tests/aecp_behave/features/steps/packet_steps.py:17
2026-09-22T08:04:31.9599764Z     Given the interface "atdecc_aecp_audio_mappings::AECP_AUDIO_MAPPINGS::AECP_AUDIO_MAPPINGS_IF" # ../traffic-gen/tests/aecp_behave/features/steps/packet_steps.py:24
2026-09-22T08:04:31.9600907Z     When I generate 50 packets with seed 165                                                      # ../traffic-gen/tests/aecp_behave/features/steps/packet_steps.py:62
2026-09-22T08:04:31.9696054Z     Then the packet size is always 39 bytes                                                       # ../traffic-gen/tests/aecp_behave/features/steps/packet_steps.py:148
2026-09-22T08:04:31.9699576Z 
2026-09-22T08:04:31.9700233Z   Scenario: ADD_AUDIO_MAPPINGS packets are captured to a pcap file                                # ../traffic-gen/tests/aecp_behave/features/aecp_audio_mapping.feature:79
2026-09-22T08:04:31.9701500Z     Given the AECP protocol directory is loaded                                                   # ../traffic-gen/tests/aecp_behave/features/steps/packet_steps.py:17
2026-09-22T08:04:31.9702712Z     Given the interface "atdecc_aecp_audio_mappings::AECP_AUDIO_MAPPINGS::AECP_AUDIO_MAPPINGS_IF" # ../traffic-gen/tests/aecp_behave/features/steps/packet_steps.py:24
2026-09-22T08:04:31.9704023Z     When I generate 15 packets with seed 170 to pcap file "/tmp/aecp_audio_map.pcap"              # ../traffic-gen/tests/aecp_behave/features/steps/packet_steps.py:72
2026-09-22T08:04:31.9787157Z     Then the pcap file "/tmp/aecp_audio_map.pcap" exists                                          # ../traffic-gen/tests/aecp_behave/features/steps/packet_steps.py:232
2026-09-22T08:04:31.9789141Z     And the pcap file "/tmp/aecp_audio_map.pcap" contains 15 packets                              # ../traffic-gen/tests/aecp_behave/features/steps/packet_steps.py:237
2026-09-22T08:04:31.9791791Z 
2026-09-22T08:04:31.9795071Z Feature: AECP AEM descriptor operation PDU generation # ../traffic-gen/tests/aecp_behave/features/aecp_descriptor_ops.feature:8
2026-09-22T08:04:31.9795590Z 
2026-09-22T08:04:31.9795990Z   Feature: AECP AEM descriptor operation PDU generation  # ../traffic-gen/tests/aecp_behave/features/aecp_descriptor_ops.feature:8
2026-09-22T08:04:31.9796669Z 
2026-09-22T08:04:31.9797125Z   Scenario: READ_DESCRIPTOR command_type is always 4                                                 # ../traffic-gen/tests/aecp_behave/features/aecp_descriptor_ops.feature:17
2026-09-22T08:04:31.9798213Z     Given the AECP protocol directory is loaded                                                      # ../traffic-gen/tests/aecp_behave/features/steps/packet_steps.py:17
2026-09-22T08:04:31.9799327Z     Given the interface "atdecc_aecp_read_descriptor::AECP_READ_DESCRIPTOR::AECP_READ_DESCRIPTOR_IF" # ../traffic-gen/tests/aecp_behave/features/steps/packet_steps.py:24
2026-09-22T08:04:31.9800502Z     When I generate 200 packets with seed 40                                                         # ../traffic-gen/tests/aecp_behave/features/steps/packet_steps.py:62
2026-09-22T08:04:31.9926480Z     Then the field "command_type" always equals 4                                                    # ../traffic-gen/tests/aecp_behave/features/steps/packet_steps.py:95
2026-09-22T08:04:31.9930113Z 
2026-09-22T08:04:31.9930732Z   Scenario: READ_DESCRIPTOR control_data_length is always 28                                         # ../traffic-gen/tests/aecp_behave/features/aecp_descriptor_ops.feature:22
2026-09-22T08:04:31.9932033Z     Given the AECP protocol directory is loaded                                                      # ../traffic-gen/tests/aecp_behave/features/steps/packet_steps.py:17
2026-09-22T08:04:31.9933450Z     Given the interface "atdecc_aecp_read_descriptor::AECP_READ_DESCRIPTOR::AECP_READ_DESCRIPTOR_IF" # ../traffic-gen/tests/aecp_behave/features/steps/packet_steps.py:24
2026-09-22T08:04:31.9935026Z     When I generate 100 packets with seed 41                                                         # ../traffic-gen/tests/aecp_behave/features/steps/packet_steps.py:62
2026-09-22T08:04:32.0035838Z     Then the field "control_data_length" always equals 28                                            # ../traffic-gen/tests/aecp_behave/features/steps/packet_steps.py:95
2026-09-22T08:04:32.0039107Z 
2026-09-22T08:04:32.0039763Z   Scenario: READ_DESCRIPTOR reserved field is always zero                                            # ../traffic-gen/tests/aecp_behave/features/aecp_descriptor_ops.feature:27
2026-09-22T08:04:32.0041098Z     Given the AECP protocol directory is loaded                                                      # ../traffic-gen/tests/aecp_behave/features/steps/packet_steps.py:17
2026-09-22T08:04:32.0042793Z     Given the interface "atdecc_aecp_read_descriptor::AECP_READ_DESCRIPTOR::AECP_READ_DESCRIPTOR_IF" # ../traffic-gen/tests/aecp_behave/features/steps/packet_steps.py:24
2026-09-22T08:04:32.0044518Z     When I generate 200 packets with seed 42                                                         # ../traffic-gen/tests/aecp_behave/features/steps/packet_steps.py:62
2026-09-22T08:04:32.0169062Z     Then the field "reserved" always equals 0                                                        # ../traffic-gen/tests/aecp_behave/features/steps/packet_steps.py:95
2026-09-22T08:04:32.0172340Z 
2026-09-22T08:04:32.0173634Z   Scenario: READ_DESCRIPTOR descriptor_type is a valid IEEE 1722.1 descriptor                        # ../traffic-gen/tests/aecp_behave/features/aecp_descriptor_ops.feature:32
2026-09-22T08:04:32.0175624Z     Given the AECP protocol directory is loaded                                                      # ../traffic-gen/tests/aecp_behave/features/steps/packet_steps.py:17
2026-09-22T08:04:32.0178323Z     Given the interface "atdecc_aecp_read_descriptor::AECP_READ_DESCRIPTOR::AECP_READ_DESCRIPTOR_IF" # ../traffic-gen/tests/aecp_behave/features/steps/packet_steps.py:24
2026-09-22T08:04:32.0180581Z     When I generate 500 packets with seed 43                                                         # ../traffic-gen/tests/aecp_behave/features/steps/packet_steps.py:62
2026-09-22T08:04:32.0372447Z     Then the field "descriptor_type" is always in range [0, 37]                                      # ../traffic-gen/tests/aecp_behave/features/steps/packet_steps.py:116
2026-09-22T08:04:32.0377342Z 
2026-09-22T08:04:32.0378201Z   Scenario: READ_DESCRIPTOR packet is 31 bytes (244 bits padded)                                     # ../traffic-gen/tests/aecp_behave/features/aecp_descriptor_ops.feature:37
2026-09-22T08:04:32.0379639Z     Given the AECP protocol directory is loaded                                                      # ../traffic-gen/tests/aecp_behave/features/steps/packet_steps.py:17
2026-09-22T08:04:32.0380914Z     Given the interface "atdecc_aecp_read_descriptor::AECP_READ_DESCRIPTOR::AECP_READ_DESCRIPTOR_IF" # ../traffic-gen/tests/aecp_behave/features/steps/packet_steps.py:24
2026-09-22T08:04:32.0382234Z     When I generate 50 packets with seed 44                                                          # ../traffic-gen/tests/aecp_behave/features/steps/packet_steps.py:62
2026-09-22T08:04:32.0472805Z     Then the packet size is always 31 bytes                                                          # ../traffic-gen/tests/aecp_behave/features/steps/packet_steps.py:148
2026-09-22T08:04:32.0476064Z 
2026-09-22T08:04:32.0476909Z   Scenario: SET_CONFIGURATION command_type is always 6                                                     # ../traffic-gen/tests/aecp_behave/features/aecp_descriptor_ops.feature:46
2026-09-22T08:04:32.0478465Z     Given the AECP protocol directory is loaded                                                            # ../traffic-gen/tests/aecp_behave/features/steps/packet_steps.py:17
2026-09-22T08:04:32.0480084Z     Given the interface "atdecc_aecp_set_configuration::AECP_SET_CONFIGURATION::AECP_SET_CONFIGURATION_IF" # ../traffic-gen/tests/aecp_behave/features/steps/packet_steps.py:24
2026-09-22T08:04:32.0481597Z     When I generate 200 packets with seed 50                                                               # ../traffic-gen/tests/aecp_behave/features/steps/packet_steps.py:62
2026-09-22T08:04:32.0600685Z     Then the field "command_type" always equals 6                                                          # ../traffic-gen/tests/aecp_behave/features/steps/packet_steps.py:95
2026-09-22T08:04:32.0604374Z 
2026-09-22T08:04:32.0605406Z   Scenario: SET_CONFIGURATION control_data_length is always 24                                             # ../traffic-gen/tests/aecp_behave/features/aecp_descriptor_ops.feature:51
2026-09-22T08:04:32.0607270Z     Given the AECP protocol directory is loaded                                                            # ../traffic-gen/tests/aecp_behave/features/steps/packet_steps.py:17
2026-09-22T08:04:32.0609172Z     Given the interface "atdecc_aecp_set_configuration::AECP_SET_CONFIGURATION::AECP_SET_CONFIGURATION_IF" # ../traffic-gen/tests/aecp_behave/features/steps/packet_steps.py:24
2026-09-22T08:04:32.0610580Z     When I generate 100 packets with seed 51                                                               # ../traffic-gen/tests/aecp_behave/features/steps/packet_steps.py:62
2026-09-22T08:04:32.0707464Z     Then the field "control_data_length" always equals 24                                                  # ../traffic-gen/tests/aecp_behave/features/steps/packet_steps.py:95
2026-09-22T08:04:32.0710401Z 
2026-09-22T08:04:32.0711262Z   Scenario: SET_CONFIGURATION reserved field is always zero                                                # ../traffic-gen/tests/aecp_behave/features/aecp_descriptor_ops.feature:56
2026-09-22T08:04:32.0713259Z     Given the AECP protocol directory is loaded                                                            # ../traffic-gen/tests/aecp_behave/features/steps/packet_steps.py:17
2026-09-22T08:04:32.0714904Z     Given the interface "atdecc_aecp_set_configuration::AECP_SET_CONFIGURATION::AECP_SET_CONFIGURATION_IF" # ../traffic-gen/tests/aecp_behave/features/steps/packet_steps.py:24
2026-09-22T08:04:32.0716098Z     When I generate 200 packets with seed 52                                                               # ../traffic-gen/tests/aecp_behave/features/steps/packet_steps.py:62
2026-09-22T08:04:32.0834001Z     Then the field "reserved" always equals 0                                                              # ../traffic-gen/tests/aecp_behave/features/steps/packet_steps.py:95
2026-09-22T08:04:32.0837086Z 
2026-09-22T08:04:32.0838159Z   Scenario: SET_CONFIGURATION packet is 27 bytes (212 bits padded)                                         # ../traffic-gen/tests/aecp_behave/features/aecp_descriptor_ops.feature:61
2026-09-22T08:04:32.0840191Z     Given the AECP protocol directory is loaded                                                            # ../traffic-gen/tests/aecp_behave/features/steps/packet_steps.py:17
2026-09-22T08:04:32.0842113Z     Given the interface "atdecc_aecp_set_configuration::AECP_SET_CONFIGURATION::AECP_SET_CONFIGURATION_IF" # ../traffic-gen/tests/aecp_behave/features/steps/packet_steps.py:24
2026-09-22T08:04:32.0843885Z     When I generate 50 packets with seed 53                                                                # ../traffic-gen/tests/aecp_behave/features/steps/packet_steps.py:62
2026-09-22T08:04:32.0927504Z     Then the packet size is always 27 bytes                                                                # ../traffic-gen/tests/aecp_behave/features/steps/packet_steps.py:148
2026-09-22T08:04:32.0931243Z 
2026-09-22T08:04:32.0932063Z   Scenario: Descriptor query command_type is one of the defined query commands                                # ../traffic-gen/tests/aecp_behave/features/aecp_descriptor_ops.feature:70
2026-09-22T08:04:32.0933459Z     Given the AECP protocol directory is loaded                                                               # ../traffic-gen/tests/aecp_behave/features/steps/packet_steps.py:17
2026-09-22T08:04:32.0934779Z     Given the interface "atdecc_aecp_aem_descriptor_query::AECP_AEM_DESCRIPTOR_QUERY::AECP_AEM_DESC_QUERY_IF" # ../traffic-gen/tests/aecp_behave/features/steps/packet_steps.py:24
2026-09-22T08:04:32.0935942Z     When I generate 500 packets with seed 60                                                                  # ../traffic-gen/tests/aecp_behave/features/steps/packet_steps.py:62
2026-09-22T08:04:32.1127618Z     Then the field "command_type" is always one of [9, 15, 21, 23, 25, 26, 27, 34, 35, 39, 40, 41, 42]        # ../traffic-gen/tests/aecp_behave/features/steps/packet_steps.py:137
2026-09-22T08:04:32.1132796Z 
2026-09-22T08:04:32.1133459Z   Scenario: Descriptor query control_data_length is always 24                                                 # ../traffic-gen/tests/aecp_behave/features/aecp_descriptor_ops.feature:75
2026-09-22T08:04:32.1134858Z     Given the AECP protocol directory is loaded                                                               # ../traffic-gen/tests/aecp_behave/features/steps/packet_steps.py:17
2026-09-22T08:04:32.1136270Z     Given the interface "atdecc_aecp_aem_descriptor_query::AECP_AEM_DESCRIPTOR_QUERY::AECP_AEM_DESC_QUERY_IF" # ../traffic-gen/tests/aecp_behave/features/steps/packet_steps.py:24
2026-09-22T08:04:32.1137748Z     When I generate 100 packets with seed 61                                                                  # ../traffic-gen/tests/aecp_behave/features/steps/packet_steps.py:62
2026-09-22T08:04:32.1237716Z     Then the field "control_data_length" always equals 24                                                     # ../traffic-gen/tests/aecp_behave/features/steps/packet_steps.py:95
2026-09-22T08:04:32.1241161Z 
2026-09-22T08:04:32.1242079Z   Scenario: Descriptor query descriptor_type is a valid IEEE 1722.1 descriptor                                # ../traffic-gen/tests/aecp_behave/features/aecp_descriptor_ops.feature:80
2026-09-22T08:04:32.1243951Z     Given the AECP protocol directory is loaded                                                               # ../traffic-gen/tests/aecp_behave/features/steps/packet_steps.py:17
2026-09-22T08:04:32.1245388Z     Given the interface "atdecc_aecp_aem_descriptor_query::AECP_AEM_DESCRIPTOR_QUERY::AECP_AEM_DESC_QUERY_IF" # ../traffic-gen/tests/aecp_behave/features/steps/packet_steps.py:24
2026-09-22T08:04:32.1246585Z     When I generate 500 packets with seed 62                                                                  # ../traffic-gen/tests/aecp_behave/features/steps/packet_steps.py:62
2026-09-22T08:04:32.1433011Z     Then the field "descriptor_type" is always in range [0, 37]                                               # ../traffic-gen/tests/aecp_behave/features/steps/packet_steps.py:116
2026-09-22T08:04:32.1438026Z 
2026-09-22T08:04:32.1438776Z   Scenario: Descriptor query packet is 27 bytes (212 bits padded)                                             # ../traffic-gen/tests/aecp_behave/features/aecp_descriptor_ops.feature:85
2026-09-22T08:04:32.1440218Z     Given the AECP protocol directory is loaded                                                               # ../traffic-gen/tests/aecp_behave/features/steps/packet_steps.py:17
2026-09-22T08:04:32.1441755Z     Given the interface "atdecc_aecp_aem_descriptor_query::AECP_AEM_DESCRIPTOR_QUERY::AECP_AEM_DESC_QUERY_IF" # ../traffic-gen/tests/aecp_behave/features/steps/packet_steps.py:24
2026-09-22T08:04:32.1443182Z     When I generate 50 packets with seed 63                                                                   # ../traffic-gen/tests/aecp_behave/features/steps/packet_steps.py:62
2026-09-22T08:04:32.1529870Z     Then the packet size is always 27 bytes                                                                   # ../traffic-gen/tests/aecp_behave/features/steps/packet_steps.py:148
2026-09-22T08:04:32.1532070Z 
2026-09-22T08:04:32.1535578Z Feature: AECP AEM name and control PDU generation # ../traffic-gen/tests/aecp_behave/features/aecp_name_control.feature:8
2026-09-22T08:04:32.1536368Z 
2026-09-22T08:04:32.1536987Z   Feature: AECP AEM name and control PDU generation  # ../traffic-gen/tests/aecp_behave/features/aecp_name_control.feature:8
2026-09-22T08:04:32.1537626Z 
2026-09-22T08:04:32.1538110Z   Scenario: SET_NAME command_type is always 16                                  # ../traffic-gen/tests/aecp_behave/features/aecp_name_control.feature:17
2026-09-22T08:04:32.1539365Z     Given the AECP protocol directory is loaded                                 # ../traffic-gen/tests/aecp_behave/features/steps/packet_steps.py:17
2026-09-22T08:04:32.1540726Z     Given the interface "atdecc_aecp_set_name::AECP_SET_NAME::AECP_SET_NAME_IF" # ../traffic-gen/tests/aecp_behave/features/steps/packet_steps.py:24
2026-09-22T08:04:32.1541827Z     When I generate 200 packets with seed 100                                   # ../traffic-gen/tests/aecp_behave/features/steps/packet_steps.py:62
2026-09-22T08:04:32.1688755Z     Then the field "command_type" always equals 16                              # ../traffic-gen/tests/aecp_behave/features/steps/packet_steps.py:95
2026-09-22T08:04:32.1692491Z 
2026-09-22T08:04:32.1693405Z   Scenario: SET_NAME control_data_length is always 92                           # ../traffic-gen/tests/aecp_behave/features/aecp_name_control.feature:22
2026-09-22T08:04:32.1694656Z     Given the AECP protocol directory is loaded                                 # ../traffic-gen/tests/aecp_behave/features/steps/packet_steps.py:17
2026-09-22T08:04:32.1695735Z     Given the interface "atdecc_aecp_set_name::AECP_SET_NAME::AECP_SET_NAME_IF" # ../traffic-gen/tests/aecp_behave/features/steps/packet_steps.py:24
2026-09-22T08:04:32.1696951Z     When I generate 100 packets with seed 101                                   # ../traffic-gen/tests/aecp_behave/features/steps/packet_steps.py:62
2026-09-22T08:04:32.1809047Z     Then the field "control_data_length" always equals 92                       # ../traffic-gen/tests/aecp_behave/features/steps/packet_steps.py:95
2026-09-22T08:04:32.1812202Z 
2026-09-22T08:04:32.1813059Z   Scenario: SET_NAME descriptor_type is a valid IEEE 1722.1 descriptor          # ../traffic-gen/tests/aecp_behave/features/aecp_name_control.feature:27
2026-09-22T08:04:32.1814370Z     Given the AECP protocol directory is loaded                                 # ../traffic-gen/tests/aecp_behave/features/steps/packet_steps.py:17
2026-09-22T08:04:32.1815422Z     Given the interface "atdecc_aecp_set_name::AECP_SET_NAME::AECP_SET_NAME_IF" # ../traffic-gen/tests/aecp_behave/features/steps/packet_steps.py:24
2026-09-22T08:04:32.1816633Z     When I generate 500 packets with seed 102                                   # ../traffic-gen/tests/aecp_behave/features/steps/packet_steps.py:62
2026-09-22T08:04:32.2068900Z     Then the field "descriptor_type" is always in range [0, 37]                 # ../traffic-gen/tests/aecp_behave/features/steps/packet_steps.py:116
2026-09-22T08:04:32.2074161Z 
2026-09-22T08:04:32.2074740Z   Scenario: SET_NAME packet is 95 bytes (756 bits padded)                       # ../traffic-gen/tests/aecp_behave/features/aecp_name_control.feature:32
2026-09-22T08:04:32.2075936Z     Given the AECP protocol directory is loaded                                 # ../traffic-gen/tests/aecp_behave/features/steps/packet_steps.py:17
2026-09-22T08:04:32.2077032Z     Given the interface "atdecc_aecp_set_name::AECP_SET_NAME::AECP_SET_NAME_IF" # ../traffic-gen/tests/aecp_behave/features/steps/packet_steps.py:24
2026-09-22T08:04:32.2078242Z     When I generate 50 packets with seed 103                                    # ../traffic-gen/tests/aecp_behave/features/steps/packet_steps.py:62
2026-09-22T08:04:32.2176738Z     Then the packet size is always 95 bytes                                     # ../traffic-gen/tests/aecp_behave/features/steps/packet_steps.py:148
2026-09-22T08:04:32.2180406Z 
2026-09-22T08:04:32.2180929Z   Scenario: GET_NAME command_type is always 17                                  # ../traffic-gen/tests/aecp_behave/features/aecp_name_control.feature:41
2026-09-22T08:04:32.2182552Z     Given the AECP protocol directory is loaded                                 # ../traffic-gen/tests/aecp_behave/features/steps/packet_steps.py:17
2026-09-22T08:04:32.2183843Z     Given the interface "atdecc_aecp_get_name::AECP_GET_NAME::AECP_GET_NAME_IF" # ../traffic-gen/tests/aecp_behave/features/steps/packet_steps.py:24
2026-09-22T08:04:32.2185032Z     When I generate 200 packets with seed 110                                   # ../traffic-gen/tests/aecp_behave/features/steps/packet_steps.py:62
2026-09-22T08:04:32.2312638Z     Then the field "command_type" always equals 17                              # ../traffic-gen/tests/aecp_behave/features/steps/packet_steps.py:95
2026-09-22T08:04:32.2316455Z 
2026-09-22T08:04:32.2317053Z   Scenario: GET_NAME control_data_length is always 28                           # ../traffic-gen/tests/aecp_behave/features/aecp_name_control.feature:46
2026-09-22T08:04:32.2318236Z     Given the AECP protocol directory is loaded                                 # ../traffic-gen/tests/aecp_behave/features/steps/packet_steps.py:17
2026-09-22T08:04:32.2319356Z     Given the interface "atdecc_aecp_get_name::AECP_GET_NAME::AECP_GET_NAME_IF" # ../traffic-gen/tests/aecp_behave/features/steps/packet_steps.py:24
2026-09-22T08:04:32.2320614Z     When I generate 100 packets with seed 111                                   # ../traffic-gen/tests/aecp_behave/features/steps/packet_steps.py:62
2026-09-22T08:04:32.2422048Z     Then the field "control_data_length" always equals 28                       # ../traffic-gen/tests/aecp_behave/features/steps/packet_steps.py:95
2026-09-22T08:04:32.2426062Z 
2026-09-22T08:04:32.2426587Z   Scenario: GET_NAME packet is 31 bytes (244 bits padded)                       # ../traffic-gen/tests/aecp_behave/features/aecp_name_control.feature:51
2026-09-22T08:04:32.2427868Z     Given the AECP protocol directory is loaded                                 # ../traffic-gen/tests/aecp_behave/features/steps/packet_steps.py:17
2026-09-22T08:04:32.2429110Z     Given the interface "atdecc_aecp_get_name::AECP_GET_NAME::AECP_GET_NAME_IF" # ../traffic-gen/tests/aecp_behave/features/steps/packet_steps.py:24
2026-09-22T08:04:32.2430343Z     When I generate 50 packets with seed 112                                    # ../traffic-gen/tests/aecp_behave/features/steps/packet_steps.py:62
2026-09-22T08:04:32.2520590Z     Then the packet size is always 31 bytes                                     # ../traffic-gen/tests/aecp_behave/features/steps/packet_steps.py:148
2026-09-22T08:04:32.2523876Z 
2026-09-22T08:04:32.2524708Z   Scenario: SET_SAMPLING_RATE command_type is always 20                                                    # ../traffic-gen/tests/aecp_behave/features/aecp_name_control.feature:60
2026-09-22T08:04:32.2526187Z     Given the AECP protocol directory is loaded                                                            # ../traffic-gen/tests/aecp_behave/features/steps/packet_steps.py:17
2026-09-22T08:04:32.2527529Z     Given the interface "atdecc_aecp_set_sampling_rate::AECP_SET_SAMPLING_RATE::AECP_SET_SAMPLING_RATE_IF" # ../traffic-gen/tests/aecp_behave/features/steps/packet_steps.py:24
2026-09-22T08:04:32.2528733Z     When I generate 200 packets with seed 120                                                              # ../traffic-gen/tests/aecp_behave/features/steps/packet_steps.py:62
2026-09-22T08:04:32.2652005Z     Then the field "command_type" always equals 20                                                         # ../traffic-gen/tests/aecp_behave/features/steps/packet_steps.py:95
2026-09-22T08:04:32.2655643Z 
2026-09-22T08:04:32.2656488Z   Scenario: SET_SAMPLING_RATE control_data_length is always 28                                             # ../traffic-gen/tests/aecp_behave/features/aecp_name_control.feature:65
2026-09-22T08:04:32.2658127Z     Given the AECP protocol directory is loaded                                                            # ../traffic-gen/tests/aecp_behave/features/steps/packet_steps.py:17
2026-09-22T08:04:32.2660059Z     Given the interface "atdecc_aecp_set_sampling_rate::AECP_SET_SAMPLING_RATE::AECP_SET_SAMPLING_RATE_IF" # ../traffic-gen/tests/aecp_behave/features/steps/packet_steps.py:24
2026-09-22T08:04:32.2661249Z     When I generate 100 packets with seed 121                                                              # ../traffic-gen/tests/aecp_behave/features/steps/packet_steps.py:62
2026-09-22T08:04:32.2760919Z     Then the field "control_data_length" always equals 28                                                  # ../traffic-gen/tests/aecp_behave/features/steps/packet_steps.py:95
2026-09-22T08:04:32.2764051Z 
2026-09-22T08:04:32.2765212Z   Scenario: SET_SAMPLING_RATE descriptor_type is a valid IEEE 1722.1 descriptor                            # ../traffic-gen/tests/aecp_behave/features/aecp_name_control.feature:70
2026-09-22T08:04:32.2766868Z     Given the AECP protocol directory is loaded                                                            # ../traffic-gen/tests/aecp_behave/features/steps/packet_steps.py:17
2026-09-22T08:04:32.2768488Z     Given the interface "atdecc_aecp_set_sampling_rate::AECP_SET_SAMPLING_RATE::AECP_SET_SAMPLING_RATE_IF" # ../traffic-gen/tests/aecp_behave/features/steps/packet_steps.py:24
2026-09-22T08:04:32.2769683Z     When I generate 500 packets with seed 122                                                              # ../traffic-gen/tests/aecp_behave/features/steps/packet_steps.py:62
2026-09-22T08:04:32.2962831Z     Then the field "descriptor_type" is always in range [0, 37]                                            # ../traffic-gen/tests/aecp_behave/features/steps/packet_steps.py:116
2026-09-22T08:04:32.2967167Z 
2026-09-22T08:04:32.2967976Z   Scenario: SET_CLOCK_SOURCE command_type is always 22                                                  # ../traffic-gen/tests/aecp_behave/features/aecp_name_control.feature:79
2026-09-22T08:04:32.2969729Z     Given the AECP protocol directory is loaded                                                         # ../traffic-gen/tests/aecp_behave/features/steps/packet_steps.py:17
2026-09-22T08:04:32.2971292Z     Given the interface "atdecc_aecp_set_clock_source::AECP_SET_CLOCK_SOURCE::AECP_SET_CLOCK_SOURCE_IF" # ../traffic-gen/tests/aecp_behave/features/steps/packet_steps.py:24
2026-09-22T08:04:32.2972431Z     When I generate 200 packets with seed 130                                                           # ../traffic-gen/tests/aecp_behave/features/steps/packet_steps.py:62
2026-09-22T08:04:32.3097009Z     Then the field "command_type" always equals 22                                                      # ../traffic-gen/tests/aecp_behave/features/steps/packet_steps.py:95
2026-09-22T08:04:32.3100222Z 
2026-09-22T08:04:32.3101057Z   Scenario: SET_CLOCK_SOURCE control_data_length is always 28                                           # ../traffic-gen/tests/aecp_behave/features/aecp_name_control.feature:84
2026-09-22T08:04:32.3102802Z     Given the AECP protocol directory is loaded                                                         # ../traffic-gen/tests/aecp_behave/features/steps/packet_steps.py:17
2026-09-22T08:04:32.3104300Z     Given the interface "atdecc_aecp_set_clock_source::AECP_SET_CLOCK_SOURCE::AECP_SET_CLOCK_SOURCE_IF" # ../traffic-gen/tests/aecp_behave/features/steps/packet_steps.py:24
2026-09-22T08:04:32.3105627Z     When I generate 100 packets with seed 131                                                           # ../traffic-gen/tests/aecp_behave/features/steps/packet_steps.py:62
2026-09-22T08:04:32.3205398Z     Then the field "control_data_length" always equals 28                                               # ../traffic-gen/tests/aecp_behave/features/steps/packet_steps.py:95
2026-09-22T08:04:32.3208115Z 
2026-09-22T08:04:32.3208933Z   Scenario: SET_CLOCK_SOURCE reserved field is always zero                                              # ../traffic-gen/tests/aecp_behave/features/aecp_name_control.feature:89
2026-09-22T08:04:32.3210454Z     Given the AECP protocol directory is loaded                                                         # ../traffic-gen/tests/aecp_behave/features/steps/packet_steps.py:17
2026-09-22T08:04:32.3212213Z     Given the interface "atdecc_aecp_set_clock_source::AECP_SET_CLOCK_SOURCE::AECP_SET_CLOCK_SOURCE_IF" # ../traffic-gen/tests/aecp_behave/features/steps/packet_steps.py:24
2026-09-22T08:04:32.3213588Z     When I generate 200 packets with seed 132                                                           # ../traffic-gen/tests/aecp_behave/features/steps/packet_steps.py:62
2026-09-22T08:04:32.3337841Z     Then the field "reserved" always equals 0                                                           # ../traffic-gen/tests/aecp_behave/features/steps/packet_steps.py:95
2026-09-22T08:04:32.3340945Z 
2026-09-22T08:04:32.3341859Z   Scenario: SET_CONTROL command_type is always 24                                        # ../traffic-gen/tests/aecp_behave/features/aecp_name_control.feature:98
2026-09-22T08:04:32.3343987Z     Given the AECP protocol directory is loaded                                          # ../traffic-gen/tests/aecp_behave/features/steps/packet_steps.py:17
2026-09-22T08:04:32.3345807Z     Given the interface "atdecc_aecp_set_control::AECP_SET_CONTROL::AECP_SET_CONTROL_IF" # ../traffic-gen/tests/aecp_behave/features/steps/packet_steps.py:24
2026-09-22T08:04:32.3346967Z     When I generate 200 packets with seed 140                                            # ../traffic-gen/tests/aecp_behave/features/steps/packet_steps.py:62
2026-09-22T08:04:32.3469806Z     Then the field "command_type" always equals 24                                       # ../traffic-gen/tests/aecp_behave/features/steps/packet_steps.py:95
2026-09-22T08:04:32.3473146Z 
2026-09-22T08:04:32.3474108Z   Scenario: SET_CONTROL control_data_length is always 32                                 # ../traffic-gen/tests/aecp_behave/features/aecp_name_control.feature:103
2026-09-22T08:04:32.3476255Z     Given the AECP protocol directory is loaded                                          # ../traffic-gen/tests/aecp_behave/features/steps/packet_steps.py:17
2026-09-22T08:04:32.3477956Z     Given the interface "atdecc_aecp_set_control::AECP_SET_CONTROL::AECP_SET_CONTROL_IF" # ../traffic-gen/tests/aecp_behave/features/steps/packet_steps.py:24
2026-09-22T08:04:32.3479115Z     When I generate 100 packets with seed 141                                            # ../traffic-gen/tests/aecp_behave/features/steps/packet_steps.py:62
2026-09-22T08:04:32.3577561Z     Then the field "control_data_length" always equals 32                                # ../traffic-gen/tests/aecp_behave/features/steps/packet_steps.py:95
2026-09-22T08:04:32.3580483Z 
2026-09-22T08:04:32.3581379Z   Scenario: SET_CONTROL descriptor_type is a valid IEEE 1722.1 descriptor                # ../traffic-gen/tests/aecp_behave/features/aecp_name_control.feature:108
2026-09-22T08:04:32.3583180Z     Given the AECP protocol directory is loaded                                          # ../traffic-gen/tests/aecp_behave/features/steps/packet_steps.py:17
2026-09-22T08:04:32.3584606Z     Given the interface "atdecc_aecp_set_control::AECP_SET_CONTROL::AECP_SET_CONTROL_IF" # ../traffic-gen/tests/aecp_behave/features/steps/packet_steps.py:24
2026-09-22T08:04:32.3585955Z     When I generate 500 packets with seed 142                                            # ../traffic-gen/tests/aecp_behave/features/steps/packet_steps.py:62
2026-09-22T08:04:32.3782900Z     Then the field "descriptor_type" is always in range [0, 37]                          # ../traffic-gen/tests/aecp_behave/features/steps/packet_steps.py:116
2026-09-22T08:04:32.3787378Z 
2026-09-22T08:04:32.3788168Z   Scenario: SET_CONTROL packet is 35 bytes (276 bits padded)                             # ../traffic-gen/tests/aecp_behave/features/aecp_name_control.feature:113
2026-09-22T08:04:32.3789645Z     Given the AECP protocol directory is loaded                                          # ../traffic-gen/tests/aecp_behave/features/steps/packet_steps.py:17
2026-09-22T08:04:32.3791282Z     Given the interface "atdecc_aecp_set_control::AECP_SET_CONTROL::AECP_SET_CONTROL_IF" # ../traffic-gen/tests/aecp_behave/features/steps/packet_steps.py:24
2026-09-22T08:04:32.3793059Z     When I generate 50 packets with seed 143                                             # ../traffic-gen/tests/aecp_behave/features/steps/packet_steps.py:62
2026-09-22T08:04:32.3879715Z     Then the packet size is always 35 bytes                                              # ../traffic-gen/tests/aecp_behave/features/steps/packet_steps.py:148
2026-09-22T08:04:32.3931354Z 
2026-09-22T08:04:32.3932106Z Feature: AECP non-AEM PDU generation (ADDRESS_ACCESS and VENDOR_UNIQUE) # ../traffic-gen/tests/aecp_behave/features/aecp_non_aem.feature:7
2026-09-22T08:04:32.3933227Z 
2026-09-22T08:04:32.3944381Z   Feature: AECP non-AEM PDU generation (ADDRESS_ACCESS and VENDOR_UNIQUE)  # ../traffic-gen/tests/aecp_behave/features/aecp_non_aem.feature:7
2026-09-22T08:04:32.3945133Z 
2026-09-22T08:04:32.3945614Z   Scenario: ADDRESS_ACCESS message_type is COMMAND or RESPONSE                                    # ../traffic-gen/tests/aecp_behave/features/aecp_non_aem.feature:16
2026-09-22T08:04:32.3946562Z     Given the AECP protocol directory is loaded                                                   # ../traffic-gen/tests/aecp_behave/features/steps/packet_steps.py:17
2026-09-22T08:04:32.3947577Z     Given the interface "atdecc_aecp_address_access::AECP_ADDRESS_ACCESS::AECP_ADDRESS_ACCESS_IF" # ../traffic-gen/tests/aecp_behave/features/steps/packet_steps.py:24
2026-09-22T08:04:32.3948553Z     When I generate 500 packets with seed 300                                                     # ../traffic-gen/tests/aecp_behave/features/steps/packet_steps.py:62
2026-09-22T08:04:32.4093357Z     Then the field "message_type" is always one of [2, 3]                                         # ../traffic-gen/tests/aecp_behave/features/steps/packet_steps.py:137
2026-09-22T08:04:32.4098703Z 
2026-09-22T08:04:32.4099548Z   Scenario: ADDRESS_ACCESS control_data_length is always 38                                       # ../traffic-gen/tests/aecp_behave/features/aecp_non_aem.feature:21
2026-09-22T08:04:32.4100860Z     Given the AECP protocol directory is loaded                                                   # ../traffic-gen/tests/aecp_behave/features/steps/packet_steps.py:17
2026-09-22T08:04:32.4102053Z     Given the interface "atdecc_aecp_address_access::AECP_ADDRESS_ACCESS::AECP_ADDRESS_ACCESS_IF" # ../traffic-gen/tests/aecp_behave/features/steps/packet_steps.py:24
2026-09-22T08:04:32.4103637Z     When I generate 100 packets with seed 301                                                     # ../traffic-gen/tests/aecp_behave/features/steps/packet_steps.py:62
2026-09-22T08:04:32.4205450Z     Then the field "control_data_length" always equals 38                                         # ../traffic-gen/tests/aecp_behave/features/steps/packet_steps.py:95
2026-09-22T08:04:32.4208764Z 
2026-09-22T08:04:32.4209378Z   Scenario: ADDRESS_ACCESS tlv_count is always 1                                                  # ../traffic-gen/tests/aecp_behave/features/aecp_non_aem.feature:26
2026-09-22T08:04:32.4210609Z     Given the AECP protocol directory is loaded                                                   # ../traffic-gen/tests/aecp_behave/features/steps/packet_steps.py:17
2026-09-22T08:04:32.4211795Z     Given the interface "atdecc_aecp_address_access::AECP_ADDRESS_ACCESS::AECP_ADDRESS_ACCESS_IF" # ../traffic-gen/tests/aecp_behave/features/steps/packet_steps.py:24
2026-09-22T08:04:32.4213248Z     When I generate 200 packets with seed 302                                                     # ../traffic-gen/tests/aecp_behave/features/steps/packet_steps.py:62
2026-09-22T08:04:32.4338629Z     Then the field "tlv_count" always equals 1                                                    # ../traffic-gen/tests/aecp_behave/features/steps/packet_steps.py:95
2026-09-22T08:04:32.4342356Z 
2026-09-22T08:04:32.4343185Z   Scenario: ADDRESS_ACCESS tlv_length_and_mode respects defined bit mask                          # ../traffic-gen/tests/aecp_behave/features/aecp_non_aem.feature:31
2026-09-22T08:04:32.4345116Z     Given the AECP protocol directory is loaded                                                   # ../traffic-gen/tests/aecp_behave/features/steps/packet_steps.py:17
2026-09-22T08:04:32.4346687Z     Given the interface "atdecc_aecp_address_access::AECP_ADDRESS_ACCESS::AECP_ADDRESS_ACCESS_IF" # ../traffic-gen/tests/aecp_behave/features/steps/packet_steps.py:24
2026-09-22T08:04:32.4347933Z     When I generate 500 packets with seed 303                                                     # ../traffic-gen/tests/aecp_behave/features/steps/packet_steps.py:62
2026-09-22T08:04:32.4543049Z     Then the field "tlv_length_and_mode" always satisfies mask 0xFF0F                             # ../traffic-gen/tests/aecp_behave/features/steps/packet_steps.py:126
2026-09-22T08:04:32.4548030Z 
2026-09-22T08:04:32.4548651Z   Scenario: ADDRESS_ACCESS packet is 41 bytes (324 bits padded)                                   # ../traffic-gen/tests/aecp_behave/features/aecp_non_aem.feature:36
2026-09-22T08:04:32.4549925Z     Given the AECP protocol directory is loaded                                                   # ../traffic-gen/tests/aecp_behave/features/steps/packet_steps.py:17
2026-09-22T08:04:32.4551117Z     Given the interface "atdecc_aecp_address_access::AECP_ADDRESS_ACCESS::AECP_ADDRESS_ACCESS_IF" # ../traffic-gen/tests/aecp_behave/features/steps/packet_steps.py:24
2026-09-22T08:04:32.4552462Z     When I generate 50 packets with seed 304                                                      # ../traffic-gen/tests/aecp_behave/features/steps/packet_steps.py:62
2026-09-22T08:04:32.4642120Z     Then the packet size is always 41 bytes                                                       # ../traffic-gen/tests/aecp_behave/features/steps/packet_steps.py:148
2026-09-22T08:04:32.4645742Z 
2026-09-22T08:04:32.4646760Z   Scenario: ADDRESS_ACCESS packets are captured to a pcap file                                    # ../traffic-gen/tests/aecp_behave/features/aecp_non_aem.feature:41
2026-09-22T08:04:32.4648256Z     Given the AECP protocol directory is loaded                                                   # ../traffic-gen/tests/aecp_behave/features/steps/packet_steps.py:17
2026-09-22T08:04:32.4649663Z     Given the interface "atdecc_aecp_address_access::AECP_ADDRESS_ACCESS::AECP_ADDRESS_ACCESS_IF" # ../traffic-gen/tests/aecp_behave/features/steps/packet_steps.py:24
2026-09-22T08:04:32.4650835Z     When I generate 20 packets with seed 310 to pcap file "/tmp/aecp_addr_access.pcap"            # ../traffic-gen/tests/aecp_behave/features/steps/packet_steps.py:72
2026-09-22T08:04:32.4732469Z     Then the pcap file "/tmp/aecp_addr_access.pcap" exists                                        # ../traffic-gen/tests/aecp_behave/features/steps/packet_steps.py:232
2026-09-22T08:04:32.4734623Z     And the pcap file "/tmp/aecp_addr_access.pcap" contains 20 packets                            # ../traffic-gen/tests/aecp_behave/features/steps/packet_steps.py:237
2026-09-22T08:04:32.4738327Z 
2026-09-22T08:04:32.4738973Z   Scenario: VENDOR_UNIQUE message_type is COMMAND or RESPONSE                                  # ../traffic-gen/tests/aecp_behave/features/aecp_non_aem.feature:51
2026-09-22T08:04:32.4740262Z     Given the AECP protocol directory is loaded                                                # ../traffic-gen/tests/aecp_behave/features/steps/packet_steps.py:17
2026-09-22T08:04:32.4741412Z     Given the interface "atdecc_aecp_vendor_unique::AECP_VENDOR_UNIQUE::AECP_VENDOR_UNIQUE_IF" # ../traffic-gen/tests/aecp_behave/features/steps/packet_steps.py:24
2026-09-22T08:04:32.4742945Z     When I generate 500 packets with seed 320                                                  # ../traffic-gen/tests/aecp_behave/features/steps/packet_steps.py:62
2026-09-22T08:04:32.4919316Z     Then the field "message_type" is always one of [6, 7]                                      # ../traffic-gen/tests/aecp_behave/features/steps/packet_steps.py:137
2026-09-22T08:04:32.4924142Z 
2026-09-22T08:04:32.4924850Z   Scenario: VENDOR_UNIQUE control_data_length is always 32                                     # ../traffic-gen/tests/aecp_behave/features/aecp_non_aem.feature:56
2026-09-22T08:04:32.4926476Z     Given the AECP protocol directory is loaded                                                # ../traffic-gen/tests/aecp_behave/features/steps/packet_steps.py:17
2026-09-22T08:04:32.4927995Z     Given the interface "atdecc_aecp_vendor_unique::AECP_VENDOR_UNIQUE::AECP_VENDOR_UNIQUE_IF" # ../traffic-gen/tests/aecp_behave/features/steps/packet_steps.py:24
2026-09-22T08:04:32.4929238Z     When I generate 100 packets with seed 321                                                  # ../traffic-gen/tests/aecp_behave/features/steps/packet_steps.py:62
2026-09-22T08:04:32.5025068Z     Then the field "control_data_length" always equals 32                                      # ../traffic-gen/tests/aecp_behave/features/steps/packet_steps.py:95
2026-09-22T08:04:32.5028491Z 
2026-09-22T08:04:32.5029064Z   Scenario: VENDOR_UNIQUE packet is 35 bytes (276 bits padded)                                 # ../traffic-gen/tests/aecp_behave/features/aecp_non_aem.feature:61
2026-09-22T08:04:32.5030263Z     Given the AECP protocol directory is loaded                                                # ../traffic-gen/tests/aecp_behave/features/steps/packet_steps.py:17
2026-09-22T08:04:32.5031455Z     Given the interface "atdecc_aecp_vendor_unique::AECP_VENDOR_UNIQUE::AECP_VENDOR_UNIQUE_IF" # ../traffic-gen/tests/aecp_behave/features/steps/packet_steps.py:24
2026-09-22T08:04:32.5032881Z     When I generate 50 packets with seed 322                                                   # ../traffic-gen/tests/aecp_behave/features/steps/packet_steps.py:62
2026-09-22T08:04:32.5118962Z     Then the packet size is always 35 bytes                                                    # ../traffic-gen/tests/aecp_behave/features/steps/packet_steps.py:148
2026-09-22T08:04:32.5122280Z 
2026-09-22T08:04:32.5123342Z   Scenario: VENDOR_UNIQUE packets are captured to a pcap file                                  # ../traffic-gen/tests/aecp_behave/features/aecp_non_aem.feature:66
2026-09-22T08:04:32.5124728Z     Given the AECP protocol directory is loaded                                                # ../traffic-gen/tests/aecp_behave/features/steps/packet_steps.py:17
2026-09-22T08:04:32.5126023Z     Given the interface "atdecc_aecp_vendor_unique::AECP_VENDOR_UNIQUE::AECP_VENDOR_UNIQUE_IF" # ../traffic-gen/tests/aecp_behave/features/steps/packet_steps.py:24
2026-09-22T08:04:32.5127456Z     When I generate 30 packets with seed 330 to pcap file "/tmp/aecp_vendor_unique.pcap"       # ../traffic-gen/tests/aecp_behave/features/steps/packet_steps.py:72
2026-09-22T08:04:32.5211042Z     Then the pcap file "/tmp/aecp_vendor_unique.pcap" exists                                   # ../traffic-gen/tests/aecp_behave/features/steps/packet_steps.py:232
2026-09-22T08:04:32.5213108Z     And the pcap file "/tmp/aecp_vendor_unique.pcap" contains 30 packets                       # ../traffic-gen/tests/aecp_behave/features/steps/packet_steps.py:237
2026-09-22T08:04:32.5217941Z 
2026-09-22T08:04:32.5218151Z   @hardware
2026-09-22T08:04:32.5218923Z   Scenario: ADDRESS_ACCESS packets are sent on a raw network interface                            # ../traffic-gen/tests/aecp_behave/features/aecp_non_aem.feature:77
2026-09-22T08:04:32.5220154Z     Given the AECP protocol directory is loaded                                                   # None
2026-09-22T08:04:32.5220919Z     Given the interface "atdecc_aecp_address_access::AECP_ADDRESS_ACCESS::AECP_ADDRESS_ACCESS_IF" # None
2026-09-22T08:04:32.5221674Z     When I generate 5 packets with seed 340 to raw interface "lo"                                 # None
2026-09-22T08:04:32.5222437Z     Then the field "message_type" is always one of [2, 3]                                         # None
2026-09-22T08:04:32.5223128Z 
2026-09-22T08:04:32.5223223Z   @verilator
2026-09-22T08:04:32.5223840Z   Scenario: VENDOR_UNIQUE packets are sent to a Verilator DUT                                  # ../traffic-gen/tests/aecp_behave/features/aecp_non_aem.feature:83
2026-09-22T08:04:32.5225067Z     Given the AECP protocol directory is loaded                                                # None
2026-09-22T08:04:32.5225809Z     Given the interface "atdecc_aecp_vendor_unique::AECP_VENDOR_UNIQUE::AECP_VENDOR_UNIQUE_IF" # None
2026-09-22T08:04:32.5226700Z     When I generate 5 packets with seed 350 to verilator socket "/tmp/verilator.sock"          # None
2026-09-22T08:04:32.5227400Z     Then the field "message_type" is always one of [6, 7]                                      # None
2026-09-22T08:04:32.5227787Z 
2026-09-22T08:04:32.5228303Z Feature: AECP AEM operation and no-payload PDU generation # ../traffic-gen/tests/aecp_behave/features/aecp_operations.feature:8
2026-09-22T08:04:32.5229017Z 
2026-09-22T08:04:32.5229471Z   Feature: AECP AEM operation and no-payload PDU generation  # ../traffic-gen/tests/aecp_behave/features/aecp_operations.feature:8
2026-09-22T08:04:32.5230036Z 
2026-09-22T08:04:32.5230502Z   Scenario: START_OPERATION command_type is always 52                                                # ../traffic-gen/tests/aecp_behave/features/aecp_operations.feature:17
2026-09-22T08:04:32.5231419Z     Given the AECP protocol directory is loaded                                                      # ../traffic-gen/tests/aecp_behave/features/steps/packet_steps.py:17
2026-09-22T08:04:32.5232420Z     Given the interface "atdecc_aecp_start_operation::AECP_START_OPERATION::AECP_START_OPERATION_IF" # ../traffic-gen/tests/aecp_behave/features/steps/packet_steps.py:24
2026-09-22T08:04:32.5233542Z     When I generate 200 packets with seed 200                                                        # ../traffic-gen/tests/aecp_behave/features/steps/packet_steps.py:62
2026-09-22T08:04:32.5355197Z     Then the field "command_type" always equals 52                                                   # ../traffic-gen/tests/aecp_behave/features/steps/packet_steps.py:95
2026-09-22T08:04:32.5358746Z 
2026-09-22T08:04:32.5359499Z   Scenario: START_OPERATION control_data_length is always 28                                         # ../traffic-gen/tests/aecp_behave/features/aecp_operations.feature:22
2026-09-22T08:04:32.5360836Z     Given the AECP protocol directory is loaded                                                      # ../traffic-gen/tests/aecp_behave/features/steps/packet_steps.py:17
2026-09-22T08:04:32.5362085Z     Given the interface "atdecc_aecp_start_operation::AECP_START_OPERATION::AECP_START_OPERATION_IF" # ../traffic-gen/tests/aecp_behave/features/steps/packet_steps.py:24
2026-09-22T08:04:32.5363516Z     When I generate 100 packets with seed 201                                                        # ../traffic-gen/tests/aecp_behave/features/steps/packet_steps.py:62
2026-09-22T08:04:32.5464591Z     Then the field "control_data_length" always equals 28                                            # ../traffic-gen/tests/aecp_behave/features/steps/packet_steps.py:95
2026-09-22T08:04:32.5467995Z 
2026-09-22T08:04:32.5468749Z   Scenario: START_OPERATION descriptor_type is a valid IEEE 1722.1 descriptor                        # ../traffic-gen/tests/aecp_behave/features/aecp_operations.feature:27
2026-09-22T08:04:32.5470130Z     Given the AECP protocol directory is loaded                                                      # ../traffic-gen/tests/aecp_behave/features/steps/packet_steps.py:17
2026-09-22T08:04:32.5471480Z     Given the interface "atdecc_aecp_start_operation::AECP_START_OPERATION::AECP_START_OPERATION_IF" # ../traffic-gen/tests/aecp_behave/features/steps/packet_steps.py:24
2026-09-22T08:04:32.5472973Z     When I generate 500 packets with seed 202                                                        # ../traffic-gen/tests/aecp_behave/features/steps/packet_steps.py:62
2026-09-22T08:04:32.5676049Z     Then the field "descriptor_type" is always in range [0, 37]                                      # ../traffic-gen/tests/aecp_behave/features/steps/packet_steps.py:116
2026-09-22T08:04:32.5680691Z 
2026-09-22T08:04:32.5681556Z   Scenario: START_OPERATION packet is 31 bytes (244 bits padded)                                     # ../traffic-gen/tests/aecp_behave/features/aecp_operations.feature:32
2026-09-22T08:04:32.5683078Z     Given the AECP protocol directory is loaded                                                      # ../traffic-gen/tests/aecp_behave/features/steps/packet_steps.py:17
2026-09-22T08:04:32.5684450Z     Given the interface "atdecc_aecp_start_operation::AECP_START_OPERATION::AECP_START_OPERATION_IF" # ../traffic-gen/tests/aecp_behave/features/steps/packet_steps.py:24
2026-09-22T08:04:32.5685814Z     When I generate 50 packets with seed 203                                                         # ../traffic-gen/tests/aecp_behave/features/steps/packet_steps.py:62
2026-09-22T08:04:32.5774204Z     Then the packet size is always 31 bytes                                                          # ../traffic-gen/tests/aecp_behave/features/steps/packet_steps.py:148
2026-09-22T08:04:32.5777551Z 
2026-09-22T08:04:32.5778241Z   Scenario: ABORT_OPERATION command_type is always 53                                                # ../traffic-gen/tests/aecp_behave/features/aecp_operations.feature:41
2026-09-22T08:04:32.5779623Z     Given the AECP protocol directory is loaded                                                      # ../traffic-gen/tests/aecp_behave/features/steps/packet_steps.py:17
2026-09-22T08:04:32.5781127Z     Given the interface "atdecc_aecp_abort_operation::AECP_ABORT_OPERATION::AECP_ABORT_OPERATION_IF" # ../traffic-gen/tests/aecp_behave/features/steps/packet_steps.py:24
2026-09-22T08:04:32.5782318Z     When I generate 200 packets with seed 210                                                        # ../traffic-gen/tests/aecp_behave/features/steps/packet_steps.py:62
2026-09-22T08:04:32.5907305Z     Then the field "command_type" always equals 53                                                   # ../traffic-gen/tests/aecp_behave/features/steps/packet_steps.py:95
2026-09-22T08:04:32.5910872Z 
2026-09-22T08:04:32.5911508Z   Scenario: ABORT_OPERATION control_data_length is always 28                                         # ../traffic-gen/tests/aecp_behave/features/aecp_operations.feature:46
2026-09-22T08:04:32.5912921Z     Given the AECP protocol directory is loaded                                                      # ../traffic-gen/tests/aecp_behave/features/steps/packet_steps.py:17
2026-09-22T08:04:32.5914109Z     Given the interface "atdecc_aecp_abort_operation::AECP_ABORT_OPERATION::AECP_ABORT_OPERATION_IF" # ../traffic-gen/tests/aecp_behave/features/steps/packet_steps.py:24
2026-09-22T08:04:32.5915410Z     When I generate 100 packets with seed 211                                                        # ../traffic-gen/tests/aecp_behave/features/steps/packet_steps.py:62
2026-09-22T08:04:32.6022295Z     Then the field "control_data_length" always equals 28                                            # ../traffic-gen/tests/aecp_behave/features/steps/packet_steps.py:95
2026-09-22T08:04:32.6026258Z 
2026-09-22T08:04:32.6027290Z   Scenario: ABORT_OPERATION reserved field is always zero                                            # ../traffic-gen/tests/aecp_behave/features/aecp_operations.feature:51
2026-09-22T08:04:32.6029159Z     Given the AECP protocol directory is loaded                                                      # ../traffic-gen/tests/aecp_behave/features/steps/packet_steps.py:17
2026-09-22T08:04:32.6031169Z     Given the interface "atdecc_aecp_abort_operation::AECP_ABORT_OPERATION::AECP_ABORT_OPERATION_IF" # ../traffic-gen/tests/aecp_behave/features/steps/packet_steps.py:24
2026-09-22T08:04:32.6032419Z     When I generate 200 packets with seed 212                                                        # ../traffic-gen/tests/aecp_behave/features/steps/packet_steps.py:62
2026-09-22T08:04:32.6152403Z     Then the field "reserved" always equals 0                                                        # ../traffic-gen/tests/aecp_behave/features/steps/packet_steps.py:95
2026-09-22T08:04:32.6157212Z 
2026-09-22T08:04:32.6158527Z   Scenario: OPERATION_STATUS command_type is always 54                                                  # ../traffic-gen/tests/aecp_behave/features/aecp_operations.feature:60
2026-09-22T08:04:32.6160379Z     Given the AECP protocol directory is loaded                                                         # ../traffic-gen/tests/aecp_behave/features/steps/packet_steps.py:17
2026-09-22T08:04:32.6162590Z     Given the interface "atdecc_aecp_operation_status::AECP_OPERATION_STATUS::AECP_OPERATION_STATUS_IF" # ../traffic-gen/tests/aecp_behave/features/steps/packet_steps.py:24
2026-09-22T08:04:32.6164096Z     When I generate 200 packets with seed 220                                                           # ../traffic-gen/tests/aecp_behave/features/steps/packet_steps.py:62
2026-09-22T08:04:32.6289414Z     Then the field "command_type" always equals 54                                                      # ../traffic-gen/tests/aecp_behave/features/steps/packet_steps.py:95
2026-09-22T08:04:32.6293854Z 
2026-09-22T08:04:32.6294887Z   Scenario: OPERATION_STATUS percent_complete is always in [0, 100]                                     # ../traffic-gen/tests/aecp_behave/features/aecp_operations.feature:65
2026-09-22T08:04:32.6296769Z     Given the AECP protocol directory is loaded                                                         # ../traffic-gen/tests/aecp_behave/features/steps/packet_steps.py:17
2026-09-22T08:04:32.6298843Z     Given the interface "atdecc_aecp_operation_status::AECP_OPERATION_STATUS::AECP_OPERATION_STATUS_IF" # ../traffic-gen/tests/aecp_behave/features/steps/packet_steps.py:24
2026-09-22T08:04:32.6299977Z     When I generate 500 packets with seed 221                                                           # ../traffic-gen/tests/aecp_behave/features/steps/packet_steps.py:62
2026-09-22T08:04:32.6496322Z     Then the field "percent_complete" is always in range [0, 100]                                       # ../traffic-gen/tests/aecp_behave/features/steps/packet_steps.py:116
2026-09-22T08:04:32.6501358Z 
2026-09-22T08:04:32.6502416Z   Scenario: OPERATION_STATUS control_data_length is always 28                                           # ../traffic-gen/tests/aecp_behave/features/aecp_operations.feature:70
2026-09-22T08:04:32.6504534Z     Given the AECP protocol directory is loaded                                                         # ../traffic-gen/tests/aecp_behave/features/steps/packet_steps.py:17
2026-09-22T08:04:32.6506571Z     Given the interface "atdecc_aecp_operation_status::AECP_OPERATION_STATUS::AECP_OPERATION_STATUS_IF" # ../traffic-gen/tests/aecp_behave/features/steps/packet_steps.py:24
2026-09-22T08:04:32.6507827Z     When I generate 100 packets with seed 222                                                           # ../traffic-gen/tests/aecp_behave/features/steps/packet_steps.py:62
2026-09-22T08:04:32.6605760Z     Then the field "control_data_length" always equals 28                                               # ../traffic-gen/tests/aecp_behave/features/steps/packet_steps.py:95
2026-09-22T08:04:32.6609489Z 
2026-09-22T08:04:32.6610476Z   Scenario: No-payload command_type is one of the defined no-payload commands                     # ../traffic-gen/tests/aecp_behave/features/aecp_operations.feature:79
2026-09-22T08:04:32.6612414Z     Given the AECP protocol directory is loaded                                                   # ../traffic-gen/tests/aecp_behave/features/steps/packet_steps.py:17
2026-09-22T08:04:32.6614586Z     Given the interface "atdecc_aecp_aem_no_payload::AECP_AEM_NO_PAYLOAD::AECP_AEM_NO_PAYLOAD_IF" # ../traffic-gen/tests/aecp_behave/features/steps/packet_steps.py:24
2026-09-22T08:04:32.6615787Z     When I generate 500 packets with seed 230                                                     # ../traffic-gen/tests/aecp_behave/features/steps/packet_steps.py:62
2026-09-22T08:04:32.6777345Z     Then the field "command_type" is always one of [2, 3, 7, 36, 37]                              # ../traffic-gen/tests/aecp_behave/features/steps/packet_steps.py:137
2026-09-22T08:04:32.6782544Z 
2026-09-22T08:04:32.6783830Z   Scenario: No-payload control_data_length is always 20                                           # ../traffic-gen/tests/aecp_behave/features/aecp_operations.feature:84
2026-09-22T08:04:32.6785655Z     Given the AECP protocol directory is loaded                                                   # ../traffic-gen/tests/aecp_behave/features/steps/packet_steps.py:17
2026-09-22T08:04:32.6787609Z     Given the interface "atdecc_aecp_aem_no_payload::AECP_AEM_NO_PAYLOAD::AECP_AEM_NO_PAYLOAD_IF" # ../traffic-gen/tests/aecp_behave/features/steps/packet_steps.py:24
2026-09-22T08:04:32.6788986Z     When I generate 100 packets with seed 231                                                     # ../traffic-gen/tests/aecp_behave/features/steps/packet_steps.py:62
2026-09-22T08:04:32.6882180Z     Then the field "control_data_length" always equals 20                                         # ../traffic-gen/tests/aecp_behave/features/steps/packet_steps.py:95
2026-09-22T08:04:32.6886076Z 
2026-09-22T08:04:32.6887271Z   Scenario: No-payload packet is 23 bytes (180 bits padded)                                       # ../traffic-gen/tests/aecp_behave/features/aecp_operations.feature:89
2026-09-22T08:04:32.6889100Z     Given the AECP protocol directory is loaded                                                   # ../traffic-gen/tests/aecp_behave/features/steps/packet_steps.py:17
2026-09-22T08:04:32.6891036Z     Given the interface "atdecc_aecp_aem_no_payload::AECP_AEM_NO_PAYLOAD::AECP_AEM_NO_PAYLOAD_IF" # ../traffic-gen/tests/aecp_behave/features/steps/packet_steps.py:24
2026-09-22T08:04:32.6892232Z     When I generate 50 packets with seed 232                                                      # ../traffic-gen/tests/aecp_behave/features/steps/packet_steps.py:62
2026-09-22T08:04:32.6975955Z     Then the packet size is always 23 bytes                                                       # ../traffic-gen/tests/aecp_behave/features/steps/packet_steps.py:148
2026-09-22T08:04:32.6979302Z 
2026-09-22T08:04:32.6980354Z   Scenario: OPERATION_STATUS packets are captured to a pcap file                                        # ../traffic-gen/tests/aecp_behave/features/aecp_operations.feature:98
2026-09-22T08:04:32.6982234Z     Given the AECP protocol directory is loaded                                                         # ../traffic-gen/tests/aecp_behave/features/steps/packet_steps.py:17
2026-09-22T08:04:32.6984501Z     Given the interface "atdecc_aecp_operation_status::AECP_OPERATION_STATUS::AECP_OPERATION_STATUS_IF" # ../traffic-gen/tests/aecp_behave/features/steps/packet_steps.py:24
2026-09-22T08:04:32.6985877Z     When I generate 25 packets with seed 240 to pcap file "/tmp/aecp_op_status.pcap"                    # ../traffic-gen/tests/aecp_behave/features/steps/packet_steps.py:72
2026-09-22T08:04:32.7067182Z     Then the pcap file "/tmp/aecp_op_status.pcap" exists                                                # ../traffic-gen/tests/aecp_behave/features/steps/packet_steps.py:232
2026-09-22T08:04:32.7069077Z     And the pcap file "/tmp/aecp_op_status.pcap" contains 25 packets                                    # ../traffic-gen/tests/aecp_behave/features/steps/packet_steps.py:237
2026-09-22T08:04:32.7072054Z 
2026-09-22T08:04:32.7075810Z Feature: AECP AEM stream operation PDU generation # ../traffic-gen/tests/aecp_behave/features/aecp_stream_ops.feature:7
2026-09-22T08:04:32.7076300Z 
2026-09-22T08:04:32.7076692Z   Feature: AECP AEM stream operation PDU generation  # ../traffic-gen/tests/aecp_behave/features/aecp_stream_ops.feature:7
2026-09-22T08:04:32.7077372Z 
2026-09-22T08:04:32.7078319Z   Scenario: SET_STREAM_FORMAT command_type is always 8                                                     # ../traffic-gen/tests/aecp_behave/features/aecp_stream_ops.feature:16
2026-09-22T08:04:32.7080188Z     Given the AECP protocol directory is loaded                                                            # ../traffic-gen/tests/aecp_behave/features/steps/packet_steps.py:17
2026-09-22T08:04:32.7082509Z     Given the interface "atdecc_aecp_set_stream_format::AECP_SET_STREAM_FORMAT::AECP_SET_STREAM_FORMAT_IF" # ../traffic-gen/tests/aecp_behave/features/steps/packet_steps.py:24
2026-09-22T08:04:32.7083961Z     When I generate 200 packets with seed 70                                                               # ../traffic-gen/tests/aecp_behave/features/steps/packet_steps.py:62
2026-09-22T08:04:32.7203557Z     Then the field "command_type" always equals 8                                                          # ../traffic-gen/tests/aecp_behave/features/steps/packet_steps.py:95
2026-09-22T08:04:32.7207824Z 
2026-09-22T08:04:32.7208612Z   Scenario: SET_STREAM_FORMAT control_data_length is always 32                                             # ../traffic-gen/tests/aecp_behave/features/aecp_stream_ops.feature:21
2026-09-22T08:04:32.7209885Z     Given the AECP protocol directory is loaded                                                            # ../traffic-gen/tests/aecp_behave/features/steps/packet_steps.py:17
2026-09-22T08:04:32.7210946Z     Given the interface "atdecc_aecp_set_stream_format::AECP_SET_STREAM_FORMAT::AECP_SET_STREAM_FORMAT_IF" # ../traffic-gen/tests/aecp_behave/features/steps/packet_steps.py:24
2026-09-22T08:04:32.7212213Z     When I generate 100 packets with seed 71                                                               # ../traffic-gen/tests/aecp_behave/features/steps/packet_steps.py:62
2026-09-22T08:04:32.7312642Z     Then the field "control_data_length" always equals 32                                                  # ../traffic-gen/tests/aecp_behave/features/steps/packet_steps.py:95
2026-09-22T08:04:32.7316584Z 
2026-09-22T08:04:32.7317193Z   Scenario: SET_STREAM_FORMAT descriptor_type is a valid IEEE 1722.1 descriptor                            # ../traffic-gen/tests/aecp_behave/features/aecp_stream_ops.feature:26
2026-09-22T08:04:32.7318699Z     Given the AECP protocol directory is loaded                                                            # ../traffic-gen/tests/aecp_behave/features/steps/packet_steps.py:17
2026-09-22T08:04:32.7319884Z     Given the interface "atdecc_aecp_set_stream_format::AECP_SET_STREAM_FORMAT::AECP_SET_STREAM_FORMAT_IF" # ../traffic-gen/tests/aecp_behave/features/steps/packet_steps.py:24
2026-09-22T08:04:32.7321243Z     When I generate 500 packets with seed 72                                                               # ../traffic-gen/tests/aecp_behave/features/steps/packet_steps.py:62
2026-09-22T08:04:32.7520094Z     Then the field "descriptor_type" is always in range [0, 37]                                            # ../traffic-gen/tests/aecp_behave/features/steps/packet_steps.py:116
2026-09-22T08:04:32.7524893Z 
2026-09-22T08:04:32.7525718Z   Scenario: SET_STREAM_FORMAT packet is 35 bytes (276 bits padded)                                         # ../traffic-gen/tests/aecp_behave/features/aecp_stream_ops.feature:31
2026-09-22T08:04:32.7527087Z     Given the AECP protocol directory is loaded                                                            # ../traffic-gen/tests/aecp_behave/features/steps/packet_steps.py:17
2026-09-22T08:04:32.7528374Z     Given the interface "atdecc_aecp_set_stream_format::AECP_SET_STREAM_FORMAT::AECP_SET_STREAM_FORMAT_IF" # ../traffic-gen/tests/aecp_behave/features/steps/packet_steps.py:24
2026-09-22T08:04:32.7529737Z     When I generate 50 packets with seed 73                                                                # ../traffic-gen/tests/aecp_behave/features/steps/packet_steps.py:62
2026-09-22T08:04:32.7619277Z     Then the packet size is always 35 bytes                                                                # ../traffic-gen/tests/aecp_behave/features/steps/packet_steps.py:148
2026-09-22T08:04:32.7622252Z 
2026-09-22T08:04:32.7623061Z   Scenario: SET_STREAM_INFO command_type is always 14                                                # ../traffic-gen/tests/aecp_behave/features/aecp_stream_ops.feature:40
2026-09-22T08:04:32.7624657Z     Given the AECP protocol directory is loaded                                                      # ../traffic-gen/tests/aecp_behave/features/steps/packet_steps.py:17
2026-09-22T08:04:32.7626394Z     Given the interface "atdecc_aecp_set_stream_info::AECP_SET_STREAM_INFO::AECP_SET_STREAM_INFO_IF" # ../traffic-gen/tests/aecp_behave/features/steps/packet_steps.py:24
2026-09-22T08:04:32.7627690Z     When I generate 200 packets with seed 80                                                         # ../traffic-gen/tests/aecp_behave/features/steps/packet_steps.py:62
2026-09-22T08:04:32.7789170Z     Then the field "command_type" always equals 14                                                   # ../traffic-gen/tests/aecp_behave/features/steps/packet_steps.py:95
2026-09-22T08:04:32.7794138Z 
2026-09-22T08:04:32.7795116Z   Scenario: SET_STREAM_INFO control_data_length is always 68                                         # ../traffic-gen/tests/aecp_behave/features/aecp_stream_ops.feature:45
2026-09-22T08:04:32.7796987Z     Given the AECP protocol directory is loaded                                                      # ../traffic-gen/tests/aecp_behave/features/steps/packet_steps.py:17
2026-09-22T08:04:32.7798992Z     Given the interface "atdecc_aecp_set_stream_info::AECP_SET_STREAM_INFO::AECP_SET_STREAM_INFO_IF" # ../traffic-gen/tests/aecp_behave/features/steps/packet_steps.py:24
2026-09-22T08:04:32.7800303Z     When I generate 100 packets with seed 81                                                         # ../traffic-gen/tests/aecp_behave/features/steps/packet_steps.py:62
2026-09-22T08:04:32.7914821Z     Then the field "control_data_length" always equals 68                                            # ../traffic-gen/tests/aecp_behave/features/steps/packet_steps.py:95
2026-09-22T08:04:32.7918750Z 
2026-09-22T08:04:32.7919937Z   Scenario: SET_STREAM_INFO descriptor_type is a valid IEEE 1722.1 descriptor                        # ../traffic-gen/tests/aecp_behave/features/aecp_stream_ops.feature:50
2026-09-22T08:04:32.7922147Z     Given the AECP protocol directory is loaded                                                      # ../traffic-gen/tests/aecp_behave/features/steps/packet_steps.py:17
2026-09-22T08:04:32.7924376Z     Given the interface "atdecc_aecp_set_stream_info::AECP_SET_STREAM_INFO::AECP_SET_STREAM_INFO_IF" # ../traffic-gen/tests/aecp_behave/features/steps/packet_steps.py:24
2026-09-22T08:04:32.7925421Z     When I generate 500 packets with seed 82                                                         # ../traffic-gen/tests/aecp_behave/features/steps/packet_steps.py:62
2026-09-22T08:04:32.8207801Z     Then the field "descriptor_type" is always in range [0, 37]                                      # ../traffic-gen/tests/aecp_behave/features/steps/packet_steps.py:116
2026-09-22T08:04:32.8215590Z 
2026-09-22T08:04:32.8216584Z   Scenario: SET_STREAM_INFO reserved fields are always zero                                          # ../traffic-gen/tests/aecp_behave/features/aecp_stream_ops.feature:55
2026-09-22T08:04:32.8218462Z     Given the AECP protocol directory is loaded                                                      # ../traffic-gen/tests/aecp_behave/features/steps/packet_steps.py:17
2026-09-22T08:04:32.8220424Z     Given the interface "atdecc_aecp_set_stream_info::AECP_SET_STREAM_INFO::AECP_SET_STREAM_INFO_IF" # ../traffic-gen/tests/aecp_behave/features/steps/packet_steps.py:24
2026-09-22T08:04:32.8221853Z     When I generate 200 packets with seed 83                                                         # ../traffic-gen/tests/aecp_behave/features/steps/packet_steps.py:62
2026-09-22T08:04:32.8381149Z     Then the field "reserved0" always equals 0                                                       # ../traffic-gen/tests/aecp_behave/features/steps/packet_steps.py:95
2026-09-22T08:04:32.8383147Z     And the field "reserved1" always equals 0                                                        # ../traffic-gen/tests/aecp_behave/features/steps/packet_steps.py:95
2026-09-22T08:04:32.8388200Z 
2026-09-22T08:04:32.8389041Z   Scenario: SET_STREAM_INFO msrp_flags respects defined bit mask                                     # ../traffic-gen/tests/aecp_behave/features/aecp_stream_ops.feature:61
2026-09-22T08:04:32.8390818Z     Given the AECP protocol directory is loaded                                                      # ../traffic-gen/tests/aecp_behave/features/steps/packet_steps.py:17
2026-09-22T08:04:32.8392119Z     Given the interface "atdecc_aecp_set_stream_info::AECP_SET_STREAM_INFO::AECP_SET_STREAM_INFO_IF" # ../traffic-gen/tests/aecp_behave/features/steps/packet_steps.py:24
2026-09-22T08:04:32.8393552Z     When I generate 500 packets with seed 84                                                         # ../traffic-gen/tests/aecp_behave/features/steps/packet_steps.py:62
2026-09-22T08:04:32.8689962Z     Then the field "msrp_flags" always satisfies mask 0xF800000000000000                             # ../traffic-gen/tests/aecp_behave/features/steps/packet_steps.py:126
2026-09-22T08:04:32.8695883Z 
2026-09-22T08:04:32.8696640Z   Scenario: SET_STREAM_INFO packet is 75 bytes (596 bits padded)                                     # ../traffic-gen/tests/aecp_behave/features/aecp_stream_ops.feature:66
2026-09-22T08:04:32.8698070Z     Given the AECP protocol directory is loaded                                                      # ../traffic-gen/tests/aecp_behave/features/steps/packet_steps.py:17
2026-09-22T08:04:32.8699382Z     Given the interface "atdecc_aecp_set_stream_info::AECP_SET_STREAM_INFO::AECP_SET_STREAM_INFO_IF" # ../traffic-gen/tests/aecp_behave/features/steps/packet_steps.py:24
2026-09-22T08:04:32.8701105Z     When I generate 50 packets with seed 85                                                          # ../traffic-gen/tests/aecp_behave/features/steps/packet_steps.py:62
2026-09-22T08:04:32.8800584Z     Then the packet size is always 75 bytes                                                          # ../traffic-gen/tests/aecp_behave/features/steps/packet_steps.py:148
2026-09-22T08:04:32.8804825Z 
2026-09-22T08:04:32.8805616Z   Scenario: SET_STREAM_FORMAT packets are captured to a pcap file                                          # ../traffic-gen/tests/aecp_behave/features/aecp_stream_ops.feature:75
2026-09-22T08:04:32.8807001Z     Given the AECP protocol directory is loaded                                                            # ../traffic-gen/tests/aecp_behave/features/steps/packet_steps.py:17
2026-09-22T08:04:32.8808368Z     Given the interface "atdecc_aecp_set_stream_format::AECP_SET_STREAM_FORMAT::AECP_SET_STREAM_FORMAT_IF" # ../traffic-gen/tests/aecp_behave/features/steps/packet_steps.py:24
2026-09-22T08:04:32.8809795Z     When I generate 20 packets with seed 90 to pcap file "/tmp/aecp_stream_format.pcap"                    # ../traffic-gen/tests/aecp_behave/features/steps/packet_steps.py:72
2026-09-22T08:04:32.8894474Z     Then the pcap file "/tmp/aecp_stream_format.pcap" exists                                               # ../traffic-gen/tests/aecp_behave/features/steps/packet_steps.py:232
2026-09-22T08:04:32.8896438Z     And the pcap file "/tmp/aecp_stream_format.pcap" contains 20 packets                                   # ../traffic-gen/tests/aecp_behave/features/steps/packet_steps.py:237
2026-09-22T08:04:32.8899319Z 
2026-09-22T08:04:32.8903497Z Feature: Layer stacking — full on-wire frame assembly # ../traffic-gen/tests/aecp_behave/features/layer_stack.feature:16
2026-09-22T08:04:32.8904413Z 
2026-09-22T08:04:32.8905495Z   Feature: Layer stacking — full on-wire frame assembly  # ../traffic-gen/tests/aecp_behave/features/layer_stack.feature:16
2026-09-22T08:04:32.8906393Z 
2026-09-22T08:04:32.8907549Z   Scenario: Ethernet + AVTP + AECP_ACQUIRE_ENTITY stack produces 55-byte frame                                                                                                                                   # ../traffic-gen/tests/aecp_behave/features/layer_stack.feature:21
2026-09-22T08:04:32.8909962Z     Given the AECP protocol directory is loaded                                                                                                                                                                  # ../traffic-gen/tests/aecp_behave/features/steps/packet_steps.py:17
2026-09-22T08:04:32.8911892Z     Given the interface stack "ethernet_mac_frame::ETHERNET_FRAME::ETHERNET_FRAME_IF:avtp_control_header::AVTP_CONTROL::AVTP_CONTROL_IF:atdecc_aecp_acquire_entity::AECP_ACQUIRE_ENTITY::AECP_ACQUIRE_ENTITY_IF" # ../traffic-gen/tests/aecp_behave/features/steps/packet_steps.py:29
2026-09-22T08:04:32.8914381Z     When I generate 20 stacked packets with seed 1                                                                                                                                                               # ../traffic-gen/tests/aecp_behave/features/steps/packet_steps.py:183
2026-09-22T08:04:32.9033316Z     Then the stacked packet size is always 55 bytes                                                                                                                                                              # ../traffic-gen/tests/aecp_behave/features/steps/packet_steps.py:220
2026-09-22T08:04:32.9037010Z 
2026-09-22T08:04:32.9038157Z   Scenario: Ethernet MAC ethertype is always 0x22F0                                                                                                                                                              # ../traffic-gen/tests/aecp_behave/features/layer_stack.feature:26
2026-09-22T08:04:32.9040451Z     Given the AECP protocol directory is loaded                                                                                                                                                                  # ../traffic-gen/tests/aecp_behave/features/steps/packet_steps.py:17
2026-09-22T08:04:32.9043546Z     Given the interface stack "ethernet_mac_frame::ETHERNET_FRAME::ETHERNET_FRAME_IF:avtp_control_header::AVTP_CONTROL::AVTP_CONTROL_IF:atdecc_aecp_acquire_entity::AECP_ACQUIRE_ENTITY::AECP_ACQUIRE_ENTITY_IF" # ../traffic-gen/tests/aecp_behave/features/steps/packet_steps.py:29
2026-09-22T08:04:32.9045487Z     When I generate 50 stacked packets with seed 99                                                                                                                                                              # ../traffic-gen/tests/aecp_behave/features/steps/packet_steps.py:183
2026-09-22T08:04:32.9178016Z     Then layer 0 field "ethertype" always equals 8944                                                                                                                                                            # ../traffic-gen/tests/aecp_behave/features/steps/packet_steps.py:199
2026-09-22T08:04:32.9181875Z 
2026-09-22T08:04:32.9183047Z   Scenario: Ethernet MAC ethertype is always 0x22F0 (hex check)                                                                                                                                                  # ../traffic-gen/tests/aecp_behave/features/layer_stack.feature:31
2026-09-22T08:04:32.9184809Z     Given the AECP protocol directory is loaded                                                                                                                                                                  # ../traffic-gen/tests/aecp_behave/features/steps/packet_steps.py:17
2026-09-22T08:04:32.9186964Z     Given the interface stack "ethernet_mac_frame::ETHERNET_FRAME::ETHERNET_FRAME_IF:avtp_control_header::AVTP_CONTROL::AVTP_CONTROL_IF:atdecc_aecp_acquire_entity::AECP_ACQUIRE_ENTITY::AECP_ACQUIRE_ENTITY_IF" # ../traffic-gen/tests/aecp_behave/features/steps/packet_steps.py:29
2026-09-22T08:04:32.9188660Z     When I generate 20 stacked packets with seed 7                                                                                                                                                               # ../traffic-gen/tests/aecp_behave/features/steps/packet_steps.py:183
2026-09-22T08:04:32.9310601Z     Then layer 0 field "ethertype" always equals hex 22F0                                                                                                                                                        # ../traffic-gen/tests/aecp_behave/features/steps/packet_steps.py:209
2026-09-22T08:04:32.9313939Z 
2026-09-22T08:04:32.9314910Z   Scenario: AVTP subtype is always 0xFB (251 decimal)                                                                                                                                                            # ../traffic-gen/tests/aecp_behave/features/layer_stack.feature:36
2026-09-22T08:04:32.9316689Z     Given the AECP protocol directory is loaded                                                                                                                                                                  # ../traffic-gen/tests/aecp_behave/features/steps/packet_steps.py:17
2026-09-22T08:04:32.9318923Z     Given the interface stack "ethernet_mac_frame::ETHERNET_FRAME::ETHERNET_FRAME_IF:avtp_control_header::AVTP_CONTROL::AVTP_CONTROL_IF:atdecc_aecp_acquire_entity::AECP_ACQUIRE_ENTITY::AECP_ACQUIRE_ENTITY_IF" # ../traffic-gen/tests/aecp_behave/features/steps/packet_steps.py:29
2026-09-22T08:04:32.9321838Z     When I generate 20 stacked packets with seed 12                                                                                                                                                              # ../traffic-gen/tests/aecp_behave/features/steps/packet_steps.py:183
2026-09-22T08:04:32.9439716Z     Then layer 1 field "subtype" always equals 251                                                                                                                                                               # ../traffic-gen/tests/aecp_behave/features/steps/packet_steps.py:199
2026-09-22T08:04:32.9442803Z 
2026-09-22T08:04:32.9443895Z   Scenario: AVTP sv and version are always zero                                                                                                                                                                  # ../traffic-gen/tests/aecp_behave/features/layer_stack.feature:41
2026-09-22T08:04:32.9445512Z     Given the AECP protocol directory is loaded                                                                                                                                                                  # ../traffic-gen/tests/aecp_behave/features/steps/packet_steps.py:17
2026-09-22T08:04:32.9447821Z     Given the interface stack "ethernet_mac_frame::ETHERNET_FRAME::ETHERNET_FRAME_IF:avtp_control_header::AVTP_CONTROL::AVTP_CONTROL_IF:atdecc_aecp_acquire_entity::AECP_ACQUIRE_ENTITY::AECP_ACQUIRE_ENTITY_IF" # ../traffic-gen/tests/aecp_behave/features/steps/packet_steps.py:29
2026-09-22T08:04:32.9449622Z     When I generate 30 stacked packets with seed 5                                                                                                                                                               # ../traffic-gen/tests/aecp_behave/features/steps/packet_steps.py:183
2026-09-22T08:04:32.9573747Z     Then layer 1 field "sv" always equals 0                                                                                                                                                                      # ../traffic-gen/tests/aecp_behave/features/steps/packet_steps.py:199
2026-09-22T08:04:32.9575592Z     And layer 1 field "version" always equals 0                                                                                                                                                                  # ../traffic-gen/tests/aecp_behave/features/steps/packet_steps.py:199
2026-09-22T08:04:32.9578783Z 
2026-09-22T08:04:32.9579668Z   Scenario: AECP command_type is always ACQUIRE_ENTITY (0)                                                                                                                                                       # ../traffic-gen/tests/aecp_behave/features/layer_stack.feature:47
2026-09-22T08:04:32.9581312Z     Given the AECP protocol directory is loaded                                                                                                                                                                  # ../traffic-gen/tests/aecp_behave/features/steps/packet_steps.py:17
2026-09-22T08:04:32.9583739Z     Given the interface stack "ethernet_mac_frame::ETHERNET_FRAME::ETHERNET_FRAME_IF:avtp_control_header::AVTP_CONTROL::AVTP_CONTROL_IF:atdecc_aecp_acquire_entity::AECP_ACQUIRE_ENTITY::AECP_ACQUIRE_ENTITY_IF" # ../traffic-gen/tests/aecp_behave/features/steps/packet_steps.py:29
2026-09-22T08:04:32.9586356Z     When I generate 30 stacked packets with seed 77                                                                                                                                                              # ../traffic-gen/tests/aecp_behave/features/steps/packet_steps.py:183
2026-09-22T08:04:32.9706829Z     Then layer 2 field "command_type" always equals 0                                                                                                                                                            # ../traffic-gen/tests/aecp_behave/features/steps/packet_steps.py:199
2026-09-22T08:04:32.9709832Z 
2026-09-22T08:04:32.9710707Z   Scenario: Stacked frame can be captured to a pcap file                                                                                                                                                         # ../traffic-gen/tests/aecp_behave/features/layer_stack.feature:52
2026-09-22T08:04:32.9712062Z     Given the AECP protocol directory is loaded                                                                                                                                                                  # ../traffic-gen/tests/aecp_behave/features/steps/packet_steps.py:17
2026-09-22T08:04:32.9713907Z     Given the interface stack "ethernet_mac_frame::ETHERNET_FRAME::ETHERNET_FRAME_IF:avtp_control_header::AVTP_CONTROL::AVTP_CONTROL_IF:atdecc_aecp_acquire_entity::AECP_ACQUIRE_ENTITY::AECP_ACQUIRE_ENTITY_IF" # ../traffic-gen/tests/aecp_behave/features/steps/packet_steps.py:29
2026-09-22T08:04:32.9715827Z     When I generate 5 stacked packets with seed 42 to pcap file "/tmp/stack_aecp_test.pcap"                                                                                                                      # ../traffic-gen/tests/aecp_behave/features/steps/packet_steps.py:193
2026-09-22T08:04:32.9828207Z     Then the pcap file "/tmp/stack_aecp_test.pcap" exists                                                                                                                                                        # ../traffic-gen/tests/aecp_behave/features/steps/packet_steps.py:232
2026-09-22T08:04:32.9829732Z     And the pcap file "/tmp/stack_aecp_test.pcap" contains 5 packets                                                                                                                                             # ../traffic-gen/tests/aecp_behave/features/steps/packet_steps.py:237
2026-09-22T08:04:32.9833505Z 
2026-09-22T08:04:32.9834558Z   Scenario: Stack output is deterministic with a fixed seed                                                                                                                                                      # ../traffic-gen/tests/aecp_behave/features/layer_stack.feature:58
2026-09-22T08:04:32.9836223Z     Given the AECP protocol directory is loaded                                                                                                                                                                  # ../traffic-gen/tests/aecp_behave/features/steps/packet_steps.py:17
2026-09-22T08:04:32.9838988Z     Given the interface stack "ethernet_mac_frame::ETHERNET_FRAME::ETHERNET_FRAME_IF:avtp_control_header::AVTP_CONTROL::AVTP_CONTROL_IF:atdecc_aecp_acquire_entity::AECP_ACQUIRE_ENTITY::AECP_ACQUIRE_ENTITY_IF" # ../traffic-gen/tests/aecp_behave/features/steps/packet_steps.py:29
2026-09-22T08:04:32.9841762Z     When I generate 5 stacked packets with seed 42                                                                                                                                                               # ../traffic-gen/tests/aecp_behave/features/steps/packet_steps.py:183
2026-09-22T08:04:32.9953530Z     Then the stacked packet size is always 55 bytes                                                                                                                                                              # ../traffic-gen/tests/aecp_behave/features/steps/packet_steps.py:220
2026-09-22T08:04:32.9955837Z     And layer 0 field "ethertype" always equals 8944                                                                                                                                                             # ../traffic-gen/tests/aecp_behave/features/steps/packet_steps.py:199
2026-09-22T08:04:32.9957783Z     And layer 1 field "subtype" always equals 251                                                                                                                                                                # ../traffic-gen/tests/aecp_behave/features/steps/packet_steps.py:199
2026-09-22T08:04:32.9958971Z 
2026-09-22T08:04:32.9961451Z 8 features passed, 0 failed, 0 skipped
2026-09-22T08:04:32.9961949Z 96 scenarios passed, 0 failed, 2 skipped
2026-09-22T08:04:32.9962388Z 395 steps passed, 0 failed, 8 skipped
2026-09-22T08:04:32.9962887Z Took 0min 1.310s
2026-09-22T08:04:33.0135308Z *** behave: /home/runner/work/tsn-gen/tsn-gen/traffic-gen/tests/stack_behave/features
2026-09-22T08:04:33.1159788Z USING RUNNER: behave.runner:Runner
2026-09-22T08:04:33.1161370Z Feature: ADP — full on-wire frame assembly via layer stacking # ../traffic-gen/tests/stack_behave/features/adp_stack.feature:12
2026-09-22T08:04:33.1162503Z 
2026-09-22T08:04:33.1163776Z   Feature: ADP — full on-wire frame assembly via layer stacking  # ../traffic-gen/tests/stack_behave/features/adp_stack.feature:12
2026-09-22T08:04:33.1164750Z 
2026-09-22T08:04:33.1165544Z   Scenario: ADP_IF_DATA stacked frame has correct total size                         # ../traffic-gen/tests/stack_behave/features/adp_stack.feature:17
2026-09-22T08:04:33.1167548Z     Given the protocols root is loaded                                               # ../traffic-gen/tests/stack_behave/features/steps/stack_steps.py:46
2026-09-22T08:04:33.1169414Z     Given the application interface "atdecc_adp_service::ADP_INTERFACE::ADP_IF_DATA" # ../traffic-gen/tests/stack_behave/features/steps/stack_steps.py:52
2026-09-22T08:04:33.1171180Z     When I generate 20 stacked packets with seed 1                                   # ../traffic-gen/tests/stack_behave/features/steps/stack_steps.py:62
2026-09-22T08:04:33.1304526Z     Then the stacked packet size is always 83 bytes                                  # ../traffic-gen/tests/stack_behave/features/steps/stack_steps.py:83
2026-09-22T08:04:33.1308413Z 
2026-09-22T08:04:33.1309431Z   Scenario: ADP_IF_DATA — ethertype is always 0x22F0                                 # ../traffic-gen/tests/stack_behave/features/adp_stack.feature:22
2026-09-22T08:04:33.1310891Z     Given the protocols root is loaded                                               # ../traffic-gen/tests/stack_behave/features/steps/stack_steps.py:46
2026-09-22T08:04:33.1312129Z     Given the application interface "atdecc_adp_service::ADP_INTERFACE::ADP_IF_DATA" # ../traffic-gen/tests/stack_behave/features/steps/stack_steps.py:52
2026-09-22T08:04:33.1313606Z     When I generate 30 stacked packets with seed 5                                   # ../traffic-gen/tests/stack_behave/features/steps/stack_steps.py:62
2026-09-22T08:04:33.1444079Z     Then layer 0 field "ethertype" always equals hex 22F0                            # ../traffic-gen/tests/stack_behave/features/steps/stack_steps.py:101
2026-09-22T08:04:33.1447597Z 
2026-09-22T08:04:33.1448349Z   Scenario: ADP_IF_DATA — AVTP subtype is always 0xFB and version 0                  # ../traffic-gen/tests/stack_behave/features/adp_stack.feature:27
2026-09-22T08:04:33.1449418Z     Given the protocols root is loaded                                               # ../traffic-gen/tests/stack_behave/features/steps/stack_steps.py:46
2026-09-22T08:04:33.1450549Z     Given the application interface "atdecc_adp_service::ADP_INTERFACE::ADP_IF_DATA" # ../traffic-gen/tests/stack_behave/features/steps/stack_steps.py:52
2026-09-22T08:04:33.1452108Z     When I generate 30 stacked packets with seed 3                                   # ../traffic-gen/tests/stack_behave/features/steps/stack_steps.py:62
2026-09-22T08:04:33.1581611Z     Then layer 1 field "subtype" always equals 251                                   # ../traffic-gen/tests/stack_behave/features/steps/stack_steps.py:91
2026-09-22T08:04:33.1583624Z     And layer 1 field "sv" always equals 0                                           # ../traffic-gen/tests/stack_behave/features/steps/stack_steps.py:91
2026-09-22T08:04:33.1585584Z     And layer 1 field "version" always equals 0                                      # ../traffic-gen/tests/stack_behave/features/steps/stack_steps.py:91
2026-09-22T08:04:33.1589943Z 
2026-09-22T08:04:33.1591574Z   Scenario: ADP_IF_DATA — message_type is always 0 (ENTITY_AVAILABLE), 1 (ENTITY_DEPARTING), or 2 (ENTITY_DISCOVER)  # ../traffic-gen/tests/stack_behave/features/adp_stack.feature:34
2026-09-22T08:04:33.1594007Z     Given the protocols root is loaded                                                                               # ../traffic-gen/tests/stack_behave/features/steps/stack_steps.py:46
2026-09-22T08:04:33.1595910Z     Given the application interface "atdecc_adp_service::ADP_INTERFACE::ADP_IF_DATA"                                 # ../traffic-gen/tests/stack_behave/features/steps/stack_steps.py:52
2026-09-22T08:04:33.1597047Z     When I generate 50 stacked packets with seed 8                                                                   # ../traffic-gen/tests/stack_behave/features/steps/stack_steps.py:62
2026-09-22T08:04:33.1738334Z     Then layer 2 field "message_type" is always one of [0, 1, 2]                                                     # ../traffic-gen/tests/stack_behave/features/steps/stack_steps.py:122
2026-09-22T08:04:33.1743116Z 
2026-09-22T08:04:33.1744424Z   Scenario: ADP_IF_DATA — written to pcap                                                     # ../traffic-gen/tests/stack_behave/features/adp_stack.feature:39
2026-09-22T08:04:33.1746086Z     Given the protocols root is loaded                                                        # ../traffic-gen/tests/stack_behave/features/steps/stack_steps.py:46
2026-09-22T08:04:33.1747908Z     Given the application interface "atdecc_adp_service::ADP_INTERFACE::ADP_IF_DATA"          # ../traffic-gen/tests/stack_behave/features/steps/stack_steps.py:52
2026-09-22T08:04:33.1749532Z     When I generate 5 stacked packets with seed 42 to pcap file "/tmp/stack_ADP_IF_DATA.pcap" # ../traffic-gen/tests/stack_behave/features/steps/stack_steps.py:72
2026-09-22T08:04:33.1865434Z     Then the pcap file "/tmp/stack_ADP_IF_DATA.pcap" exists                                   # ../traffic-gen/tests/stack_behave/features/steps/stack_steps.py:137
2026-09-22T08:04:33.1867289Z     And the pcap file "/tmp/stack_ADP_IF_DATA.pcap" contains 5 packets                        # ../traffic-gen/tests/stack_behave/features/steps/stack_steps.py:142
2026-09-22T08:04:33.1870394Z 
2026-09-22T08:04:33.1874006Z Feature: AECP AEM — full on-wire frame assembly via layer stacking # ../traffic-gen/tests/stack_behave/features/aecp_aem_stack.feature:32
2026-09-22T08:04:33.1874994Z 
2026-09-22T08:04:33.1876010Z   Feature: AECP AEM — full on-wire frame assembly via layer stacking  # ../traffic-gen/tests/stack_behave/features/aecp_aem_stack.feature:32
2026-09-22T08:04:33.1906702Z 
2026-09-22T08:04:33.1907844Z   Scenario Outline: AEM_NO_PAYLOAD stacked frame has the correct total size -- @1.1 AECP AEM interfaces       # ../traffic-gen/tests/stack_behave/features/aecp_aem_stack.feature:48
2026-09-22T08:04:33.1909139Z     Given the protocols root is loaded                                                                        # ../traffic-gen/tests/stack_behave/features/steps/stack_steps.py:46
2026-09-22T08:04:33.1910180Z     Given the application interface "atdecc_aecp_aem_no_payload::AECP_AEM_NO_PAYLOAD::AECP_AEM_NO_PAYLOAD_IF" # ../traffic-gen/tests/stack_behave/features/steps/stack_steps.py:52
2026-09-22T08:04:33.1911796Z     When I generate 10 stacked packets with seed 1                                                            # ../traffic-gen/tests/stack_behave/features/steps/stack_steps.py:62
2026-09-22T08:04:33.2027764Z     Then the stacked packet size is always 39 bytes                                                           # ../traffic-gen/tests/stack_behave/features/steps/stack_steps.py:83
2026-09-22T08:04:33.2031336Z 
2026-09-22T08:04:33.2032199Z   Scenario Outline: SET_CONFIGURATION stacked frame has the correct total size -- @1.2 AECP AEM interfaces             # ../traffic-gen/tests/stack_behave/features/aecp_aem_stack.feature:49
2026-09-22T08:04:33.2033827Z     Given the protocols root is loaded                                                                                 # ../traffic-gen/tests/stack_behave/features/steps/stack_steps.py:46
2026-09-22T08:04:33.2034923Z     Given the application interface "atdecc_aecp_set_configuration::AECP_SET_CONFIGURATION::AECP_SET_CONFIGURATION_IF" # ../traffic-gen/tests/stack_behave/features/steps/stack_steps.py:52
2026-09-22T08:04:33.2036362Z     When I generate 10 stacked packets with seed 1                                                                     # ../traffic-gen/tests/stack_behave/features/steps/stack_steps.py:62
2026-09-22T08:04:33.2152596Z     Then the stacked packet size is always 43 bytes                                                                    # ../traffic-gen/tests/stack_behave/features/steps/stack_steps.py:83
2026-09-22T08:04:33.2155914Z 
2026-09-22T08:04:33.2156709Z   Scenario Outline: AEM_DESC_QUERY stacked frame has the correct total size -- @1.3 AECP AEM interfaces                   # ../traffic-gen/tests/stack_behave/features/aecp_aem_stack.feature:50
2026-09-22T08:04:33.2158359Z     Given the protocols root is loaded                                                                                    # ../traffic-gen/tests/stack_behave/features/steps/stack_steps.py:46
2026-09-22T08:04:33.2159751Z     Given the application interface "atdecc_aecp_aem_descriptor_query::AECP_AEM_DESCRIPTOR_QUERY::AECP_AEM_DESC_QUERY_IF" # ../traffic-gen/tests/stack_behave/features/steps/stack_steps.py:52
2026-09-22T08:04:33.2161191Z     When I generate 10 stacked packets with seed 1                                                                        # ../traffic-gen/tests/stack_behave/features/steps/stack_steps.py:62
2026-09-22T08:04:33.2276417Z     Then the stacked packet size is always 43 bytes                                                                       # ../traffic-gen/tests/stack_behave/features/steps/stack_steps.py:83
2026-09-22T08:04:33.2279651Z 
2026-09-22T08:04:33.2280530Z   Scenario Outline: ABORT_OPERATION stacked frame has the correct total size -- @1.4 AECP AEM interfaces         # ../traffic-gen/tests/stack_behave/features/aecp_aem_stack.feature:51
2026-09-22T08:04:33.2282149Z     Given the protocols root is loaded                                                                           # ../traffic-gen/tests/stack_behave/features/steps/stack_steps.py:46
2026-09-22T08:04:33.2283820Z     Given the application interface "atdecc_aecp_abort_operation::AECP_ABORT_OPERATION::AECP_ABORT_OPERATION_IF" # ../traffic-gen/tests/stack_behave/features/steps/stack_steps.py:52
2026-09-22T08:04:33.2285533Z     When I generate 10 stacked packets with seed 1                                                               # ../traffic-gen/tests/stack_behave/features/steps/stack_steps.py:62
2026-09-22T08:04:33.2400318Z     Then the stacked packet size is always 47 bytes                                                              # ../traffic-gen/tests/stack_behave/features/steps/stack_steps.py:83
2026-09-22T08:04:33.2403982Z 
2026-09-22T08:04:33.2404816Z   Scenario Outline: GET_AUDIO_MAP stacked frame has the correct total size -- @1.5 AECP AEM interfaces     # ../traffic-gen/tests/stack_behave/features/aecp_aem_stack.feature:52
2026-09-22T08:04:33.2406507Z     Given the protocols root is loaded                                                                     # ../traffic-gen/tests/stack_behave/features/steps/stack_steps.py:46
2026-09-22T08:04:33.2407710Z     Given the application interface "atdecc_aecp_get_audio_map::AECP_GET_AUDIO_MAP::AECP_GET_AUDIO_MAP_IF" # ../traffic-gen/tests/stack_behave/features/steps/stack_steps.py:52
2026-09-22T08:04:33.2409457Z     When I generate 10 stacked packets with seed 1                                                         # ../traffic-gen/tests/stack_behave/features/steps/stack_steps.py:62
2026-09-22T08:04:33.2525684Z     Then the stacked packet size is always 47 bytes                                                        # ../traffic-gen/tests/stack_behave/features/steps/stack_steps.py:83
2026-09-22T08:04:33.2528956Z 
2026-09-22T08:04:33.2529888Z   Scenario Outline: GET_NAME stacked frame has the correct total size -- @1.6 AECP AEM interfaces  # ../traffic-gen/tests/stack_behave/features/aecp_aem_stack.feature:53
2026-09-22T08:04:33.2531477Z     Given the protocols root is loaded                                                             # ../traffic-gen/tests/stack_behave/features/steps/stack_steps.py:46
2026-09-22T08:04:33.2533058Z     Given the application interface "atdecc_aecp_get_name::AECP_GET_NAME::AECP_GET_NAME_IF"        # ../traffic-gen/tests/stack_behave/features/steps/stack_steps.py:52
2026-09-22T08:04:33.2534491Z     When I generate 10 stacked packets with seed 1                                                 # ../traffic-gen/tests/stack_behave/features/steps/stack_steps.py:62
2026-09-22T08:04:33.2652254Z     Then the stacked packet size is always 47 bytes                                                # ../traffic-gen/tests/stack_behave/features/steps/stack_steps.py:83
2026-09-22T08:04:33.2656233Z 
2026-09-22T08:04:33.2657489Z   Scenario Outline: OPERATION_STATUS stacked frame has the correct total size -- @1.7 AECP AEM interfaces           # ../traffic-gen/tests/stack_behave/features/aecp_aem_stack.feature:54
2026-09-22T08:04:33.2659158Z     Given the protocols root is loaded                                                                              # ../traffic-gen/tests/stack_behave/features/steps/stack_steps.py:46
2026-09-22T08:04:33.2660805Z     Given the application interface "atdecc_aecp_operation_status::AECP_OPERATION_STATUS::AECP_OPERATION_STATUS_IF" # ../traffic-gen/tests/stack_behave/features/steps/stack_steps.py:52
2026-09-22T08:04:33.2662149Z     When I generate 10 stacked packets with seed 1                                                                  # ../traffic-gen/tests/stack_behave/features/steps/stack_steps.py:62
2026-09-22T08:04:33.2781617Z     Then the stacked packet size is always 47 bytes                                                                 # ../traffic-gen/tests/stack_behave/features/steps/stack_steps.py:83
2026-09-22T08:04:33.2785735Z 
2026-09-22T08:04:33.2786663Z   Scenario Outline: READ_DESCRIPTOR stacked frame has the correct total size -- @1.8 AECP AEM interfaces         # ../traffic-gen/tests/stack_behave/features/aecp_aem_stack.feature:55
2026-09-22T08:04:33.2788295Z     Given the protocols root is loaded                                                                           # ../traffic-gen/tests/stack_behave/features/steps/stack_steps.py:46
2026-09-22T08:04:33.2789966Z     Given the application interface "atdecc_aecp_read_descriptor::AECP_READ_DESCRIPTOR::AECP_READ_DESCRIPTOR_IF" # ../traffic-gen/tests/stack_behave/features/steps/stack_steps.py:52
2026-09-22T08:04:33.2791365Z     When I generate 10 stacked packets with seed 1                                                               # ../traffic-gen/tests/stack_behave/features/steps/stack_steps.py:62
2026-09-22T08:04:33.2909057Z     Then the stacked packet size is always 47 bytes                                                              # ../traffic-gen/tests/stack_behave/features/steps/stack_steps.py:83
2026-09-22T08:04:33.2913086Z 
2026-09-22T08:04:33.2914345Z   Scenario Outline: SET_CLOCK_SOURCE stacked frame has the correct total size -- @1.9 AECP AEM interfaces           # ../traffic-gen/tests/stack_behave/features/aecp_aem_stack.feature:56
2026-09-22T08:04:33.2916775Z     Given the protocols root is loaded                                                                              # ../traffic-gen/tests/stack_behave/features/steps/stack_steps.py:46
2026-09-22T08:04:33.2918790Z     Given the application interface "atdecc_aecp_set_clock_source::AECP_SET_CLOCK_SOURCE::AECP_SET_CLOCK_SOURCE_IF" # ../traffic-gen/tests/stack_behave/features/steps/stack_steps.py:52
2026-09-22T08:04:33.2920562Z     When I generate 10 stacked packets with seed 1                                                                  # ../traffic-gen/tests/stack_behave/features/steps/stack_steps.py:62
2026-09-22T08:04:33.3034477Z     Then the stacked packet size is always 47 bytes                                                                 # ../traffic-gen/tests/stack_behave/features/steps/stack_steps.py:83
2026-09-22T08:04:33.3038084Z 
2026-09-22T08:04:33.3039105Z   Scenario Outline: SET_SAMPLING_RATE stacked frame has the correct total size -- @1.10 AECP AEM interfaces            # ../traffic-gen/tests/stack_behave/features/aecp_aem_stack.feature:57
2026-09-22T08:04:33.3040565Z     Given the protocols root is loaded                                                                                 # ../traffic-gen/tests/stack_behave/features/steps/stack_steps.py:46
2026-09-22T08:04:33.3041916Z     Given the application interface "atdecc_aecp_set_sampling_rate::AECP_SET_SAMPLING_RATE::AECP_SET_SAMPLING_RATE_IF" # ../traffic-gen/tests/stack_behave/features/steps/stack_steps.py:52
2026-09-22T08:04:33.3043576Z     When I generate 10 stacked packets with seed 1                                                                     # ../traffic-gen/tests/stack_behave/features/steps/stack_steps.py:62
2026-09-22T08:04:33.3159447Z     Then the stacked packet size is always 47 bytes                                                                    # ../traffic-gen/tests/stack_behave/features/steps/stack_steps.py:83
2026-09-22T08:04:33.3161840Z 
2026-09-22T08:04:33.3163285Z   Scenario Outline: START_OPERATION stacked frame has the correct total size -- @1.11 AECP AEM interfaces        # ../traffic-gen/tests/stack_behave/features/aecp_aem_stack.feature:58
2026-09-22T08:04:33.3165169Z     Given the protocols root is loaded                                                                           # ../traffic-gen/tests/stack_behave/features/steps/stack_steps.py:46
2026-09-22T08:04:33.3167008Z     Given the application interface "atdecc_aecp_start_operation::AECP_START_OPERATION::AECP_START_OPERATION_IF" # ../traffic-gen/tests/stack_behave/features/steps/stack_steps.py:52
2026-09-22T08:04:33.3168264Z     When I generate 10 stacked packets with seed 1                                                               # ../traffic-gen/tests/stack_behave/features/steps/stack_steps.py:62
2026-09-22T08:04:33.3283240Z     Then the stacked packet size is always 47 bytes                                                              # ../traffic-gen/tests/stack_behave/features/steps/stack_steps.py:83
2026-09-22T08:04:33.3285972Z 
2026-09-22T08:04:33.3286923Z   Scenario Outline: SET_CONTROL stacked frame has the correct total size -- @1.12 AECP AEM interfaces  # ../traffic-gen/tests/stack_behave/features/aecp_aem_stack.feature:59
2026-09-22T08:04:33.3288591Z     Given the protocols root is loaded                                                                 # ../traffic-gen/tests/stack_behave/features/steps/stack_steps.py:46
2026-09-22T08:04:33.3290071Z     Given the application interface "atdecc_aecp_set_control::AECP_SET_CONTROL::AECP_SET_CONTROL_IF"   # ../traffic-gen/tests/stack_behave/features/steps/stack_steps.py:52
2026-09-22T08:04:33.3291358Z     When I generate 10 stacked packets with seed 1                                                     # ../traffic-gen/tests/stack_behave/features/steps/stack_steps.py:62
2026-09-22T08:04:33.3406180Z     Then the stacked packet size is always 51 bytes                                                    # ../traffic-gen/tests/stack_behave/features/steps/stack_steps.py:83
2026-09-22T08:04:33.3409065Z 
2026-09-22T08:04:33.3410085Z   Scenario Outline: SET_STREAM_FORMAT stacked frame has the correct total size -- @1.13 AECP AEM interfaces            # ../traffic-gen/tests/stack_behave/features/aecp_aem_stack.feature:60
2026-09-22T08:04:33.3411743Z     Given the protocols root is loaded                                                                                 # ../traffic-gen/tests/stack_behave/features/steps/stack_steps.py:46
2026-09-22T08:04:33.3413543Z     Given the application interface "atdecc_aecp_set_stream_format::AECP_SET_STREAM_FORMAT::AECP_SET_STREAM_FORMAT_IF" # ../traffic-gen/tests/stack_behave/features/steps/stack_steps.py:52
2026-09-22T08:04:33.3414834Z     When I generate 10 stacked packets with seed 1                                                                     # ../traffic-gen/tests/stack_behave/features/steps/stack_steps.py:62
2026-09-22T08:04:33.3529182Z     Then the stacked packet size is always 51 bytes                                                                    # ../traffic-gen/tests/stack_behave/features/steps/stack_steps.py:83
2026-09-22T08:04:33.3531920Z 
2026-09-22T08:04:33.3533116Z   Scenario Outline: ACQUIRE_ENTITY stacked frame has the correct total size -- @1.14 AECP AEM interfaces      # ../traffic-gen/tests/stack_behave/features/aecp_aem_stack.feature:61
2026-09-22T08:04:33.3534842Z     Given the protocols root is loaded                                                                        # ../traffic-gen/tests/stack_behave/features/steps/stack_steps.py:46
2026-09-22T08:04:33.3536504Z     Given the application interface "atdecc_aecp_acquire_entity::AECP_ACQUIRE_ENTITY::AECP_ACQUIRE_ENTITY_IF" # ../traffic-gen/tests/stack_behave/features/steps/stack_steps.py:52
2026-09-22T08:04:33.3538042Z     When I generate 10 stacked packets with seed 1                                                            # ../traffic-gen/tests/stack_behave/features/steps/stack_steps.py:62
2026-09-22T08:04:33.3652502Z     Then the stacked packet size is always 55 bytes                                                           # ../traffic-gen/tests/stack_behave/features/steps/stack_steps.py:83
2026-09-22T08:04:33.3655635Z 
2026-09-22T08:04:33.3656672Z   Scenario Outline: AUDIO_MAPPINGS stacked frame has the correct total size -- @1.15 AECP AEM interfaces      # ../traffic-gen/tests/stack_behave/features/aecp_aem_stack.feature:62
2026-09-22T08:04:33.3658419Z     Given the protocols root is loaded                                                                        # ../traffic-gen/tests/stack_behave/features/steps/stack_steps.py:46
2026-09-22T08:04:33.3660155Z     Given the application interface "atdecc_aecp_audio_mappings::AECP_AUDIO_MAPPINGS::AECP_AUDIO_MAPPINGS_IF" # ../traffic-gen/tests/stack_behave/features/steps/stack_steps.py:52
2026-09-22T08:04:33.3661478Z     When I generate 10 stacked packets with seed 1                                                            # ../traffic-gen/tests/stack_behave/features/steps/stack_steps.py:62
2026-09-22T08:04:33.3776195Z     Then the stacked packet size is always 55 bytes                                                           # ../traffic-gen/tests/stack_behave/features/steps/stack_steps.py:83
2026-09-22T08:04:33.3778896Z 
2026-09-22T08:04:33.3780064Z   Scenario Outline: LOCK_ENTITY stacked frame has the correct total size -- @1.16 AECP AEM interfaces  # ../traffic-gen/tests/stack_behave/features/aecp_aem_stack.feature:63
2026-09-22T08:04:33.3781954Z     Given the protocols root is loaded                                                                 # ../traffic-gen/tests/stack_behave/features/steps/stack_steps.py:46
2026-09-22T08:04:33.3784047Z     Given the application interface "atdecc_aecp_lock_entity::AECP_LOCK_ENTITY::AECP_LOCK_ENTITY_IF"   # ../traffic-gen/tests/stack_behave/features/steps/stack_steps.py:52
2026-09-22T08:04:33.3785323Z     When I generate 10 stacked packets with seed 1                                                     # ../traffic-gen/tests/stack_behave/features/steps/stack_steps.py:62
2026-09-22T08:04:33.3898921Z     Then the stacked packet size is always 55 bytes                                                    # ../traffic-gen/tests/stack_behave/features/steps/stack_steps.py:83
2026-09-22T08:04:33.3901535Z 
2026-09-22T08:04:33.3902943Z   Scenario Outline: SET_STREAM_INFO stacked frame has the correct total size -- @1.17 AECP AEM interfaces        # ../traffic-gen/tests/stack_behave/features/aecp_aem_stack.feature:64
2026-09-22T08:04:33.3905034Z     Given the protocols root is loaded                                                                           # ../traffic-gen/tests/stack_behave/features/steps/stack_steps.py:46
2026-09-22T08:04:33.3907041Z     Given the application interface "atdecc_aecp_set_stream_info::AECP_SET_STREAM_INFO::AECP_SET_STREAM_INFO_IF" # ../traffic-gen/tests/stack_behave/features/steps/stack_steps.py:52
2026-09-22T08:04:33.3908493Z     When I generate 10 stacked packets with seed 1                                                               # ../traffic-gen/tests/stack_behave/features/steps/stack_steps.py:62
2026-09-22T08:04:33.4024127Z     Then the stacked packet size is always 91 bytes                                                              # ../traffic-gen/tests/stack_behave/features/steps/stack_steps.py:83
2026-09-22T08:04:33.4026797Z 
2026-09-22T08:04:33.4027922Z   Scenario Outline: SET_NAME stacked frame has the correct total size -- @1.18 AECP AEM interfaces  # ../traffic-gen/tests/stack_behave/features/aecp_aem_stack.feature:65
2026-09-22T08:04:33.4029863Z     Given the protocols root is loaded                                                              # ../traffic-gen/tests/stack_behave/features/steps/stack_steps.py:46
2026-09-22T08:04:33.4031870Z     Given the application interface "atdecc_aecp_set_name::AECP_SET_NAME::AECP_SET_NAME_IF"         # ../traffic-gen/tests/stack_behave/features/steps/stack_steps.py:52
2026-09-22T08:04:33.4033495Z     When I generate 10 stacked packets with seed 1                                                  # ../traffic-gen/tests/stack_behave/features/steps/stack_steps.py:62
2026-09-22T08:04:33.4147309Z     Then the stacked packet size is always 111 bytes                                                # ../traffic-gen/tests/stack_behave/features/steps/stack_steps.py:83
2026-09-22T08:04:33.4179705Z 
2026-09-22T08:04:33.4181005Z   Scenario Outline: AEM_NO_PAYLOAD — ethertype is always 0x22F0 -- @1.1 AECP AEM interfaces                   # ../traffic-gen/tests/stack_behave/features/aecp_aem_stack.feature:78
2026-09-22T08:04:33.4182718Z     Given the protocols root is loaded                                                                        # ../traffic-gen/tests/stack_behave/features/steps/stack_steps.py:46
2026-09-22T08:04:33.4184031Z     Given the application interface "atdecc_aecp_aem_no_payload::AECP_AEM_NO_PAYLOAD::AECP_AEM_NO_PAYLOAD_IF" # ../traffic-gen/tests/stack_behave/features/steps/stack_steps.py:52
2026-09-22T08:04:33.4185551Z     When I generate 20 stacked packets with seed 7                                                            # ../traffic-gen/tests/stack_behave/features/steps/stack_steps.py:62
2026-09-22T08:04:33.4309815Z     Then layer 0 field "ethertype" always equals hex 22F0                                                     # ../traffic-gen/tests/stack_behave/features/steps/stack_steps.py:101
2026-09-22T08:04:33.4312642Z 
2026-09-22T08:04:33.4314295Z   Scenario Outline: SET_CONFIGURATION — ethertype is always 0x22F0 -- @1.2 AECP AEM interfaces                         # ../traffic-gen/tests/stack_behave/features/aecp_aem_stack.feature:79
2026-09-22T08:04:33.4315929Z     Given the protocols root is loaded                                                                                 # ../traffic-gen/tests/stack_behave/features/steps/stack_steps.py:46
2026-09-22T08:04:33.4317591Z     Given the application interface "atdecc_aecp_set_configuration::AECP_SET_CONFIGURATION::AECP_SET_CONFIGURATION_IF" # ../traffic-gen/tests/stack_behave/features/steps/stack_steps.py:52
2026-09-22T08:04:33.4319117Z     When I generate 20 stacked packets with seed 7                                                                     # ../traffic-gen/tests/stack_behave/features/steps/stack_steps.py:62
2026-09-22T08:04:33.4437053Z     Then layer 0 field "ethertype" always equals hex 22F0                                                              # ../traffic-gen/tests/stack_behave/features/steps/stack_steps.py:101
2026-09-22T08:04:33.4439537Z 
2026-09-22T08:04:33.4440737Z   Scenario Outline: AEM_DESC_QUERY — ethertype is always 0x22F0 -- @1.3 AECP AEM interfaces                               # ../traffic-gen/tests/stack_behave/features/aecp_aem_stack.feature:80
2026-09-22T08:04:33.4442374Z     Given the protocols root is loaded                                                                                    # ../traffic-gen/tests/stack_behave/features/steps/stack_steps.py:46
2026-09-22T08:04:33.4444321Z     Given the application interface "atdecc_aecp_aem_descriptor_query::AECP_AEM_DESCRIPTOR_QUERY::AECP_AEM_DESC_QUERY_IF" # ../traffic-gen/tests/stack_behave/features/steps/stack_steps.py:52
2026-09-22T08:04:33.4445645Z     When I generate 20 stacked packets with seed 7                                                                        # ../traffic-gen/tests/stack_behave/features/steps/stack_steps.py:62
2026-09-22T08:04:33.4565096Z     Then layer 0 field "ethertype" always equals hex 22F0                                                                 # ../traffic-gen/tests/stack_behave/features/steps/stack_steps.py:101
2026-09-22T08:04:33.4568006Z 
2026-09-22T08:04:33.4569243Z   Scenario Outline: ABORT_OPERATION — ethertype is always 0x22F0 -- @1.4 AECP AEM interfaces                     # ../traffic-gen/tests/stack_behave/features/aecp_aem_stack.feature:81
2026-09-22T08:04:33.4571129Z     Given the protocols root is loaded                                                                           # ../traffic-gen/tests/stack_behave/features/steps/stack_steps.py:46
2026-09-22T08:04:33.4573078Z     Given the application interface "atdecc_aecp_abort_operation::AECP_ABORT_OPERATION::AECP_ABORT_OPERATION_IF" # ../traffic-gen/tests/stack_behave/features/steps/stack_steps.py:52
2026-09-22T08:04:33.4574432Z     When I generate 20 stacked packets with seed 7                                                               # ../traffic-gen/tests/stack_behave/features/steps/stack_steps.py:62
2026-09-22T08:04:33.4692992Z     Then layer 0 field "ethertype" always equals hex 22F0                                                        # ../traffic-gen/tests/stack_behave/features/steps/stack_steps.py:101
2026-09-22T08:04:33.4696274Z 
2026-09-22T08:04:33.4697429Z   Scenario Outline: GET_AUDIO_MAP — ethertype is always 0x22F0 -- @1.5 AECP AEM interfaces                 # ../traffic-gen/tests/stack_behave/features/aecp_aem_stack.feature:82
2026-09-22T08:04:33.4698963Z     Given the protocols root is loaded                                                                     # ../traffic-gen/tests/stack_behave/features/steps/stack_steps.py:46
2026-09-22T08:04:33.4700513Z     Given the application interface "atdecc_aecp_get_audio_map::AECP_GET_AUDIO_MAP::AECP_GET_AUDIO_MAP_IF" # ../traffic-gen/tests/stack_behave/features/steps/stack_steps.py:52
2026-09-22T08:04:33.4701716Z     When I generate 20 stacked packets with seed 7                                                         # ../traffic-gen/tests/stack_behave/features/steps/stack_steps.py:62
2026-09-22T08:04:33.4821427Z     Then layer 0 field "ethertype" always equals hex 22F0                                                  # ../traffic-gen/tests/stack_behave/features/steps/stack_steps.py:101
2026-09-22T08:04:33.4824581Z 
2026-09-22T08:04:33.4825939Z   Scenario Outline: GET_NAME — ethertype is always 0x22F0 -- @1.6 AECP AEM interfaces       # ../traffic-gen/tests/stack_behave/features/aecp_aem_stack.feature:83
2026-09-22T08:04:33.4828033Z     Given the protocols root is loaded                                                      # ../traffic-gen/tests/stack_behave/features/steps/stack_steps.py:46
2026-09-22T08:04:33.4829398Z     Given the application interface "atdecc_aecp_get_name::AECP_GET_NAME::AECP_GET_NAME_IF" # ../traffic-gen/tests/stack_behave/features/steps/stack_steps.py:52
2026-09-22T08:04:33.4830501Z     When I generate 20 stacked packets with seed 7                                          # ../traffic-gen/tests/stack_behave/features/steps/stack_steps.py:62
2026-09-22T08:04:33.4949310Z     Then layer 0 field "ethertype" always equals hex 22F0                                   # ../traffic-gen/tests/stack_behave/features/steps/stack_steps.py:101
2026-09-22T08:04:33.4952065Z 
2026-09-22T08:04:33.4953691Z   Scenario Outline: OPERATION_STATUS — ethertype is always 0x22F0 -- @1.7 AECP AEM interfaces                       # ../traffic-gen/tests/stack_behave/features/aecp_aem_stack.feature:84
2026-09-22T08:04:33.4955543Z     Given the protocols root is loaded                                                                              # ../traffic-gen/tests/stack_behave/features/steps/stack_steps.py:46
2026-09-22T08:04:33.4957449Z     Given the application interface "atdecc_aecp_operation_status::AECP_OPERATION_STATUS::AECP_OPERATION_STATUS_IF" # ../traffic-gen/tests/stack_behave/features/steps/stack_steps.py:52
2026-09-22T08:04:33.4958807Z     When I generate 20 stacked packets with seed 7                                                                  # ../traffic-gen/tests/stack_behave/features/steps/stack_steps.py:62
2026-09-22T08:04:33.5077358Z     Then layer 0 field "ethertype" always equals hex 22F0                                                           # ../traffic-gen/tests/stack_behave/features/steps/stack_steps.py:101
2026-09-22T08:04:33.5079922Z 
2026-09-22T08:04:33.5081320Z   Scenario Outline: READ_DESCRIPTOR — ethertype is always 0x22F0 -- @1.8 AECP AEM interfaces                     # ../traffic-gen/tests/stack_behave/features/aecp_aem_stack.feature:85
2026-09-22T08:04:33.5083200Z     Given the protocols root is loaded                                                                           # ../traffic-gen/tests/stack_behave/features/steps/stack_steps.py:46
2026-09-22T08:04:33.5084865Z     Given the application interface "atdecc_aecp_read_descriptor::AECP_READ_DESCRIPTOR::AECP_READ_DESCRIPTOR_IF" # ../traffic-gen/tests/stack_behave/features/steps/stack_steps.py:52
2026-09-22T08:04:33.5086111Z     When I generate 20 stacked packets with seed 7                                                               # ../traffic-gen/tests/stack_behave/features/steps/stack_steps.py:62
2026-09-22T08:04:33.5204234Z     Then layer 0 field "ethertype" always equals hex 22F0                                                        # ../traffic-gen/tests/stack_behave/features/steps/stack_steps.py:101
2026-09-22T08:04:33.5206887Z 
2026-09-22T08:04:33.5208094Z   Scenario Outline: SET_CLOCK_SOURCE — ethertype is always 0x22F0 -- @1.9 AECP AEM interfaces                       # ../traffic-gen/tests/stack_behave/features/aecp_aem_stack.feature:86
2026-09-22T08:04:33.5209710Z     Given the protocols root is loaded                                                                              # ../traffic-gen/tests/stack_behave/features/steps/stack_steps.py:46
2026-09-22T08:04:33.5211375Z     Given the application interface "atdecc_aecp_set_clock_source::AECP_SET_CLOCK_SOURCE::AECP_SET_CLOCK_SOURCE_IF" # ../traffic-gen/tests/stack_behave/features/steps/stack_steps.py:52
2026-09-22T08:04:33.5212766Z     When I generate 20 stacked packets with seed 7                                                                  # ../traffic-gen/tests/stack_behave/features/steps/stack_steps.py:62
2026-09-22T08:04:33.5340246Z     Then layer 0 field "ethertype" always equals hex 22F0                                                           # ../traffic-gen/tests/stack_behave/features/steps/stack_steps.py:101
2026-09-22T08:04:33.5344194Z 
2026-09-22T08:04:33.5345601Z   Scenario Outline: SET_SAMPLING_RATE — ethertype is always 0x22F0 -- @1.10 AECP AEM interfaces                        # ../traffic-gen/tests/stack_behave/features/aecp_aem_stack.feature:87
2026-09-22T08:04:33.5347948Z     Given the protocols root is loaded                                                                                 # ../traffic-gen/tests/stack_behave/features/steps/stack_steps.py:46
2026-09-22T08:04:33.5350062Z     Given the application interface "atdecc_aecp_set_sampling_rate::AECP_SET_SAMPLING_RATE::AECP_SET_SAMPLING_RATE_IF" # ../traffic-gen/tests/stack_behave/features/steps/stack_steps.py:52
2026-09-22T08:04:33.5351560Z     When I generate 20 stacked packets with seed 7                                                                     # ../traffic-gen/tests/stack_behave/features/steps/stack_steps.py:62
2026-09-22T08:04:33.5476615Z     Then layer 0 field "ethertype" always equals hex 22F0                                                              # ../traffic-gen/tests/stack_behave/features/steps/stack_steps.py:101
2026-09-22T08:04:33.5480130Z 
2026-09-22T08:04:33.5481222Z   Scenario Outline: START_OPERATION — ethertype is always 0x22F0 -- @1.11 AECP AEM interfaces                    # ../traffic-gen/tests/stack_behave/features/aecp_aem_stack.feature:88
2026-09-22T08:04:33.5482853Z     Given the protocols root is loaded                                                                           # ../traffic-gen/tests/stack_behave/features/steps/stack_steps.py:46
2026-09-22T08:04:33.5484035Z     Given the application interface "atdecc_aecp_start_operation::AECP_START_OPERATION::AECP_START_OPERATION_IF" # ../traffic-gen/tests/stack_behave/features/steps/stack_steps.py:52
2026-09-22T08:04:33.5485542Z     When I generate 20 stacked packets with seed 7                                                               # ../traffic-gen/tests/stack_behave/features/steps/stack_steps.py:62
2026-09-22T08:04:33.5605854Z     Then layer 0 field "ethertype" always equals hex 22F0                                                        # ../traffic-gen/tests/stack_behave/features/steps/stack_steps.py:101
2026-09-22T08:04:33.5608421Z 
2026-09-22T08:04:33.5609646Z   Scenario Outline: SET_CONTROL — ethertype is always 0x22F0 -- @1.12 AECP AEM interfaces            # ../traffic-gen/tests/stack_behave/features/aecp_aem_stack.feature:89
2026-09-22T08:04:33.5611198Z     Given the protocols root is loaded                                                               # ../traffic-gen/tests/stack_behave/features/steps/stack_steps.py:46
2026-09-22T08:04:33.5612911Z     Given the application interface "atdecc_aecp_set_control::AECP_SET_CONTROL::AECP_SET_CONTROL_IF" # ../traffic-gen/tests/stack_behave/features/steps/stack_steps.py:52
2026-09-22T08:04:33.5614079Z     When I generate 20 stacked packets with seed 7                                                   # ../traffic-gen/tests/stack_behave/features/steps/stack_steps.py:62
2026-09-22T08:04:33.5733350Z     Then layer 0 field "ethertype" always equals hex 22F0                                            # ../traffic-gen/tests/stack_behave/features/steps/stack_steps.py:101
2026-09-22T08:04:33.5736214Z 
2026-09-22T08:04:33.5737767Z   Scenario Outline: SET_STREAM_FORMAT — ethertype is always 0x22F0 -- @1.13 AECP AEM interfaces                        # ../traffic-gen/tests/stack_behave/features/aecp_aem_stack.feature:90
2026-09-22T08:04:33.5739857Z     Given the protocols root is loaded                                                                                 # ../traffic-gen/tests/stack_behave/features/steps/stack_steps.py:46
2026-09-22T08:04:33.5741497Z     Given the application interface "atdecc_aecp_set_stream_format::AECP_SET_STREAM_FORMAT::AECP_SET_STREAM_FORMAT_IF" # ../traffic-gen/tests/stack_behave/features/steps/stack_steps.py:52
2026-09-22T08:04:33.5743111Z     When I generate 20 stacked packets with seed 7                                                                     # ../traffic-gen/tests/stack_behave/features/steps/stack_steps.py:62
2026-09-22T08:04:33.5860420Z     Then layer 0 field "ethertype" always equals hex 22F0                                                              # ../traffic-gen/tests/stack_behave/features/steps/stack_steps.py:101
2026-09-22T08:04:33.5863256Z 
2026-09-22T08:04:33.5864688Z   Scenario Outline: ACQUIRE_ENTITY — ethertype is always 0x22F0 -- @1.14 AECP AEM interfaces                  # ../traffic-gen/tests/stack_behave/features/aecp_aem_stack.feature:91
2026-09-22T08:04:33.5866534Z     Given the protocols root is loaded                                                                        # ../traffic-gen/tests/stack_behave/features/steps/stack_steps.py:46
2026-09-22T08:04:33.5868436Z     Given the application interface "atdecc_aecp_acquire_entity::AECP_ACQUIRE_ENTITY::AECP_ACQUIRE_ENTITY_IF" # ../traffic-gen/tests/stack_behave/features/steps/stack_steps.py:52
2026-09-22T08:04:33.5869873Z     When I generate 20 stacked packets with seed 7                                                            # ../traffic-gen/tests/stack_behave/features/steps/stack_steps.py:62
2026-09-22T08:04:33.5988163Z     Then layer 0 field "ethertype" always equals hex 22F0                                                     # ../traffic-gen/tests/stack_behave/features/steps/stack_steps.py:101
2026-09-22T08:04:33.5990807Z 
2026-09-22T08:04:33.5992015Z   Scenario Outline: AUDIO_MAPPINGS — ethertype is always 0x22F0 -- @1.15 AECP AEM interfaces                  # ../traffic-gen/tests/stack_behave/features/aecp_aem_stack.feature:92
2026-09-22T08:04:33.5993705Z     Given the protocols root is loaded                                                                        # ../traffic-gen/tests/stack_behave/features/steps/stack_steps.py:46
2026-09-22T08:04:33.5995136Z     Given the application interface "atdecc_aecp_audio_mappings::AECP_AUDIO_MAPPINGS::AECP_AUDIO_MAPPINGS_IF" # ../traffic-gen/tests/stack_behave/features/steps/stack_steps.py:52
2026-09-22T08:04:33.5996788Z     When I generate 20 stacked packets with seed 7                                                            # ../traffic-gen/tests/stack_behave/features/steps/stack_steps.py:62
2026-09-22T08:04:33.6117139Z     Then layer 0 field "ethertype" always equals hex 22F0                                                     # ../traffic-gen/tests/stack_behave/features/steps/stack_steps.py:101
2026-09-22T08:04:33.6119936Z 
2026-09-22T08:04:33.6121141Z   Scenario Outline: LOCK_ENTITY — ethertype is always 0x22F0 -- @1.16 AECP AEM interfaces            # ../traffic-gen/tests/stack_behave/features/aecp_aem_stack.feature:93
2026-09-22T08:04:33.6123098Z     Given the protocols root is loaded                                                               # ../traffic-gen/tests/stack_behave/features/steps/stack_steps.py:46
2026-09-22T08:04:33.6124936Z     Given the application interface "atdecc_aecp_lock_entity::AECP_LOCK_ENTITY::AECP_LOCK_ENTITY_IF" # ../traffic-gen/tests/stack_behave/features/steps/stack_steps.py:52
2026-09-22T08:04:33.6126300Z     When I generate 20 stacked packets with seed 7                                                   # ../traffic-gen/tests/stack_behave/features/steps/stack_steps.py:62
2026-09-22T08:04:33.6245483Z     Then layer 0 field "ethertype" always equals hex 22F0                                            # ../traffic-gen/tests/stack_behave/features/steps/stack_steps.py:101
2026-09-22T08:04:33.6248173Z 
2026-09-22T08:04:33.6249689Z   Scenario Outline: SET_STREAM_INFO — ethertype is always 0x22F0 -- @1.17 AECP AEM interfaces                    # ../traffic-gen/tests/stack_behave/features/aecp_aem_stack.feature:94
2026-09-22T08:04:33.6251550Z     Given the protocols root is loaded                                                                           # ../traffic-gen/tests/stack_behave/features/steps/stack_steps.py:46
2026-09-22T08:04:33.6253352Z     Given the application interface "atdecc_aecp_set_stream_info::AECP_SET_STREAM_INFO::AECP_SET_STREAM_INFO_IF" # ../traffic-gen/tests/stack_behave/features/steps/stack_steps.py:52
2026-09-22T08:04:33.6254704Z     When I generate 20 stacked packets with seed 7                                                               # ../traffic-gen/tests/stack_behave/features/steps/stack_steps.py:62
2026-09-22T08:04:33.6376587Z     Then layer 0 field "ethertype" always equals hex 22F0                                                        # ../traffic-gen/tests/stack_behave/features/steps/stack_steps.py:101
2026-09-22T08:04:33.6379361Z 
2026-09-22T08:04:33.6380529Z   Scenario Outline: SET_NAME — ethertype is always 0x22F0 -- @1.18 AECP AEM interfaces      # ../traffic-gen/tests/stack_behave/features/aecp_aem_stack.feature:95
2026-09-22T08:04:33.6382120Z     Given the protocols root is loaded                                                      # ../traffic-gen/tests/stack_behave/features/steps/stack_steps.py:46
2026-09-22T08:04:33.6383855Z     Given the application interface "atdecc_aecp_set_name::AECP_SET_NAME::AECP_SET_NAME_IF" # ../traffic-gen/tests/stack_behave/features/steps/stack_steps.py:52
2026-09-22T08:04:33.6385062Z     When I generate 20 stacked packets with seed 7                                          # ../traffic-gen/tests/stack_behave/features/steps/stack_steps.py:62
2026-09-22T08:04:33.6505650Z     Then layer 0 field "ethertype" always equals hex 22F0                                   # ../traffic-gen/tests/stack_behave/features/steps/stack_steps.py:101
2026-09-22T08:04:33.6549964Z 
2026-09-22T08:04:33.6551515Z   Scenario Outline: AEM_NO_PAYLOAD — AVTP subtype is always 0xFB and version 0 -- @1.1 AECP AEM interfaces    # ../traffic-gen/tests/stack_behave/features/aecp_aem_stack.feature:110
2026-09-22T08:04:33.6553712Z     Given the protocols root is loaded                                                                        # ../traffic-gen/tests/stack_behave/features/steps/stack_steps.py:46
2026-09-22T08:04:33.6555713Z     Given the application interface "atdecc_aecp_aem_no_payload::AECP_AEM_NO_PAYLOAD::AECP_AEM_NO_PAYLOAD_IF" # ../traffic-gen/tests/stack_behave/features/steps/stack_steps.py:52
2026-09-22T08:04:33.6557037Z     When I generate 20 stacked packets with seed 3                                                            # ../traffic-gen/tests/stack_behave/features/steps/stack_steps.py:62
2026-09-22T08:04:33.6673461Z     Then layer 1 field "subtype" always equals 251                                                            # ../traffic-gen/tests/stack_behave/features/steps/stack_steps.py:91
2026-09-22T08:04:33.6675453Z     And layer 1 field "sv" always equals 0                                                                    # ../traffic-gen/tests/stack_behave/features/steps/stack_steps.py:91
2026-09-22T08:04:33.6677188Z     And layer 1 field "version" always equals 0                                                               # ../traffic-gen/tests/stack_behave/features/steps/stack_steps.py:91
2026-09-22T08:04:33.6679699Z 
2026-09-22T08:04:33.6681338Z   Scenario Outline: SET_CONFIGURATION — AVTP subtype is always 0xFB and version 0 -- @1.2 AECP AEM interfaces          # ../traffic-gen/tests/stack_behave/features/aecp_aem_stack.feature:111
2026-09-22T08:04:33.6683288Z     Given the protocols root is loaded                                                                                 # ../traffic-gen/tests/stack_behave/features/steps/stack_steps.py:46
2026-09-22T08:04:33.6684874Z     Given the application interface "atdecc_aecp_set_configuration::AECP_SET_CONFIGURATION::AECP_SET_CONFIGURATION_IF" # ../traffic-gen/tests/stack_behave/features/steps/stack_steps.py:52
2026-09-22T08:04:33.6686147Z     When I generate 20 stacked packets with seed 3                                                                     # ../traffic-gen/tests/stack_behave/features/steps/stack_steps.py:62
2026-09-22T08:04:33.6803413Z     Then layer 1 field "subtype" always equals 251                                                                     # ../traffic-gen/tests/stack_behave/features/steps/stack_steps.py:91
2026-09-22T08:04:33.6805377Z     And layer 1 field "sv" always equals 0                                                                             # ../traffic-gen/tests/stack_behave/features/steps/stack_steps.py:91
2026-09-22T08:04:33.6807373Z     And layer 1 field "version" always equals 0                                                                        # ../traffic-gen/tests/stack_behave/features/steps/stack_steps.py:91
2026-09-22T08:04:33.6809537Z 
2026-09-22T08:04:33.6811127Z   Scenario Outline: AEM_DESC_QUERY — AVTP subtype is always 0xFB and version 0 -- @1.3 AECP AEM interfaces                # ../traffic-gen/tests/stack_behave/features/aecp_aem_stack.feature:112
2026-09-22T08:04:33.6813223Z     Given the protocols root is loaded                                                                                    # ../traffic-gen/tests/stack_behave/features/steps/stack_steps.py:46
2026-09-22T08:04:33.6814920Z     Given the application interface "atdecc_aecp_aem_descriptor_query::AECP_AEM_DESCRIPTOR_QUERY::AECP_AEM_DESC_QUERY_IF" # ../traffic-gen/tests/stack_behave/features/steps/stack_steps.py:52
2026-09-22T08:04:33.6816305Z     When I generate 20 stacked packets with seed 3                                                                        # ../traffic-gen/tests/stack_behave/features/steps/stack_steps.py:62
2026-09-22T08:04:33.6932467Z     Then layer 1 field "subtype" always equals 251                                                                        # ../traffic-gen/tests/stack_behave/features/steps/stack_steps.py:91
2026-09-22T08:04:33.6934452Z     And layer 1 field "sv" always equals 0                                                                                # ../traffic-gen/tests/stack_behave/features/steps/stack_steps.py:91
2026-09-22T08:04:33.6936125Z     And layer 1 field "version" always equals 0                                                                           # ../traffic-gen/tests/stack_behave/features/steps/stack_steps.py:91
2026-09-22T08:04:33.6938804Z 
2026-09-22T08:04:33.6940567Z   Scenario Outline: ABORT_OPERATION — AVTP subtype is always 0xFB and version 0 -- @1.4 AECP AEM interfaces      # ../traffic-gen/tests/stack_behave/features/aecp_aem_stack.feature:113
2026-09-22T08:04:33.6942836Z     Given the protocols root is loaded                                                                           # ../traffic-gen/tests/stack_behave/features/steps/stack_steps.py:46
2026-09-22T08:04:33.6944346Z     Given the application interface "atdecc_aecp_abort_operation::AECP_ABORT_OPERATION::AECP_ABORT_OPERATION_IF" # ../traffic-gen/tests/stack_behave/features/steps/stack_steps.py:52
2026-09-22T08:04:33.6945683Z     When I generate 20 stacked packets with seed 3                                                               # ../traffic-gen/tests/stack_behave/features/steps/stack_steps.py:62
2026-09-22T08:04:33.7063639Z     Then layer 1 field "subtype" always equals 251                                                               # ../traffic-gen/tests/stack_behave/features/steps/stack_steps.py:91
2026-09-22T08:04:33.7065528Z     And layer 1 field "sv" always equals 0                                                                       # ../traffic-gen/tests/stack_behave/features/steps/stack_steps.py:91
2026-09-22T08:04:33.7067321Z     And layer 1 field "version" always equals 0                                                                  # ../traffic-gen/tests/stack_behave/features/steps/stack_steps.py:91
2026-09-22T08:04:33.7069845Z 
2026-09-22T08:04:33.7071435Z   Scenario Outline: GET_AUDIO_MAP — AVTP subtype is always 0xFB and version 0 -- @1.5 AECP AEM interfaces  # ../traffic-gen/tests/stack_behave/features/aecp_aem_stack.feature:114
2026-09-22T08:04:33.7073558Z     Given the protocols root is loaded                                                                     # ../traffic-gen/tests/stack_behave/features/steps/stack_steps.py:46
2026-09-22T08:04:33.7075166Z     Given the application interface "atdecc_aecp_get_audio_map::AECP_GET_AUDIO_MAP::AECP_GET_AUDIO_MAP_IF" # ../traffic-gen/tests/stack_behave/features/steps/stack_steps.py:52
2026-09-22T08:04:33.7076454Z     When I generate 20 stacked packets with seed 3                                                         # ../traffic-gen/tests/stack_behave/features/steps/stack_steps.py:62
2026-09-22T08:04:33.7194288Z     Then layer 1 field "subtype" always equals 251                                                         # ../traffic-gen/tests/stack_behave/features/steps/stack_steps.py:91
2026-09-22T08:04:33.7196125Z     And layer 1 field "sv" always equals 0                                                                 # ../traffic-gen/tests/stack_behave/features/steps/stack_steps.py:91
2026-09-22T08:04:33.7197775Z     And layer 1 field "version" always equals 0                                                            # ../traffic-gen/tests/stack_behave/features/steps/stack_steps.py:91
2026-09-22T08:04:33.7200326Z 
2026-09-22T08:04:33.7201800Z   Scenario Outline: GET_NAME — AVTP subtype is always 0xFB and version 0 -- @1.6 AECP AEM interfaces  # ../traffic-gen/tests/stack_behave/features/aecp_aem_stack.feature:115
2026-09-22T08:04:33.7203683Z     Given the protocols root is loaded                                                                # ../traffic-gen/tests/stack_behave/features/steps/stack_steps.py:46
2026-09-22T08:04:33.7205330Z     Given the application interface "atdecc_aecp_get_name::AECP_GET_NAME::AECP_GET_NAME_IF"           # ../traffic-gen/tests/stack_behave/features/steps/stack_steps.py:52
2026-09-22T08:04:33.7206568Z     When I generate 20 stacked packets with seed 3                                                    # ../traffic-gen/tests/stack_behave/features/steps/stack_steps.py:62
2026-09-22T08:04:33.7324550Z     Then layer 1 field "subtype" always equals 251                                                    # ../traffic-gen/tests/stack_behave/features/steps/stack_steps.py:91
2026-09-22T08:04:33.7326348Z     And layer 1 field "sv" always equals 0                                                            # ../traffic-gen/tests/stack_behave/features/steps/stack_steps.py:91
2026-09-22T08:04:33.7328311Z     And layer 1 field "version" always equals 0                                                       # ../traffic-gen/tests/stack_behave/features/steps/stack_steps.py:91
2026-09-22T08:04:33.7330722Z 
2026-09-22T08:04:33.7332354Z   Scenario Outline: OPERATION_STATUS — AVTP subtype is always 0xFB and version 0 -- @1.7 AECP AEM interfaces        # ../traffic-gen/tests/stack_behave/features/aecp_aem_stack.feature:116
2026-09-22T08:04:33.7334158Z     Given the protocols root is loaded                                                                              # ../traffic-gen/tests/stack_behave/features/steps/stack_steps.py:46
2026-09-22T08:04:33.7335927Z     Given the application interface "atdecc_aecp_operation_status::AECP_OPERATION_STATUS::AECP_OPERATION_STATUS_IF" # ../traffic-gen/tests/stack_behave/features/steps/stack_steps.py:52
2026-09-22T08:04:33.7337300Z     When I generate 20 stacked packets with seed 3                                                                  # ../traffic-gen/tests/stack_behave/features/steps/stack_steps.py:62
2026-09-22T08:04:33.7455828Z     Then layer 1 field "subtype" always equals 251                                                                  # ../traffic-gen/tests/stack_behave/features/steps/stack_steps.py:91
2026-09-22T08:04:33.7457754Z     And layer 1 field "sv" always equals 0                                                                          # ../traffic-gen/tests/stack_behave/features/steps/stack_steps.py:91
2026-09-22T08:04:33.7459477Z     And layer 1 field "version" always equals 0                                                                     # ../traffic-gen/tests/stack_behave/features/steps/stack_steps.py:91
2026-09-22T08:04:33.7461846Z 
2026-09-22T08:04:33.7463516Z   Scenario Outline: READ_DESCRIPTOR — AVTP subtype is always 0xFB and version 0 -- @1.8 AECP AEM interfaces      # ../traffic-gen/tests/stack_behave/features/aecp_aem_stack.feature:117
2026-09-22T08:04:33.7465269Z     Given the protocols root is loaded                                                                           # ../traffic-gen/tests/stack_behave/features/steps/stack_steps.py:46
2026-09-22T08:04:33.7467214Z     Given the application interface "atdecc_aecp_read_descriptor::AECP_READ_DESCRIPTOR::AECP_READ_DESCRIPTOR_IF" # ../traffic-gen/tests/stack_behave/features/steps/stack_steps.py:52
2026-09-22T08:04:33.7468543Z     When I generate 20 stacked packets with seed 3                                                               # ../traffic-gen/tests/stack_behave/features/steps/stack_steps.py:62
2026-09-22T08:04:33.7586950Z     Then layer 1 field "subtype" always equals 251                                                               # ../traffic-gen/tests/stack_behave/features/steps/stack_steps.py:91
2026-09-22T08:04:33.7588861Z     And layer 1 field "sv" always equals 0                                                                       # ../traffic-gen/tests/stack_behave/features/steps/stack_steps.py:91
2026-09-22T08:04:33.7590588Z     And layer 1 field "version" always equals 0                                                                  # ../traffic-gen/tests/stack_behave/features/steps/stack_steps.py:91
2026-09-22T08:04:33.7593111Z 
2026-09-22T08:04:33.7594405Z   Scenario Outline: SET_CLOCK_SOURCE — AVTP subtype is always 0xFB and version 0 -- @1.9 AECP AEM interfaces        # ../traffic-gen/tests/stack_behave/features/aecp_aem_stack.feature:118
2026-09-22T08:04:33.7596143Z     Given the protocols root is loaded                                                                              # ../traffic-gen/tests/stack_behave/features/steps/stack_steps.py:46
2026-09-22T08:04:33.7597890Z     Given the application interface "atdecc_aecp_set_clock_source::AECP_SET_CLOCK_SOURCE::AECP_SET_CLOCK_SOURCE_IF" # ../traffic-gen/tests/stack_behave/features/steps/stack_steps.py:52
2026-09-22T08:04:33.7599406Z     When I generate 20 stacked packets with seed 3                                                                  # ../traffic-gen/tests/stack_behave/features/steps/stack_steps.py:62
2026-09-22T08:04:33.7717714Z     Then layer 1 field "subtype" always equals 251                                                                  # ../traffic-gen/tests/stack_behave/features/steps/stack_steps.py:91
2026-09-22T08:04:33.7719303Z     And layer 1 field "sv" always equals 0                                                                          # ../traffic-gen/tests/stack_behave/features/steps/stack_steps.py:91
2026-09-22T08:04:33.7720838Z     And layer 1 field "version" always equals 0                                                                     # ../traffic-gen/tests/stack_behave/features/steps/stack_steps.py:91
2026-09-22T08:04:33.7724148Z 
2026-09-22T08:04:33.7725456Z   Scenario Outline: SET_SAMPLING_RATE — AVTP subtype is always 0xFB and version 0 -- @1.10 AECP AEM interfaces         # ../traffic-gen/tests/stack_behave/features/aecp_aem_stack.feature:119
2026-09-22T08:04:33.7727216Z     Given the protocols root is loaded                                                                                 # ../traffic-gen/tests/stack_behave/features/steps/stack_steps.py:46
2026-09-22T08:04:33.7729032Z     Given the application interface "atdecc_aecp_set_sampling_rate::AECP_SET_SAMPLING_RATE::AECP_SET_SAMPLING_RATE_IF" # ../traffic-gen/tests/stack_behave/features/steps/stack_steps.py:52
2026-09-22T08:04:33.7730403Z     When I generate 20 stacked packets with seed 3                                                                     # ../traffic-gen/tests/stack_behave/features/steps/stack_steps.py:62
2026-09-22T08:04:33.7848096Z     Then layer 1 field "subtype" always equals 251                                                                     # ../traffic-gen/tests/stack_behave/features/steps/stack_steps.py:91
2026-09-22T08:04:33.7850033Z     And layer 1 field "sv" always equals 0                                                                             # ../traffic-gen/tests/stack_behave/features/steps/stack_steps.py:91
2026-09-22T08:04:33.7851815Z     And layer 1 field "version" always equals 0                                                                        # ../traffic-gen/tests/stack_behave/features/steps/stack_steps.py:91
2026-09-22T08:04:33.7854494Z 
2026-09-22T08:04:33.7855780Z   Scenario Outline: START_OPERATION — AVTP subtype is always 0xFB and version 0 -- @1.11 AECP AEM interfaces     # ../traffic-gen/tests/stack_behave/features/aecp_aem_stack.feature:120
2026-09-22T08:04:33.7857462Z     Given the protocols root is loaded                                                                           # ../traffic-gen/tests/stack_behave/features/steps/stack_steps.py:46
2026-09-22T08:04:33.7859166Z     Given the application interface "atdecc_aecp_start_operation::AECP_START_OPERATION::AECP_START_OPERATION_IF" # ../traffic-gen/tests/stack_behave/features/steps/stack_steps.py:52
2026-09-22T08:04:33.7860501Z     When I generate 20 stacked packets with seed 3                                                               # ../traffic-gen/tests/stack_behave/features/steps/stack_steps.py:62
2026-09-22T08:04:33.7978367Z     Then layer 1 field "subtype" always equals 251                                                               # ../traffic-gen/tests/stack_behave/features/steps/stack_steps.py:91
2026-09-22T08:04:33.7979779Z     And layer 1 field "sv" always equals 0                                                                       # ../traffic-gen/tests/stack_behave/features/steps/stack_steps.py:91
2026-09-22T08:04:33.7981399Z     And layer 1 field "version" always equals 0                                                                  # ../traffic-gen/tests/stack_behave/features/steps/stack_steps.py:91
2026-09-22T08:04:33.7984805Z 
2026-09-22T08:04:33.7985966Z   Scenario Outline: SET_CONTROL — AVTP subtype is always 0xFB and version 0 -- @1.12 AECP AEM interfaces  # ../traffic-gen/tests/stack_behave/features/aecp_aem_stack.feature:121
2026-09-22T08:04:33.7987672Z     Given the protocols root is loaded                                                                    # ../traffic-gen/tests/stack_behave/features/steps/stack_steps.py:46
2026-09-22T08:04:33.7989227Z     Given the application interface "atdecc_aecp_set_control::AECP_SET_CONTROL::AECP_SET_CONTROL_IF"      # ../traffic-gen/tests/stack_behave/features/steps/stack_steps.py:52
2026-09-22T08:04:33.7990403Z     When I generate 20 stacked packets with seed 3                                                        # ../traffic-gen/tests/stack_behave/features/steps/stack_steps.py:62
2026-09-22T08:04:33.8108621Z     Then layer 1 field "subtype" always equals 251                                                        # ../traffic-gen/tests/stack_behave/features/steps/stack_steps.py:91
2026-09-22T08:04:33.8110114Z     And layer 1 field "sv" always equals 0                                                                # ../traffic-gen/tests/stack_behave/features/steps/stack_steps.py:91
2026-09-22T08:04:33.8111668Z     And layer 1 field "version" always equals 0                                                           # ../traffic-gen/tests/stack_behave/features/steps/stack_steps.py:91
2026-09-22T08:04:33.8115068Z 
2026-09-22T08:04:33.8116276Z   Scenario Outline: SET_STREAM_FORMAT — AVTP subtype is always 0xFB and version 0 -- @1.13 AECP AEM interfaces         # ../traffic-gen/tests/stack_behave/features/aecp_aem_stack.feature:122
2026-09-22T08:04:33.8117865Z     Given the protocols root is loaded                                                                                 # ../traffic-gen/tests/stack_behave/features/steps/stack_steps.py:46
2026-09-22T08:04:33.8119474Z     Given the application interface "atdecc_aecp_set_stream_format::AECP_SET_STREAM_FORMAT::AECP_SET_STREAM_FORMAT_IF" # ../traffic-gen/tests/stack_behave/features/steps/stack_steps.py:52
2026-09-22T08:04:33.8120736Z     When I generate 20 stacked packets with seed 3                                                                     # ../traffic-gen/tests/stack_behave/features/steps/stack_steps.py:62
2026-09-22T08:04:33.8238833Z     Then layer 1 field "subtype" always equals 251                                                                     # ../traffic-gen/tests/stack_behave/features/steps/stack_steps.py:91
2026-09-22T08:04:33.8240869Z     And layer 1 field "sv" always equals 0                                                                             # ../traffic-gen/tests/stack_behave/features/steps/stack_steps.py:91
2026-09-22T08:04:33.8242549Z     And layer 1 field "version" always equals 0                                                                        # ../traffic-gen/tests/stack_behave/features/steps/stack_steps.py:91
2026-09-22T08:04:33.8245201Z 
2026-09-22T08:04:33.8246375Z   Scenario Outline: ACQUIRE_ENTITY — AVTP subtype is always 0xFB and version 0 -- @1.14 AECP AEM interfaces   # ../traffic-gen/tests/stack_behave/features/aecp_aem_stack.feature:123
2026-09-22T08:04:33.8247948Z     Given the protocols root is loaded                                                                        # ../traffic-gen/tests/stack_behave/features/steps/stack_steps.py:46
2026-09-22T08:04:33.8249525Z     Given the application interface "atdecc_aecp_acquire_entity::AECP_ACQUIRE_ENTITY::AECP_ACQUIRE_ENTITY_IF" # ../traffic-gen/tests/stack_behave/features/steps/stack_steps.py:52
2026-09-22T08:04:33.8250738Z     When I generate 20 stacked packets with seed 3                                                            # ../traffic-gen/tests/stack_behave/features/steps/stack_steps.py:62
2026-09-22T08:04:33.8369988Z     Then layer 1 field "subtype" always equals 251                                                            # ../traffic-gen/tests/stack_behave/features/steps/stack_steps.py:91
2026-09-22T08:04:33.8371827Z     And layer 1 field "sv" always equals 0                                                                    # ../traffic-gen/tests/stack_behave/features/steps/stack_steps.py:91
2026-09-22T08:04:33.8373874Z     And layer 1 field "version" always equals 0                                                               # ../traffic-gen/tests/stack_behave/features/steps/stack_steps.py:91
2026-09-22T08:04:33.8376402Z 
2026-09-22T08:04:33.8377611Z   Scenario Outline: AUDIO_MAPPINGS — AVTP subtype is always 0xFB and version 0 -- @1.15 AECP AEM interfaces   # ../traffic-gen/tests/stack_behave/features/aecp_aem_stack.feature:124
2026-09-22T08:04:33.8379263Z     Given the protocols root is loaded                                                                        # ../traffic-gen/tests/stack_behave/features/steps/stack_steps.py:46
2026-09-22T08:04:33.8380939Z     Given the application interface "atdecc_aecp_audio_mappings::AECP_AUDIO_MAPPINGS::AECP_AUDIO_MAPPINGS_IF" # ../traffic-gen/tests/stack_behave/features/steps/stack_steps.py:52
2026-09-22T08:04:33.8382244Z     When I generate 20 stacked packets with seed 3                                                            # ../traffic-gen/tests/stack_behave/features/steps/stack_steps.py:62
2026-09-22T08:04:33.8501229Z     Then layer 1 field "subtype" always equals 251                                                            # ../traffic-gen/tests/stack_behave/features/steps/stack_steps.py:91
2026-09-22T08:04:33.8503252Z     And layer 1 field "sv" always equals 0                                                                    # ../traffic-gen/tests/stack_behave/features/steps/stack_steps.py:91
2026-09-22T08:04:33.8504857Z     And layer 1 field "version" always equals 0                                                               # ../traffic-gen/tests/stack_behave/features/steps/stack_steps.py:91
2026-09-22T08:04:33.8507510Z 
2026-09-22T08:04:33.8508646Z   Scenario Outline: LOCK_ENTITY — AVTP subtype is always 0xFB and version 0 -- @1.16 AECP AEM interfaces  # ../traffic-gen/tests/stack_behave/features/aecp_aem_stack.feature:125
2026-09-22T08:04:33.8510185Z     Given the protocols root is loaded                                                                    # ../traffic-gen/tests/stack_behave/features/steps/stack_steps.py:46
2026-09-22T08:04:33.8511725Z     Given the application interface "atdecc_aecp_lock_entity::AECP_LOCK_ENTITY::AECP_LOCK_ENTITY_IF"      # ../traffic-gen/tests/stack_behave/features/steps/stack_steps.py:52
2026-09-22T08:04:33.8513393Z     When I generate 20 stacked packets with seed 3                                                        # ../traffic-gen/tests/stack_behave/features/steps/stack_steps.py:62
2026-09-22T08:04:33.8631758Z     Then layer 1 field "subtype" always equals 251                                                        # ../traffic-gen/tests/stack_behave/features/steps/stack_steps.py:91
2026-09-22T08:04:33.8633768Z     And layer 1 field "sv" always equals 0                                                                # ../traffic-gen/tests/stack_behave/features/steps/stack_steps.py:91
2026-09-22T08:04:33.8635344Z     And layer 1 field "version" always equals 0                                                           # ../traffic-gen/tests/stack_behave/features/steps/stack_steps.py:91
2026-09-22T08:04:33.8638145Z 
2026-09-22T08:04:33.8639452Z   Scenario Outline: SET_STREAM_INFO — AVTP subtype is always 0xFB and version 0 -- @1.17 AECP AEM interfaces     # ../traffic-gen/tests/stack_behave/features/aecp_aem_stack.feature:126
2026-09-22T08:04:33.8641218Z     Given the protocols root is loaded                                                                           # ../traffic-gen/tests/stack_behave/features/steps/stack_steps.py:46
2026-09-22T08:04:33.8643347Z     Given the application interface "atdecc_aecp_set_stream_info::AECP_SET_STREAM_INFO::AECP_SET_STREAM_INFO_IF" # ../traffic-gen/tests/stack_behave/features/steps/stack_steps.py:52
2026-09-22T08:04:33.8645054Z     When I generate 20 stacked packets with seed 3                                                               # ../traffic-gen/tests/stack_behave/features/steps/stack_steps.py:62
2026-09-22T08:04:33.8767285Z     Then layer 1 field "subtype" always equals 251                                                               # ../traffic-gen/tests/stack_behave/features/steps/stack_steps.py:91
2026-09-22T08:04:33.8769540Z     And layer 1 field "sv" always equals 0                                                                       # ../traffic-gen/tests/stack_behave/features/steps/stack_steps.py:91
2026-09-22T08:04:33.8771309Z     And layer 1 field "version" always equals 0                                                                  # ../traffic-gen/tests/stack_behave/features/steps/stack_steps.py:91
2026-09-22T08:04:33.8773933Z 
2026-09-22T08:04:33.8775412Z   Scenario Outline: SET_NAME — AVTP subtype is always 0xFB and version 0 -- @1.18 AECP AEM interfaces  # ../traffic-gen/tests/stack_behave/features/aecp_aem_stack.feature:127
2026-09-22T08:04:33.8776870Z     Given the protocols root is loaded                                                                 # ../traffic-gen/tests/stack_behave/features/steps/stack_steps.py:46
2026-09-22T08:04:33.8778378Z     Given the application interface "atdecc_aecp_set_name::AECP_SET_NAME::AECP_SET_NAME_IF"            # ../traffic-gen/tests/stack_behave/features/steps/stack_steps.py:52
2026-09-22T08:04:33.8779521Z     When I generate 20 stacked packets with seed 3                                                     # ../traffic-gen/tests/stack_behave/features/steps/stack_steps.py:62
2026-09-22T08:04:33.8900281Z     Then layer 1 field "subtype" always equals 251                                                     # ../traffic-gen/tests/stack_behave/features/steps/stack_steps.py:91
2026-09-22T08:04:33.8901754Z     And layer 1 field "sv" always equals 0                                                             # ../traffic-gen/tests/stack_behave/features/steps/stack_steps.py:91
2026-09-22T08:04:33.8903510Z     And layer 1 field "version" always equals 0                                                        # ../traffic-gen/tests/stack_behave/features/steps/stack_steps.py:91
2026-09-22T08:04:33.8933322Z 
2026-09-22T08:04:33.8934855Z   Scenario Outline: AEM_NO_PAYLOAD — control_data_length is always fixed -- @1.1 AECP interfaces with fixed control_data_length  # ../traffic-gen/tests/stack_behave/features/aecp_aem_stack.feature:140
2026-09-22T08:04:33.8936537Z     Given the protocols root is loaded                                                                                           # ../traffic-gen/tests/stack_behave/features/steps/stack_steps.py:46
2026-09-22T08:04:33.8937673Z     Given the application interface "atdecc_aecp_aem_no_payload::AECP_AEM_NO_PAYLOAD::AECP_AEM_NO_PAYLOAD_IF"                    # ../traffic-gen/tests/stack_behave/features/steps/stack_steps.py:52
2026-09-22T08:04:33.8938788Z     When I generate 20 stacked packets with seed 9                                                                               # ../traffic-gen/tests/stack_behave/features/steps/stack_steps.py:62
2026-09-22T08:04:33.9047527Z     Then layer 2 field "control_data_length" always equals 20                                                                    # ../traffic-gen/tests/stack_behave/features/steps/stack_steps.py:91
2026-09-22T08:04:33.9050405Z 
2026-09-22T08:04:33.9051772Z   Scenario Outline: SET_CONFIGURATION — control_data_length is always fixed -- @1.2 AECP interfaces with fixed control_data_length  # ../traffic-gen/tests/stack_behave/features/aecp_aem_stack.feature:141
2026-09-22T08:04:33.9053694Z     Given the protocols root is loaded                                                                                              # ../traffic-gen/tests/stack_behave/features/steps/stack_steps.py:46
2026-09-22T08:04:33.9055431Z     Given the application interface "atdecc_aecp_set_configuration::AECP_SET_CONFIGURATION::AECP_SET_CONFIGURATION_IF"              # ../traffic-gen/tests/stack_behave/features/steps/stack_steps.py:52
2026-09-22T08:04:33.9056764Z     When I generate 20 stacked packets with seed 9                                                                                  # ../traffic-gen/tests/stack_behave/features/steps/stack_steps.py:62
2026-09-22T08:04:33.9175051Z     Then layer 2 field "control_data_length" always equals 24                                                                       # ../traffic-gen/tests/stack_behave/features/steps/stack_steps.py:91
2026-09-22T08:04:33.9178781Z 
2026-09-22T08:04:33.9179955Z   Scenario Outline: ABORT_OPERATION — control_data_length is always fixed -- @1.3 AECP interfaces with fixed control_data_length  # ../traffic-gen/tests/stack_behave/features/aecp_aem_stack.feature:142
2026-09-22T08:04:33.9181456Z     Given the protocols root is loaded                                                                                            # ../traffic-gen/tests/stack_behave/features/steps/stack_steps.py:46
2026-09-22T08:04:33.9183243Z     Given the application interface "atdecc_aecp_abort_operation::AECP_ABORT_OPERATION::AECP_ABORT_OPERATION_IF"                  # ../traffic-gen/tests/stack_behave/features/steps/stack_steps.py:52
2026-09-22T08:04:33.9184528Z     When I generate 20 stacked packets with seed 9                                                                                # ../traffic-gen/tests/stack_behave/features/steps/stack_steps.py:62
2026-09-22T08:04:33.9304723Z     Then layer 2 field "control_data_length" always equals 28                                                                     # ../traffic-gen/tests/stack_behave/features/steps/stack_steps.py:91
2026-09-22T08:04:33.9308489Z 
2026-09-22T08:04:33.9309416Z   Scenario Outline: GET_AUDIO_MAP — control_data_length is always fixed -- @1.4 AECP interfaces with fixed control_data_length  # ../traffic-gen/tests/stack_behave/features/aecp_aem_stack.feature:143
2026-09-22T08:04:33.9310817Z     Given the protocols root is loaded                                                                                          # ../traffic-gen/tests/stack_behave/features/steps/stack_steps.py:46
2026-09-22T08:04:33.9311975Z     Given the application interface "atdecc_aecp_get_audio_map::AECP_GET_AUDIO_MAP::AECP_GET_AUDIO_MAP_IF"                      # ../traffic-gen/tests/stack_behave/features/steps/stack_steps.py:52
2026-09-22T08:04:33.9313559Z     When I generate 20 stacked packets with seed 9                                                                              # ../traffic-gen/tests/stack_behave/features/steps/stack_steps.py:62
2026-09-22T08:04:33.9435710Z     Then layer 2 field "control_data_length" always equals 28                                                                   # ../traffic-gen/tests/stack_behave/features/steps/stack_steps.py:91
2026-09-22T08:04:33.9438991Z 
2026-09-22T08:04:33.9440068Z   Scenario Outline: READ_DESCRIPTOR — control_data_length is always fixed -- @1.5 AECP interfaces with fixed control_data_length  # ../traffic-gen/tests/stack_behave/features/aecp_aem_stack.feature:144
2026-09-22T08:04:33.9441687Z     Given the protocols root is loaded                                                                                            # ../traffic-gen/tests/stack_behave/features/steps/stack_steps.py:46
2026-09-22T08:04:33.9443541Z     Given the application interface "atdecc_aecp_read_descriptor::AECP_READ_DESCRIPTOR::AECP_READ_DESCRIPTOR_IF"                  # ../traffic-gen/tests/stack_behave/features/steps/stack_steps.py:52
2026-09-22T08:04:33.9444929Z     When I generate 20 stacked packets with seed 9                                                                                # ../traffic-gen/tests/stack_behave/features/steps/stack_steps.py:62
2026-09-22T08:04:33.9564149Z     Then layer 2 field "control_data_length" always equals 28                                                                     # ../traffic-gen/tests/stack_behave/features/steps/stack_steps.py:91
2026-09-22T08:04:33.9567283Z 
2026-09-22T08:04:33.9568341Z   Scenario Outline: SET_CLOCK_SOURCE — control_data_length is always fixed -- @1.6 AECP interfaces with fixed control_data_length  # ../traffic-gen/tests/stack_behave/features/aecp_aem_stack.feature:145
2026-09-22T08:04:33.9570152Z     Given the protocols root is loaded                                                                                             # ../traffic-gen/tests/stack_behave/features/steps/stack_steps.py:46
2026-09-22T08:04:33.9571727Z     Given the application interface "atdecc_aecp_set_clock_source::AECP_SET_CLOCK_SOURCE::AECP_SET_CLOCK_SOURCE_IF"                # ../traffic-gen/tests/stack_behave/features/steps/stack_steps.py:52
2026-09-22T08:04:33.9573341Z     When I generate 20 stacked packets with seed 9                                                                                 # ../traffic-gen/tests/stack_behave/features/steps/stack_steps.py:62
2026-09-22T08:04:33.9691750Z     Then layer 2 field "control_data_length" always equals 28                                                                      # ../traffic-gen/tests/stack_behave/features/steps/stack_steps.py:91
2026-09-22T08:04:33.9695383Z 
2026-09-22T08:04:33.9696429Z   Scenario Outline: SET_SAMPLING_RATE — control_data_length is always fixed -- @1.7 AECP interfaces with fixed control_data_length  # ../traffic-gen/tests/stack_behave/features/aecp_aem_stack.feature:146
2026-09-22T08:04:33.9698041Z     Given the protocols root is loaded                                                                                              # ../traffic-gen/tests/stack_behave/features/steps/stack_steps.py:46
2026-09-22T08:04:33.9699643Z     Given the application interface "atdecc_aecp_set_sampling_rate::AECP_SET_SAMPLING_RATE::AECP_SET_SAMPLING_RATE_IF"              # ../traffic-gen/tests/stack_behave/features/steps/stack_steps.py:52
2026-09-22T08:04:33.9701048Z     When I generate 20 stacked packets with seed 9                                                                                  # ../traffic-gen/tests/stack_behave/features/steps/stack_steps.py:62
2026-09-22T08:04:33.9819717Z     Then layer 2 field "control_data_length" always equals 28                                                                       # ../traffic-gen/tests/stack_behave/features/steps/stack_steps.py:91
2026-09-22T08:04:33.9822861Z 
2026-09-22T08:04:33.9824012Z   Scenario Outline: ACQUIRE_ENTITY — control_data_length is always fixed -- @1.8 AECP interfaces with fixed control_data_length  # ../traffic-gen/tests/stack_behave/features/aecp_aem_stack.feature:147
2026-09-22T08:04:33.9826097Z     Given the protocols root is loaded                                                                                           # ../traffic-gen/tests/stack_behave/features/steps/stack_steps.py:46
2026-09-22T08:04:33.9827783Z     Given the application interface "atdecc_aecp_acquire_entity::AECP_ACQUIRE_ENTITY::AECP_ACQUIRE_ENTITY_IF"                    # ../traffic-gen/tests/stack_behave/features/steps/stack_steps.py:52
2026-09-22T08:04:33.9829167Z     When I generate 20 stacked packets with seed 9                                                                               # ../traffic-gen/tests/stack_behave/features/steps/stack_steps.py:62
2026-09-22T08:04:33.9948409Z     Then layer 2 field "control_data_length" always equals 36                                                                    # ../traffic-gen/tests/stack_behave/features/steps/stack_steps.py:91
2026-09-22T08:04:33.9951566Z 
2026-09-22T08:04:33.9952797Z   Scenario Outline: LOCK_ENTITY — control_data_length is always fixed -- @1.9 AECP interfaces with fixed control_data_length  # ../traffic-gen/tests/stack_behave/features/aecp_aem_stack.feature:148
2026-09-22T08:04:33.9954417Z     Given the protocols root is loaded                                                                                        # ../traffic-gen/tests/stack_behave/features/steps/stack_steps.py:46
2026-09-22T08:04:33.9955873Z     Given the application interface "atdecc_aecp_lock_entity::AECP_LOCK_ENTITY::AECP_LOCK_ENTITY_IF"                          # ../traffic-gen/tests/stack_behave/features/steps/stack_steps.py:52
2026-09-22T08:04:33.9957193Z     When I generate 20 stacked packets with seed 9                                                                            # ../traffic-gen/tests/stack_behave/features/steps/stack_steps.py:62
2026-09-22T08:04:34.0076800Z     Then layer 2 field "control_data_length" always equals 36                                                                 # ../traffic-gen/tests/stack_behave/features/steps/stack_steps.py:91
2026-09-22T08:04:34.0097853Z 
2026-09-22T08:04:34.0098867Z   Scenario Outline: AEM_NO_PAYLOAD — message_type is always a command (0) or response (1) -- @1.1 AECP AEM interfaces  # ../traffic-gen/tests/stack_behave/features/aecp_aem_stack.feature:157
2026-09-22T08:04:34.0100420Z     Given the protocols root is loaded                                                                                 # ../traffic-gen/tests/stack_behave/features/steps/stack_steps.py:46
2026-09-22T08:04:34.0101937Z     Given the application interface "atdecc_aecp_aem_no_payload::AECP_AEM_NO_PAYLOAD::AECP_AEM_NO_PAYLOAD_IF"          # ../traffic-gen/tests/stack_behave/features/steps/stack_steps.py:52
2026-09-22T08:04:34.0103444Z     When I generate 30 stacked packets with seed 11                                                                    # ../traffic-gen/tests/stack_behave/features/steps/stack_steps.py:62
2026-09-22T08:04:34.0225752Z     Then layer 2 field "message_type" is always one of [0, 1]                                                          # ../traffic-gen/tests/stack_behave/features/steps/stack_steps.py:122
2026-09-22T08:04:34.0229033Z 
2026-09-22T08:04:34.0230062Z   Scenario Outline: SET_CONFIGURATION — message_type is always a command (0) or response (1) -- @1.2 AECP AEM interfaces  # ../traffic-gen/tests/stack_behave/features/aecp_aem_stack.feature:158
2026-09-22T08:04:34.0231629Z     Given the protocols root is loaded                                                                                    # ../traffic-gen/tests/stack_behave/features/steps/stack_steps.py:46
2026-09-22T08:04:34.0233332Z     Given the application interface "atdecc_aecp_set_configuration::AECP_SET_CONFIGURATION::AECP_SET_CONFIGURATION_IF"    # ../traffic-gen/tests/stack_behave/features/steps/stack_steps.py:52
2026-09-22T08:04:34.0234752Z     When I generate 30 stacked packets with seed 11                                                                       # ../traffic-gen/tests/stack_behave/features/steps/stack_steps.py:62
2026-09-22T08:04:34.0356698Z     Then layer 2 field "message_type" is always one of [0, 1]                                                             # ../traffic-gen/tests/stack_behave/features/steps/stack_steps.py:122
2026-09-22T08:04:34.0359920Z 
2026-09-22T08:04:34.0361007Z   Scenario Outline: ABORT_OPERATION — message_type is always a command (0) or response (1) -- @1.3 AECP AEM interfaces  # ../traffic-gen/tests/stack_behave/features/aecp_aem_stack.feature:159
2026-09-22T08:04:34.0362960Z     Given the protocols root is loaded                                                                                  # ../traffic-gen/tests/stack_behave/features/steps/stack_steps.py:46
2026-09-22T08:04:34.0364708Z     Given the application interface "atdecc_aecp_abort_operation::AECP_ABORT_OPERATION::AECP_ABORT_OPERATION_IF"        # ../traffic-gen/tests/stack_behave/features/steps/stack_steps.py:52
2026-09-22T08:04:34.0366205Z     When I generate 30 stacked packets with seed 11                                                                     # ../traffic-gen/tests/stack_behave/features/steps/stack_steps.py:62
2026-09-22T08:04:34.0488061Z     Then layer 2 field "message_type" is always one of [0, 1]                                                           # ../traffic-gen/tests/stack_behave/features/steps/stack_steps.py:122
2026-09-22T08:04:34.0491298Z 
2026-09-22T08:04:34.0492276Z   Scenario Outline: GET_AUDIO_MAP — message_type is always a command (0) or response (1) -- @1.4 AECP AEM interfaces  # ../traffic-gen/tests/stack_behave/features/aecp_aem_stack.feature:160
2026-09-22T08:04:34.0493992Z     Given the protocols root is loaded                                                                                # ../traffic-gen/tests/stack_behave/features/steps/stack_steps.py:46
2026-09-22T08:04:34.0495637Z     Given the application interface "atdecc_aecp_get_audio_map::AECP_GET_AUDIO_MAP::AECP_GET_AUDIO_MAP_IF"            # ../traffic-gen/tests/stack_behave/features/steps/stack_steps.py:52
2026-09-22T08:04:34.0496985Z     When I generate 30 stacked packets with seed 11                                                                   # ../traffic-gen/tests/stack_behave/features/steps/stack_steps.py:62
2026-09-22T08:04:34.0619998Z     Then layer 2 field "message_type" is always one of [0, 1]                                                         # ../traffic-gen/tests/stack_behave/features/steps/stack_steps.py:122
2026-09-22T08:04:34.0623539Z 
2026-09-22T08:04:34.0624578Z   Scenario Outline: GET_NAME — message_type is always a command (0) or response (1) -- @1.5 AECP AEM interfaces  # ../traffic-gen/tests/stack_behave/features/aecp_aem_stack.feature:161
2026-09-22T08:04:34.0626173Z     Given the protocols root is loaded                                                                           # ../traffic-gen/tests/stack_behave/features/steps/stack_steps.py:46
2026-09-22T08:04:34.0627717Z     Given the application interface "atdecc_aecp_get_name::AECP_GET_NAME::AECP_GET_NAME_IF"                      # ../traffic-gen/tests/stack_behave/features/steps/stack_steps.py:52
2026-09-22T08:04:34.0629188Z     When I generate 30 stacked packets with seed 11                                                              # ../traffic-gen/tests/stack_behave/features/steps/stack_steps.py:62
2026-09-22T08:04:34.0751822Z     Then layer 2 field "message_type" is always one of [0, 1]                                                    # ../traffic-gen/tests/stack_behave/features/steps/stack_steps.py:122
2026-09-22T08:04:34.0755427Z 
2026-09-22T08:04:34.0756545Z   Scenario Outline: READ_DESCRIPTOR — message_type is always a command (0) or response (1) -- @1.6 AECP AEM interfaces  # ../traffic-gen/tests/stack_behave/features/aecp_aem_stack.feature:162
2026-09-22T08:04:34.0758287Z     Given the protocols root is loaded                                                                                  # ../traffic-gen/tests/stack_behave/features/steps/stack_steps.py:46
2026-09-22T08:04:34.0759836Z     Given the application interface "atdecc_aecp_read_descriptor::AECP_READ_DESCRIPTOR::AECP_READ_DESCRIPTOR_IF"        # ../traffic-gen/tests/stack_behave/features/steps/stack_steps.py:52
2026-09-22T08:04:34.0761398Z     When I generate 30 stacked packets with seed 11                                                                     # ../traffic-gen/tests/stack_behave/features/steps/stack_steps.py:62
2026-09-22T08:04:34.0884480Z     Then layer 2 field "message_type" is always one of [0, 1]                                                           # ../traffic-gen/tests/stack_behave/features/steps/stack_steps.py:122
2026-09-22T08:04:34.0887756Z 
2026-09-22T08:04:34.0888718Z   Scenario Outline: SET_CLOCK_SOURCE — message_type is always a command (0) or response (1) -- @1.7 AECP AEM interfaces  # ../traffic-gen/tests/stack_behave/features/aecp_aem_stack.feature:163
2026-09-22T08:04:34.0890255Z     Given the protocols root is loaded                                                                                   # ../traffic-gen/tests/stack_behave/features/steps/stack_steps.py:46
2026-09-22T08:04:34.0891784Z     Given the application interface "atdecc_aecp_set_clock_source::AECP_SET_CLOCK_SOURCE::AECP_SET_CLOCK_SOURCE_IF"      # ../traffic-gen/tests/stack_behave/features/steps/stack_steps.py:52
2026-09-22T08:04:34.0893292Z     When I generate 30 stacked packets with seed 11                                                                      # ../traffic-gen/tests/stack_behave/features/steps/stack_steps.py:62
2026-09-22T08:04:34.1016354Z     Then layer 2 field "message_type" is always one of [0, 1]                                                            # ../traffic-gen/tests/stack_behave/features/steps/stack_steps.py:122
2026-09-22T08:04:34.1019686Z 
2026-09-22T08:04:34.1020727Z   Scenario Outline: SET_SAMPLING_RATE — message_type is always a command (0) or response (1) -- @1.8 AECP AEM interfaces  # ../traffic-gen/tests/stack_behave/features/aecp_aem_stack.feature:164
2026-09-22T08:04:34.1022546Z     Given the protocols root is loaded                                                                                    # ../traffic-gen/tests/stack_behave/features/steps/stack_steps.py:46
2026-09-22T08:04:34.1024389Z     Given the application interface "atdecc_aecp_set_sampling_rate::AECP_SET_SAMPLING_RATE::AECP_SET_SAMPLING_RATE_IF"    # ../traffic-gen/tests/stack_behave/features/steps/stack_steps.py:52
2026-09-22T08:04:34.1025774Z     When I generate 30 stacked packets with seed 11                                                                       # ../traffic-gen/tests/stack_behave/features/steps/stack_steps.py:62
2026-09-22T08:04:34.1148636Z     Then layer 2 field "message_type" is always one of [0, 1]                                                             # ../traffic-gen/tests/stack_behave/features/steps/stack_steps.py:122
2026-09-22T08:04:34.1152121Z 
2026-09-22T08:04:34.1153461Z   Scenario Outline: ACQUIRE_ENTITY — message_type is always a command (0) or response (1) -- @1.9 AECP AEM interfaces  # ../traffic-gen/tests/stack_behave/features/aecp_aem_stack.feature:165
2026-09-22T08:04:34.1155121Z     Given the protocols root is loaded                                                                                 # ../traffic-gen/tests/stack_behave/features/steps/stack_steps.py:46
2026-09-22T08:04:34.1156684Z     Given the application interface "atdecc_aecp_acquire_entity::AECP_ACQUIRE_ENTITY::AECP_ACQUIRE_ENTITY_IF"          # ../traffic-gen/tests/stack_behave/features/steps/stack_steps.py:52
2026-09-22T08:04:34.1158076Z     When I generate 30 stacked packets with seed 11                                                                    # ../traffic-gen/tests/stack_behave/features/steps/stack_steps.py:62
2026-09-22T08:04:34.1283622Z     Then layer 2 field "message_type" is always one of [0, 1]                                                          # ../traffic-gen/tests/stack_behave/features/steps/stack_steps.py:122
2026-09-22T08:04:34.1287402Z 
2026-09-22T08:04:34.1288342Z   Scenario Outline: LOCK_ENTITY — message_type is always a command (0) or response (1) -- @1.10 AECP AEM interfaces  # ../traffic-gen/tests/stack_behave/features/aecp_aem_stack.feature:166
2026-09-22T08:04:34.1290081Z     Given the protocols root is loaded                                                                               # ../traffic-gen/tests/stack_behave/features/steps/stack_steps.py:46
2026-09-22T08:04:34.1291513Z     Given the application interface "atdecc_aecp_lock_entity::AECP_LOCK_ENTITY::AECP_LOCK_ENTITY_IF"                 # ../traffic-gen/tests/stack_behave/features/steps/stack_steps.py:52
2026-09-22T08:04:34.1293042Z     When I generate 30 stacked packets with seed 11                                                                  # ../traffic-gen/tests/stack_behave/features/steps/stack_steps.py:62
2026-09-22T08:04:34.1417311Z     Then layer 2 field "message_type" is always one of [0, 1]                                                        # ../traffic-gen/tests/stack_behave/features/steps/stack_steps.py:122
2026-09-22T08:04:34.1420616Z 
2026-09-22T08:04:34.1421657Z   Scenario Outline: SET_STREAM_FORMAT — message_type is always a command (0) or response (1) -- @1.11 AECP AEM interfaces  # ../traffic-gen/tests/stack_behave/features/aecp_aem_stack.feature:167
2026-09-22T08:04:34.1423398Z     Given the protocols root is loaded                                                                                     # ../traffic-gen/tests/stack_behave/features/steps/stack_steps.py:46
2026-09-22T08:04:34.1424972Z     Given the application interface "atdecc_aecp_set_stream_format::AECP_SET_STREAM_FORMAT::AECP_SET_STREAM_FORMAT_IF"     # ../traffic-gen/tests/stack_behave/features/steps/stack_steps.py:52
2026-09-22T08:04:34.1426343Z     When I generate 30 stacked packets with seed 11                                                                        # ../traffic-gen/tests/stack_behave/features/steps/stack_steps.py:62
2026-09-22T08:04:34.1548924Z     Then layer 2 field "message_type" is always one of [0, 1]                                                              # ../traffic-gen/tests/stack_behave/features/steps/stack_steps.py:122
2026-09-22T08:04:34.1564921Z 
2026-09-22T08:04:34.1565798Z   Scenario Outline: AEM_NO_PAYLOAD — stacked frame can be written to pcap -- @1.1 AECP AEM interfaces         # ../traffic-gen/tests/stack_behave/features/aecp_aem_stack.feature:181
2026-09-22T08:04:34.1567183Z     Given the protocols root is loaded                                                                        # ../traffic-gen/tests/stack_behave/features/steps/stack_steps.py:46
2026-09-22T08:04:34.1568378Z     Given the application interface "atdecc_aecp_aem_no_payload::AECP_AEM_NO_PAYLOAD::AECP_AEM_NO_PAYLOAD_IF" # ../traffic-gen/tests/stack_behave/features/steps/stack_steps.py:52
2026-09-22T08:04:34.1569890Z     When I generate 5 stacked packets with seed 42 to pcap file "/tmp/stack_AEM_NO_PAYLOAD.pcap"              # ../traffic-gen/tests/stack_behave/features/steps/stack_steps.py:72
2026-09-22T08:04:34.1683674Z     Then the pcap file "/tmp/stack_AEM_NO_PAYLOAD.pcap" exists                                                # ../traffic-gen/tests/stack_behave/features/steps/stack_steps.py:137
2026-09-22T08:04:34.1688936Z     And the pcap file "/tmp/stack_AEM_NO_PAYLOAD.pcap" contains 5 packets                                     # ../traffic-gen/tests/stack_behave/features/steps/stack_steps.py:142
2026-09-22T08:04:34.1689917Z 
2026-09-22T08:04:34.1690853Z   Scenario Outline: ACQUIRE_ENTITY — stacked frame can be written to pcap -- @1.2 AECP AEM interfaces         # ../traffic-gen/tests/stack_behave/features/aecp_aem_stack.feature:182
2026-09-22T08:04:34.1692349Z     Given the protocols root is loaded                                                                        # ../traffic-gen/tests/stack_behave/features/steps/stack_steps.py:46
2026-09-22T08:04:34.1694454Z     Given the application interface "atdecc_aecp_acquire_entity::AECP_ACQUIRE_ENTITY::AECP_ACQUIRE_ENTITY_IF" # ../traffic-gen/tests/stack_behave/features/steps/stack_steps.py:52
2026-09-22T08:04:34.1696099Z     When I generate 5 stacked packets with seed 42 to pcap file "/tmp/stack_ACQUIRE_ENTITY.pcap"              # ../traffic-gen/tests/stack_behave/features/steps/stack_steps.py:72
2026-09-22T08:04:34.1808403Z     Then the pcap file "/tmp/stack_ACQUIRE_ENTITY.pcap" exists                                                # ../traffic-gen/tests/stack_behave/features/steps/stack_steps.py:137
2026-09-22T08:04:34.1810168Z     And the pcap file "/tmp/stack_ACQUIRE_ENTITY.pcap" contains 5 packets                                     # ../traffic-gen/tests/stack_behave/features/steps/stack_steps.py:142
2026-09-22T08:04:34.1814099Z 
2026-09-22T08:04:34.1815096Z   Scenario Outline: LOCK_ENTITY — stacked frame can be written to pcap -- @1.3 AECP AEM interfaces   # ../traffic-gen/tests/stack_behave/features/aecp_aem_stack.feature:183
2026-09-22T08:04:34.1816527Z     Given the protocols root is loaded                                                               # ../traffic-gen/tests/stack_behave/features/steps/stack_steps.py:46
2026-09-22T08:04:34.1817708Z     Given the application interface "atdecc_aecp_lock_entity::AECP_LOCK_ENTITY::AECP_LOCK_ENTITY_IF" # ../traffic-gen/tests/stack_behave/features/steps/stack_steps.py:52
2026-09-22T08:04:34.1819258Z     When I generate 5 stacked packets with seed 42 to pcap file "/tmp/stack_LOCK_ENTITY.pcap"        # ../traffic-gen/tests/stack_behave/features/steps/stack_steps.py:72
2026-09-22T08:04:34.1933031Z     Then the pcap file "/tmp/stack_LOCK_ENTITY.pcap" exists                                          # ../traffic-gen/tests/stack_behave/features/steps/stack_steps.py:137
2026-09-22T08:04:34.1935042Z     And the pcap file "/tmp/stack_LOCK_ENTITY.pcap" contains 5 packets                               # ../traffic-gen/tests/stack_behave/features/steps/stack_steps.py:142
2026-09-22T08:04:34.1938665Z 
2026-09-22T08:04:34.1939958Z   Scenario Outline: SET_STREAM_FORMAT — stacked frame can be written to pcap -- @1.4 AECP AEM interfaces               # ../traffic-gen/tests/stack_behave/features/aecp_aem_stack.feature:184
2026-09-22T08:04:34.1941579Z     Given the protocols root is loaded                                                                                 # ../traffic-gen/tests/stack_behave/features/steps/stack_steps.py:46
2026-09-22T08:04:34.1943408Z     Given the application interface "atdecc_aecp_set_stream_format::AECP_SET_STREAM_FORMAT::AECP_SET_STREAM_FORMAT_IF" # ../traffic-gen/tests/stack_behave/features/steps/stack_steps.py:52
2026-09-22T08:04:34.1945160Z     When I generate 5 stacked packets with seed 42 to pcap file "/tmp/stack_SET_STREAM_FORMAT.pcap"                    # ../traffic-gen/tests/stack_behave/features/steps/stack_steps.py:72
2026-09-22T08:04:34.2057909Z     Then the pcap file "/tmp/stack_SET_STREAM_FORMAT.pcap" exists                                                      # ../traffic-gen/tests/stack_behave/features/steps/stack_steps.py:137
2026-09-22T08:04:34.2059588Z     And the pcap file "/tmp/stack_SET_STREAM_FORMAT.pcap" contains 5 packets                                           # ../traffic-gen/tests/stack_behave/features/steps/stack_steps.py:142
2026-09-22T08:04:34.2063597Z 
2026-09-22T08:04:34.2064657Z   Scenario Outline: SET_STREAM_INFO — stacked frame can be written to pcap -- @1.5 AECP AEM interfaces           # ../traffic-gen/tests/stack_behave/features/aecp_aem_stack.feature:185
2026-09-22T08:04:34.2066216Z     Given the protocols root is loaded                                                                           # ../traffic-gen/tests/stack_behave/features/steps/stack_steps.py:46
2026-09-22T08:04:34.2067699Z     Given the application interface "atdecc_aecp_set_stream_info::AECP_SET_STREAM_INFO::AECP_SET_STREAM_INFO_IF" # ../traffic-gen/tests/stack_behave/features/steps/stack_steps.py:52
2026-09-22T08:04:34.2069255Z     When I generate 5 stacked packets with seed 42 to pcap file "/tmp/stack_SET_STREAM_INFO.pcap"                # ../traffic-gen/tests/stack_behave/features/steps/stack_steps.py:72
2026-09-22T08:04:34.2184676Z     Then the pcap file "/tmp/stack_SET_STREAM_INFO.pcap" exists                                                  # ../traffic-gen/tests/stack_behave/features/steps/stack_steps.py:137
2026-09-22T08:04:34.2186993Z     And the pcap file "/tmp/stack_SET_STREAM_INFO.pcap" contains 5 packets                                       # ../traffic-gen/tests/stack_behave/features/steps/stack_steps.py:142
2026-09-22T08:04:34.2190846Z 
2026-09-22T08:04:34.2192473Z   Scenario Outline: SET_NAME — stacked frame can be written to pcap -- @1.6 AECP AEM interfaces  # ../traffic-gen/tests/stack_behave/features/aecp_aem_stack.feature:186
2026-09-22T08:04:34.2194601Z     Given the protocols root is loaded                                                           # ../traffic-gen/tests/stack_behave/features/steps/stack_steps.py:46
2026-09-22T08:04:34.2196486Z     Given the application interface "atdecc_aecp_set_name::AECP_SET_NAME::AECP_SET_NAME_IF"      # ../traffic-gen/tests/stack_behave/features/steps/stack_steps.py:52
2026-09-22T08:04:34.2197779Z     When I generate 5 stacked packets with seed 42 to pcap file "/tmp/stack_SET_NAME.pcap"       # ../traffic-gen/tests/stack_behave/features/steps/stack_steps.py:72
2026-09-22T08:04:34.2311081Z     Then the pcap file "/tmp/stack_SET_NAME.pcap" exists                                         # ../traffic-gen/tests/stack_behave/features/steps/stack_steps.py:137
2026-09-22T08:04:34.2313297Z     And the pcap file "/tmp/stack_SET_NAME.pcap" contains 5 packets                              # ../traffic-gen/tests/stack_behave/features/steps/stack_steps.py:142
2026-09-22T08:04:34.2316320Z 
2026-09-22T08:04:34.2331287Z Feature: AECP non-AEM — full on-wire frame assembly via layer stacking # ../traffic-gen/tests/stack_behave/features/aecp_non_aem_stack.feature:13
2026-09-22T08:04:34.2332371Z 
2026-09-22T08:04:34.2333938Z   Feature: AECP non-AEM — full on-wire frame assembly via layer stacking  # ../traffic-gen/tests/stack_behave/features/aecp_non_aem_stack.feature:13
2026-09-22T08:04:34.2335014Z 
2026-09-22T08:04:34.2335929Z   Scenario: ADDRESS_ACCESS stacked frame has correct total size                                               # ../traffic-gen/tests/stack_behave/features/aecp_non_aem_stack.feature:22
2026-09-22T08:04:34.2337818Z     Given the protocols root is loaded                                                                        # ../traffic-gen/tests/stack_behave/features/steps/stack_steps.py:46
2026-09-22T08:04:34.2339080Z     Given the application interface "atdecc_aecp_address_access::AECP_ADDRESS_ACCESS::AECP_ADDRESS_ACCESS_IF" # ../traffic-gen/tests/stack_behave/features/steps/stack_steps.py:52
2026-09-22T08:04:34.2340476Z     When I generate 20 stacked packets with seed 1                                                            # ../traffic-gen/tests/stack_behave/features/steps/stack_steps.py:62
2026-09-22T08:04:34.2457193Z     Then the stacked packet size is always 57 bytes                                                           # ../traffic-gen/tests/stack_behave/features/steps/stack_steps.py:83
2026-09-22T08:04:34.2460287Z 
2026-09-22T08:04:34.2461122Z   Scenario: ADDRESS_ACCESS — ethertype is always 0x22F0                                                       # ../traffic-gen/tests/stack_behave/features/aecp_non_aem_stack.feature:27
2026-09-22T08:04:34.2462322Z     Given the protocols root is loaded                                                                        # ../traffic-gen/tests/stack_behave/features/steps/stack_steps.py:46
2026-09-22T08:04:34.2464140Z     Given the application interface "atdecc_aecp_address_access::AECP_ADDRESS_ACCESS::AECP_ADDRESS_ACCESS_IF" # ../traffic-gen/tests/stack_behave/features/steps/stack_steps.py:52
2026-09-22T08:04:34.2465928Z     When I generate 20 stacked packets with seed 5                                                            # ../traffic-gen/tests/stack_behave/features/steps/stack_steps.py:62
2026-09-22T08:04:34.2585137Z     Then layer 0 field "ethertype" always equals hex 22F0                                                     # ../traffic-gen/tests/stack_behave/features/steps/stack_steps.py:101
2026-09-22T08:04:34.2588363Z 
2026-09-22T08:04:34.2589280Z   Scenario: ADDRESS_ACCESS — message_type is always 2 (command) or 3 (response)                               # ../traffic-gen/tests/stack_behave/features/aecp_non_aem_stack.feature:32
2026-09-22T08:04:34.2590651Z     Given the protocols root is loaded                                                                        # ../traffic-gen/tests/stack_behave/features/steps/stack_steps.py:46
2026-09-22T08:04:34.2591875Z     Given the application interface "atdecc_aecp_address_access::AECP_ADDRESS_ACCESS::AECP_ADDRESS_ACCESS_IF" # ../traffic-gen/tests/stack_behave/features/steps/stack_steps.py:52
2026-09-22T08:04:34.2593858Z     When I generate 30 stacked packets with seed 13                                                           # ../traffic-gen/tests/stack_behave/features/steps/stack_steps.py:62
2026-09-22T08:04:34.2718937Z     Then layer 2 field "message_type" is always one of [2, 3]                                                 # ../traffic-gen/tests/stack_behave/features/steps/stack_steps.py:122
2026-09-22T08:04:34.2722591Z 
2026-09-22T08:04:34.2723756Z   Scenario: ADDRESS_ACCESS — AVTP subtype and version are fixed                                               # ../traffic-gen/tests/stack_behave/features/aecp_non_aem_stack.feature:37
2026-09-22T08:04:34.2725248Z     Given the protocols root is loaded                                                                        # ../traffic-gen/tests/stack_behave/features/steps/stack_steps.py:46
2026-09-22T08:04:34.2726626Z     Given the application interface "atdecc_aecp_address_access::AECP_ADDRESS_ACCESS::AECP_ADDRESS_ACCESS_IF" # ../traffic-gen/tests/stack_behave/features/steps/stack_steps.py:52
2026-09-22T08:04:34.2728681Z     When I generate 20 stacked packets with seed 2                                                            # ../traffic-gen/tests/stack_behave/features/steps/stack_steps.py:62
2026-09-22T08:04:34.2850986Z     Then layer 1 field "subtype" always equals 251                                                            # ../traffic-gen/tests/stack_behave/features/steps/stack_steps.py:91
2026-09-22T08:04:34.2852786Z     And layer 1 field "sv" always equals 0                                                                    # ../traffic-gen/tests/stack_behave/features/steps/stack_steps.py:91
2026-09-22T08:04:34.2854859Z     And layer 1 field "version" always equals 0                                                               # ../traffic-gen/tests/stack_behave/features/steps/stack_steps.py:91
2026-09-22T08:04:34.2858427Z 
2026-09-22T08:04:34.2859418Z   Scenario: ADDRESS_ACCESS — written to pcap                                                                  # ../traffic-gen/tests/stack_behave/features/aecp_non_aem_stack.feature:44
2026-09-22T08:04:34.2860818Z     Given the protocols root is loaded                                                                        # ../traffic-gen/tests/stack_behave/features/steps/stack_steps.py:46
2026-09-22T08:04:34.2862141Z     Given the application interface "atdecc_aecp_address_access::AECP_ADDRESS_ACCESS::AECP_ADDRESS_ACCESS_IF" # ../traffic-gen/tests/stack_behave/features/steps/stack_steps.py:52
2026-09-22T08:04:34.2863993Z     When I generate 5 stacked packets with seed 42 to pcap file "/tmp/stack_ADDRESS_ACCESS.pcap"              # ../traffic-gen/tests/stack_behave/features/steps/stack_steps.py:72
2026-09-22T08:04:34.2979516Z     Then the pcap file "/tmp/stack_ADDRESS_ACCESS.pcap" exists                                                # ../traffic-gen/tests/stack_behave/features/steps/stack_steps.py:137
2026-09-22T08:04:34.2980887Z     And the pcap file "/tmp/stack_ADDRESS_ACCESS.pcap" contains 5 packets                                     # ../traffic-gen/tests/stack_behave/features/steps/stack_steps.py:142
2026-09-22T08:04:34.2984893Z 
2026-09-22T08:04:34.2985592Z   Scenario: VENDOR_UNIQUE stacked frame has correct total size                                             # ../traffic-gen/tests/stack_behave/features/aecp_non_aem_stack.feature:54
2026-09-22T08:04:34.2987107Z     Given the protocols root is loaded                                                                     # ../traffic-gen/tests/stack_behave/features/steps/stack_steps.py:46
2026-09-22T08:04:34.2988157Z     Given the application interface "atdecc_aecp_vendor_unique::AECP_VENDOR_UNIQUE::AECP_VENDOR_UNIQUE_IF" # ../traffic-gen/tests/stack_behave/features/steps/stack_steps.py:52
2026-09-22T08:04:34.2989811Z     When I generate 20 stacked packets with seed 1                                                         # ../traffic-gen/tests/stack_behave/features/steps/stack_steps.py:62
2026-09-22T08:04:34.3110162Z     Then the stacked packet size is always 51 bytes                                                        # ../traffic-gen/tests/stack_behave/features/steps/stack_steps.py:83
2026-09-22T08:04:34.3113656Z 
2026-09-22T08:04:34.3114666Z   Scenario: VENDOR_UNIQUE — ethertype is always 0x22F0                                                     # ../traffic-gen/tests/stack_behave/features/aecp_non_aem_stack.feature:59
2026-09-22T08:04:34.3116137Z     Given the protocols root is loaded                                                                     # ../traffic-gen/tests/stack_behave/features/steps/stack_steps.py:46
2026-09-22T08:04:34.3117585Z     Given the application interface "atdecc_aecp_vendor_unique::AECP_VENDOR_UNIQUE::AECP_VENDOR_UNIQUE_IF" # ../traffic-gen/tests/stack_behave/features/steps/stack_steps.py:52
2026-09-22T08:04:34.3119000Z     When I generate 20 stacked packets with seed 5                                                         # ../traffic-gen/tests/stack_behave/features/steps/stack_steps.py:62
2026-09-22T08:04:34.3238528Z     Then layer 0 field "ethertype" always equals hex 22F0                                                  # ../traffic-gen/tests/stack_behave/features/steps/stack_steps.py:101
2026-09-22T08:04:34.3241799Z 
2026-09-22T08:04:34.3243195Z   Scenario: VENDOR_UNIQUE — message_type is always 6 (command) or 7 (response)                             # ../traffic-gen/tests/stack_behave/features/aecp_non_aem_stack.feature:64
2026-09-22T08:04:34.3244728Z     Given the protocols root is loaded                                                                     # ../traffic-gen/tests/stack_behave/features/steps/stack_steps.py:46
2026-09-22T08:04:34.3246226Z     Given the application interface "atdecc_aecp_vendor_unique::AECP_VENDOR_UNIQUE::AECP_VENDOR_UNIQUE_IF" # ../traffic-gen/tests/stack_behave/features/steps/stack_steps.py:52
2026-09-22T08:04:34.3247556Z     When I generate 30 stacked packets with seed 17                                                        # ../traffic-gen/tests/stack_behave/features/steps/stack_steps.py:62
2026-09-22T08:04:34.3369857Z     Then layer 2 field "message_type" is always one of [6, 7]                                              # ../traffic-gen/tests/stack_behave/features/steps/stack_steps.py:122
2026-09-22T08:04:34.3373514Z 
2026-09-22T08:04:34.3374706Z   Scenario: VENDOR_UNIQUE — AVTP subtype and version are fixed                                             # ../traffic-gen/tests/stack_behave/features/aecp_non_aem_stack.feature:69
2026-09-22T08:04:34.3376259Z     Given the protocols root is loaded                                                                     # ../traffic-gen/tests/stack_behave/features/steps/stack_steps.py:46
2026-09-22T08:04:34.3377744Z     Given the application interface "atdecc_aecp_vendor_unique::AECP_VENDOR_UNIQUE::AECP_VENDOR_UNIQUE_IF" # ../traffic-gen/tests/stack_behave/features/steps/stack_steps.py:52
2026-09-22T08:04:34.3379381Z     When I generate 20 stacked packets with seed 2                                                         # ../traffic-gen/tests/stack_behave/features/steps/stack_steps.py:62
2026-09-22T08:04:34.3497008Z     Then layer 1 field "subtype" always equals 251                                                         # ../traffic-gen/tests/stack_behave/features/steps/stack_steps.py:91
2026-09-22T08:04:34.3498566Z     And layer 1 field "sv" always equals 0                                                                 # ../traffic-gen/tests/stack_behave/features/steps/stack_steps.py:91
2026-09-22T08:04:34.3500419Z     And layer 1 field "version" always equals 0                                                            # ../traffic-gen/tests/stack_behave/features/steps/stack_steps.py:91
2026-09-22T08:04:34.3504178Z 
2026-09-22T08:04:34.3505095Z   Scenario: VENDOR_UNIQUE — written to pcap                                                                # ../traffic-gen/tests/stack_behave/features/aecp_non_aem_stack.feature:76
2026-09-22T08:04:34.3506500Z     Given the protocols root is loaded                                                                     # ../traffic-gen/tests/stack_behave/features/steps/stack_steps.py:46
2026-09-22T08:04:34.3507877Z     Given the application interface "atdecc_aecp_vendor_unique::AECP_VENDOR_UNIQUE::AECP_VENDOR_UNIQUE_IF" # ../traffic-gen/tests/stack_behave/features/steps/stack_steps.py:52
2026-09-22T08:04:34.3509502Z     When I generate 5 stacked packets with seed 42 to pcap file "/tmp/stack_VENDOR_UNIQUE.pcap"            # ../traffic-gen/tests/stack_behave/features/steps/stack_steps.py:72
2026-09-22T08:04:34.3623835Z     Then the pcap file "/tmp/stack_VENDOR_UNIQUE.pcap" exists                                              # ../traffic-gen/tests/stack_behave/features/steps/stack_steps.py:137
2026-09-22T08:04:34.3625644Z     And the pcap file "/tmp/stack_VENDOR_UNIQUE.pcap" contains 5 packets                                   # ../traffic-gen/tests/stack_behave/features/steps/stack_steps.py:142
2026-09-22T08:04:34.3628218Z 
2026-09-22T08:04:34.3631575Z Feature: Packet decode — DUT output verification # ../traffic-gen/tests/stack_behave/features/dut_decode.feature:5
2026-09-22T08:04:34.3633188Z   Verify that PacketDecoder correctly reconstructs field values from raw byte
2026-09-22T08:04:34.3634302Z   buffers, and that the generate → capture → decode round-trip is lossless.
2026-09-22T08:04:34.3635600Z   Feature: Packet decode — DUT output verification  # ../traffic-gen/tests/stack_behave/features/dut_decode.feature:5
2026-09-22T08:04:34.3636229Z 
2026-09-22T08:04:34.3637088Z   Scenario: Generate-decode round-trip via pcap preserves hex (ACQUIRE_ENTITY)                              # ../traffic-gen/tests/stack_behave/features/dut_decode.feature:18
2026-09-22T08:04:34.3638484Z     Given the protocols root is loaded                                                                      # ../traffic-gen/tests/stack_behave/features/steps/stack_steps.py:46
2026-09-22T08:04:34.3639894Z     And the application interface "atdecc_aecp_acquire_entity::AECP_ACQUIRE_ENTITY::AECP_ACQUIRE_ENTITY_IF" # ../traffic-gen/tests/stack_behave/features/steps/stack_steps.py:52
2026-09-22T08:04:34.3641453Z     When I generate 5 stacked packets with seed 1 to pcap file "/tmp/rt_acquire.pcap"                       # ../traffic-gen/tests/stack_behave/features/steps/stack_steps.py:72
2026-09-22T08:04:34.3753186Z     And I decode the pcap file "/tmp/rt_acquire.pcap" against the stack                                     # ../traffic-gen/tests/stack_behave/features/steps/stack_steps.py:199
2026-09-22T08:04:34.3867444Z     Then the decoded packet count is 5                                                                      # ../traffic-gen/tests/stack_behave/features/steps/stack_steps.py:246
2026-09-22T08:04:34.3869027Z     And the generated and decoded hex match                                                                 # ../traffic-gen/tests/stack_behave/features/steps/stack_steps.py:262
2026-09-22T08:04:34.3872495Z 
2026-09-22T08:04:34.3873354Z   Scenario: Decoded Ethernet ethertype round-trips correctly                                                # ../traffic-gen/tests/stack_behave/features/dut_decode.feature:24
2026-09-22T08:04:34.3875076Z     Given the protocols root is loaded                                                                      # ../traffic-gen/tests/stack_behave/features/steps/stack_steps.py:46
2026-09-22T08:04:34.3876752Z     And the application interface "atdecc_aecp_acquire_entity::AECP_ACQUIRE_ENTITY::AECP_ACQUIRE_ENTITY_IF" # ../traffic-gen/tests/stack_behave/features/steps/stack_steps.py:52
2026-09-22T08:04:34.3878194Z     When I generate 10 stacked packets with seed 7 to pcap file "/tmp/rt_eth.pcap"                          # ../traffic-gen/tests/stack_behave/features/steps/stack_steps.py:72
2026-09-22T08:04:34.3995118Z     And I decode the pcap file "/tmp/rt_eth.pcap" against the stack                                         # ../traffic-gen/tests/stack_behave/features/steps/stack_steps.py:199
2026-09-22T08:04:34.4111492Z     Then decoded layer 0 field "ethertype" always equals hex 22F0                                           # ../traffic-gen/tests/stack_behave/features/steps/stack_steps.py:235
2026-09-22T08:04:34.4115229Z 
2026-09-22T08:04:34.4115977Z   Scenario: Decoded AVTP subtype round-trips correctly                                                      # ../traffic-gen/tests/stack_behave/features/dut_decode.feature:29
2026-09-22T08:04:34.4117389Z     Given the protocols root is loaded                                                                      # ../traffic-gen/tests/stack_behave/features/steps/stack_steps.py:46
2026-09-22T08:04:34.4118679Z     And the application interface "atdecc_aecp_acquire_entity::AECP_ACQUIRE_ENTITY::AECP_ACQUIRE_ENTITY_IF" # ../traffic-gen/tests/stack_behave/features/steps/stack_steps.py:52
2026-09-22T08:04:34.4120604Z     When I generate 10 stacked packets with seed 13 to pcap file "/tmp/rt_avtp.pcap"                        # ../traffic-gen/tests/stack_behave/features/steps/stack_steps.py:72
2026-09-22T08:04:34.4236865Z     And I decode the pcap file "/tmp/rt_avtp.pcap" against the stack                                        # ../traffic-gen/tests/stack_behave/features/steps/stack_steps.py:199
2026-09-22T08:04:34.4358252Z     Then decoded layer 1 field "subtype" always equals 251                                                  # ../traffic-gen/tests/stack_behave/features/steps/stack_steps.py:225
2026-09-22T08:04:34.4361801Z 
2026-09-22T08:04:34.4363148Z   Scenario: Decode a fixed hex string — ethertype field is 0x22F0                                                                                        # ../traffic-gen/tests/stack_behave/features/dut_decode.feature:38
2026-09-22T08:04:34.4364598Z     Given the protocols root is loaded                                                                                                                   # ../traffic-gen/tests/stack_behave/features/steps/stack_steps.py:46
2026-09-22T08:04:34.4366121Z     And the application interface "atdecc_aecp_acquire_entity::AECP_ACQUIRE_ENTITY::AECP_ACQUIRE_ENTITY_IF"                                              # ../traffic-gen/tests/stack_behave/features/steps/stack_steps.py:52
2026-09-22T08:04:34.4368066Z     When I decode hex "2245bd5fbb6822eb9250231822f0fb000382416e6678d39feef008e61bd8674b6331bca260000000000004ab7a473d29376c1001e797e0" against the stack # ../traffic-gen/tests/stack_behave/features/steps/stack_steps.py:210
2026-09-22T08:04:34.4480535Z     Then decoded layer 0 field "ethertype" always equals hex 22F0                                                                                        # ../traffic-gen/tests/stack_behave/features/steps/stack_steps.py:235
2026-09-22T08:04:34.4529406Z 
2026-09-22T08:04:34.4530042Z   Scenario Outline: Round-trip preserves frame size for all AEM PDUs -- @1.1                                  # ../traffic-gen/tests/stack_behave/features/dut_decode.feature:55
2026-09-22T08:04:34.4531055Z     Given the protocols root is loaded                                                                        # ../traffic-gen/tests/stack_behave/features/steps/stack_steps.py:46
2026-09-22T08:04:34.4533007Z     And the application interface "atdecc_aecp_acquire_entity::AECP_ACQUIRE_ENTITY::AECP_ACQUIRE_ENTITY_IF"   # ../traffic-gen/tests/stack_behave/features/steps/stack_steps.py:52
2026-09-22T08:04:34.4535233Z     Given the application interface "atdecc_aecp_aem_no_payload::AECP_AEM_NO_PAYLOAD::AECP_AEM_NO_PAYLOAD_IF" # ../traffic-gen/tests/stack_behave/features/steps/stack_steps.py:52
2026-09-22T08:04:34.4537760Z     When I generate 3 stacked packets with seed 42 to pcap file "/tmp/rt_no_payload.pcap"                     # ../traffic-gen/tests/stack_behave/features/steps/stack_steps.py:72
2026-09-22T08:04:34.4653106Z     And I decode the pcap file "/tmp/rt_no_payload.pcap" against the stack                                    # ../traffic-gen/tests/stack_behave/features/steps/stack_steps.py:199
2026-09-22T08:04:34.4766500Z     Then the decoded packet count is 3                                                                        # ../traffic-gen/tests/stack_behave/features/steps/stack_steps.py:246
2026-09-22T08:04:34.4768595Z     And the generated and decoded hex match                                                                   # ../traffic-gen/tests/stack_behave/features/steps/stack_steps.py:262
2026-09-22T08:04:34.4772417Z 
2026-09-22T08:04:34.4773423Z   Scenario Outline: Round-trip preserves frame size for all AEM PDUs -- @1.2                                           # ../traffic-gen/tests/stack_behave/features/dut_decode.feature:56
2026-09-22T08:04:34.4774811Z     Given the protocols root is loaded                                                                                 # ../traffic-gen/tests/stack_behave/features/steps/stack_steps.py:46
2026-09-22T08:04:34.4775998Z     And the application interface "atdecc_aecp_acquire_entity::AECP_ACQUIRE_ENTITY::AECP_ACQUIRE_ENTITY_IF"            # ../traffic-gen/tests/stack_behave/features/steps/stack_steps.py:52
2026-09-22T08:04:34.4777681Z     Given the application interface "atdecc_aecp_set_configuration::AECP_SET_CONFIGURATION::AECP_SET_CONFIGURATION_IF" # ../traffic-gen/tests/stack_behave/features/steps/stack_steps.py:52
2026-09-22T08:04:34.4779492Z     When I generate 3 stacked packets with seed 42 to pcap file "/tmp/rt_set_config.pcap"                              # ../traffic-gen/tests/stack_behave/features/steps/stack_steps.py:72
2026-09-22T08:04:34.4893389Z     And I decode the pcap file "/tmp/rt_set_config.pcap" against the stack                                             # ../traffic-gen/tests/stack_behave/features/steps/stack_steps.py:199
2026-09-22T08:04:34.5006362Z     Then the decoded packet count is 3                                                                                 # ../traffic-gen/tests/stack_behave/features/steps/stack_steps.py:246
2026-09-22T08:04:34.5007987Z     And the generated and decoded hex match                                                                            # ../traffic-gen/tests/stack_behave/features/steps/stack_steps.py:262
2026-09-22T08:04:34.5011368Z 
2026-09-22T08:04:34.5012179Z   Scenario Outline: Round-trip preserves frame size for all AEM PDUs -- @1.3                                # ../traffic-gen/tests/stack_behave/features/dut_decode.feature:57
2026-09-22T08:04:34.5013781Z     Given the protocols root is loaded                                                                      # ../traffic-gen/tests/stack_behave/features/steps/stack_steps.py:46
2026-09-22T08:04:34.5015113Z     And the application interface "atdecc_aecp_acquire_entity::AECP_ACQUIRE_ENTITY::AECP_ACQUIRE_ENTITY_IF" # ../traffic-gen/tests/stack_behave/features/steps/stack_steps.py:52
2026-09-22T08:04:34.5016827Z     Given the application interface "atdecc_aecp_lock_entity::AECP_LOCK_ENTITY::AECP_LOCK_ENTITY_IF"        # ../traffic-gen/tests/stack_behave/features/steps/stack_steps.py:52
2026-09-22T08:04:34.5018627Z     When I generate 3 stacked packets with seed 42 to pcap file "/tmp/rt_lock.pcap"                         # ../traffic-gen/tests/stack_behave/features/steps/stack_steps.py:72
2026-09-22T08:04:34.5131844Z     And I decode the pcap file "/tmp/rt_lock.pcap" against the stack                                        # ../traffic-gen/tests/stack_behave/features/steps/stack_steps.py:199
2026-09-22T08:04:34.5244762Z     Then the decoded packet count is 3                                                                      # ../traffic-gen/tests/stack_behave/features/steps/stack_steps.py:246
2026-09-22T08:04:34.5246472Z     And the generated and decoded hex match                                                                 # ../traffic-gen/tests/stack_behave/features/steps/stack_steps.py:262
2026-09-22T08:04:34.5249828Z 
2026-09-22T08:04:34.5250663Z   Scenario Outline: Round-trip preserves frame size for all AEM PDUs -- @1.4                                     # ../traffic-gen/tests/stack_behave/features/dut_decode.feature:58
2026-09-22T08:04:34.5252230Z     Given the protocols root is loaded                                                                           # ../traffic-gen/tests/stack_behave/features/steps/stack_steps.py:46
2026-09-22T08:04:34.5253978Z     And the application interface "atdecc_aecp_acquire_entity::AECP_ACQUIRE_ENTITY::AECP_ACQUIRE_ENTITY_IF"      # ../traffic-gen/tests/stack_behave/features/steps/stack_steps.py:52
2026-09-22T08:04:34.5255751Z     Given the application interface "atdecc_aecp_read_descriptor::AECP_READ_DESCRIPTOR::AECP_READ_DESCRIPTOR_IF" # ../traffic-gen/tests/stack_behave/features/steps/stack_steps.py:52
2026-09-22T08:04:34.5257880Z     When I generate 3 stacked packets with seed 42 to pcap file "/tmp/rt_read_desc.pcap"                         # ../traffic-gen/tests/stack_behave/features/steps/stack_steps.py:72
2026-09-22T08:04:34.5370210Z     And I decode the pcap file "/tmp/rt_read_desc.pcap" against the stack                                        # ../traffic-gen/tests/stack_behave/features/steps/stack_steps.py:199
2026-09-22T08:04:34.5483220Z     Then the decoded packet count is 3                                                                           # ../traffic-gen/tests/stack_behave/features/steps/stack_steps.py:246
2026-09-22T08:04:34.5485151Z     And the generated and decoded hex match                                                                      # ../traffic-gen/tests/stack_behave/features/steps/stack_steps.py:262
2026-09-22T08:04:34.5488239Z 
2026-09-22T08:04:34.5488947Z   Scenario Outline: Round-trip preserves frame size for all AEM PDUs -- @1.5                                # ../traffic-gen/tests/stack_behave/features/dut_decode.feature:59
2026-09-22T08:04:34.5490324Z     Given the protocols root is loaded                                                                      # ../traffic-gen/tests/stack_behave/features/steps/stack_steps.py:46
2026-09-22T08:04:34.5491645Z     And the application interface "atdecc_aecp_acquire_entity::AECP_ACQUIRE_ENTITY::AECP_ACQUIRE_ENTITY_IF" # ../traffic-gen/tests/stack_behave/features/steps/stack_steps.py:52
2026-09-22T08:04:34.5493561Z     Given the application interface "atdecc_aecp_set_name::AECP_SET_NAME::AECP_SET_NAME_IF"                 # ../traffic-gen/tests/stack_behave/features/steps/stack_steps.py:52
2026-09-22T08:04:34.5495110Z     When I generate 3 stacked packets with seed 42 to pcap file "/tmp/rt_set_name.pcap"                     # ../traffic-gen/tests/stack_behave/features/steps/stack_steps.py:72
2026-09-22T08:04:34.5608761Z     And I decode the pcap file "/tmp/rt_set_name.pcap" against the stack                                    # ../traffic-gen/tests/stack_behave/features/steps/stack_steps.py:199
2026-09-22T08:04:34.5721653Z     Then the decoded packet count is 3                                                                      # ../traffic-gen/tests/stack_behave/features/steps/stack_steps.py:246
2026-09-22T08:04:34.5723367Z     And the generated and decoded hex match                                                                 # ../traffic-gen/tests/stack_behave/features/steps/stack_steps.py:262
2026-09-22T08:04:34.5726966Z 
2026-09-22T08:04:34.5727672Z   Scenario Outline: Round-trip preserves frame size for all AEM PDUs -- @1.6                                # ../traffic-gen/tests/stack_behave/features/dut_decode.feature:60
2026-09-22T08:04:34.5729068Z     Given the protocols root is loaded                                                                      # ../traffic-gen/tests/stack_behave/features/steps/stack_steps.py:46
2026-09-22T08:04:34.5730682Z     And the application interface "atdecc_aecp_acquire_entity::AECP_ACQUIRE_ENTITY::AECP_ACQUIRE_ENTITY_IF" # ../traffic-gen/tests/stack_behave/features/steps/stack_steps.py:52
2026-09-22T08:04:34.5732151Z     Given the application interface "atdecc_aecp_get_name::AECP_GET_NAME::AECP_GET_NAME_IF"                 # ../traffic-gen/tests/stack_behave/features/steps/stack_steps.py:52
2026-09-22T08:04:34.5734107Z     When I generate 3 stacked packets with seed 42 to pcap file "/tmp/rt_get_name.pcap"                     # ../traffic-gen/tests/stack_behave/features/steps/stack_steps.py:72
2026-09-22T08:04:34.5847725Z     And I decode the pcap file "/tmp/rt_get_name.pcap" against the stack                                    # ../traffic-gen/tests/stack_behave/features/steps/stack_steps.py:199
2026-09-22T08:04:34.5960430Z     Then the decoded packet count is 3                                                                      # ../traffic-gen/tests/stack_behave/features/steps/stack_steps.py:246
2026-09-22T08:04:34.5962037Z     And the generated and decoded hex match                                                                 # ../traffic-gen/tests/stack_behave/features/steps/stack_steps.py:262
2026-09-22T08:04:34.5965768Z 
2026-09-22T08:04:34.5966502Z   Scenario Outline: Round-trip preserves frame size for all AEM PDUs -- @1.7                                           # ../traffic-gen/tests/stack_behave/features/dut_decode.feature:61
2026-09-22T08:04:34.5967867Z     Given the protocols root is loaded                                                                                 # ../traffic-gen/tests/stack_behave/features/steps/stack_steps.py:46
2026-09-22T08:04:34.5969275Z     And the application interface "atdecc_aecp_acquire_entity::AECP_ACQUIRE_ENTITY::AECP_ACQUIRE_ENTITY_IF"            # ../traffic-gen/tests/stack_behave/features/steps/stack_steps.py:52
2026-09-22T08:04:34.5971099Z     Given the application interface "atdecc_aecp_set_sampling_rate::AECP_SET_SAMPLING_RATE::AECP_SET_SAMPLING_RATE_IF" # ../traffic-gen/tests/stack_behave/features/steps/stack_steps.py:52
2026-09-22T08:04:34.5973025Z     When I generate 3 stacked packets with seed 42 to pcap file "/tmp/rt_set_srate.pcap"                               # ../traffic-gen/tests/stack_behave/features/steps/stack_steps.py:72
2026-09-22T08:04:34.6085720Z     And I decode the pcap file "/tmp/rt_set_srate.pcap" against the stack                                              # ../traffic-gen/tests/stack_behave/features/steps/stack_steps.py:199
2026-09-22T08:04:34.6198095Z     Then the decoded packet count is 3                                                                                 # ../traffic-gen/tests/stack_behave/features/steps/stack_steps.py:246
2026-09-22T08:04:34.6199628Z     And the generated and decoded hex match                                                                            # ../traffic-gen/tests/stack_behave/features/steps/stack_steps.py:262
2026-09-22T08:04:34.6202940Z 
2026-09-22T08:04:34.6203663Z   Scenario Outline: Round-trip preserves frame size for all AEM PDUs -- @1.8                                           # ../traffic-gen/tests/stack_behave/features/dut_decode.feature:62
2026-09-22T08:04:34.6205065Z     Given the protocols root is loaded                                                                                 # ../traffic-gen/tests/stack_behave/features/steps/stack_steps.py:46
2026-09-22T08:04:34.6206410Z     And the application interface "atdecc_aecp_acquire_entity::AECP_ACQUIRE_ENTITY::AECP_ACQUIRE_ENTITY_IF"            # ../traffic-gen/tests/stack_behave/features/steps/stack_steps.py:52
2026-09-22T08:04:34.6208130Z     Given the application interface "atdecc_aecp_set_stream_format::AECP_SET_STREAM_FORMAT::AECP_SET_STREAM_FORMAT_IF" # ../traffic-gen/tests/stack_behave/features/steps/stack_steps.py:52
2026-09-22T08:04:34.6209765Z     When I generate 3 stacked packets with seed 42 to pcap file "/tmp/rt_set_format.pcap"                              # ../traffic-gen/tests/stack_behave/features/steps/stack_steps.py:72
2026-09-22T08:04:34.6322944Z     And I decode the pcap file "/tmp/rt_set_format.pcap" against the stack                                             # ../traffic-gen/tests/stack_behave/features/steps/stack_steps.py:199
2026-09-22T08:04:34.6437430Z     Then the decoded packet count is 3                                                                                 # ../traffic-gen/tests/stack_behave/features/steps/stack_steps.py:246
2026-09-22T08:04:34.6438618Z     And the generated and decoded hex match                                                                            # ../traffic-gen/tests/stack_behave/features/steps/stack_steps.py:262
2026-09-22T08:04:34.6442288Z 
2026-09-22T08:04:34.6443025Z   Scenario Outline: Round-trip preserves frame size for all AEM PDUs -- @1.9                                     # ../traffic-gen/tests/stack_behave/features/dut_decode.feature:63
2026-09-22T08:04:34.6444744Z     Given the protocols root is loaded                                                                           # ../traffic-gen/tests/stack_behave/features/steps/stack_steps.py:46
2026-09-22T08:04:34.6445820Z     And the application interface "atdecc_aecp_acquire_entity::AECP_ACQUIRE_ENTITY::AECP_ACQUIRE_ENTITY_IF"      # ../traffic-gen/tests/stack_behave/features/steps/stack_steps.py:52
2026-09-22T08:04:34.6447272Z     Given the application interface "atdecc_aecp_set_stream_info::AECP_SET_STREAM_INFO::AECP_SET_STREAM_INFO_IF" # ../traffic-gen/tests/stack_behave/features/steps/stack_steps.py:52
2026-09-22T08:04:34.6449031Z     When I generate 3 stacked packets with seed 42 to pcap file "/tmp/rt_set_info.pcap"                          # ../traffic-gen/tests/stack_behave/features/steps/stack_steps.py:72
2026-09-22T08:04:34.6563981Z     And I decode the pcap file "/tmp/rt_set_info.pcap" against the stack                                         # ../traffic-gen/tests/stack_behave/features/steps/stack_steps.py:199
2026-09-22T08:04:34.6677189Z     Then the decoded packet count is 3                                                                           # ../traffic-gen/tests/stack_behave/features/steps/stack_steps.py:246
2026-09-22T08:04:34.6678728Z     And the generated and decoded hex match                                                                      # ../traffic-gen/tests/stack_behave/features/steps/stack_steps.py:262
2026-09-22T08:04:34.6682219Z 
2026-09-22T08:04:34.6682937Z   Scenario Outline: Round-trip preserves frame size for all AEM PDUs -- @1.10                                       # ../traffic-gen/tests/stack_behave/features/dut_decode.feature:64
2026-09-22T08:04:34.6684511Z     Given the protocols root is loaded                                                                              # ../traffic-gen/tests/stack_behave/features/steps/stack_steps.py:46
2026-09-22T08:04:34.6685857Z     And the application interface "atdecc_aecp_acquire_entity::AECP_ACQUIRE_ENTITY::AECP_ACQUIRE_ENTITY_IF"         # ../traffic-gen/tests/stack_behave/features/steps/stack_steps.py:52
2026-09-22T08:04:34.6687593Z     Given the application interface "atdecc_aecp_set_clock_source::AECP_SET_CLOCK_SOURCE::AECP_SET_CLOCK_SOURCE_IF" # ../traffic-gen/tests/stack_behave/features/steps/stack_steps.py:52
2026-09-22T08:04:34.6689230Z     When I generate 3 stacked packets with seed 42 to pcap file "/tmp/rt_set_clock.pcap"                            # ../traffic-gen/tests/stack_behave/features/steps/stack_steps.py:72
2026-09-22T08:04:34.6804940Z     And I decode the pcap file "/tmp/rt_set_clock.pcap" against the stack                                           # ../traffic-gen/tests/stack_behave/features/steps/stack_steps.py:199
2026-09-22T08:04:34.6917979Z     Then the decoded packet count is 3                                                                              # ../traffic-gen/tests/stack_behave/features/steps/stack_steps.py:246
2026-09-22T08:04:34.6919509Z     And the generated and decoded hex match                                                                         # ../traffic-gen/tests/stack_behave/features/steps/stack_steps.py:262
2026-09-22T08:04:34.6922938Z 
2026-09-22T08:04:34.6923596Z   Scenario Outline: Round-trip preserves frame size for all AEM PDUs -- @1.11                               # ../traffic-gen/tests/stack_behave/features/dut_decode.feature:65
2026-09-22T08:04:34.6924931Z     Given the protocols root is loaded                                                                      # ../traffic-gen/tests/stack_behave/features/steps/stack_steps.py:46
2026-09-22T08:04:34.6926291Z     And the application interface "atdecc_aecp_acquire_entity::AECP_ACQUIRE_ENTITY::AECP_ACQUIRE_ENTITY_IF" # ../traffic-gen/tests/stack_behave/features/steps/stack_steps.py:52
2026-09-22T08:04:34.6927929Z     Given the application interface "atdecc_aecp_set_control::AECP_SET_CONTROL::AECP_SET_CONTROL_IF"        # ../traffic-gen/tests/stack_behave/features/steps/stack_steps.py:52
2026-09-22T08:04:34.6929538Z     When I generate 3 stacked packets with seed 42 to pcap file "/tmp/rt_set_control.pcap"                  # ../traffic-gen/tests/stack_behave/features/steps/stack_steps.py:72
2026-09-22T08:04:34.7043314Z     And I decode the pcap file "/tmp/rt_set_control.pcap" against the stack                                 # ../traffic-gen/tests/stack_behave/features/steps/stack_steps.py:199
2026-09-22T08:04:34.7157656Z     Then the decoded packet count is 3                                                                      # ../traffic-gen/tests/stack_behave/features/steps/stack_steps.py:246
2026-09-22T08:04:34.7159818Z     And the generated and decoded hex match                                                                 # ../traffic-gen/tests/stack_behave/features/steps/stack_steps.py:262
2026-09-22T08:04:34.7164294Z 
2026-09-22T08:04:34.7165657Z   Scenario Outline: Round-trip preserves frame size for all AEM PDUs -- @1.12                                    # ../traffic-gen/tests/stack_behave/features/dut_decode.feature:66
2026-09-22T08:04:34.7167760Z     Given the protocols root is loaded                                                                           # ../traffic-gen/tests/stack_behave/features/steps/stack_steps.py:46
2026-09-22T08:04:34.7170137Z     And the application interface "atdecc_aecp_acquire_entity::AECP_ACQUIRE_ENTITY::AECP_ACQUIRE_ENTITY_IF"      # ../traffic-gen/tests/stack_behave/features/steps/stack_steps.py:52
2026-09-22T08:04:34.7172593Z     Given the application interface "atdecc_aecp_start_operation::AECP_START_OPERATION::AECP_START_OPERATION_IF" # ../traffic-gen/tests/stack_behave/features/steps/stack_steps.py:52
2026-09-22T08:04:34.7174284Z     When I generate 3 stacked packets with seed 42 to pcap file "/tmp/rt_start_op.pcap"                          # ../traffic-gen/tests/stack_behave/features/steps/stack_steps.py:72
2026-09-22T08:04:34.7285643Z     And I decode the pcap file "/tmp/rt_start_op.pcap" against the stack                                         # ../traffic-gen/tests/stack_behave/features/steps/stack_steps.py:199
2026-09-22T08:04:34.7398623Z     Then the decoded packet count is 3                                                                           # ../traffic-gen/tests/stack_behave/features/steps/stack_steps.py:246
2026-09-22T08:04:34.7400550Z     And the generated and decoded hex match                                                                      # ../traffic-gen/tests/stack_behave/features/steps/stack_steps.py:262
2026-09-22T08:04:34.7404611Z 
2026-09-22T08:04:34.7405741Z   Scenario Outline: Round-trip preserves frame size for all AEM PDUs -- @1.13                                    # ../traffic-gen/tests/stack_behave/features/dut_decode.feature:67
2026-09-22T08:04:34.7407845Z     Given the protocols root is loaded                                                                           # ../traffic-gen/tests/stack_behave/features/steps/stack_steps.py:46
2026-09-22T08:04:34.7410185Z     And the application interface "atdecc_aecp_acquire_entity::AECP_ACQUIRE_ENTITY::AECP_ACQUIRE_ENTITY_IF"      # ../traffic-gen/tests/stack_behave/features/steps/stack_steps.py:52
2026-09-22T08:04:34.7413138Z     Given the application interface "atdecc_aecp_abort_operation::AECP_ABORT_OPERATION::AECP_ABORT_OPERATION_IF" # ../traffic-gen/tests/stack_behave/features/steps/stack_steps.py:52
2026-09-22T08:04:34.7414665Z     When I generate 3 stacked packets with seed 42 to pcap file "/tmp/rt_abort_op.pcap"                          # ../traffic-gen/tests/stack_behave/features/steps/stack_steps.py:72
2026-09-22T08:04:34.7525401Z     And I decode the pcap file "/tmp/rt_abort_op.pcap" against the stack                                         # ../traffic-gen/tests/stack_behave/features/steps/stack_steps.py:199
2026-09-22T08:04:34.7638170Z     Then the decoded packet count is 3                                                                           # ../traffic-gen/tests/stack_behave/features/steps/stack_steps.py:246
2026-09-22T08:04:34.7640339Z     And the generated and decoded hex match                                                                      # ../traffic-gen/tests/stack_behave/features/steps/stack_steps.py:262
2026-09-22T08:04:34.7644233Z 
2026-09-22T08:04:34.7645393Z   Scenario Outline: Round-trip preserves frame size for all AEM PDUs -- @1.14                                       # ../traffic-gen/tests/stack_behave/features/dut_decode.feature:68
2026-09-22T08:04:34.7647736Z     Given the protocols root is loaded                                                                              # ../traffic-gen/tests/stack_behave/features/steps/stack_steps.py:46
2026-09-22T08:04:34.7650292Z     And the application interface "atdecc_aecp_acquire_entity::AECP_ACQUIRE_ENTITY::AECP_ACQUIRE_ENTITY_IF"         # ../traffic-gen/tests/stack_behave/features/steps/stack_steps.py:52
2026-09-22T08:04:34.7653287Z     Given the application interface "atdecc_aecp_operation_status::AECP_OPERATION_STATUS::AECP_OPERATION_STATUS_IF" # ../traffic-gen/tests/stack_behave/features/steps/stack_steps.py:52
2026-09-22T08:04:34.7654921Z     When I generate 3 stacked packets with seed 42 to pcap file "/tmp/rt_op_status.pcap"                            # ../traffic-gen/tests/stack_behave/features/steps/stack_steps.py:72
2026-09-22T08:04:34.7765386Z     And I decode the pcap file "/tmp/rt_op_status.pcap" against the stack                                           # ../traffic-gen/tests/stack_behave/features/steps/stack_steps.py:199
2026-09-22T08:04:34.7877596Z     Then the decoded packet count is 3                                                                              # ../traffic-gen/tests/stack_behave/features/steps/stack_steps.py:246
2026-09-22T08:04:34.7879094Z     And the generated and decoded hex match                                                                         # ../traffic-gen/tests/stack_behave/features/steps/stack_steps.py:262
2026-09-22T08:04:34.7882749Z 
2026-09-22T08:04:34.7883490Z   Scenario Outline: Round-trip preserves frame size for all AEM PDUs -- @1.15                               # ../traffic-gen/tests/stack_behave/features/dut_decode.feature:69
2026-09-22T08:04:34.7884852Z     Given the protocols root is loaded                                                                      # ../traffic-gen/tests/stack_behave/features/steps/stack_steps.py:46
2026-09-22T08:04:34.7886153Z     And the application interface "atdecc_aecp_acquire_entity::AECP_ACQUIRE_ENTITY::AECP_ACQUIRE_ENTITY_IF" # ../traffic-gen/tests/stack_behave/features/steps/stack_steps.py:52
2026-09-22T08:04:34.7887769Z     Given the application interface "atdecc_aecp_get_audio_map::AECP_GET_AUDIO_MAP::AECP_GET_AUDIO_MAP_IF"  # ../traffic-gen/tests/stack_behave/features/steps/stack_steps.py:52
2026-09-22T08:04:34.7889348Z     When I generate 3 stacked packets with seed 42 to pcap file "/tmp/rt_get_audio.pcap"                    # ../traffic-gen/tests/stack_behave/features/steps/stack_steps.py:72
2026-09-22T08:04:34.8002884Z     And I decode the pcap file "/tmp/rt_get_audio.pcap" against the stack                                   # ../traffic-gen/tests/stack_behave/features/steps/stack_steps.py:199
2026-09-22T08:04:34.8115702Z     Then the decoded packet count is 3                                                                      # ../traffic-gen/tests/stack_behave/features/steps/stack_steps.py:246
2026-09-22T08:04:34.8117320Z     And the generated and decoded hex match                                                                 # ../traffic-gen/tests/stack_behave/features/steps/stack_steps.py:262
2026-09-22T08:04:34.8120814Z 
2026-09-22T08:04:34.8121465Z   Scenario Outline: Round-trip preserves frame size for all AEM PDUs -- @1.16                                 # ../traffic-gen/tests/stack_behave/features/dut_decode.feature:70
2026-09-22T08:04:34.8122975Z     Given the protocols root is loaded                                                                        # ../traffic-gen/tests/stack_behave/features/steps/stack_steps.py:46
2026-09-22T08:04:34.8124304Z     And the application interface "atdecc_aecp_acquire_entity::AECP_ACQUIRE_ENTITY::AECP_ACQUIRE_ENTITY_IF"   # ../traffic-gen/tests/stack_behave/features/steps/stack_steps.py:52
2026-09-22T08:04:34.8126003Z     Given the application interface "atdecc_aecp_audio_mappings::AECP_AUDIO_MAPPINGS::AECP_AUDIO_MAPPINGS_IF" # ../traffic-gen/tests/stack_behave/features/steps/stack_steps.py:52
2026-09-22T08:04:34.8127575Z     When I generate 3 stacked packets with seed 42 to pcap file "/tmp/rt_audio_maps.pcap"                     # ../traffic-gen/tests/stack_behave/features/steps/stack_steps.py:72
2026-09-22T08:04:34.8241228Z     And I decode the pcap file "/tmp/rt_audio_maps.pcap" against the stack                                    # ../traffic-gen/tests/stack_behave/features/steps/stack_steps.py:199
2026-09-22T08:04:34.8353560Z     Then the decoded packet count is 3                                                                        # ../traffic-gen/tests/stack_behave/features/steps/stack_steps.py:246
2026-09-22T08:04:34.8355298Z     And the generated and decoded hex match                                                                   # ../traffic-gen/tests/stack_behave/features/steps/stack_steps.py:262
2026-09-22T08:04:34.8356973Z 
2026-09-22T08:04:34.8362165Z 4 features passed, 0 failed, 0 skipped
2026-09-22T08:04:34.8362647Z 115 scenarios passed, 0 failed, 0 skipped
2026-09-22T08:04:34.8363177Z 563 steps passed, 0 failed, 0 skipped
2026-09-22T08:04:34.8363483Z Took 0min 1.616s
2026-09-22T08:04:34.8655208Z Node 20 is being deprecated. This workflow is running with Node 24 by default. If you need to temporarily use Node 20, you can set the ACTIONS_ALLOW_USE_UNSECURE_NODE_VERSION=true environment variable. For more information see: https://github.blog/changelog/2025-09-19-deprecation-of-node-20-on-github-actions-runners/
2026-09-22T08:04:34.8657069Z Post job cleanup.
2026-09-22T08:04:34.9564133Z [command]/usr/bin/git version
2026-09-22T08:04:34.9609354Z git version 2.55.0
2026-09-22T08:04:34.9655408Z Temporarily overriding HOME='/home/runner/work/_temp/4585d5da-b9c4-42ca-9254-40cf15c6e490' before making global git config changes
2026-09-22T08:04:34.9656609Z Adding repository directory to the temporary git global config as a safe directory
2026-09-22T08:04:34.9673696Z [command]/usr/bin/git config --global --add safe.directory /home/runner/work/tsn-gen/tsn-gen
2026-09-22T08:04:34.9714977Z [command]/usr/bin/git config --local --name-only --get-regexp core\.sshCommand
2026-09-22T08:04:34.9747348Z [command]/usr/bin/git submodule foreach --recursive sh -c "git config --local --name-only --get-regexp 'core\.sshCommand' && git config --local --unset-all 'core.sshCommand' || :"
2026-09-22T08:04:34.9984668Z Entering 'external/FTXUI'
2026-09-22T08:04:35.0047612Z Entering 'external/PcapPlusPlus'
2026-09-22T08:04:35.0094021Z Entering 'external/googletest'
2026-09-22T08:04:35.0154106Z Entering 'external/mininet'
2026-09-22T08:04:35.0194153Z Entering 'external/protobuf-c'
2026-09-22T08:04:35.0237934Z Entering 'external/rapidyaml'
2026-09-22T08:04:35.0281656Z Entering 'external/rapidyaml/ext/c4core'
2026-09-22T08:04:35.0327061Z Entering 'external/rapidyaml/ext/c4core/cmake'
2026-09-22T08:04:35.0380920Z Entering 'external/rapidyaml/ext/c4core/src/c4/ext/debugbreak'
2026-09-22T08:04:35.0425357Z Entering 'external/rapidyaml/ext/c4core/src/c4/ext/fast_float'
2026-09-22T08:04:35.0475110Z Entering 'tests/act'
2026-09-22T08:04:35.0543068Z [command]/usr/bin/git config --local --name-only --get-regexp http\.https\:\/\/github\.com\/\.extraheader
2026-09-22T08:04:35.0576655Z http.https://github.com/.extraheader
2026-09-22T08:04:35.0588224Z [command]/usr/bin/git config --local --unset-all http.https://github.com/.extraheader
2026-09-22T08:04:35.0627920Z [command]/usr/bin/git submodule foreach --recursive sh -c "git config --local --name-only --get-regexp 'http\.https\:\/\/github\.com\/\.extraheader' && git config --local --unset-all 'http.https://github.com/.extraheader' || :"
2026-09-22T08:04:35.0863368Z Entering 'external/FTXUI'
2026-09-22T08:04:35.0906003Z Entering 'external/PcapPlusPlus'
2026-09-22T08:04:35.0953571Z Entering 'external/googletest'
2026-09-22T08:04:35.0997245Z Entering 'external/mininet'
2026-09-22T08:04:35.1040649Z Entering 'external/protobuf-c'
2026-09-22T08:04:35.1084772Z Entering 'external/rapidyaml'
2026-09-22T08:04:35.1126564Z Entering 'external/rapidyaml/ext/c4core'
2026-09-22T08:04:35.1168264Z Entering 'external/rapidyaml/ext/c4core/cmake'
2026-09-22T08:04:35.1212161Z Entering 'external/rapidyaml/ext/c4core/src/c4/ext/debugbreak'
2026-09-22T08:04:35.1255227Z Entering 'external/rapidyaml/ext/c4core/src/c4/ext/fast_float'
2026-09-22T08:04:35.1302837Z Entering 'tests/act'
2026-09-22T08:04:35.1365398Z [command]/usr/bin/git config --local --name-only --get-regexp ^includeIf\.gitdir:
2026-09-22T08:04:35.1403967Z [command]/usr/bin/git submodule foreach --recursive git config --local --show-origin --name-only --get-regexp remote.origin.url
2026-09-22T08:04:35.1615810Z Entering 'external/FTXUI'
2026-09-22T08:04:35.1637705Z file:/home/runner/work/tsn-gen/tsn-gen/.git/modules/external/FTXUI/config	remote.origin.url
2026-09-22T08:04:35.1656384Z Entering 'external/PcapPlusPlus'
2026-09-22T08:04:35.1676126Z file:/home/runner/work/tsn-gen/tsn-gen/.git/modules/external/PcapPlusPlus/config	remote.origin.url
2026-09-22T08:04:35.1696763Z Entering 'external/googletest'
2026-09-22T08:04:35.1716972Z file:/home/runner/work/tsn-gen/tsn-gen/.git/modules/external/googletest/config	remote.origin.url
2026-09-22T08:04:35.1736580Z Entering 'external/mininet'
2026-09-22T08:04:35.1755044Z file:/home/runner/work/tsn-gen/tsn-gen/.git/modules/external/mininet/config	remote.origin.url
2026-09-22T08:04:35.1773206Z Entering 'external/protobuf-c'
2026-09-22T08:04:35.1791576Z file:/home/runner/work/tsn-gen/tsn-gen/.git/modules/external/protobuf-c/config	remote.origin.url
2026-09-22T08:04:35.1810000Z Entering 'external/rapidyaml'
2026-09-22T08:04:35.1828729Z file:/home/runner/work/tsn-gen/tsn-gen/.git/modules/external/rapidyaml/config	remote.origin.url
2026-09-22T08:04:35.1845583Z Entering 'external/rapidyaml/ext/c4core'
2026-09-22T08:04:35.1865068Z file:/home/runner/work/tsn-gen/tsn-gen/.git/modules/external/rapidyaml/modules/extern/c4core/config	remote.origin.url
2026-09-22T08:04:35.1881901Z Entering 'external/rapidyaml/ext/c4core/cmake'
2026-09-22T08:04:35.1901185Z file:/home/runner/work/tsn-gen/tsn-gen/.git/modules/external/rapidyaml/modules/extern/c4core/modules/cmake/config	remote.origin.url
2026-09-22T08:04:35.1919723Z Entering 'external/rapidyaml/ext/c4core/src/c4/ext/debugbreak'
2026-09-22T08:04:35.1939296Z file:/home/runner/work/tsn-gen/tsn-gen/.git/modules/external/rapidyaml/modules/extern/c4core/modules/extern/debugbreak/config	remote.origin.url
2026-09-22T08:04:35.1957895Z Entering 'external/rapidyaml/ext/c4core/src/c4/ext/fast_float'
2026-09-22T08:04:35.1977600Z file:/home/runner/work/tsn-gen/tsn-gen/.git/modules/external/rapidyaml/modules/extern/c4core/modules/src/c4/ext/fast_float/config	remote.origin.url
2026-09-22T08:04:35.2000034Z Entering 'tests/act'
2026-09-22T08:04:35.2018433Z file:/home/runner/work/tsn-gen/tsn-gen/.git/modules/tests/act/config	remote.origin.url
2026-09-22T08:04:35.2056153Z [command]/usr/bin/git config --file /home/runner/work/tsn-gen/tsn-gen/.git/modules/external/FTXUI/config --name-only --get-regexp ^includeIf\.gitdir:
2026-09-22T08:04:35.2091595Z [command]/usr/bin/git config --file /home/runner/work/tsn-gen/tsn-gen/.git/modules/external/PcapPlusPlus/config --name-only --get-regexp ^includeIf\.gitdir:
2026-09-22T08:04:35.2125166Z [command]/usr/bin/git config --file /home/runner/work/tsn-gen/tsn-gen/.git/modules/external/googletest/config --name-only --get-regexp ^includeIf\.gitdir:
2026-09-22T08:04:35.2157461Z [command]/usr/bin/git config --file /home/runner/work/tsn-gen/tsn-gen/.git/modules/external/mininet/config --name-only --get-regexp ^includeIf\.gitdir:
2026-09-22T08:04:35.2191703Z [command]/usr/bin/git config --file /home/runner/work/tsn-gen/tsn-gen/.git/modules/external/protobuf-c/config --name-only --get-regexp ^includeIf\.gitdir:
2026-09-22T08:04:35.2224110Z [command]/usr/bin/git config --file /home/runner/work/tsn-gen/tsn-gen/.git/modules/external/rapidyaml/config --name-only --get-regexp ^includeIf\.gitdir:
2026-09-22T08:04:35.2256716Z [command]/usr/bin/git config --file /home/runner/work/tsn-gen/tsn-gen/.git/modules/external/rapidyaml/modules/extern/c4core/config --name-only --get-regexp ^includeIf\.gitdir:
2026-09-22T08:04:35.2293043Z [command]/usr/bin/git config --file /home/runner/work/tsn-gen/tsn-gen/.git/modules/external/rapidyaml/modules/extern/c4core/modules/cmake/config --name-only --get-regexp ^includeIf\.gitdir:
2026-09-22T08:04:35.2324518Z [command]/usr/bin/git config --file /home/runner/work/tsn-gen/tsn-gen/.git/modules/external/rapidyaml/modules/extern/c4core/modules/extern/debugbreak/config --name-only --get-regexp ^includeIf\.gitdir:
2026-09-22T08:04:35.2356109Z [command]/usr/bin/git config --file /home/runner/work/tsn-gen/tsn-gen/.git/modules/external/rapidyaml/modules/extern/c4core/modules/src/c4/ext/fast_float/config --name-only --get-regexp ^includeIf\.gitdir:
2026-09-22T08:04:35.2387827Z [command]/usr/bin/git config --file /home/runner/work/tsn-gen/tsn-gen/.git/modules/tests/act/config --name-only --get-regexp ^includeIf\.gitdir:
2026-09-22T08:04:35.2574425Z Cleaning up orphan processes
2026-09-22T08:04:35.2971184Z ##[warning]Node.js 20 is deprecated. The following actions target Node.js 20 but are being forced to run on Node.js 24: actions/checkout@v4. For more information see: https://github.blog/changelog/2025-09-19-deprecation-of-node-20-on-github-actions-runners/
