2026-09-22T08:03:25.8171186Z Current runner version: '2.337.0'
2026-09-22T08:03:25.8196680Z ##[group]Runner Image Provisioner
2026-09-22T08:03:25.8197637Z Hosted Compute Agent
2026-09-22T08:03:25.8198233Z Version: 20260828.587
2026-09-22T08:03:25.8198910Z Commit: abac92662cab4cc7352de4f9f9d2e2419aad9c29
2026-09-22T08:03:25.8199699Z Build Date: 2026-08-28T16:44:25Z
2026-09-22T08:03:25.8200381Z Worker ID: {ee9ffc5d-519f-401f-9a95-310cff56207d}
2026-09-22T08:03:25.8201168Z Azure Region: westcentralus
2026-09-22T08:03:25.8201843Z ##[endgroup]
2026-09-22T08:03:25.8203401Z ##[group]Operating System
2026-09-22T08:03:25.8204055Z Ubuntu
2026-09-22T08:03:25.8204586Z 24.04.5
2026-09-22T08:03:25.8205111Z LTS
2026-09-22T08:03:25.8205663Z ##[endgroup]
2026-09-22T08:03:25.8206211Z ##[group]Runner Image
2026-09-22T08:03:25.8206820Z Image: ubuntu-24.04
2026-09-22T08:03:25.8207431Z Version: 20260907.300.1
2026-09-22T08:03:25.8208677Z Included Software: https://github.com/actions/runner-images/blob/ubuntu24/20260907.300/images/ubuntu/Ubuntu2404-Readme.md
2026-09-22T08:03:25.8210176Z Image Release: https://github.com/actions/runner-images/releases/tag/ubuntu24%2F20260907.300
2026-09-22T08:03:25.8211119Z ##[endgroup]
2026-09-22T08:03:25.8212353Z ##[group]GITHUB_TOKEN Permissions
2026-09-22T08:03:25.8214852Z Contents: read
2026-09-22T08:03:25.8215498Z Metadata: read
2026-09-22T08:03:25.8216052Z Packages: read
2026-09-22T08:03:25.8216641Z ##[endgroup]
2026-09-22T08:03:25.8218756Z Secret source: Actions
2026-09-22T08:03:25.8219705Z Cache mode: write
2026-09-22T08:03:25.8220372Z Prepare workflow directory
2026-09-22T08:03:25.8533903Z Prepare all required actions
2026-09-22T08:03:25.8587494Z Getting action download info
2026-09-22T08:03:26.1882797Z Download action repository 'actions/checkout@v4' (SHA:11d5960a326750d5838078e36cf38b85af677262)
2026-09-22T08:03:26.4049693Z Complete job name: behave-testing
2026-09-22T08:03:26.4750103Z Node 20 is being deprecated. This workflow is running with Node 24 by default. If you need to temporarily use Node 20, you can set the ACTIONS_ALLOW_USE_UNSECURE_NODE_VERSION=true environment variable. For more information see: https://github.blog/changelog/2025-09-19-deprecation-of-node-20-on-github-actions-runners/
2026-09-22T08:03:26.4759427Z ##[group]Run actions/checkout@v4
2026-09-22T08:03:26.4760268Z with:
2026-09-22T08:03:26.4760813Z   repository: kebag-logic/tsn-gen
2026-09-22T08:03:26.4764872Z   token: ***
2026-09-22T08:03:26.4765416Z   ssh-strict: true
2026-09-22T08:03:26.4765941Z   ssh-user: git
2026-09-22T08:03:26.4766492Z   persist-credentials: true
2026-09-22T08:03:26.4767091Z   clean: true
2026-09-22T08:03:26.4767605Z   sparse-checkout-cone-mode: true
2026-09-22T08:03:26.4768240Z   fetch-depth: 1
2026-09-22T08:03:26.4768749Z   fetch-tags: false
2026-09-22T08:03:26.4769285Z   show-progress: true
2026-09-22T08:03:26.4769825Z   lfs: false
2026-09-22T08:03:26.4770481Z   submodules: false
2026-09-22T08:03:26.4771008Z   set-safe-directory: true
2026-09-22T08:03:26.4771597Z   allow-unsafe-pr-checkout: false
2026-09-22T08:03:26.4772678Z ##[endgroup]
2026-09-22T08:03:26.5805138Z Syncing repository: kebag-logic/tsn-gen
2026-09-22T08:03:26.5808028Z ##[group]Getting Git version info
2026-09-22T08:03:26.5809241Z Working directory is '/home/runner/work/tsn-gen/tsn-gen'
2026-09-22T08:03:26.5810899Z [command]/usr/bin/git version
2026-09-22T08:03:26.5848382Z git version 2.55.0
2026-09-22T08:03:26.5866741Z ##[endgroup]
2026-09-22T08:03:26.5879831Z Temporarily overriding HOME='/home/runner/work/_temp/ee13a369-c385-45fc-b6f3-94ac0b25a86c' before making global git config changes
2026-09-22T08:03:26.5882059Z Adding repository directory to the temporary git global config as a safe directory
2026-09-22T08:03:26.5884659Z [command]/usr/bin/git config --global --add safe.directory /home/runner/work/tsn-gen/tsn-gen
2026-09-22T08:03:26.5939526Z Deleting the contents of '/home/runner/work/tsn-gen/tsn-gen'
2026-09-22T08:03:26.5945330Z ##[group]Initializing the repository
2026-09-22T08:03:26.5948899Z [command]/usr/bin/git init /home/runner/work/tsn-gen/tsn-gen
2026-09-22T08:03:26.6056731Z hint: Using 'master' as the name for the initial branch. This default branch name
2026-09-22T08:03:26.6058939Z hint: will change to "main" in Git 3.0. To configure the initial branch name
2026-09-22T08:03:26.6061114Z hint: to use in all of your new repositories, which will suppress this warning,
2026-09-22T08:03:26.6062703Z hint: call:
2026-09-22T08:03:26.6063599Z hint:
2026-09-22T08:03:26.6064790Z hint: 	git config --global init.defaultBranch <name>
2026-09-22T08:03:26.6066054Z hint:
2026-09-22T08:03:26.6067262Z hint: Names commonly chosen instead of 'master' are 'main', 'trunk' and
2026-09-22T08:03:26.6069083Z hint: 'development'. The just-created branch can be renamed via this command:
2026-09-22T08:03:26.6070359Z hint:
2026-09-22T08:03:26.6071424Z hint: 	git branch -m <name>
2026-09-22T08:03:26.6072551Z hint:
2026-09-22T08:03:26.6073891Z hint: Disable this message with "git config set advice.defaultBranchName false"
2026-09-22T08:03:26.6075611Z Initialized empty Git repository in /home/runner/work/tsn-gen/tsn-gen/.git/
2026-09-22T08:03:26.6078713Z [command]/usr/bin/git remote add origin https://github.com/kebag-logic/tsn-gen
2026-09-22T08:03:26.6135113Z ##[endgroup]
2026-09-22T08:03:26.6136387Z ##[group]Disabling automatic garbage collection
2026-09-22T08:03:26.6137798Z [command]/usr/bin/git config --local gc.auto 0
2026-09-22T08:03:26.6167437Z ##[endgroup]
2026-09-22T08:03:26.6168759Z ##[group]Setting up auth
2026-09-22T08:03:26.6174011Z [command]/usr/bin/git config --local --name-only --get-regexp core\.sshCommand
2026-09-22T08:03:26.6204296Z [command]/usr/bin/git submodule foreach --recursive sh -c "git config --local --name-only --get-regexp 'core\.sshCommand' && git config --local --unset-all 'core.sshCommand' || :"
2026-09-22T08:03:26.6573123Z [command]/usr/bin/git config --local --name-only --get-regexp http\.https\:\/\/github\.com\/\.extraheader
2026-09-22T08:03:26.6609002Z [command]/usr/bin/git submodule foreach --recursive sh -c "git config --local --name-only --get-regexp 'http\.https\:\/\/github\.com\/\.extraheader' && git config --local --unset-all 'http.https://github.com/.extraheader' || :"
2026-09-22T08:03:26.6811014Z [command]/usr/bin/git config --local --name-only --get-regexp ^includeIf\.gitdir:
2026-09-22T08:03:26.6843534Z [command]/usr/bin/git submodule foreach --recursive git config --local --show-origin --name-only --get-regexp remote.origin.url
2026-09-22T08:03:26.7033569Z [command]/usr/bin/git config --local http.https://github.com/.extraheader AUTHORIZATION: basic ***
2026-09-22T08:03:26.7069605Z ##[endgroup]
2026-09-22T08:03:26.7070734Z ##[group]Fetching the repository
2026-09-22T08:03:26.7079763Z [command]/usr/bin/git -c protocol.version=2 fetch --no-tags --prune --no-recurse-submodules --depth=1 origin +60be6b6f19624b5c21a0982f5675ee624c222f8c:refs/remotes/pull/18/merge
2026-09-22T08:03:27.3682356Z From https://github.com/kebag-logic/tsn-gen
2026-09-22T08:03:27.3683884Z  * [new ref]         60be6b6f19624b5c21a0982f5675ee624c222f8c -> pull/18/merge
2026-09-22T08:03:27.3687002Z ##[endgroup]
2026-09-22T08:03:27.3687993Z ##[group]Determining the checkout info
2026-09-22T08:03:27.3689541Z ##[endgroup]
2026-09-22T08:03:27.3695759Z [command]/usr/bin/git sparse-checkout disable
2026-09-22T08:03:27.3750957Z [command]/usr/bin/git config --local --unset-all extensions.worktreeConfig
2026-09-22T08:03:27.3783986Z ##[group]Checking out the ref
2026-09-22T08:03:27.3787020Z [command]/usr/bin/git checkout --progress --force refs/remotes/pull/18/merge
2026-09-22T08:03:27.3963512Z Note: switching to 'refs/remotes/pull/18/merge'.
2026-09-22T08:03:27.3964757Z 
2026-09-22T08:03:27.3965243Z You are in 'detached HEAD' state. You can look around, make experimental
2026-09-22T08:03:27.3966683Z changes and commit them, and you can discard any commits you make in this
2026-09-22T08:03:27.3967959Z state without impacting any branches by switching back to a branch.
2026-09-22T08:03:27.3968670Z 
2026-09-22T08:03:27.3969507Z If you want to create a new branch to retain commits you create, you may
2026-09-22T08:03:27.3971337Z do so (now or later) by using -c with the switch command. Example:
2026-09-22T08:03:27.3972122Z 
2026-09-22T08:03:27.3972770Z   git switch -c <new-branch-name>
2026-09-22T08:03:27.3973437Z 
2026-09-22T08:03:27.3973768Z Or undo this operation with:
2026-09-22T08:03:27.3974316Z 
2026-09-22T08:03:27.3974684Z   git switch -
2026-09-22T08:03:27.3975239Z 
2026-09-22T08:03:27.3975789Z Turn off this advice by setting config variable advice.detachedHead to false
2026-09-22T08:03:27.3977035Z 
2026-09-22T08:03:27.3978457Z HEAD is now at 60be6b6 Merge 76906b83eb54ac29040fe72fd910d34727188694 into deca300c9eb4863fa13383b45ba6cb6fd0828671
2026-09-22T08:03:27.3982637Z ##[endgroup]
2026-09-22T08:03:27.4026462Z [command]/usr/bin/git log -1 --format=%H
2026-09-22T08:03:27.4056562Z 60be6b6f19624b5c21a0982f5675ee624c222f8c
2026-09-22T08:03:27.4312643Z ##[group]Run git submodule update --init --recursive
2026-09-22T08:03:27.4314263Z [36;1mgit submodule update --init --recursive[0m
2026-09-22T08:03:27.4344376Z shell: /usr/bin/bash -e {0}
2026-09-22T08:03:27.4345249Z ##[endgroup]
2026-09-22T08:03:27.4615899Z Submodule 'external/FTXUI' (https://github.com/ArthurSonzogni/FTXUI.git) registered for path 'external/FTXUI'
2026-09-22T08:03:27.4622708Z Submodule 'external/PcapPlusPlus' (https://github.com/seladb/PcapPlusPlus.git) registered for path 'external/PcapPlusPlus'
2026-09-22T08:03:27.4655893Z Submodule 'external/googletest' (https://github.com/google/googletest.git) registered for path 'external/googletest'
2026-09-22T08:03:27.4660677Z Submodule 'external/mininet' (https://github.com/mininet/mininet.git) registered for path 'external/mininet'
2026-09-22T08:03:27.4665535Z Submodule 'external/protobuf-c' (https://github.com/protobuf-c/protobuf-c.git) registered for path 'external/protobuf-c'
2026-09-22T08:03:27.4670204Z Submodule 'external/rapidyaml' (https://github.com/biojppm/rapidyaml.git) registered for path 'external/rapidyaml'
2026-09-22T08:03:27.4673428Z Submodule 'tests/act' (https://github.com/nektos/act.git) registered for path 'tests/act'
2026-09-22T08:03:27.4694767Z Cloning into '/home/runner/work/tsn-gen/tsn-gen/external/FTXUI'...
2026-09-22T08:03:33.2461175Z Cloning into '/home/runner/work/tsn-gen/tsn-gen/external/PcapPlusPlus'...
2026-09-22T08:03:37.4989995Z Cloning into '/home/runner/work/tsn-gen/tsn-gen/external/googletest'...
2026-09-22T08:03:40.3161898Z Cloning into '/home/runner/work/tsn-gen/tsn-gen/external/mininet'...
2026-09-22T08:03:42.4039582Z Cloning into '/home/runner/work/tsn-gen/tsn-gen/external/protobuf-c'...
2026-09-22T08:03:43.5924980Z Cloning into '/home/runner/work/tsn-gen/tsn-gen/external/rapidyaml'...
2026-09-22T08:03:46.0696693Z Cloning into '/home/runner/work/tsn-gen/tsn-gen/tests/act'...
2026-09-22T08:03:48.1272015Z Submodule path 'external/FTXUI': checked out 'd75108e96058b6e00da6306a7d99c9555f645434'
2026-09-22T08:03:48.6820556Z Submodule path 'external/PcapPlusPlus': checked out 'bc5c08d3df37e9d725656c345d3991ab0c982717'
2026-09-22T08:03:48.7286391Z Submodule path 'external/googletest': checked out '0bdccf4aa2f5c67af967193caf31d42d5c49bde2'
2026-09-22T08:03:48.7463779Z Submodule path 'external/mininet': checked out '88f14e946a05cd0895e1a127bf89da9b3fb1d98b'
2026-09-22T08:03:48.8326069Z Submodule path 'external/protobuf-c': checked out '8c201f6e47a53feaab773922a743091eb6c8972a'
2026-09-22T08:03:49.0232688Z Submodule path 'external/rapidyaml': checked out 'e65999dc4d65368e1b3eb770e28d775885b0f525'
2026-09-22T08:03:49.0727261Z Submodule 'extern/c4core' (https://github.com/biojppm/c4core) registered for path 'external/rapidyaml/ext/c4core'
2026-09-22T08:03:49.0755044Z Cloning into '/home/runner/work/tsn-gen/tsn-gen/external/rapidyaml/ext/c4core'...
2026-09-22T08:03:50.6565472Z Submodule path 'external/rapidyaml/ext/c4core': checked out '6c876ec05a4387c25068cdbd58724828dad1d217'
2026-09-22T08:03:50.6583347Z Submodule 'cmake' (https://github.com/biojppm/cmake) registered for path 'external/rapidyaml/ext/c4core/cmake'
2026-09-22T08:03:50.6585929Z Submodule 'extern/debugbreak' (https://github.com/biojppm/debugbreak) registered for path 'external/rapidyaml/ext/c4core/src/c4/ext/debugbreak'
2026-09-22T08:03:50.6590917Z Submodule 'src/c4/ext/fast_float' (https://github.com/fastfloat/fast_float) registered for path 'external/rapidyaml/ext/c4core/src/c4/ext/fast_float'
2026-09-22T08:03:50.6617272Z Cloning into '/home/runner/work/tsn-gen/tsn-gen/external/rapidyaml/ext/c4core/cmake'...
2026-09-22T08:03:52.0381374Z Cloning into '/home/runner/work/tsn-gen/tsn-gen/external/rapidyaml/ext/c4core/src/c4/ext/debugbreak'...
2026-09-22T08:03:52.4813566Z Cloning into '/home/runner/work/tsn-gen/tsn-gen/external/rapidyaml/ext/c4core/src/c4/ext/fast_float'...
2026-09-22T08:03:53.6307702Z Submodule path 'external/rapidyaml/ext/c4core/cmake': checked out 'b8e95acb1bdd564e47ac57d903a483604d90cbfa'
2026-09-22T08:03:53.6388301Z Submodule path 'external/rapidyaml/ext/c4core/src/c4/ext/debugbreak': checked out '328e4abca3384cbd0a69e70f263cc7b2794bff09'
2026-09-22T08:03:53.6584234Z Submodule path 'external/rapidyaml/ext/c4core/src/c4/ext/fast_float': checked out 'd28a3320c2de0963b6e469b8ca3bbc36496de684'
2026-09-22T08:03:53.8672783Z Submodule path 'tests/act': checked out 'eb46e8aa5a23f99c76be4a53413a856d6b236145'
2026-09-22T08:03:53.8755543Z ##[group]Run ./setup.sh d
2026-09-22T08:03:53.8755978Z [36;1m./setup.sh d[0m
2026-09-22T08:03:53.8783127Z shell: /usr/bin/bash -e {0}
2026-09-22T08:03:53.8783531Z ##[endgroup]
2026-09-22T08:03:53.8880554Z rm: cannot remove './build': No such file or directory
2026-09-22T08:03:55.8489355Z -- The CXX compiler identification is GNU 13.3.0
2026-09-22T08:03:55.9686014Z -- Detecting CXX compiler ABI info
2026-09-22T08:03:56.2337304Z -- Detecting CXX compiler ABI info - done
2026-09-22T08:03:56.2495807Z -- Check for working CXX compiler: /usr/bin/c++ - skipped
2026-09-22T08:03:56.2542747Z -- Detecting CXX compile features
2026-09-22T08:03:56.2552015Z -- Detecting CXX compile features - done
2026-09-22T08:03:56.3015610Z -- ryml: using C++ standard: C++17
2026-09-22T08:03:56.3037499Z -- ryml: importing subproject c4core (SUBDIRECTORY)... /home/runner/work/tsn-gen/tsn-gen/external/rapidyaml/ext/c4core
2026-09-22T08:03:56.3086791Z -- c4core: using C++ standard: C++17
2026-09-22T08:03:56.3291767Z CMake Warning (dev) at external/rapidyaml/ext/c4core/cmake/c4Project.cmake:2694 (install):
2026-09-22T08:03:56.3293074Z   Policy CMP0177 is not set: install() DESTINATION paths are normalized.  Run
2026-09-22T08:03:56.3293976Z   "cmake --help-policy CMP0177" for policy details.  Use the cmake_policy
2026-09-22T08:03:56.3294627Z   command to set the policy and suppress this warning.
2026-09-22T08:03:56.3295045Z Call Stack (most recent call first):
2026-09-22T08:03:56.3295550Z   external/rapidyaml/ext/c4core/cmake/c4Project.cmake:2777 (__c4_install_exports)
2026-09-22T08:03:56.3296179Z   external/rapidyaml/ext/c4core/CMakeLists.txt:112 (c4_install_exports)
2026-09-22T08:03:56.3296834Z This warning is for project developers.  Use -Wno-dev to suppress it.
2026-09-22T08:03:56.3297142Z 
2026-09-22T08:03:56.3415257Z CMake Warning (dev) at external/rapidyaml/ext/c4core/cmake/c4Project.cmake:2746 (install):
2026-09-22T08:03:56.3416064Z   Policy CMP0177 is not set: install() DESTINATION paths are normalized.  Run
2026-09-22T08:03:56.3416810Z   "cmake --help-policy CMP0177" for policy details.  Use the cmake_policy
2026-09-22T08:03:56.3417322Z   command to set the policy and suppress this warning.
2026-09-22T08:03:56.3417727Z Call Stack (most recent call first):
2026-09-22T08:03:56.3418259Z   external/rapidyaml/ext/c4core/cmake/c4Project.cmake:2777 (__c4_install_exports)
2026-09-22T08:03:56.3418974Z   external/rapidyaml/ext/c4core/CMakeLists.txt:112 (c4_install_exports)
2026-09-22T08:03:56.3419574Z This warning is for project developers.  Use -Wno-dev to suppress it.
2026-09-22T08:03:56.3419874Z 
2026-09-22T08:03:56.3513365Z -- ryml: -----> target ryml PUBLIC incorporating lib c4core
2026-09-22T08:03:56.3616452Z CMake Warning (dev) at external/rapidyaml/ext/c4core/cmake/c4Project.cmake:2694 (install):
2026-09-22T08:03:56.3617443Z   Policy CMP0177 is not set: install() DESTINATION paths are normalized.  Run
2026-09-22T08:03:56.3618046Z   "cmake --help-policy CMP0177" for policy details.  Use the cmake_policy
2026-09-22T08:03:56.3618595Z   command to set the policy and suppress this warning.
2026-09-22T08:03:56.3619038Z Call Stack (most recent call first):
2026-09-22T08:03:56.3619550Z   external/rapidyaml/ext/c4core/cmake/c4Project.cmake:2777 (__c4_install_exports)
2026-09-22T08:03:56.3620128Z   external/rapidyaml/CMakeLists.txt:118 (c4_install_exports)
2026-09-22T08:03:56.3620624Z This warning is for project developers.  Use -Wno-dev to suppress it.
2026-09-22T08:03:56.3620946Z 
2026-09-22T08:03:56.3627232Z CMake Warning (dev) at external/rapidyaml/ext/c4core/cmake/c4Project.cmake:2746 (install):
2026-09-22T08:03:56.3628136Z   Policy CMP0177 is not set: install() DESTINATION paths are normalized.  Run
2026-09-22T08:03:56.3629055Z   "cmake --help-policy CMP0177" for policy details.  Use the cmake_policy
2026-09-22T08:03:56.3629734Z   command to set the policy and suppress this warning.
2026-09-22T08:03:56.3630144Z Call Stack (most recent call first):
2026-09-22T08:03:56.3630799Z   external/rapidyaml/ext/c4core/cmake/c4Project.cmake:2777 (__c4_install_exports)
2026-09-22T08:03:56.3631350Z   external/rapidyaml/CMakeLists.txt:118 (c4_install_exports)
2026-09-22T08:03:56.3631830Z This warning is for project developers.  Use -Wno-dev to suppress it.
2026-09-22T08:03:56.3632211Z 
2026-09-22T08:03:56.6594978Z -- The C compiler identification is GNU 13.3.0
2026-09-22T08:03:56.6888020Z -- Detecting C compiler ABI info
2026-09-22T08:03:56.7860099Z -- Detecting C compiler ABI info - done
2026-09-22T08:03:56.8016619Z -- Check for working C compiler: /usr/bin/cc - skipped
2026-09-22T08:03:56.8019514Z -- Detecting C compile features
2026-09-22T08:03:56.8024734Z -- Detecting C compile features - done
2026-09-22T08:03:56.8351211Z -- Performing Test CMAKE_HAVE_LIBC_PTHREAD
2026-09-22T08:03:57.1159412Z -- Performing Test CMAKE_HAVE_LIBC_PTHREAD - Success
2026-09-22T08:03:57.1305448Z -- Found Threads: TRUE
2026-09-22T08:03:57.1320410Z -- Generating Multi-library -fsanitize=undefined
2026-09-22T08:03:57.1436985Z -- tshark not found — skipping stack_codec_tshark validation
2026-09-22T08:03:57.1443058Z -- Generating Multi-library -fsanitize=undefined
2026-09-22T08:03:57.1490766Z -- Generating Multi-library -fsanitize=undefined
2026-09-22T08:03:57.1557364Z -- Configuring done (2.8s)
2026-09-22T08:03:57.2475735Z -- Generating done (0.1s)
2026-09-22T08:03:57.2479336Z -- Build files have been written to: /home/runner/work/tsn-gen/tsn-gen/build
2026-09-22T08:03:57.2871967Z [  1%] Building CXX object external/rapidyaml/subprojects/c4core/build/CMakeFiles/c4core.dir/src/c4/base64.cpp.o
2026-09-22T08:03:57.2903973Z [  1%] Building CXX object external/googletest/googletest/CMakeFiles/gtest.dir/src/gtest-all.cc.o
2026-09-22T08:03:57.2923872Z [  2%] Building CXX object tests/sanitizer/CMakeFiles/sanitizer_probe.dir/sanitizer_probe_lib.cpp.o
2026-09-22T08:03:57.2946899Z [  2%] Building CXX object external/rapidyaml/CMakeFiles/ryml.dir/src/c4/yml/common.cpp.o
2026-09-22T08:03:57.3742956Z [  2%] Linking CXX shared library libsanitizer_probe.so
2026-09-22T08:03:57.4035865Z [  2%] Built target sanitizer_probe
2026-09-22T08:03:57.4058463Z [  3%] Building CXX object external/rapidyaml/CMakeFiles/ryml.dir/src/c4/yml/node.cpp.o
2026-09-22T08:03:58.3087698Z [  4%] Building CXX object external/rapidyaml/subprojects/c4core/build/CMakeFiles/c4core.dir/src/c4/char_traits.cpp.o
2026-09-22T08:03:58.3772087Z [  4%] Building CXX object external/rapidyaml/CMakeFiles/ryml.dir/src/c4/yml/node_type.cpp.o
2026-09-22T08:03:58.4564277Z [  5%] Building CXX object external/rapidyaml/CMakeFiles/ryml.dir/src/c4/yml/parse.cpp.o
2026-09-22T08:03:58.5113560Z [  6%] Building CXX object external/rapidyaml/subprojects/c4core/build/CMakeFiles/c4core.dir/src/c4/error.cpp.o
2026-09-22T08:03:58.5980506Z [  6%] Building CXX object external/rapidyaml/subprojects/c4core/build/CMakeFiles/c4core.dir/src/c4/format.cpp.o
2026-09-22T08:03:59.2978684Z [  7%] Building CXX object external/rapidyaml/subprojects/c4core/build/CMakeFiles/c4core.dir/src/c4/language.cpp.o
2026-09-22T08:03:59.3044678Z [  7%] Building CXX object external/rapidyaml/subprojects/c4core/build/CMakeFiles/c4core.dir/src/c4/memory_resource.cpp.o
2026-09-22T08:03:59.3288985Z [  7%] Building CXX object tests/sanitizer/CMakeFiles/sanitizer_probe_ubsan.dir/sanitizer_probe_lib.cpp.o
2026-09-22T08:03:59.3942582Z [  8%] Linking CXX shared library libsanitizer_probe_ubsan.so
2026-09-22T08:03:59.4314473Z [  8%] Built target sanitizer_probe_ubsan
2026-09-22T08:03:59.4425185Z [  8%] Building CXX object tests/sanitizer/CMakeFiles/sanitizer_probe_asan.dir/sanitizer_probe_lib.cpp.o
2026-09-22T08:03:59.4830226Z [  9%] Building CXX object external/rapidyaml/subprojects/c4core/build/CMakeFiles/c4core.dir/src/c4/memory_util.cpp.o
2026-09-22T08:03:59.5142945Z [ 10%] Linking CXX shared library libsanitizer_probe_asan.so
2026-09-22T08:03:59.5294371Z [ 10%] Building CXX object external/rapidyaml/subprojects/c4core/build/CMakeFiles/c4core.dir/src/c4/utf.cpp.o
2026-09-22T08:03:59.5524986Z [ 10%] Built target sanitizer_probe_asan
2026-09-22T08:03:59.5584459Z [ 10%] Building CXX object tests/sanitizer/CMakeFiles/sanitizer_probe-test_UBSAN.dir/sanitizer_probe_test.cpp.o
2026-09-22T08:03:59.7904286Z [ 11%] Linking CXX executable sanitizer_probe-test_UBSAN
2026-09-22T08:03:59.9210578Z [ 11%] Built target sanitizer_probe-test_UBSAN
2026-09-22T08:03:59.9244391Z [ 11%] Building CXX object external/rapidyaml/CMakeFiles/ryml.dir/src/c4/yml/preprocess.cpp.o
2026-09-22T08:04:00.1464411Z [ 12%] Building CXX object external/rapidyaml/subprojects/c4core/build/CMakeFiles/c4core.dir/src/c4/version.cpp.o
2026-09-22T08:04:00.1693927Z [ 12%] Linking CXX shared library libc4core.so
2026-09-22T08:04:00.2483864Z [ 12%] Built target c4core
2026-09-22T08:04:00.2574145Z [ 13%] Building CXX object tests/sanitizer/CMakeFiles/sanitizer_probe-test_ASAN.dir/sanitizer_probe_test.cpp.o
2026-09-22T08:04:00.4794092Z [ 14%] Linking CXX executable sanitizer_probe-test_ASAN
2026-09-22T08:04:00.5964371Z [ 15%] Building CXX object tests/sanitizer/CMakeFiles/sanitizer_probe-test.dir/sanitizer_probe_test.cpp.o
2026-09-22T08:04:00.6393686Z [ 15%] Built target sanitizer_probe-test_ASAN
2026-09-22T08:04:00.6424214Z [ 16%] Building CXX object external/rapidyaml/CMakeFiles/ryml.dir/src/c4/yml/reference_resolver.cpp.o
2026-09-22T08:04:00.8034125Z [ 16%] Linking CXX executable sanitizer_probe-test
2026-09-22T08:04:00.8734196Z [ 16%] Built target sanitizer_probe-test
2026-09-22T08:04:00.8753732Z [ 16%] Building CXX object external/rapidyaml/CMakeFiles/ryml.dir/src/c4/yml/tag.cpp.o
2026-09-22T08:04:01.5484068Z [ 17%] Building CXX object external/rapidyaml/CMakeFiles/ryml.dir/src/c4/yml/tree.cpp.o
2026-09-22T08:04:01.6794390Z [ 18%] Building CXX object external/rapidyaml/CMakeFiles/ryml.dir/src/c4/yml/version.cpp.o
2026-09-22T08:04:01.7554094Z [ 18%] Building CXX object external/rapidyaml/CMakeFiles/ryml.dir/ext/c4core/src/c4/base64.cpp.o
2026-09-22T08:04:02.1276520Z [ 19%] Building CXX object external/rapidyaml/CMakeFiles/ryml.dir/ext/c4core/src/c4/char_traits.cpp.o
2026-09-22T08:04:02.3394383Z [ 19%] Building CXX object external/rapidyaml/CMakeFiles/ryml.dir/ext/c4core/src/c4/error.cpp.o
2026-09-22T08:04:02.4244330Z [ 20%] Building CXX object external/rapidyaml/CMakeFiles/ryml.dir/ext/c4core/src/c4/format.cpp.o
2026-09-22T08:04:02.4375685Z [ 20%] Building CXX object external/rapidyaml/CMakeFiles/ryml.dir/ext/c4core/src/c4/language.cpp.o
2026-09-22T08:04:02.4694322Z [ 21%] Building CXX object external/rapidyaml/CMakeFiles/ryml.dir/ext/c4core/src/c4/memory_resource.cpp.o
2026-09-22T08:04:02.6938057Z [ 22%] Building CXX object external/rapidyaml/CMakeFiles/ryml.dir/ext/c4core/src/c4/memory_util.cpp.o
2026-09-22T08:04:02.7562079Z [ 22%] Building CXX object external/rapidyaml/CMakeFiles/ryml.dir/ext/c4core/src/c4/utf.cpp.o
2026-09-22T08:04:02.9153574Z [ 23%] Building CXX object external/rapidyaml/CMakeFiles/ryml.dir/ext/c4core/src/c4/version.cpp.o
2026-09-22T08:04:03.2740285Z [ 23%] Linking CXX shared library ../../../lib/libgtest.so
2026-09-22T08:04:03.4113902Z [ 23%] Built target gtest
2026-09-22T08:04:03.4199206Z [ 25%] Building CXX object external/googletest/googletest/CMakeFiles/gtest_main.dir/src/gtest_main.cc.o
2026-09-22T08:04:03.4200582Z [ 25%] Building CXX object external/googletest/googlemock/CMakeFiles/gmock.dir/src/gmock-all.cc.o
2026-09-22T08:04:03.4293678Z [ 25%] Linking CXX shared library libryml.so
2026-09-22T08:04:03.5345957Z [ 25%] Built target ryml
2026-09-22T08:04:03.5476200Z [ 25%] Building CXX object parser/CMakeFiles/protocol_parser.dir/src/log.cpp.o
2026-09-22T08:04:03.5533947Z [ 25%] Building CXX object parser/CMakeFiles/protocol_parser_ubsan.dir/src/log.cpp.o
2026-09-22T08:04:03.8994359Z [ 26%] Building CXX object parser/CMakeFiles/protocol_parser_ubsan.dir/src/validator.cpp.o
2026-09-22T08:04:04.0103943Z [ 27%] Building CXX object parser/CMakeFiles/protocol_parser.dir/src/validator.cpp.o
2026-09-22T08:04:04.6724353Z [ 28%] Linking CXX shared library ../../../lib/libgtest_main.so
2026-09-22T08:04:04.7593755Z [ 28%] Built target gtest_main
2026-09-22T08:04:04.7624448Z [ 28%] Building CXX object parser/CMakeFiles/protocol_parser_ubsan.dir/src/protocol_parser.cpp.o
2026-09-22T08:04:05.8723191Z [ 28%] Building CXX object parser/CMakeFiles/protocol_parser.dir/src/protocol_parser.cpp.o
2026-09-22T08:04:05.9534410Z [ 28%] Linking CXX shared library ../../../lib/libgmock.so
2026-09-22T08:04:06.0483723Z [ 28%] Built target gmock
2026-09-22T08:04:06.0514181Z [ 29%] Building CXX object parser/CMakeFiles/protocol_parser_ubsan.dir/src/protocol.cpp.o
2026-09-22T08:04:06.6364426Z [ 29%] Building CXX object parser/CMakeFiles/protocol_parser_asan.dir/src/log.cpp.o
2026-09-22T08:04:06.7174410Z [ 30%] Building CXX object parser/CMakeFiles/protocol_parser.dir/src/protocol.cpp.o
2026-09-22T08:04:06.9544325Z [ 31%] Building CXX object parser/CMakeFiles/protocol_parser_asan.dir/src/validator.cpp.o
2026-09-22T08:04:07.4594107Z [ 31%] Building CXX object parser/tests/CMakeFiles/gtest_parser-test.dir/gtest.cpp.o
2026-09-22T08:04:08.5204221Z [ 32%] Linking CXX executable gtest_parser-test
2026-09-22T08:04:08.6153617Z [ 32%] Built target gtest_parser-test
2026-09-22T08:04:08.6187205Z [ 33%] Building CXX object parser/CMakeFiles/protocol_parser.dir/src/db_proto_if_impl.cpp.o
2026-09-22T08:04:08.6554017Z [ 33%] Building CXX object parser/CMakeFiles/protocol_parser_ubsan.dir/src/db_proto_if_impl.cpp.o
2026-09-22T08:04:08.8524147Z [ 33%] Building CXX object parser/CMakeFiles/protocol_parser_asan.dir/src/protocol_parser.cpp.o
2026-09-22T08:04:09.1395958Z [ 33%] Building CXX object parser/CMakeFiles/protocol_parser.dir/src/db_proto_impl.cpp.o
2026-09-22T08:04:09.3652564Z [ 34%] Building CXX object parser/CMakeFiles/protocol_parser_ubsan.dir/src/db_proto_impl.cpp.o
2026-09-22T08:04:09.6474355Z [ 35%] Building CXX object parser/CMakeFiles/protocol_parser_asan.dir/src/protocol.cpp.o
2026-09-22T08:04:10.2823408Z [ 36%] Building CXX object parser/CMakeFiles/protocol_parser.dir/src/db_proto_service_impl.cpp.o
2026-09-22T08:04:10.5584183Z [ 37%] Building CXX object external/googletest/googlemock/CMakeFiles/gmock_main.dir/src/gmock_main.cc.o
2026-09-22T08:04:10.5824165Z [ 37%] Building CXX object parser/CMakeFiles/protocol_parser_ubsan.dir/src/db_proto_service_impl.cpp.o
2026-09-22T08:04:10.8204171Z [ 37%] Building CXX object parser/CMakeFiles/protocol_parser.dir/src/db_var_impl.cpp.o
2026-09-22T08:04:11.2774115Z [ 38%] Building CXX object parser/CMakeFiles/protocol_parser_ubsan.dir/src/db_var_impl.cpp.o
2026-09-22T08:04:11.4014391Z [ 39%] Building CXX object parser/CMakeFiles/protocol_parser.dir/src/logic_registry.cpp.o
2026-09-22T08:04:11.8974371Z [ 39%] Linking CXX shared library ../../../lib/libgmock_main.so
2026-09-22T08:04:11.9110115Z [ 39%] Building CXX object parser/CMakeFiles/protocol_parser.dir/src/stack.cpp.o
2026-09-22T08:04:11.9704159Z [ 39%] Built target gmock_main
2026-09-22T08:04:11.9753911Z [ 40%] Building CXX object parser/CMakeFiles/protocol_parser_asan.dir/src/db_proto_if_impl.cpp.o
2026-09-22T08:04:12.0334387Z [ 41%] Building CXX object parser/CMakeFiles/protocol_parser_ubsan.dir/src/logic_registry.cpp.o
2026-09-22T08:04:12.2384207Z [ 42%] Building CXX object parser/CMakeFiles/protocol_parser.dir/src/stack_builder.cpp.o
2026-09-22T08:04:12.4319828Z [ 42%] Building CXX object parser/CMakeFiles/protocol_parser_ubsan.dir/src/stack.cpp.o
2026-09-22T08:04:12.5834066Z [ 42%] Building CXX object parser/CMakeFiles/protocol_parser_asan.dir/src/db_proto_impl.cpp.o
2026-09-22T08:04:12.6823987Z [ 43%] Building CXX object parser/CMakeFiles/protocol_parser_asan.dir/src/db_proto_service_impl.cpp.o
2026-09-22T08:04:12.7910016Z [ 44%] Building CXX object parser/CMakeFiles/protocol_parser_ubsan.dir/src/stack_builder.cpp.o
2026-09-22T08:04:13.2864340Z [ 44%] Building CXX object parser/CMakeFiles/protocol_parser_asan.dir/src/db_var_impl.cpp.o
2026-09-22T08:04:13.7224227Z [ 45%] Building CXX object parser/CMakeFiles/protocol_parser_asan.dir/src/logic_registry.cpp.o
2026-09-22T08:04:13.8014082Z [ 45%] Linking CXX shared library libprotocol_parser.so
2026-09-22T08:04:13.9003808Z [ 45%] Built target protocol_parser
2026-09-22T08:04:13.9084830Z [ 46%] Building CXX object parser/tests/CMakeFiles/protocol_parser-test.dir/protocol_parser_test.cpp.o
2026-09-22T08:04:13.9504434Z [ 47%] Building CXX object parser/tests/CMakeFiles/object_serializer-test.dir/object_serializer_test.cpp.o
2026-09-22T08:04:14.3022949Z [ 47%] Building CXX object parser/CMakeFiles/protocol_parser_asan.dir/src/stack.cpp.o
2026-09-22T08:04:14.6394108Z [ 48%] Building CXX object parser/CMakeFiles/protocol_parser_asan.dir/src/stack_builder.cpp.o
2026-09-22T08:04:14.7863986Z [ 48%] Linking CXX shared library libprotocol_parser_ubsan.so
2026-09-22T08:04:14.9013901Z [ 48%] Built target protocol_parser_ubsan
2026-09-22T08:04:14.9105753Z [ 48%] Building CXX object parser/tests/CMakeFiles/logic_registry-test.dir/logic_registry_test.cpp.o
2026-09-22T08:04:15.9083997Z [ 49%] Linking CXX executable protocol_parser-test
2026-09-22T08:04:16.0054062Z [ 49%] Built target protocol_parser-test
2026-09-22T08:04:16.0134015Z [ 50%] Building CXX object parser/tests/CMakeFiles/stack_builder-test_UBSAN.dir/stack_builder_test.cpp.o
2026-09-22T08:04:16.1204138Z [ 50%] Linking CXX executable object_serializer-test
2026-09-22T08:04:16.2223831Z [ 50%] Built target object_serializer-test
2026-09-22T08:04:16.2345108Z [ 50%] Building CXX object parser/tests/CMakeFiles/stack_builder-test.dir/stack_builder_test.cpp.o
2026-09-22T08:04:16.3543966Z [ 51%] Linking CXX executable logic_registry-test
2026-09-22T08:04:16.4502947Z [ 51%] Built target logic_registry-test
2026-09-22T08:04:16.4543992Z [ 52%] Linking CXX shared library libprotocol_parser_asan.so
2026-09-22T08:04:16.4581881Z [ 53%] Building CXX object parser/tests/CMakeFiles/validator-test_UBSAN.dir/validator_test.cpp.o
2026-09-22T08:04:16.5493688Z [ 53%] Built target protocol_parser_asan
2026-09-22T08:04:16.5583854Z [ 54%] Building CXX object parser/tests/CMakeFiles/validator-test.dir/validator_test.cpp.o
2026-09-22T08:04:17.7874058Z [ 54%] Linking CXX executable validator-test
2026-09-22T08:04:17.8823731Z [ 54%] Built target validator-test
2026-09-22T08:04:17.8914068Z [ 54%] Building CXX object logic/CMakeFiles/protocol_logic.dir/src/ethernet_frame_logic.cpp.o
2026-09-22T08:04:17.9123808Z [ 55%] Linking CXX executable validator-test_UBSAN
2026-09-22T08:04:18.0231482Z [ 55%] Built target validator-test_UBSAN
2026-09-22T08:04:18.0364263Z [ 56%] Building CXX object traffic-gen/CMakeFiles/traffic_gen.dir/src/packet_builder.cpp.o
2026-09-22T08:04:18.3654234Z [ 57%] Building CXX object logic/CMakeFiles/protocol_logic.dir/src/avtp_control_logic.cpp.o
2026-09-22T08:04:18.5073290Z [ 58%] Linking CXX executable stack_builder-test
2026-09-22T08:04:18.6103828Z [ 58%] Built target stack_builder-test
2026-09-22T08:04:18.6133762Z [ 58%] Building CXX object traffic-gen/CMakeFiles/traffic_gen.dir/src/packet_decoder.cpp.o
2026-09-22T08:04:18.8424062Z [ 58%] Linking CXX executable stack_builder-test_UBSAN
2026-09-22T08:04:18.8677626Z [ 58%] Building CXX object logic/CMakeFiles/protocol_logic.dir/src/aecp_aem_logic.cpp.o
2026-09-22T08:04:18.9046027Z [ 59%] Building CXX object traffic-gen/CMakeFiles/traffic_gen_ubsan.dir/src/packet_builder.cpp.o
2026-09-22T08:04:18.9473710Z [ 59%] Built target stack_builder-test_UBSAN
2026-09-22T08:04:18.9503998Z [ 60%] Building CXX object traffic-gen/CMakeFiles/traffic_gen.dir/src/pcap_sender.cpp.o
2026-09-22T08:04:19.2564099Z [ 60%] Building CXX object traffic-gen/CMakeFiles/traffic_gen_ubsan.dir/src/packet_decoder.cpp.o
2026-09-22T08:04:19.3374367Z [ 61%] Building CXX object traffic-gen/CMakeFiles/traffic_gen.dir/src/pcap_receiver.cpp.o
2026-09-22T08:04:19.3803991Z [ 62%] Linking CXX shared library libprotocol_logic.so
2026-09-22T08:04:19.4604042Z [ 62%] Built target protocol_logic
2026-09-22T08:04:19.4623709Z [ 63%] Building CXX object traffic-gen/CMakeFiles/traffic_gen_ubsan.dir/src/pcap_sender.cpp.o
2026-09-22T08:04:19.7614333Z [ 63%] Building CXX object traffic-gen/CMakeFiles/traffic_gen.dir/src/raw_socket_sender.cpp.o
2026-09-22T08:04:19.8244091Z [ 63%] Building CXX object traffic-gen/CMakeFiles/traffic_gen_asan.dir/src/packet_builder.cpp.o
2026-09-22T08:04:19.9574549Z [ 64%] Building CXX object traffic-gen/CMakeFiles/traffic_gen.dir/src/raw_socket_receiver.cpp.o
2026-09-22T08:04:20.0934395Z [ 64%] Building CXX object traffic-gen/CMakeFiles/traffic_gen_ubsan.dir/src/pcap_receiver.cpp.o
2026-09-22T08:04:20.1892343Z [ 65%] Building CXX object traffic-gen/CMakeFiles/traffic_gen_ubsan.dir/src/raw_socket_sender.cpp.o
2026-09-22T08:04:20.3774037Z [ 65%] Building CXX object traffic-gen/CMakeFiles/traffic_gen.dir/src/verilator_sender.cpp.o
2026-09-22T08:04:20.6074055Z [ 66%] Building CXX object traffic-gen/CMakeFiles/traffic_gen_asan.dir/src/packet_decoder.cpp.o
2026-09-22T08:04:20.6409361Z [ 66%] Building CXX object traffic-gen/CMakeFiles/traffic_gen_ubsan.dir/src/raw_socket_receiver.cpp.o
2026-09-22T08:04:20.7374124Z [ 67%] Building CXX object traffic-gen/CMakeFiles/traffic_gen.dir/src/verilator_receiver.cpp.o
2026-09-22T08:04:20.7853832Z [ 68%] Building CXX object traffic-gen/CMakeFiles/traffic_gen_asan.dir/src/pcap_sender.cpp.o
2026-09-22T08:04:21.1104403Z [ 68%] Building CXX object traffic-gen/CMakeFiles/traffic_gen.dir/src/traffic_generator.cpp.o
2026-09-22T08:04:21.1396396Z [ 69%] Building CXX object traffic-gen/CMakeFiles/traffic_gen_ubsan.dir/src/verilator_sender.cpp.o
2026-09-22T08:04:21.1784188Z [ 69%] Building CXX object traffic-gen/CMakeFiles/traffic_gen_ubsan.dir/src/verilator_receiver.cpp.o
2026-09-22T08:04:21.3854089Z [ 69%] Building CXX object traffic-gen/CMakeFiles/traffic_gen_asan.dir/src/pcap_receiver.cpp.o
2026-09-22T08:04:21.6464538Z [ 70%] Building CXX object traffic-gen/CMakeFiles/traffic_gen_asan.dir/src/raw_socket_sender.cpp.o
2026-09-22T08:04:21.7474301Z [ 71%] Building CXX object traffic-gen/CMakeFiles/traffic_gen_ubsan.dir/src/traffic_generator.cpp.o
2026-09-22T08:04:21.8444084Z [ 72%] Building CXX object traffic-gen/CMakeFiles/traffic_gen.dir/src/session.cpp.o
2026-09-22T08:04:22.0614295Z [ 72%] Building CXX object traffic-gen/CMakeFiles/traffic_gen_asan.dir/src/raw_socket_receiver.cpp.o
2026-09-22T08:04:22.4943575Z [ 73%] Building CXX object traffic-gen/CMakeFiles/traffic_gen_ubsan.dir/src/session.cpp.o
2026-09-22T08:04:22.5118069Z [ 74%] Building CXX object traffic-gen/CMakeFiles/traffic_gen_asan.dir/src/verilator_sender.cpp.o
2026-09-22T08:04:22.9684329Z [ 74%] Building CXX object traffic-gen/CMakeFiles/traffic_gen_asan.dir/src/verilator_receiver.cpp.o
2026-09-22T08:04:23.3254216Z [ 75%] Building CXX object traffic-gen/CMakeFiles/traffic_gen_asan.dir/src/traffic_generator.cpp.o
2026-09-22T08:04:23.4498493Z [ 75%] Building CXX object traffic-gen/CMakeFiles/traffic_gen_asan.dir/src/session.cpp.o
2026-09-22T08:04:23.7205511Z [ 76%] Linking CXX shared library libtraffic_gen.so
2026-09-22T08:04:23.8194555Z [ 76%] Built target traffic_gen
2026-09-22T08:04:23.8284309Z [ 76%] Building CXX object parser/tests/CMakeFiles/protocol_parser-test_UBSAN.dir/protocol_parser_test.cpp.o
2026-09-22T08:04:24.7794486Z [ 76%] Building CXX object parser/tests/CMakeFiles/protocol_parser-test_ASAN.dir/protocol_parser_test.cpp.o
2026-09-22T08:04:25.0319047Z [ 76%] Linking CXX shared library libtraffic_gen_ubsan.so
2026-09-22T08:04:25.1273716Z [ 76%] Built target traffic_gen_ubsan
2026-09-22T08:04:25.1374063Z [ 77%] Building CXX object parser/tests/CMakeFiles/object_serializer-test_UBSAN.dir/object_serializer_test.cpp.o
2026-09-22T08:04:25.5973780Z [ 78%] Linking CXX shared library libtraffic_gen_asan.so
2026-09-22T08:04:25.7221175Z [ 78%] Built target traffic_gen_asan
2026-09-22T08:04:25.7334136Z [ 79%] Building CXX object parser/tests/CMakeFiles/object_serializer-test_ASAN.dir/object_serializer_test.cpp.o
2026-09-22T08:04:26.1563855Z [ 80%] Linking CXX executable protocol_parser-test_UBSAN
2026-09-22T08:04:26.2563855Z [ 80%] Built target protocol_parser-test_UBSAN
2026-09-22T08:04:26.2653999Z [ 80%] Building CXX object parser/tests/CMakeFiles/logic_registry-test_UBSAN.dir/logic_registry_test.cpp.o
2026-09-22T08:04:26.8614154Z [ 81%] Linking CXX executable protocol_parser-test_ASAN
2026-09-22T08:04:27.0671101Z [ 81%] Built target protocol_parser-test_ASAN
2026-09-22T08:04:27.0822608Z [ 81%] Building CXX object parser/tests/CMakeFiles/logic_registry-test_ASAN.dir/logic_registry_test.cpp.o
2026-09-22T08:04:27.7504081Z [ 81%] Linking CXX executable object_serializer-test_UBSAN
2026-09-22T08:04:27.8559825Z [ 81%] Built target object_serializer-test_UBSAN
2026-09-22T08:04:27.8646207Z [ 82%] Building CXX object parser/tests/CMakeFiles/stack_builder-test_ASAN.dir/stack_builder_test.cpp.o
2026-09-22T08:04:28.0984024Z [ 83%] Linking CXX executable logic_registry-test_UBSAN
2026-09-22T08:04:28.1280576Z [ 83%] Linking CXX executable object_serializer-test_ASAN
2026-09-22T08:04:28.2063915Z [ 83%] Built target logic_registry-test_UBSAN
2026-09-22T08:04:28.2154177Z [ 84%] Building CXX object parser/tests/CMakeFiles/validator-test_ASAN.dir/validator_test.cpp.o
2026-09-22T08:04:28.2673966Z [ 84%] Built target object_serializer-test_ASAN
2026-09-22T08:04:28.2790293Z [ 85%] Building CXX object logic/tests/CMakeFiles/ethernet_frame_logic-test.dir/ethernet_frame_logic_test.cpp.o
2026-09-22T08:04:28.7103915Z [ 86%] Linking CXX executable logic_registry-test_ASAN
2026-09-22T08:04:28.8204234Z [ 86%] Built target logic_registry-test_ASAN
2026-09-22T08:04:28.8271518Z [ 87%] Building CXX object logic/tests/CMakeFiles/stack_codec-test.dir/stack_codec_test.cpp.o
2026-09-22T08:04:29.5444372Z [ 87%] Linking CXX executable validator-test_ASAN
2026-09-22T08:04:29.6597900Z [ 87%] Built target validator-test_ASAN
2026-09-22T08:04:29.6674505Z [ 88%] Building CXX object traffic-gen/CMakeFiles/packet_gen.dir/tools/packet_gen_main.cpp.o
2026-09-22T08:04:30.4284014Z [ 88%] Linking CXX executable stack_builder-test_ASAN
2026-09-22T08:04:30.4314052Z [ 88%] Linking CXX executable ethernet_frame_logic-test
2026-09-22T08:04:30.5334221Z [ 88%] Built target ethernet_frame_logic-test
2026-09-22T08:04:30.5424184Z [ 88%] Building CXX object traffic-gen/tests/CMakeFiles/traffic_gen-test_UBSAN.dir/traffic_gen_test.cpp.o
2026-09-22T08:04:30.5603590Z [ 88%] Built target stack_builder-test_ASAN
2026-09-22T08:04:30.5788106Z [ 88%] Building CXX object traffic-gen/tests/CMakeFiles/traffic_gen-test_ASAN.dir/traffic_gen_test.cpp.o
2026-09-22T08:04:31.2643991Z [ 88%] Linking CXX executable stack_codec-test
2026-09-22T08:04:31.3713716Z [ 88%] Built target stack_codec-test
2026-09-22T08:04:31.3814272Z [ 88%] Building CXX object traffic-gen/tests/CMakeFiles/traffic_gen-test.dir/traffic_gen_test.cpp.o
2026-09-22T08:04:31.6784009Z [ 89%] Linking CXX executable packet_gen
2026-09-22T08:04:31.7653804Z [ 89%] Built target packet_gen
2026-09-22T08:04:31.7740160Z [ 89%] Building CXX object traffic-gen/tests/CMakeFiles/adp_fuzz-test_UBSAN.dir/adp_fuzz_test.cpp.o
2026-09-22T08:04:33.2471220Z [ 90%] Linking CXX executable traffic_gen-test_ASAN
2026-09-22T08:04:33.3895602Z [ 90%] Built target traffic_gen-test_ASAN
2026-09-22T08:04:33.4104249Z [ 90%] Building CXX object traffic-gen/tests/CMakeFiles/adp_fuzz-test_ASAN.dir/adp_fuzz_test.cpp.o
2026-09-22T08:04:33.5893845Z [ 91%] Linking CXX executable traffic_gen-test_UBSAN
2026-09-22T08:04:33.6973843Z [ 91%] Built target traffic_gen-test_UBSAN
2026-09-22T08:04:33.7064043Z [ 91%] Building CXX object traffic-gen/tests/CMakeFiles/adp_fuzz-test.dir/adp_fuzz_test.cpp.o
2026-09-22T08:04:33.8116217Z [ 92%] Linking CXX executable traffic_gen-test
2026-09-22T08:04:33.9223767Z [ 92%] Built target traffic_gen-test
2026-09-22T08:04:33.9329847Z [ 93%] Building CXX object traffic-gen/tests/CMakeFiles/ptp_flags-test_UBSAN.dir/ptp_flags_test.cpp.o
2026-09-22T08:04:34.8103700Z [ 94%] Linking CXX executable adp_fuzz-test_UBSAN
2026-09-22T08:04:34.9213834Z [ 94%] Built target adp_fuzz-test_UBSAN
2026-09-22T08:04:34.9303922Z [ 95%] Building CXX object traffic-gen/tests/CMakeFiles/ptp_flags-test_ASAN.dir/ptp_flags_test.cpp.o
2026-09-22T08:04:36.0914080Z [ 96%] Linking CXX executable adp_fuzz-test_ASAN
2026-09-22T08:04:36.0953680Z [ 97%] Linking CXX executable adp_fuzz-test
2026-09-22T08:04:36.2034698Z [ 97%] Built target adp_fuzz-test
2026-09-22T08:04:36.2122865Z [ 98%] Building CXX object traffic-gen/tests/CMakeFiles/ptp_flags-test.dir/ptp_flags_test.cpp.o
2026-09-22T08:04:36.2503377Z [ 98%] Built target adp_fuzz-test_ASAN
2026-09-22T08:04:36.5595402Z [100%] Linking CXX executable ptp_flags-test_UBSAN
2026-09-22T08:04:36.6348560Z [100%] Built target ptp_flags-test_UBSAN
2026-09-22T08:04:37.1347841Z [100%] Linking CXX executable ptp_flags-test_ASAN
2026-09-22T08:04:37.2258645Z [100%] Built target ptp_flags-test_ASAN
2026-09-22T08:04:37.7748227Z [100%] Linking CXX executable ptp_flags-test
2026-09-22T08:04:37.8513383Z [100%] Built target ptp_flags-test
2026-09-22T08:04:38.0018837Z Executing software test suite
2026-09-22T08:04:38.0019399Z Test location: /home/runner/work/tsn-gen/tsn-gen/tests/../build
2026-09-22T08:04:38.4216044Z Test project /home/runner/work/tsn-gen/tsn-gen/build
2026-09-22T08:04:38.5102812Z         Start   1: ParserUsingTest.Version
2026-09-22T08:04:38.5268436Z   1/292 Test   #1: ParserUsingTest.Version .................................   Passed    0.00 sec
2026-09-22T08:04:38.5323053Z         Start   2: ParserUsingTest.BasePath
2026-09-22T08:04:38.5360650Z   2/292 Test   #2: ParserUsingTest.BasePath ................................   Passed    0.00 sec
2026-09-22T08:04:38.5362191Z         Start   3: Parser.InvalidPathInt
2026-09-22T08:04:38.5396689Z   3/292 Test   #3: Parser.InvalidPathInt ...................................   Passed    0.00 sec
2026-09-22T08:04:38.5397400Z         Start   4: Parser.VarCreation
2026-09-22T08:04:38.5433544Z   4/292 Test   #4: Parser.VarCreation ......................................   Passed    0.00 sec
2026-09-22T08:04:38.5434927Z         Start   5: Parser.VarCreationTooSmall
2026-09-22T08:04:38.5467268Z   5/292 Test   #5: Parser.VarCreationTooSmall ..............................   Passed    0.00 sec
2026-09-22T08:04:38.5467939Z         Start   6: Parser.listFiles
2026-09-22T08:04:38.5509101Z   6/292 Test   #6: Parser.listFiles ........................................   Passed    0.00 sec
2026-09-22T08:04:38.5510016Z         Start   7: Parser.VerifyDepth
2026-09-22T08:04:38.5546035Z   7/292 Test   #7: Parser.VerifyDepth ......................................   Passed    0.00 sec
2026-09-22T08:04:38.5546864Z         Start   8: Parser.DivergingPath
2026-09-22T08:04:38.5594250Z   8/292 Test   #8: Parser.DivergingPath ....................................   Passed    0.00 sec
2026-09-22T08:04:38.5595840Z         Start   9: Parser.ParsingProtocolNameInvalid
2026-09-22T08:04:38.5632634Z   9/292 Test   #9: Parser.ParsingProtocolNameInvalid .......................   Passed    0.00 sec
2026-09-22T08:04:38.5634258Z         Start  10: ParserUsingTest.Version
2026-09-22T08:04:38.5769185Z  10/292 Test  #10: ParserUsingTest.Version .................................   Passed    0.01 sec
2026-09-22T08:04:38.5770171Z         Start  11: ParserUsingTest.BasePath
2026-09-22T08:04:38.5903175Z  11/292 Test  #11: ParserUsingTest.BasePath ................................   Passed    0.01 sec
2026-09-22T08:04:38.5905117Z         Start  12: Parser.InvalidPathInt
2026-09-22T08:04:38.6021337Z  12/292 Test  #12: Parser.InvalidPathInt ...................................   Passed    0.01 sec
2026-09-22T08:04:38.6022695Z         Start  13: Parser.VarCreation
2026-09-22T08:04:38.6137097Z  13/292 Test  #13: Parser.VarCreation ......................................   Passed    0.01 sec
2026-09-22T08:04:38.6138035Z         Start  14: Parser.VarCreationTooSmall
2026-09-22T08:04:38.6244081Z  14/292 Test  #14: Parser.VarCreationTooSmall ..............................   Passed    0.01 sec
2026-09-22T08:04:38.6245120Z         Start  15: Parser.listFiles
2026-09-22T08:04:38.6367508Z  15/292 Test  #15: Parser.listFiles ........................................   Passed    0.01 sec
2026-09-22T08:04:38.6369433Z         Start  16: Parser.VerifyDepth
2026-09-22T08:04:38.6503145Z  16/292 Test  #16: Parser.VerifyDepth ......................................   Passed    0.01 sec
2026-09-22T08:04:38.6504405Z         Start  17: Parser.DivergingPath
2026-09-22T08:04:38.6678413Z  17/292 Test  #17: Parser.DivergingPath ....................................   Passed    0.02 sec
2026-09-22T08:04:38.6680455Z         Start  18: Parser.ParsingProtocolNameInvalid
2026-09-22T08:04:38.6804435Z  18/292 Test  #18: Parser.ParsingProtocolNameInvalid .......................   Passed    0.01 sec
2026-09-22T08:04:38.6805477Z         Start  19: ParserUsingTest.Version
2026-09-22T08:04:38.6839455Z  19/292 Test  #19: ParserUsingTest.Version .................................   Passed    0.00 sec
2026-09-22T08:04:38.6840763Z         Start  20: ParserUsingTest.BasePath
2026-09-22T08:04:38.6874725Z  20/292 Test  #20: ParserUsingTest.BasePath ................................   Passed    0.00 sec
2026-09-22T08:04:38.6875761Z         Start  21: Parser.InvalidPathInt
2026-09-22T08:04:38.6909694Z  21/292 Test  #21: Parser.InvalidPathInt ...................................   Passed    0.00 sec
2026-09-22T08:04:38.6911532Z         Start  22: Parser.VarCreation
2026-09-22T08:04:38.6944292Z  22/292 Test  #22: Parser.VarCreation ......................................   Passed    0.00 sec
2026-09-22T08:04:38.6945246Z         Start  23: Parser.VarCreationTooSmall
2026-09-22T08:04:38.6969762Z  23/292 Test  #23: Parser.VarCreationTooSmall ..............................   Passed    0.00 sec
2026-09-22T08:04:38.6970718Z         Start  24: Parser.listFiles
2026-09-22T08:04:38.6998230Z  24/292 Test  #24: Parser.listFiles ........................................   Passed    0.00 sec
2026-09-22T08:04:38.6999132Z         Start  25: Parser.VerifyDepth
2026-09-22T08:04:38.7026756Z  25/292 Test  #25: Parser.VerifyDepth ......................................   Passed    0.00 sec
2026-09-22T08:04:38.7027872Z         Start  26: Parser.DivergingPath
2026-09-22T08:04:38.7065353Z  26/292 Test  #26: Parser.DivergingPath ....................................   Passed    0.00 sec
2026-09-22T08:04:38.7066277Z         Start  27: Parser.ParsingProtocolNameInvalid
2026-09-22T08:04:38.7093586Z  27/292 Test  #27: Parser.ParsingProtocolNameInvalid .......................   Passed    0.00 sec
2026-09-22T08:04:38.7094496Z         Start  28: ObjectSerializer.ParseSimpleProtocol
2026-09-22T08:04:38.7133066Z  28/292 Test  #28: ObjectSerializer.ParseSimpleProtocol ....................   Passed    0.00 sec
2026-09-22T08:04:38.7134696Z         Start  29: ObjectSerializer.ParseSimpleProtocolVarCount
2026-09-22T08:04:38.7171281Z  29/292 Test  #29: ObjectSerializer.ParseSimpleProtocolVarCount ............   Passed    0.00 sec
2026-09-22T08:04:38.7172166Z         Start  30: ObjectSerializer.ParseSimpleProtocolVarName
2026-09-22T08:04:38.7208730Z  30/292 Test  #30: ObjectSerializer.ParseSimpleProtocolVarName .............   Passed    0.00 sec
2026-09-22T08:04:38.7209731Z         Start  31: ObjectSerializer.ParseSimpleProtocolVarSize
2026-09-22T08:04:38.7245215Z  31/292 Test  #31: ObjectSerializer.ParseSimpleProtocolVarSize .............   Passed    0.00 sec
2026-09-22T08:04:38.7246556Z         Start  32: ObjectSerializer.ParseSimpleProtocolVarExpectedValues
2026-09-22T08:04:38.7281156Z  32/292 Test  #32: ObjectSerializer.ParseSimpleProtocolVarExpectedValues ...   Passed    0.00 sec
2026-09-22T08:04:38.7282144Z         Start  33: ObjectSerializer.ParseSimpleProtocolIfaceCount
2026-09-22T08:04:38.7317599Z  33/292 Test  #33: ObjectSerializer.ParseSimpleProtocolIfaceCount ..........   Passed    0.00 sec
2026-09-22T08:04:38.7318567Z         Start  34: ObjectSerializer.ParseSimpleProtocolIfaceName
2026-09-22T08:04:38.7353781Z  34/292 Test  #34: ObjectSerializer.ParseSimpleProtocolIfaceName ...........   Passed    0.00 sec
2026-09-22T08:04:38.7354817Z         Start  35: ObjectSerializer.ParseSimpleProtocolIfaceDirection
2026-09-22T08:04:38.7390783Z  35/292 Test  #35: ObjectSerializer.ParseSimpleProtocolIfaceDirection ......   Passed    0.00 sec
2026-09-22T08:04:38.7392002Z         Start  36: ObjectSerializer.ParseSimpleProtocolIfaceVarRef
2026-09-22T08:04:38.7429361Z  36/292 Test  #36: ObjectSerializer.ParseSimpleProtocolIfaceVarRef .........   Passed    0.00 sec
2026-09-22T08:04:38.7430917Z         Start  37: ObjectSerializer.ParseSimpleProtocolServiceNoLogic
2026-09-22T08:04:38.7466938Z  37/292 Test  #37: ObjectSerializer.ParseSimpleProtocolServiceNoLogic ......   Passed    0.00 sec
2026-09-22T08:04:38.7467886Z         Start  38: ObjectSerializer.ParseProtocolWithLogicName
2026-09-22T08:04:38.7502983Z  38/292 Test  #38: ObjectSerializer.ParseProtocolWithLogicName .............   Passed    0.00 sec
2026-09-22T08:04:38.7503980Z         Start  39: ObjectSerializer.ParseSimpleProtocol
2026-09-22T08:04:38.7631234Z  39/292 Test  #39: ObjectSerializer.ParseSimpleProtocol ....................   Passed    0.01 sec
2026-09-22T08:04:38.7632606Z         Start  40: ObjectSerializer.ParseSimpleProtocolVarCount
2026-09-22T08:04:38.7762997Z  40/292 Test  #40: ObjectSerializer.ParseSimpleProtocolVarCount ............   Passed    0.01 sec
2026-09-22T08:04:38.7764001Z         Start  41: ObjectSerializer.ParseSimpleProtocolVarName
2026-09-22T08:04:38.7911589Z  41/292 Test  #41: ObjectSerializer.ParseSimpleProtocolVarName .............   Passed    0.01 sec
2026-09-22T08:04:38.7912837Z         Start  42: ObjectSerializer.ParseSimpleProtocolVarSize
2026-09-22T08:04:38.8035295Z  42/292 Test  #42: ObjectSerializer.ParseSimpleProtocolVarSize .............   Passed    0.01 sec
2026-09-22T08:04:38.8036590Z         Start  43: ObjectSerializer.ParseSimpleProtocolVarExpectedValues
2026-09-22T08:04:38.8175650Z  43/292 Test  #43: ObjectSerializer.ParseSimpleProtocolVarExpectedValues ...   Passed    0.01 sec
2026-09-22T08:04:38.8176694Z         Start  44: ObjectSerializer.ParseSimpleProtocolIfaceCount
2026-09-22T08:04:38.8323886Z  44/292 Test  #44: ObjectSerializer.ParseSimpleProtocolIfaceCount ..........   Passed    0.01 sec
2026-09-22T08:04:38.8324926Z         Start  45: ObjectSerializer.ParseSimpleProtocolIfaceName
2026-09-22T08:04:38.8466917Z  45/292 Test  #45: ObjectSerializer.ParseSimpleProtocolIfaceName ...........   Passed    0.01 sec
2026-09-22T08:04:38.8467898Z         Start  46: ObjectSerializer.ParseSimpleProtocolIfaceDirection
2026-09-22T08:04:38.8609587Z  46/292 Test  #46: ObjectSerializer.ParseSimpleProtocolIfaceDirection ......   Passed    0.01 sec
2026-09-22T08:04:38.8610892Z         Start  47: ObjectSerializer.ParseSimpleProtocolIfaceVarRef
2026-09-22T08:04:38.8750031Z  47/292 Test  #47: ObjectSerializer.ParseSimpleProtocolIfaceVarRef .........   Passed    0.01 sec
2026-09-22T08:04:38.8751459Z         Start  48: ObjectSerializer.ParseSimpleProtocolServiceNoLogic
2026-09-22T08:04:38.8880263Z  48/292 Test  #48: ObjectSerializer.ParseSimpleProtocolServiceNoLogic ......   Passed    0.01 sec
2026-09-22T08:04:38.8881432Z         Start  49: ObjectSerializer.ParseProtocolWithLogicName
2026-09-22T08:04:38.9017172Z  49/292 Test  #49: ObjectSerializer.ParseProtocolWithLogicName .............   Passed    0.01 sec
2026-09-22T08:04:38.9017979Z         Start  50: ObjectSerializer.ParseSimpleProtocol
2026-09-22T08:04:38.9051868Z  50/292 Test  #50: ObjectSerializer.ParseSimpleProtocol ....................   Passed    0.00 sec
2026-09-22T08:04:38.9053199Z         Start  51: ObjectSerializer.ParseSimpleProtocolVarCount
2026-09-22T08:04:38.9096842Z  51/292 Test  #51: ObjectSerializer.ParseSimpleProtocolVarCount ............   Passed    0.00 sec
2026-09-22T08:04:38.9098286Z         Start  52: ObjectSerializer.ParseSimpleProtocolVarName
2026-09-22T08:04:38.9131800Z  52/292 Test  #52: ObjectSerializer.ParseSimpleProtocolVarName .............   Passed    0.00 sec
2026-09-22T08:04:38.9134193Z         Start  53: ObjectSerializer.ParseSimpleProtocolVarSize
2026-09-22T08:04:38.9165223Z  53/292 Test  #53: ObjectSerializer.ParseSimpleProtocolVarSize .............   Passed    0.00 sec
2026-09-22T08:04:38.9166172Z         Start  54: ObjectSerializer.ParseSimpleProtocolVarExpectedValues
2026-09-22T08:04:38.9196679Z  54/292 Test  #54: ObjectSerializer.ParseSimpleProtocolVarExpectedValues ...   Passed    0.00 sec
2026-09-22T08:04:38.9198179Z         Start  55: ObjectSerializer.ParseSimpleProtocolIfaceCount
2026-09-22T08:04:38.9227422Z  55/292 Test  #55: ObjectSerializer.ParseSimpleProtocolIfaceCount ..........   Passed    0.00 sec
2026-09-22T08:04:38.9228526Z         Start  56: ObjectSerializer.ParseSimpleProtocolIfaceName
2026-09-22T08:04:38.9259536Z  56/292 Test  #56: ObjectSerializer.ParseSimpleProtocolIfaceName ...........   Passed    0.00 sec
2026-09-22T08:04:38.9260985Z         Start  57: ObjectSerializer.ParseSimpleProtocolIfaceDirection
2026-09-22T08:04:38.9290558Z  57/292 Test  #57: ObjectSerializer.ParseSimpleProtocolIfaceDirection ......   Passed    0.00 sec
2026-09-22T08:04:38.9291435Z         Start  58: ObjectSerializer.ParseSimpleProtocolIfaceVarRef
2026-09-22T08:04:38.9320151Z  58/292 Test  #58: ObjectSerializer.ParseSimpleProtocolIfaceVarRef .........   Passed    0.00 sec
2026-09-22T08:04:38.9321073Z         Start  59: ObjectSerializer.ParseSimpleProtocolServiceNoLogic
2026-09-22T08:04:38.9352233Z  59/292 Test  #59: ObjectSerializer.ParseSimpleProtocolServiceNoLogic ......   Passed    0.00 sec
2026-09-22T08:04:38.9354463Z         Start  60: ObjectSerializer.ParseProtocolWithLogicName
2026-09-22T08:04:38.9383130Z  60/292 Test  #60: ObjectSerializer.ParseProtocolWithLogicName .............   Passed    0.00 sec
2026-09-22T08:04:38.9384782Z         Start  61: LogicRegistry.RegisterAndCreate
2026-09-22T08:04:38.9418853Z  61/292 Test  #61: LogicRegistry.RegisterAndCreate .........................   Passed    0.00 sec
2026-09-22T08:04:38.9420369Z         Start  62: LogicRegistry.UnknownNameReturnsNull
2026-09-22T08:04:38.9450976Z  62/292 Test  #62: LogicRegistry.UnknownNameReturnsNull ....................   Passed    0.00 sec
2026-09-22T08:04:38.9451997Z         Start  63: LogicRegistry.DuplicateRegistrationRejected
2026-09-22T08:04:38.9483709Z  63/292 Test  #63: LogicRegistry.DuplicateRegistrationRejected .............   Passed    0.00 sec
2026-09-22T08:04:38.9484663Z         Start  64: LogicRegistry.EmptyNameRejected
2026-09-22T08:04:38.9515052Z  64/292 Test  #64: LogicRegistry.EmptyNameRejected .........................   Passed    0.00 sec
2026-09-22T08:04:38.9515938Z         Start  65: LogicRegistry.NullFactoryRejected
2026-09-22T08:04:38.9545788Z  65/292 Test  #65: LogicRegistry.NullFactoryRejected .......................   Passed    0.00 sec
2026-09-22T08:04:38.9546810Z         Start  66: PassthroughLogic.IsNoOp
2026-09-22T08:04:38.9581873Z  66/292 Test  #66: PassthroughLogic.IsNoOp .................................   Passed    0.00 sec
2026-09-22T08:04:38.9583920Z         Start  67: LayerContext.AdjacencyAndDefaults
2026-09-22T08:04:38.9615947Z  67/292 Test  #67: LayerContext.AdjacencyAndDefaults .......................   Passed    0.00 sec
2026-09-22T08:04:38.9616950Z         Start  68: LogicRegistry.RegisterAndCreate
2026-09-22T08:04:38.9730235Z  68/292 Test  #68: LogicRegistry.RegisterAndCreate .........................   Passed    0.01 sec
2026-09-22T08:04:38.9731177Z         Start  69: LogicRegistry.UnknownNameReturnsNull
2026-09-22T08:04:38.9855198Z  69/292 Test  #69: LogicRegistry.UnknownNameReturnsNull ....................   Passed    0.01 sec
2026-09-22T08:04:38.9856564Z         Start  70: LogicRegistry.DuplicateRegistrationRejected
2026-09-22T08:04:38.9959580Z  70/292 Test  #70: LogicRegistry.DuplicateRegistrationRejected .............   Passed    0.01 sec
2026-09-22T08:04:38.9960566Z         Start  71: LogicRegistry.EmptyNameRejected
2026-09-22T08:04:39.0095099Z  71/292 Test  #71: LogicRegistry.EmptyNameRejected .........................   Passed    0.01 sec
2026-09-22T08:04:39.0096381Z         Start  72: LogicRegistry.NullFactoryRejected
2026-09-22T08:04:39.0219716Z  72/292 Test  #72: LogicRegistry.NullFactoryRejected .......................   Passed    0.01 sec
2026-09-22T08:04:39.0220728Z         Start  73: PassthroughLogic.IsNoOp
2026-09-22T08:04:39.0355448Z  73/292 Test  #73: PassthroughLogic.IsNoOp .................................   Passed    0.01 sec
2026-09-22T08:04:39.0356495Z         Start  74: LayerContext.AdjacencyAndDefaults
2026-09-22T08:04:39.0481019Z  74/292 Test  #74: LayerContext.AdjacencyAndDefaults .......................   Passed    0.01 sec
2026-09-22T08:04:39.0483525Z         Start  75: LogicRegistry.RegisterAndCreate
2026-09-22T08:04:39.0514642Z  75/292 Test  #75: LogicRegistry.RegisterAndCreate .........................   Passed    0.00 sec
2026-09-22T08:04:39.0520185Z         Start  76: LogicRegistry.UnknownNameReturnsNull
2026-09-22T08:04:39.0555038Z  76/292 Test  #76: LogicRegistry.UnknownNameReturnsNull ....................   Passed    0.00 sec
2026-09-22T08:04:39.0556845Z         Start  77: LogicRegistry.DuplicateRegistrationRejected
2026-09-22T08:04:39.0584325Z  77/292 Test  #77: LogicRegistry.DuplicateRegistrationRejected .............   Passed    0.00 sec
2026-09-22T08:04:39.0585379Z         Start  78: LogicRegistry.EmptyNameRejected
2026-09-22T08:04:39.0610164Z  78/292 Test  #78: LogicRegistry.EmptyNameRejected .........................   Passed    0.00 sec
2026-09-22T08:04:39.0611007Z         Start  79: LogicRegistry.NullFactoryRejected
2026-09-22T08:04:39.0641416Z  79/292 Test  #79: LogicRegistry.NullFactoryRejected .......................   Passed    0.00 sec
2026-09-22T08:04:39.0642292Z         Start  80: PassthroughLogic.IsNoOp
2026-09-22T08:04:39.0666588Z  80/292 Test  #80: PassthroughLogic.IsNoOp .................................   Passed    0.00 sec
2026-09-22T08:04:39.0667455Z         Start  81: LayerContext.AdjacencyAndDefaults
2026-09-22T08:04:39.0691545Z  81/292 Test  #81: LayerContext.AdjacencyAndDefaults .......................   Passed    0.00 sec
2026-09-22T08:04:39.0692642Z         Start  82: StackBuilder.BuildsAllPassthroughStack
2026-09-22T08:04:39.0736937Z  82/292 Test  #82: StackBuilder.BuildsAllPassthroughStack ..................   Passed    0.00 sec
2026-09-22T08:04:39.0737885Z         Start  83: StackBuilder.ResolvesRegisteredLogic
2026-09-22T08:04:39.0778972Z  83/292 Test  #83: StackBuilder.ResolvesRegisteredLogic ....................   Passed    0.00 sec
2026-09-22T08:04:39.0779888Z         Start  84: StackBuilder.AdjacencyWiredBottomUp
2026-09-22T08:04:39.0819769Z  84/292 Test  #84: StackBuilder.AdjacencyWiredBottomUp .....................   Passed    0.00 sec
2026-09-22T08:04:39.0820655Z         Start  85: StackBuilder.UnknownLogicFailsBuild
2026-09-22T08:04:39.0860498Z  85/292 Test  #85: StackBuilder.UnknownLogicFailsBuild .....................   Passed    0.00 sec
2026-09-22T08:04:39.0861401Z         Start  86: StackBuilder.UnknownServiceFailsBuild
2026-09-22T08:04:39.0901022Z  86/292 Test  #86: StackBuilder.UnknownServiceFailsBuild ...................   Passed    0.00 sec
2026-09-22T08:04:39.0902156Z         Start  87: StackBuilder.BypassLogicForcesPassthrough
2026-09-22T08:04:39.0940957Z  87/292 Test  #87: StackBuilder.BypassLogicForcesPassthrough ...............   Passed    0.00 sec
2026-09-22T08:04:39.0942010Z         Start  88: StackBuilder.BypassLogicSkipsRegistryLookup
2026-09-22T08:04:39.0981310Z  88/292 Test  #88: StackBuilder.BypassLogicSkipsRegistryLookup .............   Passed    0.00 sec
2026-09-22T08:04:39.0982550Z         Start  89: StackBuilder.InvalidPathFailsBuild
2026-09-22T08:04:39.1019720Z  89/292 Test  #89: StackBuilder.InvalidPathFailsBuild ......................   Passed    0.00 sec
2026-09-22T08:04:39.1020640Z         Start  90: StackBuilder.BuildsAllPassthroughStack
2026-09-22T08:04:39.1151549Z  90/292 Test  #90: StackBuilder.BuildsAllPassthroughStack ..................   Passed    0.01 sec
2026-09-22T08:04:39.1153318Z         Start  91: StackBuilder.ResolvesRegisteredLogic
2026-09-22T08:04:39.1295419Z  91/292 Test  #91: StackBuilder.ResolvesRegisteredLogic ....................   Passed    0.01 sec
2026-09-22T08:04:39.1296557Z         Start  92: StackBuilder.AdjacencyWiredBottomUp
2026-09-22T08:04:39.1451688Z  92/292 Test  #92: StackBuilder.AdjacencyWiredBottomUp .....................   Passed    0.02 sec
2026-09-22T08:04:39.1452880Z         Start  93: StackBuilder.UnknownLogicFailsBuild
2026-09-22T08:04:39.1625422Z  93/292 Test  #93: StackBuilder.UnknownLogicFailsBuild .....................   Passed    0.02 sec
2026-09-22T08:04:39.1626315Z         Start  94: StackBuilder.UnknownServiceFailsBuild
2026-09-22T08:04:39.1792586Z  94/292 Test  #94: StackBuilder.UnknownServiceFailsBuild ...................   Passed    0.02 sec
2026-09-22T08:04:39.1793518Z         Start  95: StackBuilder.BypassLogicForcesPassthrough
2026-09-22T08:04:39.1951417Z  95/292 Test  #95: StackBuilder.BypassLogicForcesPassthrough ...............   Passed    0.02 sec
2026-09-22T08:04:39.1952495Z         Start  96: StackBuilder.BypassLogicSkipsRegistryLookup
2026-09-22T08:04:39.2120275Z  96/292 Test  #96: StackBuilder.BypassLogicSkipsRegistryLookup .............   Passed    0.02 sec
2026-09-22T08:04:39.2121315Z         Start  97: StackBuilder.InvalidPathFailsBuild
2026-09-22T08:04:39.2264360Z  97/292 Test  #97: StackBuilder.InvalidPathFailsBuild ......................   Passed    0.01 sec
2026-09-22T08:04:39.2265348Z         Start  98: StackBuilder.BuildsAllPassthroughStack
2026-09-22T08:04:39.2305592Z  98/292 Test  #98: StackBuilder.BuildsAllPassthroughStack ..................   Passed    0.00 sec
2026-09-22T08:04:39.2306802Z         Start  99: StackBuilder.ResolvesRegisteredLogic
2026-09-22T08:04:39.2352996Z  99/292 Test  #99: StackBuilder.ResolvesRegisteredLogic ....................   Passed    0.00 sec
2026-09-22T08:04:39.2354150Z         Start 100: StackBuilder.AdjacencyWiredBottomUp
2026-09-22T08:04:39.2434704Z 100/292 Test #100: StackBuilder.AdjacencyWiredBottomUp .....................   Passed    0.01 sec
2026-09-22T08:04:39.2435634Z         Start 101: StackBuilder.UnknownLogicFailsBuild
2026-09-22T08:04:39.2467966Z 101/292 Test #101: StackBuilder.UnknownLogicFailsBuild .....................   Passed    0.00 sec
2026-09-22T08:04:39.2468853Z         Start 102: StackBuilder.UnknownServiceFailsBuild
2026-09-22T08:04:39.2500772Z 102/292 Test #102: StackBuilder.UnknownServiceFailsBuild ...................   Passed    0.00 sec
2026-09-22T08:04:39.2501753Z         Start 103: StackBuilder.BypassLogicForcesPassthrough
2026-09-22T08:04:39.2534386Z 103/292 Test #103: StackBuilder.BypassLogicForcesPassthrough ...............   Passed    0.00 sec
2026-09-22T08:04:39.2535442Z         Start 104: StackBuilder.BypassLogicSkipsRegistryLookup
2026-09-22T08:04:39.2566938Z 104/292 Test #104: StackBuilder.BypassLogicSkipsRegistryLookup .............   Passed    0.00 sec
2026-09-22T08:04:39.2567870Z         Start 105: StackBuilder.InvalidPathFailsBuild
2026-09-22T08:04:39.2599770Z 105/292 Test #105: StackBuilder.InvalidPathFailsBuild ......................   Passed    0.00 sec
2026-09-22T08:04:39.2601013Z         Start 106: Validator.ConformingFilePasses
2026-09-22T08:04:39.2637382Z 106/292 Test #106: Validator.ConformingFilePasses ..........................   Passed    0.00 sec
2026-09-22T08:04:39.2638771Z         Start 107: Validator.ForeignTopLevelKeyRejected
2026-09-22T08:04:39.2672976Z 107/292 Test #107: Validator.ForeignTopLevelKeyRejected ....................   Passed    0.00 sec
2026-09-22T08:04:39.2674014Z         Start 108: Validator.MissingServiceRejected
2026-09-22T08:04:39.2708176Z 108/292 Test #108: Validator.MissingServiceRejected ........................   Passed    0.00 sec
2026-09-22T08:04:39.2709511Z         Start 109: Validator.OversizeFieldRejected
2026-09-22T08:04:39.2743725Z 109/292 Test #109: Validator.OversizeFieldRejected .........................   Passed    0.00 sec
2026-09-22T08:04:39.2744339Z         Start 110: Validator.BadDirectionRejected
2026-09-22T08:04:39.2778850Z 110/292 Test #110: Validator.BadDirectionRejected ..........................   Passed    0.00 sec
2026-09-22T08:04:39.2780120Z         Start 111: Validator.ServiceWithoutVarsOrEntitiesRejected
2026-09-22T08:04:39.2814280Z 111/292 Test #111: Validator.ServiceWithoutVarsOrEntitiesRejected ..........   Passed    0.00 sec
2026-09-22T08:04:39.2815136Z         Start 112: Validator.FindingsCarryLineNumbers
2026-09-22T08:04:39.2848638Z 112/292 Test #112: Validator.FindingsCarryLineNumbers ......................   Passed    0.00 sec
2026-09-22T08:04:39.2850200Z         Start 113: Validator.MissingDirectoryReported
2026-09-22T08:04:39.2881397Z 113/292 Test #113: Validator.MissingDirectoryReported ......................   Passed    0.00 sec
2026-09-22T08:04:39.2882198Z         Start 114: Validator.ConformingFilePasses
2026-09-22T08:04:39.3011087Z 114/292 Test #114: Validator.ConformingFilePasses ..........................   Passed    0.01 sec
2026-09-22T08:04:39.3012817Z         Start 115: Validator.ForeignTopLevelKeyRejected
2026-09-22T08:04:39.3139232Z 115/292 Test #115: Validator.ForeignTopLevelKeyRejected ....................   Passed    0.01 sec
2026-09-22T08:04:39.3140393Z         Start 116: Validator.MissingServiceRejected
2026-09-22T08:04:39.3265340Z 116/292 Test #116: Validator.MissingServiceRejected ........................   Passed    0.01 sec
2026-09-22T08:04:39.3266313Z         Start 117: Validator.OversizeFieldRejected
2026-09-22T08:04:39.3429040Z 117/292 Test #117: Validator.OversizeFieldRejected .........................   Passed    0.02 sec
2026-09-22T08:04:39.3430429Z         Start 118: Validator.BadDirectionRejected
2026-09-22T08:04:39.3557444Z 118/292 Test #118: Validator.BadDirectionRejected ..........................   Passed    0.01 sec
2026-09-22T08:04:39.3558415Z         Start 119: Validator.ServiceWithoutVarsOrEntitiesRejected
2026-09-22T08:04:39.3682343Z 119/292 Test #119: Validator.ServiceWithoutVarsOrEntitiesRejected ..........   Passed    0.01 sec
2026-09-22T08:04:39.3683826Z         Start 120: Validator.FindingsCarryLineNumbers
2026-09-22T08:04:39.3816200Z 120/292 Test #120: Validator.FindingsCarryLineNumbers ......................   Passed    0.01 sec
2026-09-22T08:04:39.3817067Z         Start 121: Validator.MissingDirectoryReported
2026-09-22T08:04:39.3941554Z 121/292 Test #121: Validator.MissingDirectoryReported ......................   Passed    0.01 sec
2026-09-22T08:04:39.3942791Z         Start 122: Validator.ConformingFilePasses
2026-09-22T08:04:39.3975105Z 122/292 Test #122: Validator.ConformingFilePasses ..........................   Passed    0.00 sec
2026-09-22T08:04:39.3976184Z         Start 123: Validator.ForeignTopLevelKeyRejected
2026-09-22T08:04:39.4008342Z 123/292 Test #123: Validator.ForeignTopLevelKeyRejected ....................   Passed    0.00 sec
2026-09-22T08:04:39.4011375Z         Start 124: Validator.MissingServiceRejected
2026-09-22T08:04:39.4051864Z 124/292 Test #124: Validator.MissingServiceRejected ........................   Passed    0.00 sec
2026-09-22T08:04:39.4052817Z         Start 125: Validator.OversizeFieldRejected
2026-09-22T08:04:39.4080913Z 125/292 Test #125: Validator.OversizeFieldRejected .........................   Passed    0.00 sec
2026-09-22T08:04:39.4081721Z         Start 126: Validator.BadDirectionRejected
2026-09-22T08:04:39.4109858Z 126/292 Test #126: Validator.BadDirectionRejected ..........................   Passed    0.00 sec
2026-09-22T08:04:39.4110844Z         Start 127: Validator.ServiceWithoutVarsOrEntitiesRejected
2026-09-22T08:04:39.4137871Z 127/292 Test #127: Validator.ServiceWithoutVarsOrEntitiesRejected ..........   Passed    0.00 sec
2026-09-22T08:04:39.4139040Z         Start 128: Validator.FindingsCarryLineNumbers
2026-09-22T08:04:39.4165770Z 128/292 Test #128: Validator.FindingsCarryLineNumbers ......................   Passed    0.00 sec
2026-09-22T08:04:39.4166880Z         Start 129: Validator.MissingDirectoryReported
2026-09-22T08:04:39.4191869Z 129/292 Test #129: Validator.MissingDirectoryReported ......................   Passed    0.00 sec
2026-09-22T08:04:39.4192771Z         Start 130: HelloTest.BasicAssertions
2026-09-22T08:04:39.4214710Z 130/292 Test #130: HelloTest.BasicAssertions ...............................   Passed    0.00 sec
2026-09-22T08:04:39.4215634Z         Start 131: EthernetFrameLogic.RegisteredUnderExpectedName
2026-09-22T08:04:39.4243265Z 131/292 Test #131: EthernetFrameLogic.RegisteredUnderExpectedName ..........   Passed    0.00 sec
2026-09-22T08:04:39.4244049Z         Start 132: EthernetFrameLogic.BoundByStackBuilder
2026-09-22T08:04:39.4282138Z 132/292 Test #132: EthernetFrameLogic.BoundByStackBuilder ..................   Passed    0.00 sec
2026-09-22T08:04:39.4283532Z         Start 133: EthernetFrameLogic.BypassLogicSwapsInPassthrough
2026-09-22T08:04:39.4314841Z 133/292 Test #133: EthernetFrameLogic.BypassLogicSwapsInPassthrough ........   Passed    0.00 sec
2026-09-22T08:04:39.4315782Z         Start 134: EthernetFrameLogic.EncodeDecodeCountersAdvance
2026-09-22T08:04:39.4341237Z 134/292 Test #134: EthernetFrameLogic.EncodeDecodeCountersAdvance ..........   Passed    0.00 sec
2026-09-22T08:04:39.4342241Z         Start 135: EthernetFrameLogic.NextLayerDefaults1722
2026-09-22T08:04:39.4368546Z 135/292 Test #135: EthernetFrameLogic.NextLayerDefaults1722 ................   Passed    0.00 sec
2026-09-22T08:04:39.4369362Z         Start 136: StackCodec.FrameHasExpectedSize
2026-09-22T08:04:39.4469217Z 136/292 Test #136: StackCodec.FrameHasExpectedSize .........................   Passed    0.01 sec
2026-09-22T08:04:39.4470340Z         Start 137: StackCodec.DerivedFieldsAreValid
2026-09-22T08:04:39.4570344Z 137/292 Test #137: StackCodec.DerivedFieldsAreValid ........................   Passed    0.01 sec
2026-09-22T08:04:39.4571222Z         Start 138: StackCodec.CommandStatusForcedToZero
2026-09-22T08:04:39.4806188Z 138/292 Test #138: StackCodec.CommandStatusForcedToZero ....................   Passed    0.02 sec
2026-09-22T08:04:39.4807627Z         Start 139: StackCodec.DecodeRoundTripsFields
2026-09-22T08:04:39.4914687Z 139/292 Test #139: StackCodec.DecodeRoundTripsFields .......................   Passed    0.01 sec
2026-09-22T08:04:39.4915558Z         Start 140: StackCodec.DeterministicForFixedSeed
2026-09-22T08:04:39.5013832Z 140/292 Test #140: StackCodec.DeterministicForFixedSeed ....................   Passed    0.01 sec
2026-09-22T08:04:39.5014824Z         Start 141: TrafficGenTest.EmptyInterfaceProducesEmptyPacket
2026-09-22T08:04:39.5062511Z 141/292 Test #141: TrafficGenTest.EmptyInterfaceProducesEmptyPacket ........   Passed    0.00 sec
2026-09-22T08:04:39.5063529Z         Start 142: TrafficGenTest.SimpleVarProducesOneByte
2026-09-22T08:04:39.5104351Z 142/292 Test #142: TrafficGenTest.SimpleVarProducesOneByte .................   Passed    0.00 sec
2026-09-22T08:04:39.5105530Z         Start 143: TrafficGenTest.SimpleVarValueInExpectedSet
2026-09-22T08:04:39.5147873Z 143/292 Test #143: TrafficGenTest.SimpleVarValueInExpectedSet ..............   Passed    0.00 sec
2026-09-22T08:04:39.5148883Z         Start 144: TrafficGenTest.DeterministicWithSameSeed
2026-09-22T08:04:39.5189805Z 144/292 Test #144: TrafficGenTest.DeterministicWithSameSeed ................   Passed    0.00 sec
2026-09-22T08:04:39.5190806Z         Start 145: TrafficGenTest.DifferentSeedsDifferentPackets
2026-09-22T08:04:39.5230942Z 145/292 Test #145: TrafficGenTest.DifferentSeedsDifferentPackets ...........   Passed    0.00 sec
2026-09-22T08:04:39.5231819Z         Start 146: TrafficGenTest.OpenClose
2026-09-22T08:04:39.5271139Z 146/292 Test #146: TrafficGenTest.OpenClose ................................   Passed    0.00 sec
2026-09-22T08:04:39.5272501Z         Start 147: TrafficGenTest.SendNamedInterface
2026-09-22T08:04:39.5314623Z 147/292 Test #147: TrafficGenTest.SendNamedInterface .......................   Passed    0.00 sec
2026-09-22T08:04:39.5315582Z         Start 148: TrafficGenTest.SendUnknownInterfaceReturnsError
2026-09-22T08:04:39.5358032Z 148/292 Test #148: TrafficGenTest.SendUnknownInterfaceReturnsError .........   Passed    0.00 sec
2026-09-22T08:04:39.5359060Z         Start 149: TrafficGenTest.SendAllSendsOnePacketPerInterface
2026-09-22T08:04:39.5400533Z 149/292 Test #149: TrafficGenTest.SendAllSendsOnePacketPerInterface ........   Passed    0.00 sec
2026-09-22T08:04:39.5401946Z         Start 150: TrafficGenTest.SendFilteredInDirection
2026-09-22T08:04:39.5443986Z 150/292 Test #150: TrafficGenTest.SendFilteredInDirection ..................   Passed    0.00 sec
2026-09-22T08:04:39.5444891Z         Start 151: TrafficGenTest.SendFilteredOutDirectionProducesNone
2026-09-22T08:04:39.5485949Z 151/292 Test #151: TrafficGenTest.SendFilteredOutDirectionProducesNone .....   Passed    0.00 sec
2026-09-22T08:04:39.5487425Z         Start 152: TrafficGenTest.SendLoopProducesNPackets
2026-09-22T08:04:39.5529317Z 152/292 Test #152: TrafficGenTest.SendLoopProducesNPackets .................   Passed    0.00 sec
2026-09-22T08:04:39.5530307Z         Start 153: TrafficGenTest.SendWithoutOpenReturnsNotOpen
2026-09-22T08:04:39.5580039Z 153/292 Test #153: TrafficGenTest.SendWithoutOpenReturnsNotOpen ............   Passed    0.00 sec
2026-09-22T08:04:39.5588716Z         Start 154: VerilatorSenderBeat.FullBeat
2026-09-22T08:04:39.5621618Z 154/292 Test #154: VerilatorSenderBeat.FullBeat ............................   Passed    0.00 sec
2026-09-22T08:04:39.5622685Z         Start 155: VerilatorSenderBeat.PartialLastBeat
2026-09-22T08:04:39.5657530Z 155/292 Test #155: VerilatorSenderBeat.PartialLastBeat .....................   Passed    0.00 sec
2026-09-22T08:04:39.5658503Z         Start 156: WideField.Emits512BitFieldWithoutUB
2026-09-22T08:04:39.5695668Z 156/292 Test #156: WideField.Emits512BitFieldWithoutUB .....................   Passed    0.00 sec
2026-09-22T08:04:39.5696540Z         Start 157: TrafficGenTest.EmptyInterfaceProducesEmptyPacket
2026-09-22T08:04:39.5867369Z 157/292 Test #157: TrafficGenTest.EmptyInterfaceProducesEmptyPacket ........   Passed    0.02 sec
2026-09-22T08:04:39.5868552Z         Start 158: TrafficGenTest.SimpleVarProducesOneByte
2026-09-22T08:04:39.6014129Z 158/292 Test #158: TrafficGenTest.SimpleVarProducesOneByte .................   Passed    0.01 sec
2026-09-22T08:04:39.6015360Z         Start 159: TrafficGenTest.SimpleVarValueInExpectedSet
2026-09-22T08:04:39.6213546Z 159/292 Test #159: TrafficGenTest.SimpleVarValueInExpectedSet ..............   Passed    0.02 sec
2026-09-22T08:04:39.6214648Z         Start 160: TrafficGenTest.DeterministicWithSameSeed
2026-09-22T08:04:39.6364670Z 160/292 Test #160: TrafficGenTest.DeterministicWithSameSeed ................   Passed    0.01 sec
2026-09-22T08:04:39.6365867Z         Start 161: TrafficGenTest.DifferentSeedsDifferentPackets
2026-09-22T08:04:39.6548251Z 161/292 Test #161: TrafficGenTest.DifferentSeedsDifferentPackets ...........   Passed    0.02 sec
2026-09-22T08:04:39.6549152Z         Start 162: TrafficGenTest.OpenClose
2026-09-22T08:04:39.6695528Z 162/292 Test #162: TrafficGenTest.OpenClose ................................   Passed    0.01 sec
2026-09-22T08:04:39.6696771Z         Start 163: TrafficGenTest.SendNamedInterface
2026-09-22T08:04:39.6840696Z 163/292 Test #163: TrafficGenTest.SendNamedInterface .......................   Passed    0.01 sec
2026-09-22T08:04:39.6841951Z         Start 164: TrafficGenTest.SendUnknownInterfaceReturnsError
2026-09-22T08:04:39.6993178Z 164/292 Test #164: TrafficGenTest.SendUnknownInterfaceReturnsError .........   Passed    0.01 sec
2026-09-22T08:04:39.6995162Z         Start 165: TrafficGenTest.SendAllSendsOnePacketPerInterface
2026-09-22T08:04:39.7171067Z 165/292 Test #165: TrafficGenTest.SendAllSendsOnePacketPerInterface ........   Passed    0.02 sec
2026-09-22T08:04:39.7172778Z         Start 166: TrafficGenTest.SendFilteredInDirection
2026-09-22T08:04:39.7324788Z 166/292 Test #166: TrafficGenTest.SendFilteredInDirection ..................   Passed    0.02 sec
2026-09-22T08:04:39.7326146Z         Start 167: TrafficGenTest.SendFilteredOutDirectionProducesNone
2026-09-22T08:04:39.7461408Z 167/292 Test #167: TrafficGenTest.SendFilteredOutDirectionProducesNone .....   Passed    0.01 sec
2026-09-22T08:04:39.7463372Z         Start 168: TrafficGenTest.SendLoopProducesNPackets
2026-09-22T08:04:39.7603645Z 168/292 Test #168: TrafficGenTest.SendLoopProducesNPackets .................   Passed    0.01 sec
2026-09-22T08:04:39.7606395Z         Start 169: TrafficGenTest.SendWithoutOpenReturnsNotOpen
2026-09-22T08:04:39.7773345Z 169/292 Test #169: TrafficGenTest.SendWithoutOpenReturnsNotOpen ............   Passed    0.01 sec
2026-09-22T08:04:39.7774139Z         Start 170: VerilatorSenderBeat.FullBeat
2026-09-22T08:04:39.7864176Z 170/292 Test #170: VerilatorSenderBeat.FullBeat ............................   Passed    0.01 sec
2026-09-22T08:04:39.7865225Z         Start 171: VerilatorSenderBeat.PartialLastBeat
2026-09-22T08:04:39.7990280Z 171/292 Test #171: VerilatorSenderBeat.PartialLastBeat .....................   Passed    0.01 sec
2026-09-22T08:04:39.7991498Z         Start 172: WideField.Emits512BitFieldWithoutUB
2026-09-22T08:04:39.8128415Z 172/292 Test #172: WideField.Emits512BitFieldWithoutUB .....................   Passed    0.01 sec
2026-09-22T08:04:39.8129396Z         Start 173: TrafficGenTest.EmptyInterfaceProducesEmptyPacket
2026-09-22T08:04:39.8166397Z 173/292 Test #173: TrafficGenTest.EmptyInterfaceProducesEmptyPacket ........   Passed    0.00 sec
2026-09-22T08:04:39.8167343Z         Start 174: TrafficGenTest.SimpleVarProducesOneByte
2026-09-22T08:04:39.8208796Z 174/292 Test #174: TrafficGenTest.SimpleVarProducesOneByte .................   Passed    0.00 sec
2026-09-22T08:04:39.8209996Z         Start 175: TrafficGenTest.SimpleVarValueInExpectedSet
2026-09-22T08:04:39.8251858Z 175/292 Test #175: TrafficGenTest.SimpleVarValueInExpectedSet ..............   Passed    0.00 sec
2026-09-22T08:04:39.8252917Z         Start 176: TrafficGenTest.DeterministicWithSameSeed
2026-09-22T08:04:39.8286077Z 176/292 Test #176: TrafficGenTest.DeterministicWithSameSeed ................   Passed    0.00 sec
2026-09-22T08:04:39.8286995Z         Start 177: TrafficGenTest.DifferentSeedsDifferentPackets
2026-09-22T08:04:39.8318528Z 177/292 Test #177: TrafficGenTest.DifferentSeedsDifferentPackets ...........   Passed    0.00 sec
2026-09-22T08:04:39.8319502Z         Start 178: TrafficGenTest.OpenClose
2026-09-22T08:04:39.8351583Z 178/292 Test #178: TrafficGenTest.OpenClose ................................   Passed    0.00 sec
2026-09-22T08:04:39.8352799Z         Start 179: TrafficGenTest.SendNamedInterface
2026-09-22T08:04:39.8385517Z 179/292 Test #179: TrafficGenTest.SendNamedInterface .......................   Passed    0.00 sec
2026-09-22T08:04:39.8386311Z         Start 180: TrafficGenTest.SendUnknownInterfaceReturnsError
2026-09-22T08:04:39.8419558Z 180/292 Test #180: TrafficGenTest.SendUnknownInterfaceReturnsError .........   Passed    0.00 sec
2026-09-22T08:04:39.8420363Z         Start 181: TrafficGenTest.SendAllSendsOnePacketPerInterface
2026-09-22T08:04:39.8453948Z 181/292 Test #181: TrafficGenTest.SendAllSendsOnePacketPerInterface ........   Passed    0.00 sec
2026-09-22T08:04:39.8454782Z         Start 182: TrafficGenTest.SendFilteredInDirection
2026-09-22T08:04:39.8487211Z 182/292 Test #182: TrafficGenTest.SendFilteredInDirection ..................   Passed    0.00 sec
2026-09-22T08:04:39.8488105Z         Start 183: TrafficGenTest.SendFilteredOutDirectionProducesNone
2026-09-22T08:04:39.8519355Z 183/292 Test #183: TrafficGenTest.SendFilteredOutDirectionProducesNone .....   Passed    0.00 sec
2026-09-22T08:04:39.8520311Z         Start 184: TrafficGenTest.SendLoopProducesNPackets
2026-09-22T08:04:39.8551241Z 184/292 Test #184: TrafficGenTest.SendLoopProducesNPackets .................   Passed    0.00 sec
2026-09-22T08:04:39.8552261Z         Start 185: TrafficGenTest.SendWithoutOpenReturnsNotOpen
2026-09-22T08:04:39.8583471Z 185/292 Test #185: TrafficGenTest.SendWithoutOpenReturnsNotOpen ............   Passed    0.00 sec
2026-09-22T08:04:39.8584210Z         Start 186: VerilatorSenderBeat.FullBeat
2026-09-22T08:04:39.8609695Z 186/292 Test #186: VerilatorSenderBeat.FullBeat ............................   Passed    0.00 sec
2026-09-22T08:04:39.8610543Z         Start 187: VerilatorSenderBeat.PartialLastBeat
2026-09-22T08:04:39.8637434Z 187/292 Test #187: VerilatorSenderBeat.PartialLastBeat .....................   Passed    0.00 sec
2026-09-22T08:04:39.8638237Z         Start 188: WideField.Emits512BitFieldWithoutUB
2026-09-22T08:04:39.8666300Z 188/292 Test #188: WideField.Emits512BitFieldWithoutUB .....................   Passed    0.00 sec
2026-09-22T08:04:39.8667085Z         Start 189: AdpFuzzTest.VarCount
2026-09-22T08:04:39.8714207Z 189/292 Test #189: AdpFuzzTest.VarCount ....................................   Passed    0.00 sec
2026-09-22T08:04:39.8715095Z         Start 190: AdpFuzzTest.MessageTypeConstraints
2026-09-22T08:04:39.8760520Z 190/292 Test #190: AdpFuzzTest.MessageTypeConstraints ......................   Passed    0.00 sec
2026-09-22T08:04:39.8762334Z         Start 191: AdpFuzzTest.ValidTimeRangeConstraint
2026-09-22T08:04:39.8807038Z 191/292 Test #191: AdpFuzzTest.ValidTimeRangeConstraint ....................   Passed    0.00 sec
2026-09-22T08:04:39.8807923Z         Start 192: AdpFuzzTest.ControlDataLengthFixed
2026-09-22T08:04:39.8857589Z 192/292 Test #192: AdpFuzzTest.ControlDataLengthFixed ......................   Passed    0.00 sec
2026-09-22T08:04:39.8859514Z         Start 193: AdpFuzzTest.TalkerCapabilitiesMask
2026-09-22T08:04:39.8906177Z 193/292 Test #193: AdpFuzzTest.TalkerCapabilitiesMask ......................   Passed    0.00 sec
2026-09-22T08:04:39.8907225Z         Start 194: AdpFuzzTest.ListenerCapabilitiesMask
2026-09-22T08:04:39.8953875Z 194/292 Test #194: AdpFuzzTest.ListenerCapabilitiesMask ....................   Passed    0.00 sec
2026-09-22T08:04:39.8954995Z         Start 195: AdpFuzzTest.ControllerCapabilitiesMask
2026-09-22T08:04:39.8998501Z 195/292 Test #195: AdpFuzzTest.ControllerCapabilitiesMask ..................   Passed    0.00 sec
2026-09-22T08:04:39.8999384Z         Start 196: AdpFuzzTest.ReservedFieldsAreFixed
2026-09-22T08:04:39.9045465Z 196/292 Test #196: AdpFuzzTest.ReservedFieldsAreFixed ......................   Passed    0.00 sec
2026-09-22T08:04:39.9046334Z         Start 197: AdpFuzzTest.InterfaceCount
2026-09-22T08:04:39.9089395Z 197/292 Test #197: AdpFuzzTest.InterfaceCount ..............................   Passed    0.00 sec
2026-09-22T08:04:39.9090757Z         Start 198: AdpFuzzTest.IfDataDirection
2026-09-22T08:04:39.9133693Z 198/292 Test #198: AdpFuzzTest.IfDataDirection .............................   Passed    0.00 sec
2026-09-22T08:04:39.9134904Z         Start 199: AdpFuzzTest.IfDataHas20VarRefs
2026-09-22T08:04:39.9180519Z 199/292 Test #199: AdpFuzzTest.IfDataHas20VarRefs ..........................   Passed    0.00 sec
2026-09-22T08:04:39.9181568Z         Start 200: AdpFuzzTest.IfDataFirstVarRefIsMessageType
2026-09-22T08:04:39.9228736Z 200/292 Test #200: AdpFuzzTest.IfDataFirstVarRefIsMessageType ..............   Passed    0.00 sec
2026-09-22T08:04:39.9229602Z         Start 201: AdpFuzzTest.IfDataLastVarRefIsReserved1
2026-09-22T08:04:39.9276515Z 201/292 Test #201: AdpFuzzTest.IfDataLastVarRefIsReserved1 .................   Passed    0.00 sec
2026-09-22T08:04:39.9277150Z         Start 202: AdpFuzzTest.FullAdpPacketIs67Bytes
2026-09-22T08:04:39.9338696Z 202/292 Test #202: AdpFuzzTest.FullAdpPacketIs67Bytes ......................   Passed    0.01 sec
2026-09-22T08:04:39.9339523Z         Start 203: AdpFuzzTest.MessageTypeAlwaysValid
2026-09-22T08:04:39.9406266Z 203/292 Test #203: AdpFuzzTest.MessageTypeAlwaysValid ......................   Passed    0.01 sec
2026-09-22T08:04:39.9407811Z         Start 204: AdpFuzzTest.ValidTimeAlwaysInRange
2026-09-22T08:04:39.9465908Z 204/292 Test #204: AdpFuzzTest.ValidTimeAlwaysInRange ......................   Passed    0.01 sec
2026-09-22T08:04:39.9466790Z         Start 205: AdpFuzzTest.ControlDataLengthAlways56
2026-09-22T08:04:39.9516347Z 205/292 Test #205: AdpFuzzTest.ControlDataLengthAlways56 ...................   Passed    0.00 sec
2026-09-22T08:04:39.9517237Z         Start 206: AdpFuzzTest.TalkerCapsRespectMask
2026-09-22T08:04:39.9583814Z 206/292 Test #206: AdpFuzzTest.TalkerCapsRespectMask .......................   Passed    0.01 sec
2026-09-22T08:04:39.9584674Z         Start 207: AdpFuzzTest.ListenerCapsRespectMask
2026-09-22T08:04:39.9646485Z 207/292 Test #207: AdpFuzzTest.ListenerCapsRespectMask .....................   Passed    0.01 sec
2026-09-22T08:04:39.9647197Z         Start 208: AdpFuzzTest.ControllerCapsRespectMask
2026-09-22T08:04:39.9708057Z 208/292 Test #208: AdpFuzzTest.ControllerCapsRespectMask ...................   Passed    0.01 sec
2026-09-22T08:04:39.9708977Z         Start 209: AdpFuzzTest.ReservedFieldsAlwaysZero
2026-09-22T08:04:39.9760422Z 209/292 Test #209: AdpFuzzTest.ReservedFieldsAlwaysZero ....................   Passed    0.00 sec
2026-09-22T08:04:39.9762702Z         Start 210: AdpFuzzTest.AvailableIndexAlwaysValid
2026-09-22T08:04:39.9820936Z 210/292 Test #210: AdpFuzzTest.AvailableIndexAlwaysValid ...................   Passed    0.01 sec
2026-09-22T08:04:39.9821679Z         Start 211: AdpFuzzTest.VarCount
2026-09-22T08:04:39.9973833Z 211/292 Test #211: AdpFuzzTest.VarCount ....................................   Passed    0.01 sec
2026-09-22T08:04:39.9974776Z         Start 212: AdpFuzzTest.MessageTypeConstraints
2026-09-22T08:04:40.0141133Z 212/292 Test #212: AdpFuzzTest.MessageTypeConstraints ......................   Passed    0.02 sec
2026-09-22T08:04:40.0142592Z         Start 213: AdpFuzzTest.ValidTimeRangeConstraint
2026-09-22T08:04:40.0301653Z 213/292 Test #213: AdpFuzzTest.ValidTimeRangeConstraint ....................   Passed    0.02 sec
2026-09-22T08:04:40.0303267Z         Start 214: AdpFuzzTest.ControlDataLengthFixed
2026-09-22T08:04:40.0454459Z 214/292 Test #214: AdpFuzzTest.ControlDataLengthFixed ......................   Passed    0.01 sec
2026-09-22T08:04:40.0455575Z         Start 215: AdpFuzzTest.TalkerCapabilitiesMask
2026-09-22T08:04:40.0622855Z 215/292 Test #215: AdpFuzzTest.TalkerCapabilitiesMask ......................   Passed    0.02 sec
2026-09-22T08:04:40.0624082Z         Start 216: AdpFuzzTest.ListenerCapabilitiesMask
2026-09-22T08:04:40.0820114Z 216/292 Test #216: AdpFuzzTest.ListenerCapabilitiesMask ....................   Passed    0.02 sec
2026-09-22T08:04:40.0821490Z         Start 217: AdpFuzzTest.ControllerCapabilitiesMask
2026-09-22T08:04:40.0995899Z 217/292 Test #217: AdpFuzzTest.ControllerCapabilitiesMask ..................   Passed    0.02 sec
2026-09-22T08:04:40.0997094Z         Start 218: AdpFuzzTest.ReservedFieldsAreFixed
2026-09-22T08:04:40.1162307Z 218/292 Test #218: AdpFuzzTest.ReservedFieldsAreFixed ......................   Passed    0.02 sec
2026-09-22T08:04:40.1163401Z         Start 219: AdpFuzzTest.InterfaceCount
2026-09-22T08:04:40.1316985Z 219/292 Test #219: AdpFuzzTest.InterfaceCount ..............................   Passed    0.02 sec
2026-09-22T08:04:40.1317741Z         Start 220: AdpFuzzTest.IfDataDirection
2026-09-22T08:04:40.1506954Z 220/292 Test #220: AdpFuzzTest.IfDataDirection .............................   Passed    0.02 sec
2026-09-22T08:04:40.1508203Z         Start 221: AdpFuzzTest.IfDataHas20VarRefs
2026-09-22T08:04:40.1663287Z 221/292 Test #221: AdpFuzzTest.IfDataHas20VarRefs ..........................   Passed    0.02 sec
2026-09-22T08:04:40.1664305Z         Start 222: AdpFuzzTest.IfDataFirstVarRefIsMessageType
2026-09-22T08:04:40.1833651Z 222/292 Test #222: AdpFuzzTest.IfDataFirstVarRefIsMessageType ..............   Passed    0.02 sec
2026-09-22T08:04:40.1834825Z         Start 223: AdpFuzzTest.IfDataLastVarRefIsReserved1
2026-09-22T08:04:40.2024023Z 223/292 Test #223: AdpFuzzTest.IfDataLastVarRefIsReserved1 .................   Passed    0.02 sec
2026-09-22T08:04:40.2025252Z         Start 224: AdpFuzzTest.FullAdpPacketIs67Bytes
2026-09-22T08:04:40.2207251Z 224/292 Test #224: AdpFuzzTest.FullAdpPacketIs67Bytes ......................   Passed    0.02 sec
2026-09-22T08:04:40.2208322Z         Start 225: AdpFuzzTest.MessageTypeAlwaysValid
2026-09-22T08:04:40.2425438Z 225/292 Test #225: AdpFuzzTest.MessageTypeAlwaysValid ......................   Passed    0.02 sec
2026-09-22T08:04:40.2426528Z         Start 226: AdpFuzzTest.ValidTimeAlwaysInRange
2026-09-22T08:04:40.2708280Z 226/292 Test #226: AdpFuzzTest.ValidTimeAlwaysInRange ......................   Passed    0.03 sec
2026-09-22T08:04:40.2723988Z         Start 227: AdpFuzzTest.ControlDataLengthAlways56
2026-09-22T08:04:40.2894461Z 227/292 Test #227: AdpFuzzTest.ControlDataLengthAlways56 ...................   Passed    0.02 sec
2026-09-22T08:04:40.2895529Z         Start 228: AdpFuzzTest.TalkerCapsRespectMask
2026-09-22T08:04:40.3106004Z 228/292 Test #228: AdpFuzzTest.TalkerCapsRespectMask .......................   Passed    0.02 sec
2026-09-22T08:04:40.3106974Z         Start 229: AdpFuzzTest.ListenerCapsRespectMask
2026-09-22T08:04:40.3310436Z 229/292 Test #229: AdpFuzzTest.ListenerCapsRespectMask .....................   Passed    0.02 sec
2026-09-22T08:04:40.3311417Z         Start 230: AdpFuzzTest.ControllerCapsRespectMask
2026-09-22T08:04:40.3523341Z 230/292 Test #230: AdpFuzzTest.ControllerCapsRespectMask ...................   Passed    0.02 sec
2026-09-22T08:04:40.3524532Z         Start 231: AdpFuzzTest.ReservedFieldsAlwaysZero
2026-09-22T08:04:40.3698188Z 231/292 Test #231: AdpFuzzTest.ReservedFieldsAlwaysZero ....................   Passed    0.02 sec
2026-09-22T08:04:40.3699352Z         Start 232: AdpFuzzTest.AvailableIndexAlwaysValid
2026-09-22T08:04:40.3876159Z 232/292 Test #232: AdpFuzzTest.AvailableIndexAlwaysValid ...................   Passed    0.02 sec
2026-09-22T08:04:40.3877193Z         Start 233: AdpFuzzTest.VarCount
2026-09-22T08:04:40.3920091Z 233/292 Test #233: AdpFuzzTest.VarCount ....................................   Passed    0.00 sec
2026-09-22T08:04:40.3920984Z         Start 234: AdpFuzzTest.MessageTypeConstraints
2026-09-22T08:04:40.3970864Z 234/292 Test #234: AdpFuzzTest.MessageTypeConstraints ......................   Passed    0.00 sec
2026-09-22T08:04:40.3971883Z         Start 235: AdpFuzzTest.ValidTimeRangeConstraint
2026-09-22T08:04:40.4013945Z 235/292 Test #235: AdpFuzzTest.ValidTimeRangeConstraint ....................   Passed    0.00 sec
2026-09-22T08:04:40.4014847Z         Start 236: AdpFuzzTest.ControlDataLengthFixed
2026-09-22T08:04:40.4049769Z 236/292 Test #236: AdpFuzzTest.ControlDataLengthFixed ......................   Passed    0.00 sec
2026-09-22T08:04:40.4051020Z         Start 237: AdpFuzzTest.TalkerCapabilitiesMask
2026-09-22T08:04:40.4084659Z 237/292 Test #237: AdpFuzzTest.TalkerCapabilitiesMask ......................   Passed    0.00 sec
2026-09-22T08:04:40.4085684Z         Start 238: AdpFuzzTest.ListenerCapabilitiesMask
2026-09-22T08:04:40.4119012Z 238/292 Test #238: AdpFuzzTest.ListenerCapabilitiesMask ....................   Passed    0.00 sec
2026-09-22T08:04:40.4120315Z         Start 239: AdpFuzzTest.ControllerCapabilitiesMask
2026-09-22T08:04:40.4170748Z 239/292 Test #239: AdpFuzzTest.ControllerCapabilitiesMask ..................   Passed    0.00 sec
2026-09-22T08:04:40.4171593Z         Start 240: AdpFuzzTest.ReservedFieldsAreFixed
2026-09-22T08:04:40.4205537Z 240/292 Test #240: AdpFuzzTest.ReservedFieldsAreFixed ......................   Passed    0.00 sec
2026-09-22T08:04:40.4206363Z         Start 241: AdpFuzzTest.InterfaceCount
2026-09-22T08:04:40.4239827Z 241/292 Test #241: AdpFuzzTest.InterfaceCount ..............................   Passed    0.00 sec
2026-09-22T08:04:40.4240800Z         Start 242: AdpFuzzTest.IfDataDirection
2026-09-22T08:04:40.4273638Z 242/292 Test #242: AdpFuzzTest.IfDataDirection .............................   Passed    0.00 sec
2026-09-22T08:04:40.4274413Z         Start 243: AdpFuzzTest.IfDataHas20VarRefs
2026-09-22T08:04:40.4307540Z 243/292 Test #243: AdpFuzzTest.IfDataHas20VarRefs ..........................   Passed    0.00 sec
2026-09-22T08:04:40.4308328Z         Start 244: AdpFuzzTest.IfDataFirstVarRefIsMessageType
2026-09-22T08:04:40.4343123Z 244/292 Test #244: AdpFuzzTest.IfDataFirstVarRefIsMessageType ..............   Passed    0.00 sec
2026-09-22T08:04:40.4344112Z         Start 245: AdpFuzzTest.IfDataLastVarRefIsReserved1
2026-09-22T08:04:40.4376889Z 245/292 Test #245: AdpFuzzTest.IfDataLastVarRefIsReserved1 .................   Passed    0.00 sec
2026-09-22T08:04:40.4377782Z         Start 246: AdpFuzzTest.FullAdpPacketIs67Bytes
2026-09-22T08:04:40.4419904Z 246/292 Test #246: AdpFuzzTest.FullAdpPacketIs67Bytes ......................   Passed    0.00 sec
2026-09-22T08:04:40.4420838Z         Start 247: AdpFuzzTest.MessageTypeAlwaysValid
2026-09-22T08:04:40.4460427Z 247/292 Test #247: AdpFuzzTest.MessageTypeAlwaysValid ......................   Passed    0.00 sec
2026-09-22T08:04:40.4461509Z         Start 248: AdpFuzzTest.ValidTimeAlwaysInRange
2026-09-22T08:04:40.4500569Z 248/292 Test #248: AdpFuzzTest.ValidTimeAlwaysInRange ......................   Passed    0.00 sec
2026-09-22T08:04:40.4501934Z         Start 249: AdpFuzzTest.ControlDataLengthAlways56
2026-09-22T08:04:40.4537711Z 249/292 Test #249: AdpFuzzTest.ControlDataLengthAlways56 ...................   Passed    0.00 sec
2026-09-22T08:04:40.4538654Z         Start 250: AdpFuzzTest.TalkerCapsRespectMask
2026-09-22T08:04:40.4580651Z 250/292 Test #250: AdpFuzzTest.TalkerCapsRespectMask .......................   Passed    0.00 sec
2026-09-22T08:04:40.4581492Z         Start 251: AdpFuzzTest.ListenerCapsRespectMask
2026-09-22T08:04:40.4625426Z 251/292 Test #251: AdpFuzzTest.ListenerCapsRespectMask .....................   Passed    0.00 sec
2026-09-22T08:04:40.4626504Z         Start 252: AdpFuzzTest.ControllerCapsRespectMask
2026-09-22T08:04:40.4669784Z 252/292 Test #252: AdpFuzzTest.ControllerCapsRespectMask ...................   Passed    0.00 sec
2026-09-22T08:04:40.4670913Z         Start 253: AdpFuzzTest.ReservedFieldsAlwaysZero
2026-09-22T08:04:40.4711489Z 253/292 Test #253: AdpFuzzTest.ReservedFieldsAlwaysZero ....................   Passed    0.00 sec
2026-09-22T08:04:40.4712338Z         Start 254: AdpFuzzTest.AvailableIndexAlwaysValid
2026-09-22T08:04:40.4750895Z 254/292 Test #254: AdpFuzzTest.AvailableIndexAlwaysValid ...................   Passed    0.00 sec
2026-09-22T08:04:40.4751814Z         Start 255: PtpFlags.SyncModelPermitsOnlyTwoStepFlag
2026-09-22T08:04:40.4873605Z 255/292 Test #255: PtpFlags.SyncModelPermitsOnlyTwoStepFlag ................   Passed    0.01 sec
2026-09-22T08:04:40.4874517Z         Start 256: PtpFlags.FollowUpModelPermitsOnlyAllFlagsClear
2026-09-22T08:04:40.4995435Z 256/292 Test #256: PtpFlags.FollowUpModelPermitsOnlyAllFlagsClear ..........   Passed    0.01 sec
2026-09-22T08:04:40.4996559Z         Start 257: PtpFlags.PdelayModelsKeepTheirStrictFlags
2026-09-22T08:04:40.5113251Z 257/292 Test #257: PtpFlags.PdelayModelsKeepTheirStrictFlags ...............   Passed    0.01 sec
2026-09-22T08:04:40.5114383Z         Start 258: PtpFlags.NoMediaDependentModelPermitsPtpTimescale
2026-09-22T08:04:40.5232878Z 258/292 Test #258: PtpFlags.NoMediaDependentModelPermitsPtpTimescale .......   Passed    0.01 sec
2026-09-22T08:04:40.5233889Z         Start 259: PtpFlags.GeneratedSyncFramesCarryTwoStepFlagOnly
2026-09-22T08:04:40.5436751Z 259/292 Test #259: PtpFlags.GeneratedSyncFramesCarryTwoStepFlagOnly ........   Passed    0.02 sec
2026-09-22T08:04:40.5437753Z         Start 260: PtpFlags.GeneratedFollowUpFramesCarryNoFlags
2026-09-22T08:04:40.5670505Z 260/292 Test #260: PtpFlags.GeneratedFollowUpFramesCarryNoFlags ............   Passed    0.02 sec
2026-09-22T08:04:40.5671476Z         Start 261: PtpFlags.GeneratedPdelayFramesKeepTheirStrictFlags
2026-09-22T08:04:40.6081619Z 261/292 Test #261: PtpFlags.GeneratedPdelayFramesKeepTheirStrictFlags ......   Passed    0.04 sec
2026-09-22T08:04:40.6082841Z         Start 262: PtpFlags.GeneratedFramesMatchTheirModelsFlags
2026-09-22T08:04:40.6532355Z 262/292 Test #262: PtpFlags.GeneratedFramesMatchTheirModelsFlags ...........   Passed    0.04 sec
2026-09-22T08:04:40.6533638Z         Start 263: PtpFlags.DecoderRecoversOutOfProfileFlagsVerbatim
2026-09-22T08:04:40.6663285Z 263/292 Test #263: PtpFlags.DecoderRecoversOutOfProfileFlagsVerbatim .......   Passed    0.01 sec
2026-09-22T08:04:40.6664327Z         Start 264: PtpFlags.DecodingDoesNotApplyTheTransmitConstraint
2026-09-22T08:04:40.6788357Z 264/292 Test #264: PtpFlags.DecodingDoesNotApplyTheTransmitConstraint ......   Passed    0.01 sec
2026-09-22T08:04:40.6789178Z         Start 265: PtpFlags.SyncModelPermitsOnlyTwoStepFlag
2026-09-22T08:04:40.7240981Z 265/292 Test #265: PtpFlags.SyncModelPermitsOnlyTwoStepFlag ................   Passed    0.04 sec
2026-09-22T08:04:40.7242202Z         Start 266: PtpFlags.FollowUpModelPermitsOnlyAllFlagsClear
2026-09-22T08:04:40.7621515Z 266/292 Test #266: PtpFlags.FollowUpModelPermitsOnlyAllFlagsClear ..........   Passed    0.04 sec
2026-09-22T08:04:40.7622852Z         Start 267: PtpFlags.PdelayModelsKeepTheirStrictFlags
2026-09-22T08:04:40.8047570Z 267/292 Test #267: PtpFlags.PdelayModelsKeepTheirStrictFlags ...............   Passed    0.04 sec
2026-09-22T08:04:40.8049085Z         Start 268: PtpFlags.NoMediaDependentModelPermitsPtpTimescale
2026-09-22T08:04:40.8421989Z 268/292 Test #268: PtpFlags.NoMediaDependentModelPermitsPtpTimescale .......   Passed    0.04 sec
2026-09-22T08:04:40.8423311Z         Start 269: PtpFlags.GeneratedSyncFramesCarryTwoStepFlagOnly
2026-09-22T08:04:40.9030296Z 269/292 Test #269: PtpFlags.GeneratedSyncFramesCarryTwoStepFlagOnly ........   Passed    0.06 sec
2026-09-22T08:04:40.9031282Z         Start 270: PtpFlags.GeneratedFollowUpFramesCarryNoFlags
2026-09-22T08:04:40.9805967Z 270/292 Test #270: PtpFlags.GeneratedFollowUpFramesCarryNoFlags ............   Passed    0.08 sec
2026-09-22T08:04:40.9807908Z         Start 271: PtpFlags.GeneratedPdelayFramesKeepTheirStrictFlags
2026-09-22T08:04:41.0620039Z 271/292 Test #271: PtpFlags.GeneratedPdelayFramesKeepTheirStrictFlags ......   Passed    0.08 sec
2026-09-22T08:04:41.0621063Z         Start 272: PtpFlags.GeneratedFramesMatchTheirModelsFlags
2026-09-22T08:04:41.1593076Z 272/292 Test #272: PtpFlags.GeneratedFramesMatchTheirModelsFlags ...........   Passed    0.10 sec
2026-09-22T08:04:41.1594293Z         Start 273: PtpFlags.DecoderRecoversOutOfProfileFlagsVerbatim
2026-09-22T08:04:41.1943544Z 273/292 Test #273: PtpFlags.DecoderRecoversOutOfProfileFlagsVerbatim .......   Passed    0.03 sec
2026-09-22T08:04:41.1944590Z         Start 274: PtpFlags.DecodingDoesNotApplyTheTransmitConstraint
2026-09-22T08:04:41.2331398Z 274/292 Test #274: PtpFlags.DecodingDoesNotApplyTheTransmitConstraint ......   Passed    0.04 sec
2026-09-22T08:04:41.2332741Z         Start 275: PtpFlags.SyncModelPermitsOnlyTwoStepFlag
2026-09-22T08:04:41.2465973Z 275/292 Test #275: PtpFlags.SyncModelPermitsOnlyTwoStepFlag ................   Passed    0.01 sec
2026-09-22T08:04:41.2467008Z         Start 276: PtpFlags.FollowUpModelPermitsOnlyAllFlagsClear
2026-09-22T08:04:41.2573732Z 276/292 Test #276: PtpFlags.FollowUpModelPermitsOnlyAllFlagsClear ..........   Passed    0.01 sec
2026-09-22T08:04:41.2574588Z         Start 277: PtpFlags.PdelayModelsKeepTheirStrictFlags
2026-09-22T08:04:41.2671880Z 277/292 Test #277: PtpFlags.PdelayModelsKeepTheirStrictFlags ...............   Passed    0.01 sec
2026-09-22T08:04:41.2673024Z         Start 278: PtpFlags.NoMediaDependentModelPermitsPtpTimescale
2026-09-22T08:04:41.2768691Z 278/292 Test #278: PtpFlags.NoMediaDependentModelPermitsPtpTimescale .......   Passed    0.01 sec
2026-09-22T08:04:41.2769838Z         Start 279: PtpFlags.GeneratedSyncFramesCarryTwoStepFlagOnly
2026-09-22T08:04:41.2919951Z 279/292 Test #279: PtpFlags.GeneratedSyncFramesCarryTwoStepFlagOnly ........   Passed    0.01 sec
2026-09-22T08:04:41.2921108Z         Start 280: PtpFlags.GeneratedFollowUpFramesCarryNoFlags
2026-09-22T08:04:41.3087847Z 280/292 Test #280: PtpFlags.GeneratedFollowUpFramesCarryNoFlags ............   Passed    0.02 sec
2026-09-22T08:04:41.3089190Z         Start 281: PtpFlags.GeneratedPdelayFramesKeepTheirStrictFlags
2026-09-22T08:04:41.3366813Z 281/292 Test #281: PtpFlags.GeneratedPdelayFramesKeepTheirStrictFlags ......   Passed    0.03 sec
2026-09-22T08:04:41.3367821Z         Start 282: PtpFlags.GeneratedFramesMatchTheirModelsFlags
2026-09-22T08:04:41.3639328Z 282/292 Test #282: PtpFlags.GeneratedFramesMatchTheirModelsFlags ...........   Passed    0.03 sec
2026-09-22T08:04:41.3640339Z         Start 283: PtpFlags.DecoderRecoversOutOfProfileFlagsVerbatim
2026-09-22T08:04:41.3737186Z 283/292 Test #283: PtpFlags.DecoderRecoversOutOfProfileFlagsVerbatim .......   Passed    0.01 sec
2026-09-22T08:04:41.3738343Z         Start 284: PtpFlags.DecodingDoesNotApplyTheTransmitConstraint
2026-09-22T08:04:41.3832094Z 284/292 Test #284: PtpFlags.DecodingDoesNotApplyTheTransmitConstraint ......   Passed    0.01 sec
2026-09-22T08:04:41.3833227Z         Start 285: corpus_validates
2026-09-22T08:04:41.3905325Z 285/292 Test #285: corpus_validates ........................................   Passed    0.01 sec
2026-09-22T08:04:41.3906553Z         Start 286: sanitizer_probe-test.clean
2026-09-22T08:04:41.3921563Z 286/292 Test #286: sanitizer_probe-test.clean ..............................   Passed    0.00 sec
2026-09-22T08:04:41.3922318Z         Start 287: sanitizer_probe-test_ASAN.clean
2026-09-22T08:04:41.4014151Z 287/292 Test #287: sanitizer_probe-test_ASAN.clean .........................   Passed    0.01 sec
2026-09-22T08:04:41.4015004Z         Start 288: sanitizer_probe-test_UBSAN.clean
2026-09-22T08:04:41.4031559Z 288/292 Test #288: sanitizer_probe-test_UBSAN.clean ........................   Passed    0.00 sec
2026-09-22T08:04:41.4033146Z         Start 289: sanitizer_probe-test_ASAN.library-heap-overflow
2026-09-22T08:04:41.7273476Z 289/292 Test #289: sanitizer_probe-test_ASAN.library-heap-overflow .........   Passed    0.32 sec
2026-09-22T08:04:41.7319109Z         Start 290: sanitizer_probe-test_ASAN.consumer-heap-overflow
2026-09-22T08:04:41.7574595Z 290/292 Test #290: sanitizer_probe-test_ASAN.consumer-heap-overflow ........   Passed    0.02 sec
2026-09-22T08:04:41.7580224Z         Start 291: sanitizer_probe-test_UBSAN.library-signed-overflow
2026-09-22T08:04:41.7881896Z 291/292 Test #291: sanitizer_probe-test_UBSAN.library-signed-overflow ......   Passed    0.03 sec
2026-09-22T08:04:41.7883128Z         Start 292: sanitizer_probe-test_UBSAN.consumer-signed-overflow
2026-09-22T08:04:41.7926310Z 292/292 Test #292: sanitizer_probe-test_UBSAN.consumer-signed-overflow .....   Passed    0.00 sec
2026-09-22T08:04:41.7931294Z 
2026-09-22T08:04:41.7931514Z 100% tests passed, 0 tests failed out of 292
2026-09-22T08:04:41.7931865Z 
2026-09-22T08:04:41.7932087Z Total Test time (real) =   3.37 sec
2026-09-22T08:04:41.8402878Z ##[group]Run ./tests/run-tests-behave.sh
2026-09-22T08:04:41.8403357Z [36;1m./tests/run-tests-behave.sh[0m
2026-09-22T08:04:41.8428266Z shell: /usr/bin/bash -e {0}
2026-09-22T08:04:41.8428645Z ##[endgroup]
2026-09-22T08:04:46.2154323Z *** behave: /home/runner/work/tsn-gen/tsn-gen/traffic-gen/tests/aecp_behave/features
2026-09-22T08:04:46.3213271Z USING RUNNER: behave.runner:Runner
2026-09-22T08:04:46.3214055Z Feature: AECP AEM ACQUIRE_ENTITY and LOCK_ENTITY PDU generation # ../traffic-gen/tests/aecp_behave/features/aecp_acquire_lock_entity.feature:6
2026-09-22T08:04:46.3214580Z 
2026-09-22T08:04:46.3215046Z   Feature: AECP AEM ACQUIRE_ENTITY and LOCK_ENTITY PDU generation  # ../traffic-gen/tests/aecp_behave/features/aecp_acquire_lock_entity.feature:6
2026-09-22T08:04:46.3215730Z 
2026-09-22T08:04:46.3216552Z   Scenario: ACQUIRE_ENTITY command_type is always 0                                               # ../traffic-gen/tests/aecp_behave/features/aecp_acquire_lock_entity.feature:15
2026-09-22T08:04:46.3217541Z     Given the AECP protocol directory is loaded                                                   # ../traffic-gen/tests/aecp_behave/features/steps/packet_steps.py:17
2026-09-22T08:04:46.3224787Z     Given the interface "atdecc_aecp_acquire_entity::AECP_ACQUIRE_ENTITY::AECP_ACQUIRE_ENTITY_IF" # ../traffic-gen/tests/aecp_behave/features/steps/packet_steps.py:24
2026-09-22T08:04:46.3225921Z     When I generate 200 packets with seed 10                                                      # ../traffic-gen/tests/aecp_behave/features/steps/packet_steps.py:62
2026-09-22T08:04:46.3336430Z     Then the field "command_type" always equals 0                                                 # ../traffic-gen/tests/aecp_behave/features/steps/packet_steps.py:95
2026-09-22T08:04:46.3340383Z 
2026-09-22T08:04:46.3341271Z   Scenario: ACQUIRE_ENTITY acquire_entity_flags respects PERSISTENT|RELEASE mask                  # ../traffic-gen/tests/aecp_behave/features/aecp_acquire_lock_entity.feature:20
2026-09-22T08:04:46.3342882Z     Given the AECP protocol directory is loaded                                                   # ../traffic-gen/tests/aecp_behave/features/steps/packet_steps.py:17
2026-09-22T08:04:46.3344503Z     Given the interface "atdecc_aecp_acquire_entity::AECP_ACQUIRE_ENTITY::AECP_ACQUIRE_ENTITY_IF" # ../traffic-gen/tests/aecp_behave/features/steps/packet_steps.py:24
2026-09-22T08:04:46.3345992Z     When I generate 500 packets with seed 11                                                      # ../traffic-gen/tests/aecp_behave/features/steps/packet_steps.py:62
2026-09-22T08:04:46.3528614Z     Then the field "acquire_entity_flags" always satisfies mask 0xC0000000                        # ../traffic-gen/tests/aecp_behave/features/steps/packet_steps.py:126
2026-09-22T08:04:46.3534195Z 
2026-09-22T08:04:46.3535022Z   Scenario: ACQUIRE_ENTITY descriptor_type is a valid IEEE 1722.1 descriptor                      # ../traffic-gen/tests/aecp_behave/features/aecp_acquire_lock_entity.feature:25
2026-09-22T08:04:46.3536543Z     Given the AECP protocol directory is loaded                                                   # ../traffic-gen/tests/aecp_behave/features/steps/packet_steps.py:17
2026-09-22T08:04:46.3538085Z     Given the interface "atdecc_aecp_acquire_entity::AECP_ACQUIRE_ENTITY::AECP_ACQUIRE_ENTITY_IF" # ../traffic-gen/tests/aecp_behave/features/steps/packet_steps.py:24
2026-09-22T08:04:46.3539567Z     When I generate 500 packets with seed 12                                                      # ../traffic-gen/tests/aecp_behave/features/steps/packet_steps.py:62
2026-09-22T08:04:46.3714610Z     Then the field "descriptor_type" is always in range [0, 37]                                   # ../traffic-gen/tests/aecp_behave/features/steps/packet_steps.py:116
2026-09-22T08:04:46.3719230Z 
2026-09-22T08:04:46.3719910Z   Scenario: ACQUIRE_ENTITY message_type is AEM_COMMAND or AEM_RESPONSE                            # ../traffic-gen/tests/aecp_behave/features/aecp_acquire_lock_entity.feature:30
2026-09-22T08:04:46.3721528Z     Given the AECP protocol directory is loaded                                                   # ../traffic-gen/tests/aecp_behave/features/steps/packet_steps.py:17
2026-09-22T08:04:46.3722969Z     Given the interface "atdecc_aecp_acquire_entity::AECP_ACQUIRE_ENTITY::AECP_ACQUIRE_ENTITY_IF" # ../traffic-gen/tests/aecp_behave/features/steps/packet_steps.py:24
2026-09-22T08:04:46.3723914Z     When I generate 500 packets with seed 13                                                      # ../traffic-gen/tests/aecp_behave/features/steps/packet_steps.py:62
2026-09-22T08:04:46.3902284Z     Then the field "message_type" is always one of [0, 1]                                         # ../traffic-gen/tests/aecp_behave/features/steps/packet_steps.py:137
2026-09-22T08:04:46.3907230Z 
2026-09-22T08:04:46.3907921Z   Scenario: ACQUIRE_ENTITY control_data_length is always 36                                       # ../traffic-gen/tests/aecp_behave/features/aecp_acquire_lock_entity.feature:35
2026-09-22T08:04:46.3910043Z     Given the AECP protocol directory is loaded                                                   # ../traffic-gen/tests/aecp_behave/features/steps/packet_steps.py:17
2026-09-22T08:04:46.3911729Z     Given the interface "atdecc_aecp_acquire_entity::AECP_ACQUIRE_ENTITY::AECP_ACQUIRE_ENTITY_IF" # ../traffic-gen/tests/aecp_behave/features/steps/packet_steps.py:24
2026-09-22T08:04:46.3912929Z     When I generate 100 packets with seed 14                                                      # ../traffic-gen/tests/aecp_behave/features/steps/packet_steps.py:62
2026-09-22T08:04:46.3996208Z     Then the field "control_data_length" always equals 36                                         # ../traffic-gen/tests/aecp_behave/features/steps/packet_steps.py:95
2026-09-22T08:04:46.3999227Z 
2026-09-22T08:04:46.3999926Z   Scenario: ACQUIRE_ENTITY packet is 39 bytes (308 bits padded)                                   # ../traffic-gen/tests/aecp_behave/features/aecp_acquire_lock_entity.feature:40
2026-09-22T08:04:46.4001429Z     Given the AECP protocol directory is loaded                                                   # ../traffic-gen/tests/aecp_behave/features/steps/packet_steps.py:17
2026-09-22T08:04:46.4003042Z     Given the interface "atdecc_aecp_acquire_entity::AECP_ACQUIRE_ENTITY::AECP_ACQUIRE_ENTITY_IF" # ../traffic-gen/tests/aecp_behave/features/steps/packet_steps.py:24
2026-09-22T08:04:46.4004401Z     When I generate 50 packets with seed 15                                                       # ../traffic-gen/tests/aecp_behave/features/steps/packet_steps.py:62
2026-09-22T08:04:46.4075951Z     Then the packet size is always 39 bytes                                                       # ../traffic-gen/tests/aecp_behave/features/steps/packet_steps.py:148
2026-09-22T08:04:46.4078787Z 
2026-09-22T08:04:46.4079444Z   Scenario: LOCK_ENTITY command_type is always 1                                         # ../traffic-gen/tests/aecp_behave/features/aecp_acquire_lock_entity.feature:49
2026-09-22T08:04:46.4080892Z     Given the AECP protocol directory is loaded                                          # ../traffic-gen/tests/aecp_behave/features/steps/packet_steps.py:17
2026-09-22T08:04:46.4082479Z     Given the interface "atdecc_aecp_lock_entity::AECP_LOCK_ENTITY::AECP_LOCK_ENTITY_IF" # ../traffic-gen/tests/aecp_behave/features/steps/packet_steps.py:24
2026-09-22T08:04:46.4084004Z     When I generate 200 packets with seed 20                                             # ../traffic-gen/tests/aecp_behave/features/steps/packet_steps.py:62
2026-09-22T08:04:46.4189032Z     Then the field "command_type" always equals 1                                        # ../traffic-gen/tests/aecp_behave/features/steps/packet_steps.py:95
2026-09-22T08:04:46.4192472Z 
2026-09-22T08:04:46.4193115Z   Scenario: LOCK_ENTITY lock_entity_flags respects UNLOCK mask                           # ../traffic-gen/tests/aecp_behave/features/aecp_acquire_lock_entity.feature:54
2026-09-22T08:04:46.4194541Z     Given the AECP protocol directory is loaded                                          # ../traffic-gen/tests/aecp_behave/features/steps/packet_steps.py:17
2026-09-22T08:04:46.4195751Z     Given the interface "atdecc_aecp_lock_entity::AECP_LOCK_ENTITY::AECP_LOCK_ENTITY_IF" # ../traffic-gen/tests/aecp_behave/features/steps/packet_steps.py:24
2026-09-22T08:04:46.4196764Z     When I generate 500 packets with seed 21                                             # ../traffic-gen/tests/aecp_behave/features/steps/packet_steps.py:62
2026-09-22T08:04:46.4386698Z     Then the field "lock_entity_flags" always satisfies mask 0x80000000                  # ../traffic-gen/tests/aecp_behave/features/steps/packet_steps.py:126
2026-09-22T08:04:46.4390895Z 
2026-09-22T08:04:46.4391655Z   Scenario: LOCK_ENTITY descriptor_type is a valid IEEE 1722.1 descriptor                # ../traffic-gen/tests/aecp_behave/features/aecp_acquire_lock_entity.feature:59
2026-09-22T08:04:46.4393195Z     Given the AECP protocol directory is loaded                                          # ../traffic-gen/tests/aecp_behave/features/steps/packet_steps.py:17
2026-09-22T08:04:46.4394461Z     Given the interface "atdecc_aecp_lock_entity::AECP_LOCK_ENTITY::AECP_LOCK_ENTITY_IF" # ../traffic-gen/tests/aecp_behave/features/steps/packet_steps.py:24
2026-09-22T08:04:46.4395708Z     When I generate 500 packets with seed 22                                             # ../traffic-gen/tests/aecp_behave/features/steps/packet_steps.py:62
2026-09-22T08:04:46.4575429Z     Then the field "descriptor_type" is always in range [0, 37]                          # ../traffic-gen/tests/aecp_behave/features/steps/packet_steps.py:116
2026-09-22T08:04:46.4579738Z 
2026-09-22T08:04:46.4580458Z   Scenario: LOCK_ENTITY control_data_length is always 36                                 # ../traffic-gen/tests/aecp_behave/features/aecp_acquire_lock_entity.feature:64
2026-09-22T08:04:46.4581812Z     Given the AECP protocol directory is loaded                                          # ../traffic-gen/tests/aecp_behave/features/steps/packet_steps.py:17
2026-09-22T08:04:46.4583145Z     Given the interface "atdecc_aecp_lock_entity::AECP_LOCK_ENTITY::AECP_LOCK_ENTITY_IF" # ../traffic-gen/tests/aecp_behave/features/steps/packet_steps.py:24
2026-09-22T08:04:46.4584216Z     When I generate 100 packets with seed 23                                             # ../traffic-gen/tests/aecp_behave/features/steps/packet_steps.py:62
2026-09-22T08:04:46.4668074Z     Then the field "control_data_length" always equals 36                                # ../traffic-gen/tests/aecp_behave/features/steps/packet_steps.py:95
2026-09-22T08:04:46.4671025Z 
2026-09-22T08:04:46.4671817Z   Scenario: ACQUIRE_ENTITY packets are written to a pcap capture file                             # ../traffic-gen/tests/aecp_behave/features/aecp_acquire_lock_entity.feature:73
2026-09-22T08:04:46.4673338Z     Given the AECP protocol directory is loaded                                                   # ../traffic-gen/tests/aecp_behave/features/steps/packet_steps.py:17
2026-09-22T08:04:46.4674827Z     Given the interface "atdecc_aecp_acquire_entity::AECP_ACQUIRE_ENTITY::AECP_ACQUIRE_ENTITY_IF" # ../traffic-gen/tests/aecp_behave/features/steps/packet_steps.py:24
2026-09-22T08:04:46.4676310Z     When I generate 10 packets with seed 30 to pcap file "/tmp/aecp_acquire.pcap"                 # ../traffic-gen/tests/aecp_behave/features/steps/packet_steps.py:72
2026-09-22T08:04:46.4740914Z     Then the pcap file "/tmp/aecp_acquire.pcap" exists                                            # ../traffic-gen/tests/aecp_behave/features/steps/packet_steps.py:232
2026-09-22T08:04:46.4742237Z     And the pcap file "/tmp/aecp_acquire.pcap" contains 10 packets                                # ../traffic-gen/tests/aecp_behave/features/steps/packet_steps.py:237
2026-09-22T08:04:46.4744287Z 
2026-09-22T08:04:46.4746947Z Feature: AECP AEM audio mapping PDU generation # ../traffic-gen/tests/aecp_behave/features/aecp_audio_mapping.feature:7
2026-09-22T08:04:46.4747596Z 
2026-09-22T08:04:46.4748220Z   Feature: AECP AEM audio mapping PDU generation  # ../traffic-gen/tests/aecp_behave/features/aecp_audio_mapping.feature:7
2026-09-22T08:04:46.4748873Z 
2026-09-22T08:04:46.4749573Z   Scenario: GET_AUDIO_MAP command_type is always 43                                            # ../traffic-gen/tests/aecp_behave/features/aecp_audio_mapping.feature:16
2026-09-22T08:04:46.4750909Z     Given the AECP protocol directory is loaded                                                # ../traffic-gen/tests/aecp_behave/features/steps/packet_steps.py:17
2026-09-22T08:04:46.4752137Z     Given the interface "atdecc_aecp_get_audio_map::AECP_GET_AUDIO_MAP::AECP_GET_AUDIO_MAP_IF" # ../traffic-gen/tests/aecp_behave/features/steps/packet_steps.py:24
2026-09-22T08:04:46.4753285Z     When I generate 200 packets with seed 150                                                  # ../traffic-gen/tests/aecp_behave/features/steps/packet_steps.py:62
2026-09-22T08:04:46.4857756Z     Then the field "command_type" always equals 43                                             # ../traffic-gen/tests/aecp_behave/features/steps/packet_steps.py:95
2026-09-22T08:04:46.4860860Z 
2026-09-22T08:04:46.4861878Z   Scenario: GET_AUDIO_MAP control_data_length is always 28                                     # ../traffic-gen/tests/aecp_behave/features/aecp_audio_mapping.feature:21
2026-09-22T08:04:46.4863259Z     Given the AECP protocol directory is loaded                                                # ../traffic-gen/tests/aecp_behave/features/steps/packet_steps.py:17
2026-09-22T08:04:46.4864439Z     Given the interface "atdecc_aecp_get_audio_map::AECP_GET_AUDIO_MAP::AECP_GET_AUDIO_MAP_IF" # ../traffic-gen/tests/aecp_behave/features/steps/packet_steps.py:24
2026-09-22T08:04:46.4865475Z     When I generate 100 packets with seed 151                                                  # ../traffic-gen/tests/aecp_behave/features/steps/packet_steps.py:62
2026-09-22T08:04:46.4948614Z     Then the field "control_data_length" always equals 28                                      # ../traffic-gen/tests/aecp_behave/features/steps/packet_steps.py:95
2026-09-22T08:04:46.4951440Z 
2026-09-22T08:04:46.4952090Z   Scenario: GET_AUDIO_MAP reserved field is always zero                                        # ../traffic-gen/tests/aecp_behave/features/aecp_audio_mapping.feature:26
2026-09-22T08:04:46.4953636Z     Given the AECP protocol directory is loaded                                                # ../traffic-gen/tests/aecp_behave/features/steps/packet_steps.py:17
2026-09-22T08:04:46.4955631Z     Given the interface "atdecc_aecp_get_audio_map::AECP_GET_AUDIO_MAP::AECP_GET_AUDIO_MAP_IF" # ../traffic-gen/tests/aecp_behave/features/steps/packet_steps.py:24
2026-09-22T08:04:46.4956613Z     When I generate 200 packets with seed 152                                                  # ../traffic-gen/tests/aecp_behave/features/steps/packet_steps.py:62
2026-09-22T08:04:46.5061491Z     Then the field "reserved" always equals 0                                                  # ../traffic-gen/tests/aecp_behave/features/steps/packet_steps.py:95
2026-09-22T08:04:46.5065335Z 
2026-09-22T08:04:46.5066098Z   Scenario: GET_AUDIO_MAP descriptor_type is a valid IEEE 1722.1 descriptor                    # ../traffic-gen/tests/aecp_behave/features/aecp_audio_mapping.feature:31
2026-09-22T08:04:46.5067357Z     Given the AECP protocol directory is loaded                                                # ../traffic-gen/tests/aecp_behave/features/steps/packet_steps.py:17
2026-09-22T08:04:46.5068402Z     Given the interface "atdecc_aecp_get_audio_map::AECP_GET_AUDIO_MAP::AECP_GET_AUDIO_MAP_IF" # ../traffic-gen/tests/aecp_behave/features/steps/packet_steps.py:24
2026-09-22T08:04:46.5069520Z     When I generate 500 packets with seed 153                                                  # ../traffic-gen/tests/aecp_behave/features/steps/packet_steps.py:62
2026-09-22T08:04:46.5245096Z     Then the field "descriptor_type" is always in range [0, 37]                                # ../traffic-gen/tests/aecp_behave/features/steps/packet_steps.py:116
2026-09-22T08:04:46.5249714Z 
2026-09-22T08:04:46.5250986Z   Scenario: GET_AUDIO_MAP packet is 31 bytes (244 bits padded)                                 # ../traffic-gen/tests/aecp_behave/features/aecp_audio_mapping.feature:36
2026-09-22T08:04:46.5252001Z     Given the AECP protocol directory is loaded                                                # ../traffic-gen/tests/aecp_behave/features/steps/packet_steps.py:17
2026-09-22T08:04:46.5253316Z     Given the interface "atdecc_aecp_get_audio_map::AECP_GET_AUDIO_MAP::AECP_GET_AUDIO_MAP_IF" # ../traffic-gen/tests/aecp_behave/features/steps/packet_steps.py:24
2026-09-22T08:04:46.5254302Z     When I generate 50 packets with seed 154                                                   # ../traffic-gen/tests/aecp_behave/features/steps/packet_steps.py:62
2026-09-22T08:04:46.5325788Z     Then the packet size is always 31 bytes                                                    # ../traffic-gen/tests/aecp_behave/features/steps/packet_steps.py:148
2026-09-22T08:04:46.5328813Z 
2026-09-22T08:04:46.5329605Z   Scenario: Audio mappings command_type is ADD or REMOVE                                          # ../traffic-gen/tests/aecp_behave/features/aecp_audio_mapping.feature:45
2026-09-22T08:04:46.5331016Z     Given the AECP protocol directory is loaded                                                   # ../traffic-gen/tests/aecp_behave/features/steps/packet_steps.py:17
2026-09-22T08:04:46.5332495Z     Given the interface "atdecc_aecp_audio_mappings::AECP_AUDIO_MAPPINGS::AECP_AUDIO_MAPPINGS_IF" # ../traffic-gen/tests/aecp_behave/features/steps/packet_steps.py:24
2026-09-22T08:04:46.5333612Z     When I generate 500 packets with seed 160                                                     # ../traffic-gen/tests/aecp_behave/features/steps/packet_steps.py:62
2026-09-22T08:04:46.5537313Z     Then the field "command_type" is always one of [44, 45]                                       # ../traffic-gen/tests/aecp_behave/features/steps/packet_steps.py:137
2026-09-22T08:04:46.5542032Z 
2026-09-22T08:04:46.5542737Z   Scenario: Audio mappings number_of_mappings is always 1                                         # ../traffic-gen/tests/aecp_behave/features/aecp_audio_mapping.feature:50
2026-09-22T08:04:46.5543680Z     Given the AECP protocol directory is loaded                                                   # ../traffic-gen/tests/aecp_behave/features/steps/packet_steps.py:17
2026-09-22T08:04:46.5545099Z     Given the interface "atdecc_aecp_audio_mappings::AECP_AUDIO_MAPPINGS::AECP_AUDIO_MAPPINGS_IF" # ../traffic-gen/tests/aecp_behave/features/steps/packet_steps.py:24
2026-09-22T08:04:46.5546614Z     When I generate 200 packets with seed 161                                                     # ../traffic-gen/tests/aecp_behave/features/steps/packet_steps.py:62
2026-09-22T08:04:46.5663450Z     Then the field "number_of_mappings" always equals 1                                           # ../traffic-gen/tests/aecp_behave/features/steps/packet_steps.py:95
2026-09-22T08:04:46.5667169Z 
2026-09-22T08:04:46.5667670Z   Scenario: Audio mappings control_data_length is always 36                                       # ../traffic-gen/tests/aecp_behave/features/aecp_audio_mapping.feature:55
2026-09-22T08:04:46.5668691Z     Given the AECP protocol directory is loaded                                                   # ../traffic-gen/tests/aecp_behave/features/steps/packet_steps.py:17
2026-09-22T08:04:46.5669780Z     Given the interface "atdecc_aecp_audio_mappings::AECP_AUDIO_MAPPINGS::AECP_AUDIO_MAPPINGS_IF" # ../traffic-gen/tests/aecp_behave/features/steps/packet_steps.py:24
2026-09-22T08:04:46.5670932Z     When I generate 100 packets with seed 162                                                     # ../traffic-gen/tests/aecp_behave/features/steps/packet_steps.py:62
2026-09-22T08:04:46.5760319Z     Then the field "control_data_length" always equals 36                                         # ../traffic-gen/tests/aecp_behave/features/steps/packet_steps.py:95
2026-09-22T08:04:46.5763900Z 
2026-09-22T08:04:46.5764442Z   Scenario: Audio mappings reserved field is always zero                                          # ../traffic-gen/tests/aecp_behave/features/aecp_audio_mapping.feature:60
2026-09-22T08:04:46.5765737Z     Given the AECP protocol directory is loaded                                                   # ../traffic-gen/tests/aecp_behave/features/steps/packet_steps.py:17
2026-09-22T08:04:46.5766851Z     Given the interface "atdecc_aecp_audio_mappings::AECP_AUDIO_MAPPINGS::AECP_AUDIO_MAPPINGS_IF" # ../traffic-gen/tests/aecp_behave/features/steps/packet_steps.py:24
2026-09-22T08:04:46.5767845Z     When I generate 200 packets with seed 163                                                     # ../traffic-gen/tests/aecp_behave/features/steps/packet_steps.py:62
2026-09-22T08:04:46.5887730Z     Then the field "reserved" always equals 0                                                     # ../traffic-gen/tests/aecp_behave/features/steps/packet_steps.py:95
2026-09-22T08:04:46.5891223Z 
2026-09-22T08:04:46.5891902Z   Scenario: Audio mappings descriptor_type is a valid IEEE 1722.1 descriptor                      # ../traffic-gen/tests/aecp_behave/features/aecp_audio_mapping.feature:65
2026-09-22T08:04:46.5893488Z     Given the AECP protocol directory is loaded                                                   # ../traffic-gen/tests/aecp_behave/features/steps/packet_steps.py:17
2026-09-22T08:04:46.5894602Z     Given the interface "atdecc_aecp_audio_mappings::AECP_AUDIO_MAPPINGS::AECP_AUDIO_MAPPINGS_IF" # ../traffic-gen/tests/aecp_behave/features/steps/packet_steps.py:24
2026-09-22T08:04:46.5895629Z     When I generate 500 packets with seed 164                                                     # ../traffic-gen/tests/aecp_behave/features/steps/packet_steps.py:62
2026-09-22T08:04:46.6105880Z     Then the field "descriptor_type" is always in range [0, 37]                                   # ../traffic-gen/tests/aecp_behave/features/steps/packet_steps.py:116
2026-09-22T08:04:46.6111256Z 
2026-09-22T08:04:46.6111792Z   Scenario: Audio mappings packet is 39 bytes (308 bits padded)                                   # ../traffic-gen/tests/aecp_behave/features/aecp_audio_mapping.feature:70
2026-09-22T08:04:46.6112999Z     Given the AECP protocol directory is loaded                                                   # ../traffic-gen/tests/aecp_behave/features/steps/packet_steps.py:17
2026-09-22T08:04:46.6114039Z     Given the interface "atdecc_aecp_audio_mappings::AECP_AUDIO_MAPPINGS::AECP_AUDIO_MAPPINGS_IF" # ../traffic-gen/tests/aecp_behave/features/steps/packet_steps.py:24
2026-09-22T08:04:46.6115135Z     When I generate 50 packets with seed 165                                                      # ../traffic-gen/tests/aecp_behave/features/steps/packet_steps.py:62
2026-09-22T08:04:46.6194447Z     Then the packet size is always 39 bytes                                                       # ../traffic-gen/tests/aecp_behave/features/steps/packet_steps.py:148
2026-09-22T08:04:46.6196863Z 
2026-09-22T08:04:46.6197553Z   Scenario: ADD_AUDIO_MAPPINGS packets are captured to a pcap file                                # ../traffic-gen/tests/aecp_behave/features/aecp_audio_mapping.feature:79
2026-09-22T08:04:46.6198876Z     Given the AECP protocol directory is loaded                                                   # ../traffic-gen/tests/aecp_behave/features/steps/packet_steps.py:17
2026-09-22T08:04:46.6200053Z     Given the interface "atdecc_aecp_audio_mappings::AECP_AUDIO_MAPPINGS::AECP_AUDIO_MAPPINGS_IF" # ../traffic-gen/tests/aecp_behave/features/steps/packet_steps.py:24
2026-09-22T08:04:46.6201121Z     When I generate 15 packets with seed 170 to pcap file "/tmp/aecp_audio_map.pcap"              # ../traffic-gen/tests/aecp_behave/features/steps/packet_steps.py:72
2026-09-22T08:04:46.6270069Z     Then the pcap file "/tmp/aecp_audio_map.pcap" exists                                          # ../traffic-gen/tests/aecp_behave/features/steps/packet_steps.py:232
2026-09-22T08:04:46.6271898Z     And the pcap file "/tmp/aecp_audio_map.pcap" contains 15 packets                              # ../traffic-gen/tests/aecp_behave/features/steps/packet_steps.py:237
2026-09-22T08:04:46.6274189Z 
2026-09-22T08:04:46.6276894Z Feature: AECP AEM descriptor operation PDU generation # ../traffic-gen/tests/aecp_behave/features/aecp_descriptor_ops.feature:8
2026-09-22T08:04:46.6277377Z 
2026-09-22T08:04:46.6277876Z   Feature: AECP AEM descriptor operation PDU generation  # ../traffic-gen/tests/aecp_behave/features/aecp_descriptor_ops.feature:8
2026-09-22T08:04:46.6278579Z 
2026-09-22T08:04:46.6279011Z   Scenario: READ_DESCRIPTOR command_type is always 4                                                 # ../traffic-gen/tests/aecp_behave/features/aecp_descriptor_ops.feature:17
2026-09-22T08:04:46.6280079Z     Given the AECP protocol directory is loaded                                                      # ../traffic-gen/tests/aecp_behave/features/steps/packet_steps.py:17
2026-09-22T08:04:46.6281215Z     Given the interface "atdecc_aecp_read_descriptor::AECP_READ_DESCRIPTOR::AECP_READ_DESCRIPTOR_IF" # ../traffic-gen/tests/aecp_behave/features/steps/packet_steps.py:24
2026-09-22T08:04:46.6282192Z     When I generate 200 packets with seed 40                                                         # ../traffic-gen/tests/aecp_behave/features/steps/packet_steps.py:62
2026-09-22T08:04:46.6386594Z     Then the field "command_type" always equals 4                                                    # ../traffic-gen/tests/aecp_behave/features/steps/packet_steps.py:95
2026-09-22T08:04:46.6390287Z 
2026-09-22T08:04:46.6390801Z   Scenario: READ_DESCRIPTOR control_data_length is always 28                                         # ../traffic-gen/tests/aecp_behave/features/aecp_descriptor_ops.feature:22
2026-09-22T08:04:46.6391834Z     Given the AECP protocol directory is loaded                                                      # ../traffic-gen/tests/aecp_behave/features/steps/packet_steps.py:17
2026-09-22T08:04:46.6393035Z     Given the interface "atdecc_aecp_read_descriptor::AECP_READ_DESCRIPTOR::AECP_READ_DESCRIPTOR_IF" # ../traffic-gen/tests/aecp_behave/features/steps/packet_steps.py:24
2026-09-22T08:04:46.6394254Z     When I generate 100 packets with seed 41                                                         # ../traffic-gen/tests/aecp_behave/features/steps/packet_steps.py:62
2026-09-22T08:04:46.6477181Z     Then the field "control_data_length" always equals 28                                            # ../traffic-gen/tests/aecp_behave/features/steps/packet_steps.py:95
2026-09-22T08:04:46.6480392Z 
2026-09-22T08:04:46.6480947Z   Scenario: READ_DESCRIPTOR reserved field is always zero                                            # ../traffic-gen/tests/aecp_behave/features/aecp_descriptor_ops.feature:27
2026-09-22T08:04:46.6481997Z     Given the AECP protocol directory is loaded                                                      # ../traffic-gen/tests/aecp_behave/features/steps/packet_steps.py:17
2026-09-22T08:04:46.6483460Z     Given the interface "atdecc_aecp_read_descriptor::AECP_READ_DESCRIPTOR::AECP_READ_DESCRIPTOR_IF" # ../traffic-gen/tests/aecp_behave/features/steps/packet_steps.py:24
2026-09-22T08:04:46.6484783Z     When I generate 200 packets with seed 42                                                         # ../traffic-gen/tests/aecp_behave/features/steps/packet_steps.py:62
2026-09-22T08:04:46.6588927Z     Then the field "reserved" always equals 0                                                        # ../traffic-gen/tests/aecp_behave/features/steps/packet_steps.py:95
2026-09-22T08:04:46.6591968Z 
2026-09-22T08:04:46.6592782Z   Scenario: READ_DESCRIPTOR descriptor_type is a valid IEEE 1722.1 descriptor                        # ../traffic-gen/tests/aecp_behave/features/aecp_descriptor_ops.feature:32
2026-09-22T08:04:46.6594189Z     Given the AECP protocol directory is loaded                                                      # ../traffic-gen/tests/aecp_behave/features/steps/packet_steps.py:17
2026-09-22T08:04:46.6595822Z     Given the interface "atdecc_aecp_read_descriptor::AECP_READ_DESCRIPTOR::AECP_READ_DESCRIPTOR_IF" # ../traffic-gen/tests/aecp_behave/features/steps/packet_steps.py:24
2026-09-22T08:04:46.6597026Z     When I generate 500 packets with seed 43                                                         # ../traffic-gen/tests/aecp_behave/features/steps/packet_steps.py:62
2026-09-22T08:04:46.6764064Z     Then the field "descriptor_type" is always in range [0, 37]                                      # ../traffic-gen/tests/aecp_behave/features/steps/packet_steps.py:116
2026-09-22T08:04:46.6767841Z 
2026-09-22T08:04:46.6768621Z   Scenario: READ_DESCRIPTOR packet is 31 bytes (244 bits padded)                                     # ../traffic-gen/tests/aecp_behave/features/aecp_descriptor_ops.feature:37
2026-09-22T08:04:46.6769976Z     Given the AECP protocol directory is loaded                                                      # ../traffic-gen/tests/aecp_behave/features/steps/packet_steps.py:17
2026-09-22T08:04:46.6771400Z     Given the interface "atdecc_aecp_read_descriptor::AECP_READ_DESCRIPTOR::AECP_READ_DESCRIPTOR_IF" # ../traffic-gen/tests/aecp_behave/features/steps/packet_steps.py:24
2026-09-22T08:04:46.6772626Z     When I generate 50 packets with seed 44                                                          # ../traffic-gen/tests/aecp_behave/features/steps/packet_steps.py:62
2026-09-22T08:04:46.6843925Z     Then the packet size is always 31 bytes                                                          # ../traffic-gen/tests/aecp_behave/features/steps/packet_steps.py:148
2026-09-22T08:04:46.6846593Z 
2026-09-22T08:04:46.6847285Z   Scenario: SET_CONFIGURATION command_type is always 6                                                     # ../traffic-gen/tests/aecp_behave/features/aecp_descriptor_ops.feature:46
2026-09-22T08:04:46.6848456Z     Given the AECP protocol directory is loaded                                                            # ../traffic-gen/tests/aecp_behave/features/steps/packet_steps.py:17
2026-09-22T08:04:46.6849771Z     Given the interface "atdecc_aecp_set_configuration::AECP_SET_CONFIGURATION::AECP_SET_CONFIGURATION_IF" # ../traffic-gen/tests/aecp_behave/features/steps/packet_steps.py:24
2026-09-22T08:04:46.6850816Z     When I generate 200 packets with seed 50                                                               # ../traffic-gen/tests/aecp_behave/features/steps/packet_steps.py:62
2026-09-22T08:04:46.6948965Z     Then the field "command_type" always equals 6                                                          # ../traffic-gen/tests/aecp_behave/features/steps/packet_steps.py:95
2026-09-22T08:04:46.6952307Z 
2026-09-22T08:04:46.6953095Z   Scenario: SET_CONFIGURATION control_data_length is always 24                                             # ../traffic-gen/tests/aecp_behave/features/aecp_descriptor_ops.feature:51
2026-09-22T08:04:46.6954312Z     Given the AECP protocol directory is loaded                                                            # ../traffic-gen/tests/aecp_behave/features/steps/packet_steps.py:17
2026-09-22T08:04:46.6955562Z     Given the interface "atdecc_aecp_set_configuration::AECP_SET_CONFIGURATION::AECP_SET_CONFIGURATION_IF" # ../traffic-gen/tests/aecp_behave/features/steps/packet_steps.py:24
2026-09-22T08:04:46.6956571Z     When I generate 100 packets with seed 51                                                               # ../traffic-gen/tests/aecp_behave/features/steps/packet_steps.py:62
2026-09-22T08:04:46.7035136Z     Then the field "control_data_length" always equals 24                                                  # ../traffic-gen/tests/aecp_behave/features/steps/packet_steps.py:95
2026-09-22T08:04:46.7038369Z 
2026-09-22T08:04:46.7038915Z   Scenario: SET_CONFIGURATION reserved field is always zero                                                # ../traffic-gen/tests/aecp_behave/features/aecp_descriptor_ops.feature:56
2026-09-22T08:04:46.7040399Z     Given the AECP protocol directory is loaded                                                            # ../traffic-gen/tests/aecp_behave/features/steps/packet_steps.py:17
2026-09-22T08:04:46.7041673Z     Given the interface "atdecc_aecp_set_configuration::AECP_SET_CONFIGURATION::AECP_SET_CONFIGURATION_IF" # ../traffic-gen/tests/aecp_behave/features/steps/packet_steps.py:24
2026-09-22T08:04:46.7042769Z     When I generate 200 packets with seed 52                                                               # ../traffic-gen/tests/aecp_behave/features/steps/packet_steps.py:62
2026-09-22T08:04:46.7139361Z     Then the field "reserved" always equals 0                                                              # ../traffic-gen/tests/aecp_behave/features/steps/packet_steps.py:95
2026-09-22T08:04:46.7143254Z 
2026-09-22T08:04:46.7143775Z   Scenario: SET_CONFIGURATION packet is 27 bytes (212 bits padded)                                         # ../traffic-gen/tests/aecp_behave/features/aecp_descriptor_ops.feature:61
2026-09-22T08:04:46.7145185Z     Given the AECP protocol directory is loaded                                                            # ../traffic-gen/tests/aecp_behave/features/steps/packet_steps.py:17
2026-09-22T08:04:46.7146319Z     Given the interface "atdecc_aecp_set_configuration::AECP_SET_CONFIGURATION::AECP_SET_CONFIGURATION_IF" # ../traffic-gen/tests/aecp_behave/features/steps/packet_steps.py:24
2026-09-22T08:04:46.7147472Z     When I generate 50 packets with seed 53                                                                # ../traffic-gen/tests/aecp_behave/features/steps/packet_steps.py:62
2026-09-22T08:04:46.7216484Z     Then the packet size is always 27 bytes                                                                # ../traffic-gen/tests/aecp_behave/features/steps/packet_steps.py:148
2026-09-22T08:04:46.7219353Z 
2026-09-22T08:04:46.7219981Z   Scenario: Descriptor query command_type is one of the defined query commands                                # ../traffic-gen/tests/aecp_behave/features/aecp_descriptor_ops.feature:70
2026-09-22T08:04:46.7221239Z     Given the AECP protocol directory is loaded                                                               # ../traffic-gen/tests/aecp_behave/features/steps/packet_steps.py:17
2026-09-22T08:04:46.7222500Z     Given the interface "atdecc_aecp_aem_descriptor_query::AECP_AEM_DESCRIPTOR_QUERY::AECP_AEM_DESC_QUERY_IF" # ../traffic-gen/tests/aecp_behave/features/steps/packet_steps.py:24
2026-09-22T08:04:46.7224045Z     When I generate 500 packets with seed 60                                                                  # ../traffic-gen/tests/aecp_behave/features/steps/packet_steps.py:62
2026-09-22T08:04:46.7381916Z     Then the field "command_type" is always one of [9, 15, 21, 23, 25, 26, 27, 34, 35, 39, 40, 41, 42]        # ../traffic-gen/tests/aecp_behave/features/steps/packet_steps.py:137
2026-09-22T08:04:46.7386707Z 
2026-09-22T08:04:46.7387193Z   Scenario: Descriptor query control_data_length is always 24                                                 # ../traffic-gen/tests/aecp_behave/features/aecp_descriptor_ops.feature:75
2026-09-22T08:04:46.7388357Z     Given the AECP protocol directory is loaded                                                               # ../traffic-gen/tests/aecp_behave/features/steps/packet_steps.py:17
2026-09-22T08:04:46.7389454Z     Given the interface "atdecc_aecp_aem_descriptor_query::AECP_AEM_DESCRIPTOR_QUERY::AECP_AEM_DESC_QUERY_IF" # ../traffic-gen/tests/aecp_behave/features/steps/packet_steps.py:24
2026-09-22T08:04:46.7390623Z     When I generate 100 packets with seed 61                                                                  # ../traffic-gen/tests/aecp_behave/features/steps/packet_steps.py:62
2026-09-22T08:04:46.7469959Z     Then the field "control_data_length" always equals 24                                                     # ../traffic-gen/tests/aecp_behave/features/steps/packet_steps.py:95
2026-09-22T08:04:46.7473518Z 
2026-09-22T08:04:46.7474203Z   Scenario: Descriptor query descriptor_type is a valid IEEE 1722.1 descriptor                                # ../traffic-gen/tests/aecp_behave/features/aecp_descriptor_ops.feature:80
2026-09-22T08:04:46.7475500Z     Given the AECP protocol directory is loaded                                                               # ../traffic-gen/tests/aecp_behave/features/steps/packet_steps.py:17
2026-09-22T08:04:46.7476676Z     Given the interface "atdecc_aecp_aem_descriptor_query::AECP_AEM_DESCRIPTOR_QUERY::AECP_AEM_DESC_QUERY_IF" # ../traffic-gen/tests/aecp_behave/features/steps/packet_steps.py:24
2026-09-22T08:04:46.7477716Z     When I generate 500 packets with seed 62                                                                  # ../traffic-gen/tests/aecp_behave/features/steps/packet_steps.py:62
2026-09-22T08:04:46.7636586Z     Then the field "descriptor_type" is always in range [0, 37]                                               # ../traffic-gen/tests/aecp_behave/features/steps/packet_steps.py:116
2026-09-22T08:04:46.7641040Z 
2026-09-22T08:04:46.7641591Z   Scenario: Descriptor query packet is 27 bytes (212 bits padded)                                             # ../traffic-gen/tests/aecp_behave/features/aecp_descriptor_ops.feature:85
2026-09-22T08:04:46.7642806Z     Given the AECP protocol directory is loaded                                                               # ../traffic-gen/tests/aecp_behave/features/steps/packet_steps.py:17
2026-09-22T08:04:46.7643953Z     Given the interface "atdecc_aecp_aem_descriptor_query::AECP_AEM_DESCRIPTOR_QUERY::AECP_AEM_DESC_QUERY_IF" # ../traffic-gen/tests/aecp_behave/features/steps/packet_steps.py:24
2026-09-22T08:04:46.7645199Z     When I generate 50 packets with seed 63                                                                   # ../traffic-gen/tests/aecp_behave/features/steps/packet_steps.py:62
2026-09-22T08:04:46.7715506Z     Then the packet size is always 27 bytes                                                                   # ../traffic-gen/tests/aecp_behave/features/steps/packet_steps.py:148
2026-09-22T08:04:46.7717869Z 
2026-09-22T08:04:46.7721573Z Feature: AECP AEM name and control PDU generation # ../traffic-gen/tests/aecp_behave/features/aecp_name_control.feature:8
2026-09-22T08:04:46.7722525Z 
2026-09-22T08:04:46.7723121Z   Feature: AECP AEM name and control PDU generation  # ../traffic-gen/tests/aecp_behave/features/aecp_name_control.feature:8
2026-09-22T08:04:46.7723878Z 
2026-09-22T08:04:46.7724637Z   Scenario: SET_NAME command_type is always 16                                  # ../traffic-gen/tests/aecp_behave/features/aecp_name_control.feature:17
2026-09-22T08:04:46.7726107Z     Given the AECP protocol directory is loaded                                 # ../traffic-gen/tests/aecp_behave/features/steps/packet_steps.py:17
2026-09-22T08:04:46.7727479Z     Given the interface "atdecc_aecp_set_name::AECP_SET_NAME::AECP_SET_NAME_IF" # ../traffic-gen/tests/aecp_behave/features/steps/packet_steps.py:24
2026-09-22T08:04:46.7728660Z     When I generate 200 packets with seed 100                                   # ../traffic-gen/tests/aecp_behave/features/steps/packet_steps.py:62
2026-09-22T08:04:46.7848078Z     Then the field "command_type" always equals 16                              # ../traffic-gen/tests/aecp_behave/features/steps/packet_steps.py:95
2026-09-22T08:04:46.7851916Z 
2026-09-22T08:04:46.7853127Z   Scenario: SET_NAME control_data_length is always 92                           # ../traffic-gen/tests/aecp_behave/features/aecp_name_control.feature:22
2026-09-22T08:04:46.7854603Z     Given the AECP protocol directory is loaded                                 # ../traffic-gen/tests/aecp_behave/features/steps/packet_steps.py:17
2026-09-22T08:04:46.7856206Z     Given the interface "atdecc_aecp_set_name::AECP_SET_NAME::AECP_SET_NAME_IF" # ../traffic-gen/tests/aecp_behave/features/steps/packet_steps.py:24
2026-09-22T08:04:46.7857436Z     When I generate 100 packets with seed 101                                   # ../traffic-gen/tests/aecp_behave/features/steps/packet_steps.py:62
2026-09-22T08:04:46.7954394Z     Then the field "control_data_length" always equals 92                       # ../traffic-gen/tests/aecp_behave/features/steps/packet_steps.py:95
2026-09-22T08:04:46.7958935Z 
2026-09-22T08:04:46.7959908Z   Scenario: SET_NAME descriptor_type is a valid IEEE 1722.1 descriptor          # ../traffic-gen/tests/aecp_behave/features/aecp_name_control.feature:27
2026-09-22T08:04:46.7961334Z     Given the AECP protocol directory is loaded                                 # ../traffic-gen/tests/aecp_behave/features/steps/packet_steps.py:17
2026-09-22T08:04:46.7962674Z     Given the interface "atdecc_aecp_set_name::AECP_SET_NAME::AECP_SET_NAME_IF" # ../traffic-gen/tests/aecp_behave/features/steps/packet_steps.py:24
2026-09-22T08:04:46.7963789Z     When I generate 500 packets with seed 102                                   # ../traffic-gen/tests/aecp_behave/features/steps/packet_steps.py:62
2026-09-22T08:04:46.8172172Z     Then the field "descriptor_type" is always in range [0, 37]                 # ../traffic-gen/tests/aecp_behave/features/steps/packet_steps.py:116
2026-09-22T08:04:46.8177549Z 
2026-09-22T08:04:46.8178625Z   Scenario: SET_NAME packet is 95 bytes (756 bits padded)                       # ../traffic-gen/tests/aecp_behave/features/aecp_name_control.feature:32
2026-09-22T08:04:46.8180080Z     Given the AECP protocol directory is loaded                                 # ../traffic-gen/tests/aecp_behave/features/steps/packet_steps.py:17
2026-09-22T08:04:46.8181946Z     Given the interface "atdecc_aecp_set_name::AECP_SET_NAME::AECP_SET_NAME_IF" # ../traffic-gen/tests/aecp_behave/features/steps/packet_steps.py:24
2026-09-22T08:04:46.8183373Z     When I generate 50 packets with seed 103                                    # ../traffic-gen/tests/aecp_behave/features/steps/packet_steps.py:62
2026-09-22T08:04:46.8258815Z     Then the packet size is always 95 bytes                                     # ../traffic-gen/tests/aecp_behave/features/steps/packet_steps.py:148
2026-09-22T08:04:46.8262197Z 
2026-09-22T08:04:46.8263069Z   Scenario: GET_NAME command_type is always 17                                  # ../traffic-gen/tests/aecp_behave/features/aecp_name_control.feature:41
2026-09-22T08:04:46.8264488Z     Given the AECP protocol directory is loaded                                 # ../traffic-gen/tests/aecp_behave/features/steps/packet_steps.py:17
2026-09-22T08:04:46.8266290Z     Given the interface "atdecc_aecp_get_name::AECP_GET_NAME::AECP_GET_NAME_IF" # ../traffic-gen/tests/aecp_behave/features/steps/packet_steps.py:24
2026-09-22T08:04:46.8267462Z     When I generate 200 packets with seed 110                                   # ../traffic-gen/tests/aecp_behave/features/steps/packet_steps.py:62
2026-09-22T08:04:46.8391483Z     Then the field "command_type" always equals 17                              # ../traffic-gen/tests/aecp_behave/features/steps/packet_steps.py:95
2026-09-22T08:04:46.8395572Z 
2026-09-22T08:04:46.8396729Z   Scenario: GET_NAME control_data_length is always 28                           # ../traffic-gen/tests/aecp_behave/features/aecp_name_control.feature:46
2026-09-22T08:04:46.8398069Z     Given the AECP protocol directory is loaded                                 # ../traffic-gen/tests/aecp_behave/features/steps/packet_steps.py:17
2026-09-22T08:04:46.8399383Z     Given the interface "atdecc_aecp_get_name::AECP_GET_NAME::AECP_GET_NAME_IF" # ../traffic-gen/tests/aecp_behave/features/steps/packet_steps.py:24
2026-09-22T08:04:46.8400293Z     When I generate 100 packets with seed 111                                   # ../traffic-gen/tests/aecp_behave/features/steps/packet_steps.py:62
2026-09-22T08:04:46.8484026Z     Then the field "control_data_length" always equals 28                       # ../traffic-gen/tests/aecp_behave/features/steps/packet_steps.py:95
2026-09-22T08:04:46.8486681Z 
2026-09-22T08:04:46.8487287Z   Scenario: GET_NAME packet is 31 bytes (244 bits padded)                       # ../traffic-gen/tests/aecp_behave/features/aecp_name_control.feature:51
2026-09-22T08:04:46.8488708Z     Given the AECP protocol directory is loaded                                 # ../traffic-gen/tests/aecp_behave/features/steps/packet_steps.py:17
2026-09-22T08:04:46.8489874Z     Given the interface "atdecc_aecp_get_name::AECP_GET_NAME::AECP_GET_NAME_IF" # ../traffic-gen/tests/aecp_behave/features/steps/packet_steps.py:24
2026-09-22T08:04:46.8490920Z     When I generate 50 packets with seed 112                                    # ../traffic-gen/tests/aecp_behave/features/steps/packet_steps.py:62
2026-09-22T08:04:46.8564066Z     Then the packet size is always 31 bytes                                     # ../traffic-gen/tests/aecp_behave/features/steps/packet_steps.py:148
2026-09-22T08:04:46.8566648Z 
2026-09-22T08:04:46.8567318Z   Scenario: SET_SAMPLING_RATE command_type is always 20                                                    # ../traffic-gen/tests/aecp_behave/features/aecp_name_control.feature:60
2026-09-22T08:04:46.8568441Z     Given the AECP protocol directory is loaded                                                            # ../traffic-gen/tests/aecp_behave/features/steps/packet_steps.py:17
2026-09-22T08:04:46.8569742Z     Given the interface "atdecc_aecp_set_sampling_rate::AECP_SET_SAMPLING_RATE::AECP_SET_SAMPLING_RATE_IF" # ../traffic-gen/tests/aecp_behave/features/steps/packet_steps.py:24
2026-09-22T08:04:46.8571038Z     When I generate 200 packets with seed 120                                                              # ../traffic-gen/tests/aecp_behave/features/steps/packet_steps.py:62
2026-09-22T08:04:46.8675313Z     Then the field "command_type" always equals 20                                                         # ../traffic-gen/tests/aecp_behave/features/steps/packet_steps.py:95
2026-09-22T08:04:46.8678497Z 
2026-09-22T08:04:46.8679122Z   Scenario: SET_SAMPLING_RATE control_data_length is always 28                                             # ../traffic-gen/tests/aecp_behave/features/aecp_name_control.feature:65
2026-09-22T08:04:46.8680346Z     Given the AECP protocol directory is loaded                                                            # ../traffic-gen/tests/aecp_behave/features/steps/packet_steps.py:17
2026-09-22T08:04:46.8681886Z     Given the interface "atdecc_aecp_set_sampling_rate::AECP_SET_SAMPLING_RATE::AECP_SET_SAMPLING_RATE_IF" # ../traffic-gen/tests/aecp_behave/features/steps/packet_steps.py:24
2026-09-22T08:04:46.8683036Z     When I generate 100 packets with seed 121                                                              # ../traffic-gen/tests/aecp_behave/features/steps/packet_steps.py:62
2026-09-22T08:04:46.8765661Z     Then the field "control_data_length" always equals 28                                                  # ../traffic-gen/tests/aecp_behave/features/steps/packet_steps.py:95
2026-09-22T08:04:46.8768661Z 
2026-09-22T08:04:46.8769296Z   Scenario: SET_SAMPLING_RATE descriptor_type is a valid IEEE 1722.1 descriptor                            # ../traffic-gen/tests/aecp_behave/features/aecp_name_control.feature:70
2026-09-22T08:04:46.8770570Z     Given the AECP protocol directory is loaded                                                            # ../traffic-gen/tests/aecp_behave/features/steps/packet_steps.py:17
2026-09-22T08:04:46.8771694Z     Given the interface "atdecc_aecp_set_sampling_rate::AECP_SET_SAMPLING_RATE::AECP_SET_SAMPLING_RATE_IF" # ../traffic-gen/tests/aecp_behave/features/steps/packet_steps.py:24
2026-09-22T08:04:46.8772877Z     When I generate 500 packets with seed 122                                                              # ../traffic-gen/tests/aecp_behave/features/steps/packet_steps.py:62
2026-09-22T08:04:46.8941521Z     Then the field "descriptor_type" is always in range [0, 37]                                            # ../traffic-gen/tests/aecp_behave/features/steps/packet_steps.py:116
2026-09-22T08:04:46.8946907Z 
2026-09-22T08:04:46.8948047Z   Scenario: SET_CLOCK_SOURCE command_type is always 22                                                  # ../traffic-gen/tests/aecp_behave/features/aecp_name_control.feature:79
2026-09-22T08:04:46.8949913Z     Given the AECP protocol directory is loaded                                                         # ../traffic-gen/tests/aecp_behave/features/steps/packet_steps.py:17
2026-09-22T08:04:46.8951076Z     Given the interface "atdecc_aecp_set_clock_source::AECP_SET_CLOCK_SOURCE::AECP_SET_CLOCK_SOURCE_IF" # ../traffic-gen/tests/aecp_behave/features/steps/packet_steps.py:24
2026-09-22T08:04:46.8952044Z     When I generate 200 packets with seed 130                                                           # ../traffic-gen/tests/aecp_behave/features/steps/packet_steps.py:62
2026-09-22T08:04:46.9056503Z     Then the field "command_type" always equals 22                                                      # ../traffic-gen/tests/aecp_behave/features/steps/packet_steps.py:95
2026-09-22T08:04:46.9059513Z 
2026-09-22T08:04:46.9060186Z   Scenario: SET_CLOCK_SOURCE control_data_length is always 28                                           # ../traffic-gen/tests/aecp_behave/features/aecp_name_control.feature:84
2026-09-22T08:04:46.9061380Z     Given the AECP protocol directory is loaded                                                         # ../traffic-gen/tests/aecp_behave/features/steps/packet_steps.py:17
2026-09-22T08:04:46.9062726Z     Given the interface "atdecc_aecp_set_clock_source::AECP_SET_CLOCK_SOURCE::AECP_SET_CLOCK_SOURCE_IF" # ../traffic-gen/tests/aecp_behave/features/steps/packet_steps.py:24
2026-09-22T08:04:46.9063975Z     When I generate 100 packets with seed 131                                                           # ../traffic-gen/tests/aecp_behave/features/steps/packet_steps.py:62
2026-09-22T08:04:46.9149634Z     Then the field "control_data_length" always equals 28                                               # ../traffic-gen/tests/aecp_behave/features/steps/packet_steps.py:95
2026-09-22T08:04:46.9153110Z 
2026-09-22T08:04:46.9153719Z   Scenario: SET_CLOCK_SOURCE reserved field is always zero                                              # ../traffic-gen/tests/aecp_behave/features/aecp_name_control.feature:89
2026-09-22T08:04:46.9154875Z     Given the AECP protocol directory is loaded                                                         # ../traffic-gen/tests/aecp_behave/features/steps/packet_steps.py:17
2026-09-22T08:04:46.9155909Z     Given the interface "atdecc_aecp_set_clock_source::AECP_SET_CLOCK_SOURCE::AECP_SET_CLOCK_SOURCE_IF" # ../traffic-gen/tests/aecp_behave/features/steps/packet_steps.py:24
2026-09-22T08:04:46.9157145Z     When I generate 200 packets with seed 132                                                           # ../traffic-gen/tests/aecp_behave/features/steps/packet_steps.py:62
2026-09-22T08:04:46.9260627Z     Then the field "reserved" always equals 0                                                           # ../traffic-gen/tests/aecp_behave/features/steps/packet_steps.py:95
2026-09-22T08:04:46.9264648Z 
2026-09-22T08:04:46.9265040Z   Scenario: SET_CONTROL command_type is always 24                                        # ../traffic-gen/tests/aecp_behave/features/aecp_name_control.feature:98
2026-09-22T08:04:46.9266212Z     Given the AECP protocol directory is loaded                                          # ../traffic-gen/tests/aecp_behave/features/steps/packet_steps.py:17
2026-09-22T08:04:46.9267197Z     Given the interface "atdecc_aecp_set_control::AECP_SET_CONTROL::AECP_SET_CONTROL_IF" # ../traffic-gen/tests/aecp_behave/features/steps/packet_steps.py:24
2026-09-22T08:04:46.9268300Z     When I generate 200 packets with seed 140                                            # ../traffic-gen/tests/aecp_behave/features/steps/packet_steps.py:62
2026-09-22T08:04:46.9371553Z     Then the field "command_type" always equals 24                                       # ../traffic-gen/tests/aecp_behave/features/steps/packet_steps.py:95
2026-09-22T08:04:46.9375513Z 
2026-09-22T08:04:46.9375948Z   Scenario: SET_CONTROL control_data_length is always 32                                 # ../traffic-gen/tests/aecp_behave/features/aecp_name_control.feature:103
2026-09-22T08:04:46.9377131Z     Given the AECP protocol directory is loaded                                          # ../traffic-gen/tests/aecp_behave/features/steps/packet_steps.py:17
2026-09-22T08:04:46.9378067Z     Given the interface "atdecc_aecp_set_control::AECP_SET_CONTROL::AECP_SET_CONTROL_IF" # ../traffic-gen/tests/aecp_behave/features/steps/packet_steps.py:24
2026-09-22T08:04:46.9379197Z     When I generate 100 packets with seed 141                                            # ../traffic-gen/tests/aecp_behave/features/steps/packet_steps.py:62
2026-09-22T08:04:46.9459729Z     Then the field "control_data_length" always equals 32                                # ../traffic-gen/tests/aecp_behave/features/steps/packet_steps.py:95
2026-09-22T08:04:46.9463218Z 
2026-09-22T08:04:46.9463811Z   Scenario: SET_CONTROL descriptor_type is a valid IEEE 1722.1 descriptor                # ../traffic-gen/tests/aecp_behave/features/aecp_name_control.feature:108
2026-09-22T08:04:46.9464913Z     Given the AECP protocol directory is loaded                                          # ../traffic-gen/tests/aecp_behave/features/steps/packet_steps.py:17
2026-09-22T08:04:46.9465849Z     Given the interface "atdecc_aecp_set_control::AECP_SET_CONTROL::AECP_SET_CONTROL_IF" # ../traffic-gen/tests/aecp_behave/features/steps/packet_steps.py:24
2026-09-22T08:04:46.9467007Z     When I generate 500 packets with seed 142                                            # ../traffic-gen/tests/aecp_behave/features/steps/packet_steps.py:62
2026-09-22T08:04:46.9635253Z     Then the field "descriptor_type" is always in range [0, 37]                          # ../traffic-gen/tests/aecp_behave/features/steps/packet_steps.py:116
2026-09-22T08:04:46.9639859Z 
2026-09-22T08:04:46.9640366Z   Scenario: SET_CONTROL packet is 35 bytes (276 bits padded)                             # ../traffic-gen/tests/aecp_behave/features/aecp_name_control.feature:113
2026-09-22T08:04:46.9641406Z     Given the AECP protocol directory is loaded                                          # ../traffic-gen/tests/aecp_behave/features/steps/packet_steps.py:17
2026-09-22T08:04:46.9642330Z     Given the interface "atdecc_aecp_set_control::AECP_SET_CONTROL::AECP_SET_CONTROL_IF" # ../traffic-gen/tests/aecp_behave/features/steps/packet_steps.py:24
2026-09-22T08:04:46.9643688Z     When I generate 50 packets with seed 143                                             # ../traffic-gen/tests/aecp_behave/features/steps/packet_steps.py:62
2026-09-22T08:04:46.9716217Z     Then the packet size is always 35 bytes                                              # ../traffic-gen/tests/aecp_behave/features/steps/packet_steps.py:148
2026-09-22T08:04:46.9718426Z 
2026-09-22T08:04:46.9721490Z Feature: AECP non-AEM PDU generation (ADDRESS_ACCESS and VENDOR_UNIQUE) # ../traffic-gen/tests/aecp_behave/features/aecp_non_aem.feature:7
2026-09-22T08:04:46.9722020Z 
2026-09-22T08:04:46.9722548Z   Feature: AECP non-AEM PDU generation (ADDRESS_ACCESS and VENDOR_UNIQUE)  # ../traffic-gen/tests/aecp_behave/features/aecp_non_aem.feature:7
2026-09-22T08:04:46.9723184Z 
2026-09-22T08:04:46.9723655Z   Scenario: ADDRESS_ACCESS message_type is COMMAND or RESPONSE                                    # ../traffic-gen/tests/aecp_behave/features/aecp_non_aem.feature:16
2026-09-22T08:04:46.9724836Z     Given the AECP protocol directory is loaded                                                   # ../traffic-gen/tests/aecp_behave/features/steps/packet_steps.py:17
2026-09-22T08:04:46.9725957Z     Given the interface "atdecc_aecp_address_access::AECP_ADDRESS_ACCESS::AECP_ADDRESS_ACCESS_IF" # ../traffic-gen/tests/aecp_behave/features/steps/packet_steps.py:24
2026-09-22T08:04:46.9726940Z     When I generate 500 packets with seed 300                                                     # ../traffic-gen/tests/aecp_behave/features/steps/packet_steps.py:62
2026-09-22T08:04:46.9896072Z     Then the field "message_type" is always one of [2, 3]                                         # ../traffic-gen/tests/aecp_behave/features/steps/packet_steps.py:137
2026-09-22T08:04:46.9900843Z 
2026-09-22T08:04:46.9901488Z   Scenario: ADDRESS_ACCESS control_data_length is always 38                                       # ../traffic-gen/tests/aecp_behave/features/aecp_non_aem.feature:21
2026-09-22T08:04:46.9902849Z     Given the AECP protocol directory is loaded                                                   # ../traffic-gen/tests/aecp_behave/features/steps/packet_steps.py:17
2026-09-22T08:04:46.9903897Z     Given the interface "atdecc_aecp_address_access::AECP_ADDRESS_ACCESS::AECP_ADDRESS_ACCESS_IF" # ../traffic-gen/tests/aecp_behave/features/steps/packet_steps.py:24
2026-09-22T08:04:46.9904988Z     When I generate 100 packets with seed 301                                                     # ../traffic-gen/tests/aecp_behave/features/steps/packet_steps.py:62
2026-09-22T08:04:46.9987067Z     Then the field "control_data_length" always equals 38                                         # ../traffic-gen/tests/aecp_behave/features/steps/packet_steps.py:95
2026-09-22T08:04:46.9990450Z 
2026-09-22T08:04:46.9990913Z   Scenario: ADDRESS_ACCESS tlv_count is always 1                                                  # ../traffic-gen/tests/aecp_behave/features/aecp_non_aem.feature:26
2026-09-22T08:04:46.9991907Z     Given the AECP protocol directory is loaded                                                   # ../traffic-gen/tests/aecp_behave/features/steps/packet_steps.py:17
2026-09-22T08:04:46.9993422Z     Given the interface "atdecc_aecp_address_access::AECP_ADDRESS_ACCESS::AECP_ADDRESS_ACCESS_IF" # ../traffic-gen/tests/aecp_behave/features/steps/packet_steps.py:24
2026-09-22T08:04:46.9994687Z     When I generate 200 packets with seed 302                                                     # ../traffic-gen/tests/aecp_behave/features/steps/packet_steps.py:62
2026-09-22T08:04:47.0099200Z     Then the field "tlv_count" always equals 1                                                    # ../traffic-gen/tests/aecp_behave/features/steps/packet_steps.py:95
2026-09-22T08:04:47.0102919Z 
2026-09-22T08:04:47.0103438Z   Scenario: ADDRESS_ACCESS tlv_length_and_mode respects defined bit mask                          # ../traffic-gen/tests/aecp_behave/features/aecp_non_aem.feature:31
2026-09-22T08:04:47.0104560Z     Given the AECP protocol directory is loaded                                                   # ../traffic-gen/tests/aecp_behave/features/steps/packet_steps.py:17
2026-09-22T08:04:47.0105548Z     Given the interface "atdecc_aecp_address_access::AECP_ADDRESS_ACCESS::AECP_ADDRESS_ACCESS_IF" # ../traffic-gen/tests/aecp_behave/features/steps/packet_steps.py:24
2026-09-22T08:04:47.0106769Z     When I generate 500 packets with seed 303                                                     # ../traffic-gen/tests/aecp_behave/features/steps/packet_steps.py:62
2026-09-22T08:04:47.0274814Z     Then the field "tlv_length_and_mode" always satisfies mask 0xFF0F                             # ../traffic-gen/tests/aecp_behave/features/steps/packet_steps.py:126
2026-09-22T08:04:47.0279645Z 
2026-09-22T08:04:47.0280393Z   Scenario: ADDRESS_ACCESS packet is 41 bytes (324 bits padded)                                   # ../traffic-gen/tests/aecp_behave/features/aecp_non_aem.feature:36
2026-09-22T08:04:47.0281589Z     Given the AECP protocol directory is loaded                                                   # ../traffic-gen/tests/aecp_behave/features/steps/packet_steps.py:17
2026-09-22T08:04:47.0282778Z     Given the interface "atdecc_aecp_address_access::AECP_ADDRESS_ACCESS::AECP_ADDRESS_ACCESS_IF" # ../traffic-gen/tests/aecp_behave/features/steps/packet_steps.py:24
2026-09-22T08:04:47.0284085Z     When I generate 50 packets with seed 304                                                      # ../traffic-gen/tests/aecp_behave/features/steps/packet_steps.py:62
2026-09-22T08:04:47.0354690Z     Then the packet size is always 41 bytes                                                       # ../traffic-gen/tests/aecp_behave/features/steps/packet_steps.py:148
2026-09-22T08:04:47.0357973Z 
2026-09-22T08:04:47.0358766Z   Scenario: ADDRESS_ACCESS packets are captured to a pcap file                                    # ../traffic-gen/tests/aecp_behave/features/aecp_non_aem.feature:41
2026-09-22T08:04:47.0359945Z     Given the AECP protocol directory is loaded                                                   # ../traffic-gen/tests/aecp_behave/features/steps/packet_steps.py:17
2026-09-22T08:04:47.0361013Z     Given the interface "atdecc_aecp_address_access::AECP_ADDRESS_ACCESS::AECP_ADDRESS_ACCESS_IF" # ../traffic-gen/tests/aecp_behave/features/steps/packet_steps.py:24
2026-09-22T08:04:47.0362181Z     When I generate 20 packets with seed 310 to pcap file "/tmp/aecp_addr_access.pcap"            # ../traffic-gen/tests/aecp_behave/features/steps/packet_steps.py:72
2026-09-22T08:04:47.0427496Z     Then the pcap file "/tmp/aecp_addr_access.pcap" exists                                        # ../traffic-gen/tests/aecp_behave/features/steps/packet_steps.py:232
2026-09-22T08:04:47.0428990Z     And the pcap file "/tmp/aecp_addr_access.pcap" contains 20 packets                            # ../traffic-gen/tests/aecp_behave/features/steps/packet_steps.py:237
2026-09-22T08:04:47.0432160Z 
2026-09-22T08:04:47.0432878Z   Scenario: VENDOR_UNIQUE message_type is COMMAND or RESPONSE                                  # ../traffic-gen/tests/aecp_behave/features/aecp_non_aem.feature:51
2026-09-22T08:04:47.0434139Z     Given the AECP protocol directory is loaded                                                # ../traffic-gen/tests/aecp_behave/features/steps/packet_steps.py:17
2026-09-22T08:04:47.0435201Z     Given the interface "atdecc_aecp_vendor_unique::AECP_VENDOR_UNIQUE::AECP_VENDOR_UNIQUE_IF" # ../traffic-gen/tests/aecp_behave/features/steps/packet_steps.py:24
2026-09-22T08:04:47.0436350Z     When I generate 500 packets with seed 320                                                  # ../traffic-gen/tests/aecp_behave/features/steps/packet_steps.py:62
2026-09-22T08:04:47.0588305Z     Then the field "message_type" is always one of [6, 7]                                      # ../traffic-gen/tests/aecp_behave/features/steps/packet_steps.py:137
2026-09-22T08:04:47.0593052Z 
2026-09-22T08:04:47.0593600Z   Scenario: VENDOR_UNIQUE control_data_length is always 32                                     # ../traffic-gen/tests/aecp_behave/features/aecp_non_aem.feature:56
2026-09-22T08:04:47.0594685Z     Given the AECP protocol directory is loaded                                                # ../traffic-gen/tests/aecp_behave/features/steps/packet_steps.py:17
2026-09-22T08:04:47.0595679Z     Given the interface "atdecc_aecp_vendor_unique::AECP_VENDOR_UNIQUE::AECP_VENDOR_UNIQUE_IF" # ../traffic-gen/tests/aecp_behave/features/steps/packet_steps.py:24
2026-09-22T08:04:47.0596928Z     When I generate 100 packets with seed 321                                                  # ../traffic-gen/tests/aecp_behave/features/steps/packet_steps.py:62
2026-09-22T08:04:47.0675946Z     Then the field "control_data_length" always equals 32                                      # ../traffic-gen/tests/aecp_behave/features/steps/packet_steps.py:95
2026-09-22T08:04:47.0679117Z 
2026-09-22T08:04:47.0679674Z   Scenario: VENDOR_UNIQUE packet is 35 bytes (276 bits padded)                                 # ../traffic-gen/tests/aecp_behave/features/aecp_non_aem.feature:61
2026-09-22T08:04:47.0680780Z     Given the AECP protocol directory is loaded                                                # ../traffic-gen/tests/aecp_behave/features/steps/packet_steps.py:17
2026-09-22T08:04:47.0681783Z     Given the interface "atdecc_aecp_vendor_unique::AECP_VENDOR_UNIQUE::AECP_VENDOR_UNIQUE_IF" # ../traffic-gen/tests/aecp_behave/features/steps/packet_steps.py:24
2026-09-22T08:04:47.0683202Z     When I generate 50 packets with seed 322                                                   # ../traffic-gen/tests/aecp_behave/features/steps/packet_steps.py:62
2026-09-22T08:04:47.0753164Z     Then the packet size is always 35 bytes                                                    # ../traffic-gen/tests/aecp_behave/features/steps/packet_steps.py:148
2026-09-22T08:04:47.0756193Z 
2026-09-22T08:04:47.0757036Z   Scenario: VENDOR_UNIQUE packets are captured to a pcap file                                  # ../traffic-gen/tests/aecp_behave/features/aecp_non_aem.feature:66
2026-09-22T08:04:47.0758409Z     Given the AECP protocol directory is loaded                                                # ../traffic-gen/tests/aecp_behave/features/steps/packet_steps.py:17
2026-09-22T08:04:47.0759765Z     Given the interface "atdecc_aecp_vendor_unique::AECP_VENDOR_UNIQUE::AECP_VENDOR_UNIQUE_IF" # ../traffic-gen/tests/aecp_behave/features/steps/packet_steps.py:24
2026-09-22T08:04:47.0760806Z     When I generate 30 packets with seed 330 to pcap file "/tmp/aecp_vendor_unique.pcap"       # ../traffic-gen/tests/aecp_behave/features/steps/packet_steps.py:72
2026-09-22T08:04:47.0826865Z     Then the pcap file "/tmp/aecp_vendor_unique.pcap" exists                                   # ../traffic-gen/tests/aecp_behave/features/steps/packet_steps.py:232
2026-09-22T08:04:47.0828744Z     And the pcap file "/tmp/aecp_vendor_unique.pcap" contains 30 packets                       # ../traffic-gen/tests/aecp_behave/features/steps/packet_steps.py:237
2026-09-22T08:04:47.0832895Z 
2026-09-22T08:04:47.0833094Z   @hardware
2026-09-22T08:04:47.0834067Z   Scenario: ADDRESS_ACCESS packets are sent on a raw network interface                            # ../traffic-gen/tests/aecp_behave/features/aecp_non_aem.feature:77
2026-09-22T08:04:47.0835296Z     Given the AECP protocol directory is loaded                                                   # None
2026-09-22T08:04:47.0836043Z     Given the interface "atdecc_aecp_address_access::AECP_ADDRESS_ACCESS::AECP_ADDRESS_ACCESS_IF" # None
2026-09-22T08:04:47.0836761Z     When I generate 5 packets with seed 340 to raw interface "lo"                                 # None
2026-09-22T08:04:47.0837729Z     Then the field "message_type" is always one of [2, 3]                                         # None
2026-09-22T08:04:47.0838128Z 
2026-09-22T08:04:47.0838243Z   @verilator
2026-09-22T08:04:47.0839073Z   Scenario: VENDOR_UNIQUE packets are sent to a Verilator DUT                                  # ../traffic-gen/tests/aecp_behave/features/aecp_non_aem.feature:83
2026-09-22T08:04:47.0840040Z     Given the AECP protocol directory is loaded                                                # None
2026-09-22T08:04:47.0840878Z     Given the interface "atdecc_aecp_vendor_unique::AECP_VENDOR_UNIQUE::AECP_VENDOR_UNIQUE_IF" # None
2026-09-22T08:04:47.0841812Z     When I generate 5 packets with seed 350 to verilator socket "/tmp/verilator.sock"          # None
2026-09-22T08:04:47.0842669Z     Then the field "message_type" is always one of [6, 7]                                      # None
2026-09-22T08:04:47.0843157Z 
2026-09-22T08:04:47.0843550Z Feature: AECP AEM operation and no-payload PDU generation # ../traffic-gen/tests/aecp_behave/features/aecp_operations.feature:8
2026-09-22T08:04:47.0844062Z 
2026-09-22T08:04:47.0844504Z   Feature: AECP AEM operation and no-payload PDU generation  # ../traffic-gen/tests/aecp_behave/features/aecp_operations.feature:8
2026-09-22T08:04:47.0844990Z 
2026-09-22T08:04:47.0845447Z   Scenario: START_OPERATION command_type is always 52                                                # ../traffic-gen/tests/aecp_behave/features/aecp_operations.feature:17
2026-09-22T08:04:47.0846360Z     Given the AECP protocol directory is loaded                                                      # ../traffic-gen/tests/aecp_behave/features/steps/packet_steps.py:17
2026-09-22T08:04:47.0847357Z     Given the interface "atdecc_aecp_start_operation::AECP_START_OPERATION::AECP_START_OPERATION_IF" # ../traffic-gen/tests/aecp_behave/features/steps/packet_steps.py:24
2026-09-22T08:04:47.0848346Z     When I generate 200 packets with seed 200                                                        # ../traffic-gen/tests/aecp_behave/features/steps/packet_steps.py:62
2026-09-22T08:04:47.0948646Z     Then the field "command_type" always equals 52                                                   # ../traffic-gen/tests/aecp_behave/features/steps/packet_steps.py:95
2026-09-22T08:04:47.0952164Z 
2026-09-22T08:04:47.0952947Z   Scenario: START_OPERATION control_data_length is always 28                                         # ../traffic-gen/tests/aecp_behave/features/aecp_operations.feature:22
2026-09-22T08:04:47.0954306Z     Given the AECP protocol directory is loaded                                                      # ../traffic-gen/tests/aecp_behave/features/steps/packet_steps.py:17
2026-09-22T08:04:47.0955435Z     Given the interface "atdecc_aecp_start_operation::AECP_START_OPERATION::AECP_START_OPERATION_IF" # ../traffic-gen/tests/aecp_behave/features/steps/packet_steps.py:24
2026-09-22T08:04:47.0956468Z     When I generate 100 packets with seed 201                                                        # ../traffic-gen/tests/aecp_behave/features/steps/packet_steps.py:62
2026-09-22T08:04:47.1038809Z     Then the field "control_data_length" always equals 28                                            # ../traffic-gen/tests/aecp_behave/features/steps/packet_steps.py:95
2026-09-22T08:04:47.1042099Z 
2026-09-22T08:04:47.1043515Z   Scenario: START_OPERATION descriptor_type is a valid IEEE 1722.1 descriptor                        # ../traffic-gen/tests/aecp_behave/features/aecp_operations.feature:27
2026-09-22T08:04:47.1045134Z     Given the AECP protocol directory is loaded                                                      # ../traffic-gen/tests/aecp_behave/features/steps/packet_steps.py:17
2026-09-22T08:04:47.1046619Z     Given the interface "atdecc_aecp_start_operation::AECP_START_OPERATION::AECP_START_OPERATION_IF" # ../traffic-gen/tests/aecp_behave/features/steps/packet_steps.py:24
2026-09-22T08:04:47.1047926Z     When I generate 500 packets with seed 202                                                        # ../traffic-gen/tests/aecp_behave/features/steps/packet_steps.py:62
2026-09-22T08:04:47.1223711Z     Then the field "descriptor_type" is always in range [0, 37]                                      # ../traffic-gen/tests/aecp_behave/features/steps/packet_steps.py:116
2026-09-22T08:04:47.1228805Z 
2026-09-22T08:04:47.1229787Z   Scenario: START_OPERATION packet is 31 bytes (244 bits padded)                                     # ../traffic-gen/tests/aecp_behave/features/aecp_operations.feature:32
2026-09-22T08:04:47.1231317Z     Given the AECP protocol directory is loaded                                                      # ../traffic-gen/tests/aecp_behave/features/steps/packet_steps.py:17
2026-09-22T08:04:47.1232902Z     Given the interface "atdecc_aecp_start_operation::AECP_START_OPERATION::AECP_START_OPERATION_IF" # ../traffic-gen/tests/aecp_behave/features/steps/packet_steps.py:24
2026-09-22T08:04:47.1233903Z     When I generate 50 packets with seed 203                                                         # ../traffic-gen/tests/aecp_behave/features/steps/packet_steps.py:62
2026-09-22T08:04:47.1305080Z     Then the packet size is always 31 bytes                                                          # ../traffic-gen/tests/aecp_behave/features/steps/packet_steps.py:148
2026-09-22T08:04:47.1307828Z 
2026-09-22T08:04:47.1308460Z   Scenario: ABORT_OPERATION command_type is always 53                                                # ../traffic-gen/tests/aecp_behave/features/aecp_operations.feature:41
2026-09-22T08:04:47.1311085Z     Given the AECP protocol directory is loaded                                                      # ../traffic-gen/tests/aecp_behave/features/steps/packet_steps.py:17
2026-09-22T08:04:47.1312212Z     Given the interface "atdecc_aecp_abort_operation::AECP_ABORT_OPERATION::AECP_ABORT_OPERATION_IF" # ../traffic-gen/tests/aecp_behave/features/steps/packet_steps.py:24
2026-09-22T08:04:47.1313388Z     When I generate 200 packets with seed 210                                                        # ../traffic-gen/tests/aecp_behave/features/steps/packet_steps.py:62
2026-09-22T08:04:47.1415617Z     Then the field "command_type" always equals 53                                                   # ../traffic-gen/tests/aecp_behave/features/steps/packet_steps.py:95
2026-09-22T08:04:47.1418480Z 
2026-09-22T08:04:47.1419170Z   Scenario: ABORT_OPERATION control_data_length is always 28                                         # ../traffic-gen/tests/aecp_behave/features/aecp_operations.feature:46
2026-09-22T08:04:47.1420711Z     Given the AECP protocol directory is loaded                                                      # ../traffic-gen/tests/aecp_behave/features/steps/packet_steps.py:17
2026-09-22T08:04:47.1421985Z     Given the interface "atdecc_aecp_abort_operation::AECP_ABORT_OPERATION::AECP_ABORT_OPERATION_IF" # ../traffic-gen/tests/aecp_behave/features/steps/packet_steps.py:24
2026-09-22T08:04:47.1423255Z     When I generate 100 packets with seed 211                                                        # ../traffic-gen/tests/aecp_behave/features/steps/packet_steps.py:62
2026-09-22T08:04:47.1504998Z     Then the field "control_data_length" always equals 28                                            # ../traffic-gen/tests/aecp_behave/features/steps/packet_steps.py:95
2026-09-22T08:04:47.1507787Z 
2026-09-22T08:04:47.1508483Z   Scenario: ABORT_OPERATION reserved field is always zero                                            # ../traffic-gen/tests/aecp_behave/features/aecp_operations.feature:51
2026-09-22T08:04:47.1510124Z     Given the AECP protocol directory is loaded                                                      # ../traffic-gen/tests/aecp_behave/features/steps/packet_steps.py:17
2026-09-22T08:04:47.1512291Z     Given the interface "atdecc_aecp_abort_operation::AECP_ABORT_OPERATION::AECP_ABORT_OPERATION_IF" # ../traffic-gen/tests/aecp_behave/features/steps/packet_steps.py:24
2026-09-22T08:04:47.1513498Z     When I generate 200 packets with seed 212                                                        # ../traffic-gen/tests/aecp_behave/features/steps/packet_steps.py:62
2026-09-22T08:04:47.1617410Z     Then the field "reserved" always equals 0                                                        # ../traffic-gen/tests/aecp_behave/features/steps/packet_steps.py:95
2026-09-22T08:04:47.1620057Z 
2026-09-22T08:04:47.1620859Z   Scenario: OPERATION_STATUS command_type is always 54                                                  # ../traffic-gen/tests/aecp_behave/features/aecp_operations.feature:60
2026-09-22T08:04:47.1622073Z     Given the AECP protocol directory is loaded                                                         # ../traffic-gen/tests/aecp_behave/features/steps/packet_steps.py:17
2026-09-22T08:04:47.1623448Z     Given the interface "atdecc_aecp_operation_status::AECP_OPERATION_STATUS::AECP_OPERATION_STATUS_IF" # ../traffic-gen/tests/aecp_behave/features/steps/packet_steps.py:24
2026-09-22T08:04:47.1624501Z     When I generate 200 packets with seed 220                                                           # ../traffic-gen/tests/aecp_behave/features/steps/packet_steps.py:62
2026-09-22T08:04:47.1729810Z     Then the field "command_type" always equals 54                                                      # ../traffic-gen/tests/aecp_behave/features/steps/packet_steps.py:95
2026-09-22T08:04:47.1733564Z 
2026-09-22T08:04:47.1734275Z   Scenario: OPERATION_STATUS percent_complete is always in [0, 100]                                     # ../traffic-gen/tests/aecp_behave/features/aecp_operations.feature:65
2026-09-22T08:04:47.1735467Z     Given the AECP protocol directory is loaded                                                         # ../traffic-gen/tests/aecp_behave/features/steps/packet_steps.py:17
2026-09-22T08:04:47.1736823Z     Given the interface "atdecc_aecp_operation_status::AECP_OPERATION_STATUS::AECP_OPERATION_STATUS_IF" # ../traffic-gen/tests/aecp_behave/features/steps/packet_steps.py:24
2026-09-22T08:04:47.1738326Z     When I generate 500 packets with seed 221                                                           # ../traffic-gen/tests/aecp_behave/features/steps/packet_steps.py:62
2026-09-22T08:04:47.1914185Z     Then the field "percent_complete" is always in range [0, 100]                                       # ../traffic-gen/tests/aecp_behave/features/steps/packet_steps.py:116
2026-09-22T08:04:47.1918315Z 
2026-09-22T08:04:47.1919028Z   Scenario: OPERATION_STATUS control_data_length is always 28                                           # ../traffic-gen/tests/aecp_behave/features/aecp_operations.feature:70
2026-09-22T08:04:47.1920627Z     Given the AECP protocol directory is loaded                                                         # ../traffic-gen/tests/aecp_behave/features/steps/packet_steps.py:17
2026-09-22T08:04:47.1922223Z     Given the interface "atdecc_aecp_operation_status::AECP_OPERATION_STATUS::AECP_OPERATION_STATUS_IF" # ../traffic-gen/tests/aecp_behave/features/steps/packet_steps.py:24
2026-09-22T08:04:47.1923750Z     When I generate 100 packets with seed 222                                                           # ../traffic-gen/tests/aecp_behave/features/steps/packet_steps.py:62
2026-09-22T08:04:47.2005836Z     Then the field "control_data_length" always equals 28                                               # ../traffic-gen/tests/aecp_behave/features/steps/packet_steps.py:95
2026-09-22T08:04:47.2008248Z 
2026-09-22T08:04:47.2009524Z   Scenario: No-payload command_type is one of the defined no-payload commands                     # ../traffic-gen/tests/aecp_behave/features/aecp_operations.feature:79
2026-09-22T08:04:47.2011683Z     Given the AECP protocol directory is loaded                                                   # ../traffic-gen/tests/aecp_behave/features/steps/packet_steps.py:17
2026-09-22T08:04:47.2013415Z     Given the interface "atdecc_aecp_aem_no_payload::AECP_AEM_NO_PAYLOAD::AECP_AEM_NO_PAYLOAD_IF" # ../traffic-gen/tests/aecp_behave/features/steps/packet_steps.py:24
2026-09-22T08:04:47.2014430Z     When I generate 500 packets with seed 230                                                     # ../traffic-gen/tests/aecp_behave/features/steps/packet_steps.py:62
2026-09-22T08:04:47.2154469Z     Then the field "command_type" is always one of [2, 3, 7, 36, 37]                              # ../traffic-gen/tests/aecp_behave/features/steps/packet_steps.py:137
2026-09-22T08:04:47.2158300Z 
2026-09-22T08:04:47.2159833Z   Scenario: No-payload control_data_length is always 20                                           # ../traffic-gen/tests/aecp_behave/features/aecp_operations.feature:84
2026-09-22T08:04:47.2175073Z     Given the AECP protocol directory is loaded                                                   # ../traffic-gen/tests/aecp_behave/features/steps/packet_steps.py:17
2026-09-22T08:04:47.2176585Z     Given the interface "atdecc_aecp_aem_no_payload::AECP_AEM_NO_PAYLOAD::AECP_AEM_NO_PAYLOAD_IF" # ../traffic-gen/tests/aecp_behave/features/steps/packet_steps.py:24
2026-09-22T08:04:47.2177567Z     When I generate 100 packets with seed 231                                                     # ../traffic-gen/tests/aecp_behave/features/steps/packet_steps.py:62
2026-09-22T08:04:47.2238054Z     Then the field "control_data_length" always equals 20                                         # ../traffic-gen/tests/aecp_behave/features/steps/packet_steps.py:95
2026-09-22T08:04:47.2240444Z 
2026-09-22T08:04:47.2241172Z   Scenario: No-payload packet is 23 bytes (180 bits padded)                                       # ../traffic-gen/tests/aecp_behave/features/aecp_operations.feature:89
2026-09-22T08:04:47.2242464Z     Given the AECP protocol directory is loaded                                                   # ../traffic-gen/tests/aecp_behave/features/steps/packet_steps.py:17
2026-09-22T08:04:47.2243699Z     Given the interface "atdecc_aecp_aem_no_payload::AECP_AEM_NO_PAYLOAD::AECP_AEM_NO_PAYLOAD_IF" # ../traffic-gen/tests/aecp_behave/features/steps/packet_steps.py:24
2026-09-22T08:04:47.2244868Z     When I generate 50 packets with seed 232                                                      # ../traffic-gen/tests/aecp_behave/features/steps/packet_steps.py:62
2026-09-22T08:04:47.2314036Z     Then the packet size is always 23 bytes                                                       # ../traffic-gen/tests/aecp_behave/features/steps/packet_steps.py:148
2026-09-22T08:04:47.2316194Z 
2026-09-22T08:04:47.2316865Z   Scenario: OPERATION_STATUS packets are captured to a pcap file                                        # ../traffic-gen/tests/aecp_behave/features/aecp_operations.feature:98
2026-09-22T08:04:47.2318378Z     Given the AECP protocol directory is loaded                                                         # ../traffic-gen/tests/aecp_behave/features/steps/packet_steps.py:17
2026-09-22T08:04:47.2319671Z     Given the interface "atdecc_aecp_operation_status::AECP_OPERATION_STATUS::AECP_OPERATION_STATUS_IF" # ../traffic-gen/tests/aecp_behave/features/steps/packet_steps.py:24
2026-09-22T08:04:47.2320720Z     When I generate 25 packets with seed 240 to pcap file "/tmp/aecp_op_status.pcap"                    # ../traffic-gen/tests/aecp_behave/features/steps/packet_steps.py:72
2026-09-22T08:04:47.2387419Z     Then the pcap file "/tmp/aecp_op_status.pcap" exists                                                # ../traffic-gen/tests/aecp_behave/features/steps/packet_steps.py:232
2026-09-22T08:04:47.2388874Z     And the pcap file "/tmp/aecp_op_status.pcap" contains 25 packets                                    # ../traffic-gen/tests/aecp_behave/features/steps/packet_steps.py:237
2026-09-22T08:04:47.2391096Z 
2026-09-22T08:04:47.2394176Z Feature: AECP AEM stream operation PDU generation # ../traffic-gen/tests/aecp_behave/features/aecp_stream_ops.feature:7
2026-09-22T08:04:47.2394860Z 
2026-09-22T08:04:47.2395300Z   Feature: AECP AEM stream operation PDU generation  # ../traffic-gen/tests/aecp_behave/features/aecp_stream_ops.feature:7
2026-09-22T08:04:47.2395994Z 
2026-09-22T08:04:47.2396563Z   Scenario: SET_STREAM_FORMAT command_type is always 8                                                     # ../traffic-gen/tests/aecp_behave/features/aecp_stream_ops.feature:16
2026-09-22T08:04:47.2397872Z     Given the AECP protocol directory is loaded                                                            # ../traffic-gen/tests/aecp_behave/features/steps/packet_steps.py:17
2026-09-22T08:04:47.2399128Z     Given the interface "atdecc_aecp_set_stream_format::AECP_SET_STREAM_FORMAT::AECP_SET_STREAM_FORMAT_IF" # ../traffic-gen/tests/aecp_behave/features/steps/packet_steps.py:24
2026-09-22T08:04:47.2400152Z     When I generate 200 packets with seed 70                                                               # ../traffic-gen/tests/aecp_behave/features/steps/packet_steps.py:62
2026-09-22T08:04:47.2501823Z     Then the field "command_type" always equals 8                                                          # ../traffic-gen/tests/aecp_behave/features/steps/packet_steps.py:95
2026-09-22T08:04:47.2505162Z 
2026-09-22T08:04:47.2505848Z   Scenario: SET_STREAM_FORMAT control_data_length is always 32                                             # ../traffic-gen/tests/aecp_behave/features/aecp_stream_ops.feature:21
2026-09-22T08:04:47.2507208Z     Given the AECP protocol directory is loaded                                                            # ../traffic-gen/tests/aecp_behave/features/steps/packet_steps.py:17
2026-09-22T08:04:47.2508515Z     Given the interface "atdecc_aecp_set_stream_format::AECP_SET_STREAM_FORMAT::AECP_SET_STREAM_FORMAT_IF" # ../traffic-gen/tests/aecp_behave/features/steps/packet_steps.py:24
2026-09-22T08:04:47.2509547Z     When I generate 100 packets with seed 71                                                               # ../traffic-gen/tests/aecp_behave/features/steps/packet_steps.py:62
2026-09-22T08:04:47.2590528Z     Then the field "control_data_length" always equals 32                                                  # ../traffic-gen/tests/aecp_behave/features/steps/packet_steps.py:95
2026-09-22T08:04:47.2593473Z 
2026-09-22T08:04:47.2594295Z   Scenario: SET_STREAM_FORMAT descriptor_type is a valid IEEE 1722.1 descriptor                            # ../traffic-gen/tests/aecp_behave/features/aecp_stream_ops.feature:26
2026-09-22T08:04:47.2595733Z     Given the AECP protocol directory is loaded                                                            # ../traffic-gen/tests/aecp_behave/features/steps/packet_steps.py:17
2026-09-22T08:04:47.2597041Z     Given the interface "atdecc_aecp_set_stream_format::AECP_SET_STREAM_FORMAT::AECP_SET_STREAM_FORMAT_IF" # ../traffic-gen/tests/aecp_behave/features/steps/packet_steps.py:24
2026-09-22T08:04:47.2598072Z     When I generate 500 packets with seed 72                                                               # ../traffic-gen/tests/aecp_behave/features/steps/packet_steps.py:62
2026-09-22T08:04:47.2766658Z     Then the field "descriptor_type" is always in range [0, 37]                                            # ../traffic-gen/tests/aecp_behave/features/steps/packet_steps.py:116
2026-09-22T08:04:47.2771095Z 
2026-09-22T08:04:47.2771755Z   Scenario: SET_STREAM_FORMAT packet is 35 bytes (276 bits padded)                                         # ../traffic-gen/tests/aecp_behave/features/aecp_stream_ops.feature:31
2026-09-22T08:04:47.2773354Z     Given the AECP protocol directory is loaded                                                            # ../traffic-gen/tests/aecp_behave/features/steps/packet_steps.py:17
2026-09-22T08:04:47.2774590Z     Given the interface "atdecc_aecp_set_stream_format::AECP_SET_STREAM_FORMAT::AECP_SET_STREAM_FORMAT_IF" # ../traffic-gen/tests/aecp_behave/features/steps/packet_steps.py:24
2026-09-22T08:04:47.2775741Z     When I generate 50 packets with seed 73                                                                # ../traffic-gen/tests/aecp_behave/features/steps/packet_steps.py:62
2026-09-22T08:04:47.2848427Z     Then the packet size is always 35 bytes                                                                # ../traffic-gen/tests/aecp_behave/features/steps/packet_steps.py:148
2026-09-22T08:04:47.2850977Z 
2026-09-22T08:04:47.2851651Z   Scenario: SET_STREAM_INFO command_type is always 14                                                # ../traffic-gen/tests/aecp_behave/features/aecp_stream_ops.feature:40
2026-09-22T08:04:47.2852960Z     Given the AECP protocol directory is loaded                                                      # ../traffic-gen/tests/aecp_behave/features/steps/packet_steps.py:17
2026-09-22T08:04:47.2854469Z     Given the interface "atdecc_aecp_set_stream_info::AECP_SET_STREAM_INFO::AECP_SET_STREAM_INFO_IF" # ../traffic-gen/tests/aecp_behave/features/steps/packet_steps.py:24
2026-09-22T08:04:47.2855471Z     When I generate 200 packets with seed 80                                                         # ../traffic-gen/tests/aecp_behave/features/steps/packet_steps.py:62
2026-09-22T08:04:47.2996476Z     Then the field "command_type" always equals 14                                                   # ../traffic-gen/tests/aecp_behave/features/steps/packet_steps.py:95
2026-09-22T08:04:47.2999766Z 
2026-09-22T08:04:47.3000448Z   Scenario: SET_STREAM_INFO control_data_length is always 68                                         # ../traffic-gen/tests/aecp_behave/features/aecp_stream_ops.feature:45
2026-09-22T08:04:47.3001769Z     Given the AECP protocol directory is loaded                                                      # ../traffic-gen/tests/aecp_behave/features/steps/packet_steps.py:17
2026-09-22T08:04:47.3003188Z     Given the interface "atdecc_aecp_set_stream_info::AECP_SET_STREAM_INFO::AECP_SET_STREAM_INFO_IF" # ../traffic-gen/tests/aecp_behave/features/steps/packet_steps.py:24
2026-09-22T08:04:47.3004210Z     When I generate 100 packets with seed 81                                                         # ../traffic-gen/tests/aecp_behave/features/steps/packet_steps.py:62
2026-09-22T08:04:47.3104679Z     Then the field "control_data_length" always equals 68                                            # ../traffic-gen/tests/aecp_behave/features/steps/packet_steps.py:95
2026-09-22T08:04:47.3106433Z 
2026-09-22T08:04:47.3107123Z   Scenario: SET_STREAM_INFO descriptor_type is a valid IEEE 1722.1 descriptor                        # ../traffic-gen/tests/aecp_behave/features/aecp_stream_ops.feature:50
2026-09-22T08:04:47.3108667Z     Given the AECP protocol directory is loaded                                                      # ../traffic-gen/tests/aecp_behave/features/steps/packet_steps.py:17
2026-09-22T08:04:47.3110162Z     Given the interface "atdecc_aecp_set_stream_info::AECP_SET_STREAM_INFO::AECP_SET_STREAM_INFO_IF" # ../traffic-gen/tests/aecp_behave/features/steps/packet_steps.py:24
2026-09-22T08:04:47.3111569Z     When I generate 500 packets with seed 82                                                         # ../traffic-gen/tests/aecp_behave/features/steps/packet_steps.py:62
2026-09-22T08:04:47.3372688Z     Then the field "descriptor_type" is always in range [0, 37]                                      # ../traffic-gen/tests/aecp_behave/features/steps/packet_steps.py:116
2026-09-22T08:04:47.3377920Z 
2026-09-22T08:04:47.3378539Z   Scenario: SET_STREAM_INFO reserved fields are always zero                                          # ../traffic-gen/tests/aecp_behave/features/aecp_stream_ops.feature:55
2026-09-22T08:04:47.3379773Z     Given the AECP protocol directory is loaded                                                      # ../traffic-gen/tests/aecp_behave/features/steps/packet_steps.py:17
2026-09-22T08:04:47.3381492Z     Given the interface "atdecc_aecp_set_stream_info::AECP_SET_STREAM_INFO::AECP_SET_STREAM_INFO_IF" # ../traffic-gen/tests/aecp_behave/features/steps/packet_steps.py:24
2026-09-22T08:04:47.3382630Z     When I generate 200 packets with seed 83                                                         # ../traffic-gen/tests/aecp_behave/features/steps/packet_steps.py:62
2026-09-22T08:04:47.3520044Z     Then the field "reserved0" always equals 0                                                       # ../traffic-gen/tests/aecp_behave/features/steps/packet_steps.py:95
2026-09-22T08:04:47.3521321Z     And the field "reserved1" always equals 0                                                        # ../traffic-gen/tests/aecp_behave/features/steps/packet_steps.py:95
2026-09-22T08:04:47.3525152Z 
2026-09-22T08:04:47.3525813Z   Scenario: SET_STREAM_INFO msrp_flags respects defined bit mask                                     # ../traffic-gen/tests/aecp_behave/features/aecp_stream_ops.feature:61
2026-09-22T08:04:47.3527203Z     Given the AECP protocol directory is loaded                                                      # ../traffic-gen/tests/aecp_behave/features/steps/packet_steps.py:17
2026-09-22T08:04:47.3528473Z     Given the interface "atdecc_aecp_set_stream_info::AECP_SET_STREAM_INFO::AECP_SET_STREAM_INFO_IF" # ../traffic-gen/tests/aecp_behave/features/steps/packet_steps.py:24
2026-09-22T08:04:47.3529640Z     When I generate 500 packets with seed 84                                                         # ../traffic-gen/tests/aecp_behave/features/steps/packet_steps.py:62
2026-09-22T08:04:47.3788830Z     Then the field "msrp_flags" always satisfies mask 0xF800000000000000                             # ../traffic-gen/tests/aecp_behave/features/steps/packet_steps.py:126
2026-09-22T08:04:47.3794056Z 
2026-09-22T08:04:47.3794733Z   Scenario: SET_STREAM_INFO packet is 75 bytes (596 bits padded)                                     # ../traffic-gen/tests/aecp_behave/features/aecp_stream_ops.feature:66
2026-09-22T08:04:47.3796219Z     Given the AECP protocol directory is loaded                                                      # ../traffic-gen/tests/aecp_behave/features/steps/packet_steps.py:17
2026-09-22T08:04:47.3797567Z     Given the interface "atdecc_aecp_set_stream_info::AECP_SET_STREAM_INFO::AECP_SET_STREAM_INFO_IF" # ../traffic-gen/tests/aecp_behave/features/steps/packet_steps.py:24
2026-09-22T08:04:47.3798549Z     When I generate 50 packets with seed 85                                                          # ../traffic-gen/tests/aecp_behave/features/steps/packet_steps.py:62
2026-09-22T08:04:47.3878316Z     Then the packet size is always 75 bytes                                                          # ../traffic-gen/tests/aecp_behave/features/steps/packet_steps.py:148
2026-09-22T08:04:47.3881392Z 
2026-09-22T08:04:47.3882156Z   Scenario: SET_STREAM_FORMAT packets are captured to a pcap file                                          # ../traffic-gen/tests/aecp_behave/features/aecp_stream_ops.feature:75
2026-09-22T08:04:47.3883610Z     Given the AECP protocol directory is loaded                                                            # ../traffic-gen/tests/aecp_behave/features/steps/packet_steps.py:17
2026-09-22T08:04:47.3885130Z     Given the interface "atdecc_aecp_set_stream_format::AECP_SET_STREAM_FORMAT::AECP_SET_STREAM_FORMAT_IF" # ../traffic-gen/tests/aecp_behave/features/steps/packet_steps.py:24
2026-09-22T08:04:47.3886253Z     When I generate 20 packets with seed 90 to pcap file "/tmp/aecp_stream_format.pcap"                    # ../traffic-gen/tests/aecp_behave/features/steps/packet_steps.py:72
2026-09-22T08:04:47.3951760Z     Then the pcap file "/tmp/aecp_stream_format.pcap" exists                                               # ../traffic-gen/tests/aecp_behave/features/steps/packet_steps.py:232
2026-09-22T08:04:47.3953276Z     And the pcap file "/tmp/aecp_stream_format.pcap" contains 20 packets                                   # ../traffic-gen/tests/aecp_behave/features/steps/packet_steps.py:237
2026-09-22T08:04:47.3955390Z 
2026-09-22T08:04:47.3958260Z Feature: Layer stacking — full on-wire frame assembly # ../traffic-gen/tests/aecp_behave/features/layer_stack.feature:16
2026-09-22T08:04:47.3958948Z 
2026-09-22T08:04:47.3959772Z   Feature: Layer stacking — full on-wire frame assembly  # ../traffic-gen/tests/aecp_behave/features/layer_stack.feature:16
2026-09-22T08:04:47.3960363Z 
2026-09-22T08:04:47.3961321Z   Scenario: Ethernet + AVTP + AECP_ACQUIRE_ENTITY stack produces 55-byte frame                                                                                                                                   # ../traffic-gen/tests/aecp_behave/features/layer_stack.feature:21
2026-09-22T08:04:47.3962833Z     Given the AECP protocol directory is loaded                                                                                                                                                                  # ../traffic-gen/tests/aecp_behave/features/steps/packet_steps.py:17
2026-09-22T08:04:47.3964627Z     Given the interface stack "ethernet_mac_frame::ETHERNET_FRAME::ETHERNET_FRAME_IF:avtp_control_header::AVTP_CONTROL::AVTP_CONTROL_IF:atdecc_aecp_acquire_entity::AECP_ACQUIRE_ENTITY::AECP_ACQUIRE_ENTITY_IF" # ../traffic-gen/tests/aecp_behave/features/steps/packet_steps.py:29
2026-09-22T08:04:47.3967052Z     When I generate 20 stacked packets with seed 1                                                                                                                                                               # ../traffic-gen/tests/aecp_behave/features/steps/packet_steps.py:183
2026-09-22T08:04:47.4060749Z     Then the stacked packet size is always 55 bytes                                                                                                                                                              # ../traffic-gen/tests/aecp_behave/features/steps/packet_steps.py:220
2026-09-22T08:04:47.4061877Z 
2026-09-22T08:04:47.4062954Z   Scenario: Ethernet MAC ethertype is always 0x22F0                                                                                                                                                              # ../traffic-gen/tests/aecp_behave/features/layer_stack.feature:26
2026-09-22T08:04:47.4064449Z     Given the AECP protocol directory is loaded                                                                                                                                                                  # ../traffic-gen/tests/aecp_behave/features/steps/packet_steps.py:17
2026-09-22T08:04:47.4066565Z     Given the interface stack "ethernet_mac_frame::ETHERNET_FRAME::ETHERNET_FRAME_IF:avtp_control_header::AVTP_CONTROL::AVTP_CONTROL_IF:atdecc_aecp_acquire_entity::AECP_ACQUIRE_ENTITY::AECP_ACQUIRE_ENTITY_IF" # ../traffic-gen/tests/aecp_behave/features/steps/packet_steps.py:29
2026-09-22T08:04:47.4067990Z     When I generate 50 stacked packets with seed 99                                                                                                                                                              # ../traffic-gen/tests/aecp_behave/features/steps/packet_steps.py:183
2026-09-22T08:04:47.4173890Z     Then layer 0 field "ethertype" always equals 8944                                                                                                                                                            # ../traffic-gen/tests/aecp_behave/features/steps/packet_steps.py:199
2026-09-22T08:04:47.4176951Z 
2026-09-22T08:04:47.4177797Z   Scenario: Ethernet MAC ethertype is always 0x22F0 (hex check)                                                                                                                                                  # ../traffic-gen/tests/aecp_behave/features/layer_stack.feature:31
2026-09-22T08:04:47.4179278Z     Given the AECP protocol directory is loaded                                                                                                                                                                  # ../traffic-gen/tests/aecp_behave/features/steps/packet_steps.py:17
2026-09-22T08:04:47.4181064Z     Given the interface stack "ethernet_mac_frame::ETHERNET_FRAME::ETHERNET_FRAME_IF:avtp_control_header::AVTP_CONTROL::AVTP_CONTROL_IF:atdecc_aecp_acquire_entity::AECP_ACQUIRE_ENTITY::AECP_ACQUIRE_ENTITY_IF" # ../traffic-gen/tests/aecp_behave/features/steps/packet_steps.py:29
2026-09-22T08:04:47.4182624Z     When I generate 20 stacked packets with seed 7                                                                                                                                                               # ../traffic-gen/tests/aecp_behave/features/steps/packet_steps.py:183
2026-09-22T08:04:47.4274545Z     Then layer 0 field "ethertype" always equals hex 22F0                                                                                                                                                        # ../traffic-gen/tests/aecp_behave/features/steps/packet_steps.py:209
2026-09-22T08:04:47.4277547Z 
2026-09-22T08:04:47.4278269Z   Scenario: AVTP subtype is always 0xFB (251 decimal)                                                                                                                                                            # ../traffic-gen/tests/aecp_behave/features/layer_stack.feature:36
2026-09-22T08:04:47.4279722Z     Given the AECP protocol directory is loaded                                                                                                                                                                  # ../traffic-gen/tests/aecp_behave/features/steps/packet_steps.py:17
2026-09-22T08:04:47.4281509Z     Given the interface stack "ethernet_mac_frame::ETHERNET_FRAME::ETHERNET_FRAME_IF:avtp_control_header::AVTP_CONTROL::AVTP_CONTROL_IF:atdecc_aecp_acquire_entity::AECP_ACQUIRE_ENTITY::AECP_ACQUIRE_ENTITY_IF" # ../traffic-gen/tests/aecp_behave/features/steps/packet_steps.py:29
2026-09-22T08:04:47.4283228Z     When I generate 20 stacked packets with seed 12                                                                                                                                                              # ../traffic-gen/tests/aecp_behave/features/steps/packet_steps.py:183
2026-09-22T08:04:47.4374705Z     Then layer 1 field "subtype" always equals 251                                                                                                                                                               # ../traffic-gen/tests/aecp_behave/features/steps/packet_steps.py:199
2026-09-22T08:04:47.4377595Z 
2026-09-22T08:04:47.4378463Z   Scenario: AVTP sv and version are always zero                                                                                                                                                                  # ../traffic-gen/tests/aecp_behave/features/layer_stack.feature:41
2026-09-22T08:04:47.4380070Z     Given the AECP protocol directory is loaded                                                                                                                                                                  # ../traffic-gen/tests/aecp_behave/features/steps/packet_steps.py:17
2026-09-22T08:04:47.4381659Z     Given the interface stack "ethernet_mac_frame::ETHERNET_FRAME::ETHERNET_FRAME_IF:avtp_control_header::AVTP_CONTROL::AVTP_CONTROL_IF:atdecc_aecp_acquire_entity::AECP_ACQUIRE_ENTITY::AECP_ACQUIRE_ENTITY_IF" # ../traffic-gen/tests/aecp_behave/features/steps/packet_steps.py:29
2026-09-22T08:04:47.4383358Z     When I generate 30 stacked packets with seed 5                                                                                                                                                               # ../traffic-gen/tests/aecp_behave/features/steps/packet_steps.py:183
2026-09-22T08:04:47.4479989Z     Then layer 1 field "sv" always equals 0                                                                                                                                                                      # ../traffic-gen/tests/aecp_behave/features/steps/packet_steps.py:199
2026-09-22T08:04:47.4481440Z     And layer 1 field "version" always equals 0                                                                                                                                                                  # ../traffic-gen/tests/aecp_behave/features/steps/packet_steps.py:199
2026-09-22T08:04:47.4484687Z 
2026-09-22T08:04:47.4485347Z   Scenario: AECP command_type is always ACQUIRE_ENTITY (0)                                                                                                                                                       # ../traffic-gen/tests/aecp_behave/features/layer_stack.feature:47
2026-09-22T08:04:47.4486699Z     Given the AECP protocol directory is loaded                                                                                                                                                                  # ../traffic-gen/tests/aecp_behave/features/steps/packet_steps.py:17
2026-09-22T08:04:47.4488392Z     Given the interface stack "ethernet_mac_frame::ETHERNET_FRAME::ETHERNET_FRAME_IF:avtp_control_header::AVTP_CONTROL::AVTP_CONTROL_IF:atdecc_aecp_acquire_entity::AECP_ACQUIRE_ENTITY::AECP_ACQUIRE_ENTITY_IF" # ../traffic-gen/tests/aecp_behave/features/steps/packet_steps.py:29
2026-09-22T08:04:47.4489804Z     When I generate 30 stacked packets with seed 77                                                                                                                                                              # ../traffic-gen/tests/aecp_behave/features/steps/packet_steps.py:183
2026-09-22T08:04:47.4587132Z     Then layer 2 field "command_type" always equals 0                                                                                                                                                            # ../traffic-gen/tests/aecp_behave/features/steps/packet_steps.py:199
2026-09-22T08:04:47.4590083Z 
2026-09-22T08:04:47.4590873Z   Scenario: Stacked frame can be captured to a pcap file                                                                                                                                                         # ../traffic-gen/tests/aecp_behave/features/layer_stack.feature:52
2026-09-22T08:04:47.4592335Z     Given the AECP protocol directory is loaded                                                                                                                                                                  # ../traffic-gen/tests/aecp_behave/features/steps/packet_steps.py:17
2026-09-22T08:04:47.4594111Z     Given the interface stack "ethernet_mac_frame::ETHERNET_FRAME::ETHERNET_FRAME_IF:avtp_control_header::AVTP_CONTROL::AVTP_CONTROL_IF:atdecc_aecp_acquire_entity::AECP_ACQUIRE_ENTITY::AECP_ACQUIRE_ENTITY_IF" # ../traffic-gen/tests/aecp_behave/features/steps/packet_steps.py:29
2026-09-22T08:04:47.4595745Z     When I generate 5 stacked packets with seed 42 to pcap file "/tmp/stack_aecp_test.pcap"                                                                                                                      # ../traffic-gen/tests/aecp_behave/features/steps/packet_steps.py:193
2026-09-22T08:04:47.4683403Z     Then the pcap file "/tmp/stack_aecp_test.pcap" exists                                                                                                                                                        # ../traffic-gen/tests/aecp_behave/features/steps/packet_steps.py:232
2026-09-22T08:04:47.4685141Z     And the pcap file "/tmp/stack_aecp_test.pcap" contains 5 packets                                                                                                                                             # ../traffic-gen/tests/aecp_behave/features/steps/packet_steps.py:237
2026-09-22T08:04:47.4687714Z 
2026-09-22T08:04:47.4688735Z   Scenario: Stack output is deterministic with a fixed seed                                                                                                                                                      # ../traffic-gen/tests/aecp_behave/features/layer_stack.feature:58
2026-09-22T08:04:47.4690242Z     Given the AECP protocol directory is loaded                                                                                                                                                                  # ../traffic-gen/tests/aecp_behave/features/steps/packet_steps.py:17
2026-09-22T08:04:47.4692859Z     Given the interface stack "ethernet_mac_frame::ETHERNET_FRAME::ETHERNET_FRAME_IF:avtp_control_header::AVTP_CONTROL::AVTP_CONTROL_IF:atdecc_aecp_acquire_entity::AECP_ACQUIRE_ENTITY::AECP_ACQUIRE_ENTITY_IF" # ../traffic-gen/tests/aecp_behave/features/steps/packet_steps.py:29
2026-09-22T08:04:47.4694962Z     When I generate 5 stacked packets with seed 42                                                                                                                                                               # ../traffic-gen/tests/aecp_behave/features/steps/packet_steps.py:183
2026-09-22T08:04:47.4781560Z     Then the stacked packet size is always 55 bytes                                                                                                                                                              # ../traffic-gen/tests/aecp_behave/features/steps/packet_steps.py:220
2026-09-22T08:04:47.4783616Z     And layer 0 field "ethertype" always equals 8944                                                                                                                                                             # ../traffic-gen/tests/aecp_behave/features/steps/packet_steps.py:199
2026-09-22T08:04:47.4785006Z     And layer 1 field "subtype" always equals 251                                                                                                                                                                # ../traffic-gen/tests/aecp_behave/features/steps/packet_steps.py:199
2026-09-22T08:04:47.4785930Z 
2026-09-22T08:04:47.4790667Z 8 features passed, 0 failed, 0 skipped
2026-09-22T08:04:47.4791140Z 96 scenarios passed, 0 failed, 2 skipped
2026-09-22T08:04:47.4791515Z 395 steps passed, 0 failed, 8 skipped
2026-09-22T08:04:47.4792072Z Took 0min 1.093s
2026-09-22T08:04:47.4971220Z *** behave: /home/runner/work/tsn-gen/tsn-gen/traffic-gen/tests/stack_behave/features
2026-09-22T08:04:47.5936197Z USING RUNNER: behave.runner:Runner
2026-09-22T08:04:47.5937719Z Feature: ADP — full on-wire frame assembly via layer stacking # ../traffic-gen/tests/stack_behave/features/adp_stack.feature:12
2026-09-22T08:04:47.5938647Z 
2026-09-22T08:04:47.5939443Z   Feature: ADP — full on-wire frame assembly via layer stacking  # ../traffic-gen/tests/stack_behave/features/adp_stack.feature:12
2026-09-22T08:04:47.5940339Z 
2026-09-22T08:04:47.5940956Z   Scenario: ADP_IF_DATA stacked frame has correct total size                         # ../traffic-gen/tests/stack_behave/features/adp_stack.feature:17
2026-09-22T08:04:47.5942923Z     Given the protocols root is loaded                                               # ../traffic-gen/tests/stack_behave/features/steps/stack_steps.py:46
2026-09-22T08:04:47.5945261Z     Given the application interface "atdecc_adp_service::ADP_INTERFACE::ADP_IF_DATA" # ../traffic-gen/tests/stack_behave/features/steps/stack_steps.py:52
2026-09-22T08:04:47.5946475Z     When I generate 20 stacked packets with seed 1                                   # ../traffic-gen/tests/stack_behave/features/steps/stack_steps.py:62
2026-09-22T08:04:47.6048275Z     Then the stacked packet size is always 83 bytes                                  # ../traffic-gen/tests/stack_behave/features/steps/stack_steps.py:83
2026-09-22T08:04:47.6050745Z 
2026-09-22T08:04:47.6052007Z   Scenario: ADP_IF_DATA — ethertype is always 0x22F0                                 # ../traffic-gen/tests/stack_behave/features/adp_stack.feature:22
2026-09-22T08:04:47.6053578Z     Given the protocols root is loaded                                               # ../traffic-gen/tests/stack_behave/features/steps/stack_steps.py:46
2026-09-22T08:04:47.6055208Z     Given the application interface "atdecc_adp_service::ADP_INTERFACE::ADP_IF_DATA" # ../traffic-gen/tests/stack_behave/features/steps/stack_steps.py:52
2026-09-22T08:04:47.6056741Z     When I generate 30 stacked packets with seed 5                                   # ../traffic-gen/tests/stack_behave/features/steps/stack_steps.py:62
2026-09-22T08:04:47.6159920Z     Then layer 0 field "ethertype" always equals hex 22F0                            # ../traffic-gen/tests/stack_behave/features/steps/stack_steps.py:101
2026-09-22T08:04:47.6160740Z 
2026-09-22T08:04:47.6161748Z   Scenario: ADP_IF_DATA — AVTP subtype is always 0xFB and version 0                  # ../traffic-gen/tests/stack_behave/features/adp_stack.feature:27
2026-09-22T08:04:47.6163406Z     Given the protocols root is loaded                                               # ../traffic-gen/tests/stack_behave/features/steps/stack_steps.py:46
2026-09-22T08:04:47.6164934Z     Given the application interface "atdecc_adp_service::ADP_INTERFACE::ADP_IF_DATA" # ../traffic-gen/tests/stack_behave/features/steps/stack_steps.py:52
2026-09-22T08:04:47.6166153Z     When I generate 30 stacked packets with seed 3                                   # ../traffic-gen/tests/stack_behave/features/steps/stack_steps.py:62
2026-09-22T08:04:47.6267038Z     Then layer 1 field "subtype" always equals 251                                   # ../traffic-gen/tests/stack_behave/features/steps/stack_steps.py:91
2026-09-22T08:04:47.6268433Z     And layer 1 field "sv" always equals 0                                           # ../traffic-gen/tests/stack_behave/features/steps/stack_steps.py:91
2026-09-22T08:04:47.6269763Z     And layer 1 field "version" always equals 0                                      # ../traffic-gen/tests/stack_behave/features/steps/stack_steps.py:91
2026-09-22T08:04:47.6270648Z 
2026-09-22T08:04:47.6271841Z   Scenario: ADP_IF_DATA — message_type is always 0 (ENTITY_AVAILABLE), 1 (ENTITY_DEPARTING), or 2 (ENTITY_DISCOVER)  # ../traffic-gen/tests/stack_behave/features/adp_stack.feature:34
2026-09-22T08:04:47.6273742Z     Given the protocols root is loaded                                                                               # ../traffic-gen/tests/stack_behave/features/steps/stack_steps.py:46
2026-09-22T08:04:47.6275396Z     Given the application interface "atdecc_adp_service::ADP_INTERFACE::ADP_IF_DATA"                                 # ../traffic-gen/tests/stack_behave/features/steps/stack_steps.py:52
2026-09-22T08:04:47.6276642Z     When I generate 50 stacked packets with seed 8                                                                   # ../traffic-gen/tests/stack_behave/features/steps/stack_steps.py:62
2026-09-22T08:04:47.6386056Z     Then layer 2 field "message_type" is always one of [0, 1, 2]                                                     # ../traffic-gen/tests/stack_behave/features/steps/stack_steps.py:122
2026-09-22T08:04:47.6389886Z 
2026-09-22T08:04:47.6390988Z   Scenario: ADP_IF_DATA — written to pcap                                                     # ../traffic-gen/tests/stack_behave/features/adp_stack.feature:39
2026-09-22T08:04:47.6392538Z     Given the protocols root is loaded                                                        # ../traffic-gen/tests/stack_behave/features/steps/stack_steps.py:46
2026-09-22T08:04:47.6394114Z     Given the application interface "atdecc_adp_service::ADP_INTERFACE::ADP_IF_DATA"          # ../traffic-gen/tests/stack_behave/features/steps/stack_steps.py:52
2026-09-22T08:04:47.6395394Z     When I generate 5 stacked packets with seed 42 to pcap file "/tmp/stack_ADP_IF_DATA.pcap" # ../traffic-gen/tests/stack_behave/features/steps/stack_steps.py:72
2026-09-22T08:04:47.6483282Z     Then the pcap file "/tmp/stack_ADP_IF_DATA.pcap" exists                                   # ../traffic-gen/tests/stack_behave/features/steps/stack_steps.py:137
2026-09-22T08:04:47.6484896Z     And the pcap file "/tmp/stack_ADP_IF_DATA.pcap" contains 5 packets                        # ../traffic-gen/tests/stack_behave/features/steps/stack_steps.py:142
2026-09-22T08:04:47.6487401Z 
2026-09-22T08:04:47.6490366Z Feature: AECP AEM — full on-wire frame assembly via layer stacking # ../traffic-gen/tests/stack_behave/features/aecp_aem_stack.feature:32
2026-09-22T08:04:47.6491579Z 
2026-09-22T08:04:47.6492577Z   Feature: AECP AEM — full on-wire frame assembly via layer stacking  # ../traffic-gen/tests/stack_behave/features/aecp_aem_stack.feature:32
2026-09-22T08:04:47.6518577Z 
2026-09-22T08:04:47.6519647Z   Scenario Outline: AEM_NO_PAYLOAD stacked frame has the correct total size -- @1.1 AECP AEM interfaces       # ../traffic-gen/tests/stack_behave/features/aecp_aem_stack.feature:48
2026-09-22T08:04:47.6521165Z     Given the protocols root is loaded                                                                        # ../traffic-gen/tests/stack_behave/features/steps/stack_steps.py:46
2026-09-22T08:04:47.6522539Z     Given the application interface "atdecc_aecp_aem_no_payload::AECP_AEM_NO_PAYLOAD::AECP_AEM_NO_PAYLOAD_IF" # ../traffic-gen/tests/stack_behave/features/steps/stack_steps.py:52
2026-09-22T08:04:47.6523524Z     When I generate 10 stacked packets with seed 1                                                            # ../traffic-gen/tests/stack_behave/features/steps/stack_steps.py:62
2026-09-22T08:04:47.6614318Z     Then the stacked packet size is always 39 bytes                                                           # ../traffic-gen/tests/stack_behave/features/steps/stack_steps.py:83
2026-09-22T08:04:47.6617319Z 
2026-09-22T08:04:47.6617986Z   Scenario Outline: SET_CONFIGURATION stacked frame has the correct total size -- @1.2 AECP AEM interfaces             # ../traffic-gen/tests/stack_behave/features/aecp_aem_stack.feature:49
2026-09-22T08:04:47.6619221Z     Given the protocols root is loaded                                                                                 # ../traffic-gen/tests/stack_behave/features/steps/stack_steps.py:46
2026-09-22T08:04:47.6620311Z     Given the application interface "atdecc_aecp_set_configuration::AECP_SET_CONFIGURATION::AECP_SET_CONFIGURATION_IF" # ../traffic-gen/tests/stack_behave/features/steps/stack_steps.py:52
2026-09-22T08:04:47.6621446Z     When I generate 10 stacked packets with seed 1                                                                     # ../traffic-gen/tests/stack_behave/features/steps/stack_steps.py:62
2026-09-22T08:04:47.6710572Z     Then the stacked packet size is always 43 bytes                                                                    # ../traffic-gen/tests/stack_behave/features/steps/stack_steps.py:83
2026-09-22T08:04:47.6714211Z 
2026-09-22T08:04:47.6714900Z   Scenario Outline: AEM_DESC_QUERY stacked frame has the correct total size -- @1.3 AECP AEM interfaces                   # ../traffic-gen/tests/stack_behave/features/aecp_aem_stack.feature:50
2026-09-22T08:04:47.6716452Z     Given the protocols root is loaded                                                                                    # ../traffic-gen/tests/stack_behave/features/steps/stack_steps.py:46
2026-09-22T08:04:47.6717668Z     Given the application interface "atdecc_aecp_aem_descriptor_query::AECP_AEM_DESCRIPTOR_QUERY::AECP_AEM_DESC_QUERY_IF" # ../traffic-gen/tests/stack_behave/features/steps/stack_steps.py:52
2026-09-22T08:04:47.6718787Z     When I generate 10 stacked packets with seed 1                                                                        # ../traffic-gen/tests/stack_behave/features/steps/stack_steps.py:62
2026-09-22T08:04:47.6807782Z     Then the stacked packet size is always 43 bytes                                                                       # ../traffic-gen/tests/stack_behave/features/steps/stack_steps.py:83
2026-09-22T08:04:47.6810841Z 
2026-09-22T08:04:47.6811360Z   Scenario Outline: ABORT_OPERATION stacked frame has the correct total size -- @1.4 AECP AEM interfaces         # ../traffic-gen/tests/stack_behave/features/aecp_aem_stack.feature:51
2026-09-22T08:04:47.6812656Z     Given the protocols root is loaded                                                                           # ../traffic-gen/tests/stack_behave/features/steps/stack_steps.py:46
2026-09-22T08:04:47.6813824Z     Given the application interface "atdecc_aecp_abort_operation::AECP_ABORT_OPERATION::AECP_ABORT_OPERATION_IF" # ../traffic-gen/tests/stack_behave/features/steps/stack_steps.py:52
2026-09-22T08:04:47.6815161Z     When I generate 10 stacked packets with seed 1                                                               # ../traffic-gen/tests/stack_behave/features/steps/stack_steps.py:62
2026-09-22T08:04:47.6906068Z     Then the stacked packet size is always 47 bytes                                                              # ../traffic-gen/tests/stack_behave/features/steps/stack_steps.py:83
2026-09-22T08:04:47.6909960Z 
2026-09-22T08:04:47.6911382Z   Scenario Outline: GET_AUDIO_MAP stacked frame has the correct total size -- @1.5 AECP AEM interfaces     # ../traffic-gen/tests/stack_behave/features/aecp_aem_stack.feature:52
2026-09-22T08:04:47.6912882Z     Given the protocols root is loaded                                                                     # ../traffic-gen/tests/stack_behave/features/steps/stack_steps.py:46
2026-09-22T08:04:47.6913886Z     Given the application interface "atdecc_aecp_get_audio_map::AECP_GET_AUDIO_MAP::AECP_GET_AUDIO_MAP_IF" # ../traffic-gen/tests/stack_behave/features/steps/stack_steps.py:52
2026-09-22T08:04:47.6914942Z     When I generate 10 stacked packets with seed 1                                                         # ../traffic-gen/tests/stack_behave/features/steps/stack_steps.py:62
2026-09-22T08:04:47.7005460Z     Then the stacked packet size is always 47 bytes                                                        # ../traffic-gen/tests/stack_behave/features/steps/stack_steps.py:83
2026-09-22T08:04:47.7008850Z 
2026-09-22T08:04:47.7009781Z   Scenario Outline: GET_NAME stacked frame has the correct total size -- @1.6 AECP AEM interfaces  # ../traffic-gen/tests/stack_behave/features/aecp_aem_stack.feature:53
2026-09-22T08:04:47.7010859Z     Given the protocols root is loaded                                                             # ../traffic-gen/tests/stack_behave/features/steps/stack_steps.py:46
2026-09-22T08:04:47.7011910Z     Given the application interface "atdecc_aecp_get_name::AECP_GET_NAME::AECP_GET_NAME_IF"        # ../traffic-gen/tests/stack_behave/features/steps/stack_steps.py:52
2026-09-22T08:04:47.7013063Z     When I generate 10 stacked packets with seed 1                                                 # ../traffic-gen/tests/stack_behave/features/steps/stack_steps.py:62
2026-09-22T08:04:47.7102638Z     Then the stacked packet size is always 47 bytes                                                # ../traffic-gen/tests/stack_behave/features/steps/stack_steps.py:83
2026-09-22T08:04:47.7105616Z 
2026-09-22T08:04:47.7106607Z   Scenario Outline: OPERATION_STATUS stacked frame has the correct total size -- @1.7 AECP AEM interfaces           # ../traffic-gen/tests/stack_behave/features/aecp_aem_stack.feature:54
2026-09-22T08:04:47.7107945Z     Given the protocols root is loaded                                                                              # ../traffic-gen/tests/stack_behave/features/steps/stack_steps.py:46
2026-09-22T08:04:47.7109217Z     Given the application interface "atdecc_aecp_operation_status::AECP_OPERATION_STATUS::AECP_OPERATION_STATUS_IF" # ../traffic-gen/tests/stack_behave/features/steps/stack_steps.py:52
2026-09-22T08:04:47.7110390Z     When I generate 10 stacked packets with seed 1                                                                  # ../traffic-gen/tests/stack_behave/features/steps/stack_steps.py:62
2026-09-22T08:04:47.7201663Z     Then the stacked packet size is always 47 bytes                                                                 # ../traffic-gen/tests/stack_behave/features/steps/stack_steps.py:83
2026-09-22T08:04:47.7205242Z 
2026-09-22T08:04:47.7205904Z   Scenario Outline: READ_DESCRIPTOR stacked frame has the correct total size -- @1.8 AECP AEM interfaces         # ../traffic-gen/tests/stack_behave/features/aecp_aem_stack.feature:55
2026-09-22T08:04:47.7207128Z     Given the protocols root is loaded                                                                           # ../traffic-gen/tests/stack_behave/features/steps/stack_steps.py:46
2026-09-22T08:04:47.7208460Z     Given the application interface "atdecc_aecp_read_descriptor::AECP_READ_DESCRIPTOR::AECP_READ_DESCRIPTOR_IF" # ../traffic-gen/tests/stack_behave/features/steps/stack_steps.py:52
2026-09-22T08:04:47.7209545Z     When I generate 10 stacked packets with seed 1                                                               # ../traffic-gen/tests/stack_behave/features/steps/stack_steps.py:62
2026-09-22T08:04:47.7300335Z     Then the stacked packet size is always 47 bytes                                                              # ../traffic-gen/tests/stack_behave/features/steps/stack_steps.py:83
2026-09-22T08:04:47.7303859Z 
2026-09-22T08:04:47.7304514Z   Scenario Outline: SET_CLOCK_SOURCE stacked frame has the correct total size -- @1.9 AECP AEM interfaces           # ../traffic-gen/tests/stack_behave/features/aecp_aem_stack.feature:56
2026-09-22T08:04:47.7305848Z     Given the protocols root is loaded                                                                              # ../traffic-gen/tests/stack_behave/features/steps/stack_steps.py:46
2026-09-22T08:04:47.7307027Z     Given the application interface "atdecc_aecp_set_clock_source::AECP_SET_CLOCK_SOURCE::AECP_SET_CLOCK_SOURCE_IF" # ../traffic-gen/tests/stack_behave/features/steps/stack_steps.py:52
2026-09-22T08:04:47.7308187Z     When I generate 10 stacked packets with seed 1                                                                  # ../traffic-gen/tests/stack_behave/features/steps/stack_steps.py:62
2026-09-22T08:04:47.7401338Z     Then the stacked packet size is always 47 bytes                                                                 # ../traffic-gen/tests/stack_behave/features/steps/stack_steps.py:83
2026-09-22T08:04:47.7404771Z 
2026-09-22T08:04:47.7405373Z   Scenario Outline: SET_SAMPLING_RATE stacked frame has the correct total size -- @1.10 AECP AEM interfaces            # ../traffic-gen/tests/stack_behave/features/aecp_aem_stack.feature:57
2026-09-22T08:04:47.7406670Z     Given the protocols root is loaded                                                                                 # ../traffic-gen/tests/stack_behave/features/steps/stack_steps.py:46
2026-09-22T08:04:47.7407825Z     Given the application interface "atdecc_aecp_set_sampling_rate::AECP_SET_SAMPLING_RATE::AECP_SET_SAMPLING_RATE_IF" # ../traffic-gen/tests/stack_behave/features/steps/stack_steps.py:52
2026-09-22T08:04:47.7408943Z     When I generate 10 stacked packets with seed 1                                                                     # ../traffic-gen/tests/stack_behave/features/steps/stack_steps.py:62
2026-09-22T08:04:47.7499450Z     Then the stacked packet size is always 47 bytes                                                                    # ../traffic-gen/tests/stack_behave/features/steps/stack_steps.py:83
2026-09-22T08:04:47.7502355Z 
2026-09-22T08:04:47.7503021Z   Scenario Outline: START_OPERATION stacked frame has the correct total size -- @1.11 AECP AEM interfaces        # ../traffic-gen/tests/stack_behave/features/aecp_aem_stack.feature:58
2026-09-22T08:04:47.7504266Z     Given the protocols root is loaded                                                                           # ../traffic-gen/tests/stack_behave/features/steps/stack_steps.py:46
2026-09-22T08:04:47.7505369Z     Given the application interface "atdecc_aecp_start_operation::AECP_START_OPERATION::AECP_START_OPERATION_IF" # ../traffic-gen/tests/stack_behave/features/steps/stack_steps.py:52
2026-09-22T08:04:47.7506562Z     When I generate 10 stacked packets with seed 1                                                               # ../traffic-gen/tests/stack_behave/features/steps/stack_steps.py:62
2026-09-22T08:04:47.7601584Z     Then the stacked packet size is always 47 bytes                                                              # ../traffic-gen/tests/stack_behave/features/steps/stack_steps.py:83
2026-09-22T08:04:47.7604931Z 
2026-09-22T08:04:47.7605601Z   Scenario Outline: SET_CONTROL stacked frame has the correct total size -- @1.12 AECP AEM interfaces  # ../traffic-gen/tests/stack_behave/features/aecp_aem_stack.feature:59
2026-09-22T08:04:47.7606820Z     Given the protocols root is loaded                                                                 # ../traffic-gen/tests/stack_behave/features/steps/stack_steps.py:46
2026-09-22T08:04:47.7608159Z     Given the application interface "atdecc_aecp_set_control::AECP_SET_CONTROL::AECP_SET_CONTROL_IF"   # ../traffic-gen/tests/stack_behave/features/steps/stack_steps.py:52
2026-09-22T08:04:47.7609147Z     When I generate 10 stacked packets with seed 1                                                     # ../traffic-gen/tests/stack_behave/features/steps/stack_steps.py:62
2026-09-22T08:04:47.7698705Z     Then the stacked packet size is always 51 bytes                                                    # ../traffic-gen/tests/stack_behave/features/steps/stack_steps.py:83
2026-09-22T08:04:47.7701296Z 
2026-09-22T08:04:47.7701929Z   Scenario Outline: SET_STREAM_FORMAT stacked frame has the correct total size -- @1.13 AECP AEM interfaces            # ../traffic-gen/tests/stack_behave/features/aecp_aem_stack.feature:60
2026-09-22T08:04:47.7703454Z     Given the protocols root is loaded                                                                                 # ../traffic-gen/tests/stack_behave/features/steps/stack_steps.py:46
2026-09-22T08:04:47.7704656Z     Given the application interface "atdecc_aecp_set_stream_format::AECP_SET_STREAM_FORMAT::AECP_SET_STREAM_FORMAT_IF" # ../traffic-gen/tests/stack_behave/features/steps/stack_steps.py:52
2026-09-22T08:04:47.7705769Z     When I generate 10 stacked packets with seed 1                                                                     # ../traffic-gen/tests/stack_behave/features/steps/stack_steps.py:62
2026-09-22T08:04:47.7796179Z     Then the stacked packet size is always 51 bytes                                                                    # ../traffic-gen/tests/stack_behave/features/steps/stack_steps.py:83
2026-09-22T08:04:47.7799371Z 
2026-09-22T08:04:47.7799960Z   Scenario Outline: ACQUIRE_ENTITY stacked frame has the correct total size -- @1.14 AECP AEM interfaces      # ../traffic-gen/tests/stack_behave/features/aecp_aem_stack.feature:61
2026-09-22T08:04:47.7801138Z     Given the protocols root is loaded                                                                        # ../traffic-gen/tests/stack_behave/features/steps/stack_steps.py:46
2026-09-22T08:04:47.7802785Z     Given the application interface "atdecc_aecp_acquire_entity::AECP_ACQUIRE_ENTITY::AECP_ACQUIRE_ENTITY_IF" # ../traffic-gen/tests/stack_behave/features/steps/stack_steps.py:52
2026-09-22T08:04:47.7806113Z     When I generate 10 stacked packets with seed 1                                                            # ../traffic-gen/tests/stack_behave/features/steps/stack_steps.py:62
2026-09-22T08:04:47.7892961Z     Then the stacked packet size is always 55 bytes                                                           # ../traffic-gen/tests/stack_behave/features/steps/stack_steps.py:83
2026-09-22T08:04:47.7895606Z 
2026-09-22T08:04:47.7896231Z   Scenario Outline: AUDIO_MAPPINGS stacked frame has the correct total size -- @1.15 AECP AEM interfaces      # ../traffic-gen/tests/stack_behave/features/aecp_aem_stack.feature:62
2026-09-22T08:04:47.7897500Z     Given the protocols root is loaded                                                                        # ../traffic-gen/tests/stack_behave/features/steps/stack_steps.py:46
2026-09-22T08:04:47.7898652Z     Given the application interface "atdecc_aecp_audio_mappings::AECP_AUDIO_MAPPINGS::AECP_AUDIO_MAPPINGS_IF" # ../traffic-gen/tests/stack_behave/features/steps/stack_steps.py:52
2026-09-22T08:04:47.7899791Z     When I generate 10 stacked packets with seed 1                                                            # ../traffic-gen/tests/stack_behave/features/steps/stack_steps.py:62
2026-09-22T08:04:47.7992252Z     Then the stacked packet size is always 55 bytes                                                           # ../traffic-gen/tests/stack_behave/features/steps/stack_steps.py:83
2026-09-22T08:04:47.7995137Z 
2026-09-22T08:04:47.7995783Z   Scenario Outline: LOCK_ENTITY stacked frame has the correct total size -- @1.16 AECP AEM interfaces  # ../traffic-gen/tests/stack_behave/features/aecp_aem_stack.feature:63
2026-09-22T08:04:47.7997008Z     Given the protocols root is loaded                                                                 # ../traffic-gen/tests/stack_behave/features/steps/stack_steps.py:46
2026-09-22T08:04:47.7998354Z     Given the application interface "atdecc_aecp_lock_entity::AECP_LOCK_ENTITY::AECP_LOCK_ENTITY_IF"   # ../traffic-gen/tests/stack_behave/features/steps/stack_steps.py:52
2026-09-22T08:04:47.7999434Z     When I generate 10 stacked packets with seed 1                                                     # ../traffic-gen/tests/stack_behave/features/steps/stack_steps.py:62
2026-09-22T08:04:47.8091825Z     Then the stacked packet size is always 55 bytes                                                    # ../traffic-gen/tests/stack_behave/features/steps/stack_steps.py:83
2026-09-22T08:04:47.8094374Z 
2026-09-22T08:04:47.8095212Z   Scenario Outline: SET_STREAM_INFO stacked frame has the correct total size -- @1.17 AECP AEM interfaces        # ../traffic-gen/tests/stack_behave/features/aecp_aem_stack.feature:64
2026-09-22T08:04:47.8096741Z     Given the protocols root is loaded                                                                           # ../traffic-gen/tests/stack_behave/features/steps/stack_steps.py:46
2026-09-22T08:04:47.8098098Z     Given the application interface "atdecc_aecp_set_stream_info::AECP_SET_STREAM_INFO::AECP_SET_STREAM_INFO_IF" # ../traffic-gen/tests/stack_behave/features/steps/stack_steps.py:52
2026-09-22T08:04:47.8099196Z     When I generate 10 stacked packets with seed 1                                                               # ../traffic-gen/tests/stack_behave/features/steps/stack_steps.py:62
2026-09-22T08:04:47.8193626Z     Then the stacked packet size is always 91 bytes                                                              # ../traffic-gen/tests/stack_behave/features/steps/stack_steps.py:83
2026-09-22T08:04:47.8196115Z 
2026-09-22T08:04:47.8196925Z   Scenario Outline: SET_NAME stacked frame has the correct total size -- @1.18 AECP AEM interfaces  # ../traffic-gen/tests/stack_behave/features/aecp_aem_stack.feature:65
2026-09-22T08:04:47.8198448Z     Given the protocols root is loaded                                                              # ../traffic-gen/tests/stack_behave/features/steps/stack_steps.py:46
2026-09-22T08:04:47.8200068Z     Given the application interface "atdecc_aecp_set_name::AECP_SET_NAME::AECP_SET_NAME_IF"         # ../traffic-gen/tests/stack_behave/features/steps/stack_steps.py:52
2026-09-22T08:04:47.8201091Z     When I generate 10 stacked packets with seed 1                                                  # ../traffic-gen/tests/stack_behave/features/steps/stack_steps.py:62
2026-09-22T08:04:47.8292336Z     Then the stacked packet size is always 111 bytes                                                # ../traffic-gen/tests/stack_behave/features/steps/stack_steps.py:83
2026-09-22T08:04:47.8320575Z 
2026-09-22T08:04:47.8321971Z   Scenario Outline: AEM_NO_PAYLOAD — ethertype is always 0x22F0 -- @1.1 AECP AEM interfaces                   # ../traffic-gen/tests/stack_behave/features/aecp_aem_stack.feature:78
2026-09-22T08:04:47.8323419Z     Given the protocols root is loaded                                                                        # ../traffic-gen/tests/stack_behave/features/steps/stack_steps.py:46
2026-09-22T08:04:47.8324729Z     Given the application interface "atdecc_aecp_aem_no_payload::AECP_AEM_NO_PAYLOAD::AECP_AEM_NO_PAYLOAD_IF" # ../traffic-gen/tests/stack_behave/features/steps/stack_steps.py:52
2026-09-22T08:04:47.8325864Z     When I generate 20 stacked packets with seed 7                                                            # ../traffic-gen/tests/stack_behave/features/steps/stack_steps.py:62
2026-09-22T08:04:47.8423171Z     Then layer 0 field "ethertype" always equals hex 22F0                                                     # ../traffic-gen/tests/stack_behave/features/steps/stack_steps.py:101
2026-09-22T08:04:47.8426621Z 
2026-09-22T08:04:47.8428332Z   Scenario Outline: SET_CONFIGURATION — ethertype is always 0x22F0 -- @1.2 AECP AEM interfaces                         # ../traffic-gen/tests/stack_behave/features/aecp_aem_stack.feature:79
2026-09-22T08:04:47.8430025Z     Given the protocols root is loaded                                                                                 # ../traffic-gen/tests/stack_behave/features/steps/stack_steps.py:46
2026-09-22T08:04:47.8433311Z     Given the application interface "atdecc_aecp_set_configuration::AECP_SET_CONFIGURATION::AECP_SET_CONFIGURATION_IF" # ../traffic-gen/tests/stack_behave/features/steps/stack_steps.py:52
2026-09-22T08:04:47.8434606Z     When I generate 20 stacked packets with seed 7                                                                     # ../traffic-gen/tests/stack_behave/features/steps/stack_steps.py:62
2026-09-22T08:04:47.8529787Z     Then layer 0 field "ethertype" always equals hex 22F0                                                              # ../traffic-gen/tests/stack_behave/features/steps/stack_steps.py:101
2026-09-22T08:04:47.8533218Z 
2026-09-22T08:04:47.8534934Z   Scenario Outline: AEM_DESC_QUERY — ethertype is always 0x22F0 -- @1.3 AECP AEM interfaces                               # ../traffic-gen/tests/stack_behave/features/aecp_aem_stack.feature:80
2026-09-22T08:04:47.8536696Z     Given the protocols root is loaded                                                                                    # ../traffic-gen/tests/stack_behave/features/steps/stack_steps.py:46
2026-09-22T08:04:47.8538801Z     Given the application interface "atdecc_aecp_aem_descriptor_query::AECP_AEM_DESCRIPTOR_QUERY::AECP_AEM_DESC_QUERY_IF" # ../traffic-gen/tests/stack_behave/features/steps/stack_steps.py:52
2026-09-22T08:04:47.8540168Z     When I generate 20 stacked packets with seed 7                                                                        # ../traffic-gen/tests/stack_behave/features/steps/stack_steps.py:62
2026-09-22T08:04:47.8634283Z     Then layer 0 field "ethertype" always equals hex 22F0                                                                 # ../traffic-gen/tests/stack_behave/features/steps/stack_steps.py:101
2026-09-22T08:04:47.8638098Z 
2026-09-22T08:04:47.8639698Z   Scenario Outline: ABORT_OPERATION — ethertype is always 0x22F0 -- @1.4 AECP AEM interfaces                     # ../traffic-gen/tests/stack_behave/features/aecp_aem_stack.feature:81
2026-09-22T08:04:47.8641739Z     Given the protocols root is loaded                                                                           # ../traffic-gen/tests/stack_behave/features/steps/stack_steps.py:46
2026-09-22T08:04:47.8643517Z     Given the application interface "atdecc_aecp_abort_operation::AECP_ABORT_OPERATION::AECP_ABORT_OPERATION_IF" # ../traffic-gen/tests/stack_behave/features/steps/stack_steps.py:52
2026-09-22T08:04:47.8644680Z     When I generate 20 stacked packets with seed 7                                                               # ../traffic-gen/tests/stack_behave/features/steps/stack_steps.py:62
2026-09-22T08:04:47.8738617Z     Then layer 0 field "ethertype" always equals hex 22F0                                                        # ../traffic-gen/tests/stack_behave/features/steps/stack_steps.py:101
2026-09-22T08:04:47.8741680Z 
2026-09-22T08:04:47.8743608Z   Scenario Outline: GET_AUDIO_MAP — ethertype is always 0x22F0 -- @1.5 AECP AEM interfaces                 # ../traffic-gen/tests/stack_behave/features/aecp_aem_stack.feature:82
2026-09-22T08:04:47.8745320Z     Given the protocols root is loaded                                                                     # ../traffic-gen/tests/stack_behave/features/steps/stack_steps.py:46
2026-09-22T08:04:47.8747402Z     Given the application interface "atdecc_aecp_get_audio_map::AECP_GET_AUDIO_MAP::AECP_GET_AUDIO_MAP_IF" # ../traffic-gen/tests/stack_behave/features/steps/stack_steps.py:52
2026-09-22T08:04:47.8748605Z     When I generate 20 stacked packets with seed 7                                                         # ../traffic-gen/tests/stack_behave/features/steps/stack_steps.py:62
2026-09-22T08:04:47.8840366Z     Then layer 0 field "ethertype" always equals hex 22F0                                                  # ../traffic-gen/tests/stack_behave/features/steps/stack_steps.py:101
2026-09-22T08:04:47.8843702Z 
2026-09-22T08:04:47.8845062Z   Scenario Outline: GET_NAME — ethertype is always 0x22F0 -- @1.6 AECP AEM interfaces       # ../traffic-gen/tests/stack_behave/features/aecp_aem_stack.feature:83
2026-09-22T08:04:47.8846760Z     Given the protocols root is loaded                                                      # ../traffic-gen/tests/stack_behave/features/steps/stack_steps.py:46
2026-09-22T08:04:47.8848637Z     Given the application interface "atdecc_aecp_get_name::AECP_GET_NAME::AECP_GET_NAME_IF" # ../traffic-gen/tests/stack_behave/features/steps/stack_steps.py:52
2026-09-22T08:04:47.8849742Z     When I generate 20 stacked packets with seed 7                                          # ../traffic-gen/tests/stack_behave/features/steps/stack_steps.py:62
2026-09-22T08:04:47.8941207Z     Then layer 0 field "ethertype" always equals hex 22F0                                   # ../traffic-gen/tests/stack_behave/features/steps/stack_steps.py:101
2026-09-22T08:04:47.8944289Z 
2026-09-22T08:04:47.8946086Z   Scenario Outline: OPERATION_STATUS — ethertype is always 0x22F0 -- @1.7 AECP AEM interfaces                       # ../traffic-gen/tests/stack_behave/features/aecp_aem_stack.feature:84
2026-09-22T08:04:47.8947981Z     Given the protocols root is loaded                                                                              # ../traffic-gen/tests/stack_behave/features/steps/stack_steps.py:46
2026-09-22T08:04:47.8949635Z     Given the application interface "atdecc_aecp_operation_status::AECP_OPERATION_STATUS::AECP_OPERATION_STATUS_IF" # ../traffic-gen/tests/stack_behave/features/steps/stack_steps.py:52
2026-09-22T08:04:47.8951051Z     When I generate 20 stacked packets with seed 7                                                                  # ../traffic-gen/tests/stack_behave/features/steps/stack_steps.py:62
2026-09-22T08:04:47.9041725Z     Then layer 0 field "ethertype" always equals hex 22F0                                                           # ../traffic-gen/tests/stack_behave/features/steps/stack_steps.py:101
2026-09-22T08:04:47.9044997Z 
2026-09-22T08:04:47.9046679Z   Scenario Outline: READ_DESCRIPTOR — ethertype is always 0x22F0 -- @1.8 AECP AEM interfaces                     # ../traffic-gen/tests/stack_behave/features/aecp_aem_stack.feature:85
2026-09-22T08:04:47.9048478Z     Given the protocols root is loaded                                                                           # ../traffic-gen/tests/stack_behave/features/steps/stack_steps.py:46
2026-09-22T08:04:47.9050128Z     Given the application interface "atdecc_aecp_read_descriptor::AECP_READ_DESCRIPTOR::AECP_READ_DESCRIPTOR_IF" # ../traffic-gen/tests/stack_behave/features/steps/stack_steps.py:52
2026-09-22T08:04:47.9051419Z     When I generate 20 stacked packets with seed 7                                                               # ../traffic-gen/tests/stack_behave/features/steps/stack_steps.py:62
2026-09-22T08:04:47.9141534Z     Then layer 0 field "ethertype" always equals hex 22F0                                                        # ../traffic-gen/tests/stack_behave/features/steps/stack_steps.py:101
2026-09-22T08:04:47.9144718Z 
2026-09-22T08:04:47.9147367Z   Scenario Outline: SET_CLOCK_SOURCE — ethertype is always 0x22F0 -- @1.9 AECP AEM interfaces                       # ../traffic-gen/tests/stack_behave/features/aecp_aem_stack.feature:86
2026-09-22T08:04:47.9149193Z     Given the protocols root is loaded                                                                              # ../traffic-gen/tests/stack_behave/features/steps/stack_steps.py:46
2026-09-22T08:04:47.9151182Z     Given the application interface "atdecc_aecp_set_clock_source::AECP_SET_CLOCK_SOURCE::AECP_SET_CLOCK_SOURCE_IF" # ../traffic-gen/tests/stack_behave/features/steps/stack_steps.py:52
2026-09-22T08:04:47.9153304Z     When I generate 20 stacked packets with seed 7                                                                  # ../traffic-gen/tests/stack_behave/features/steps/stack_steps.py:62
2026-09-22T08:04:47.9243772Z     Then layer 0 field "ethertype" always equals hex 22F0                                                           # ../traffic-gen/tests/stack_behave/features/steps/stack_steps.py:101
2026-09-22T08:04:47.9246361Z 
2026-09-22T08:04:47.9247203Z   Scenario Outline: SET_SAMPLING_RATE — ethertype is always 0x22F0 -- @1.10 AECP AEM interfaces                        # ../traffic-gen/tests/stack_behave/features/aecp_aem_stack.feature:87
2026-09-22T08:04:47.9248459Z     Given the protocols root is loaded                                                                                 # ../traffic-gen/tests/stack_behave/features/steps/stack_steps.py:46
2026-09-22T08:04:47.9249528Z     Given the application interface "atdecc_aecp_set_sampling_rate::AECP_SET_SAMPLING_RATE::AECP_SET_SAMPLING_RATE_IF" # ../traffic-gen/tests/stack_behave/features/steps/stack_steps.py:52
2026-09-22T08:04:47.9250721Z     When I generate 20 stacked packets with seed 7                                                                     # ../traffic-gen/tests/stack_behave/features/steps/stack_steps.py:62
2026-09-22T08:04:47.9376907Z     Then layer 0 field "ethertype" always equals hex 22F0                                                              # ../traffic-gen/tests/stack_behave/features/steps/stack_steps.py:101
2026-09-22T08:04:47.9380125Z 
2026-09-22T08:04:47.9380997Z   Scenario Outline: START_OPERATION — ethertype is always 0x22F0 -- @1.11 AECP AEM interfaces                    # ../traffic-gen/tests/stack_behave/features/aecp_aem_stack.feature:88
2026-09-22T08:04:47.9382202Z     Given the protocols root is loaded                                                                           # ../traffic-gen/tests/stack_behave/features/steps/stack_steps.py:46
2026-09-22T08:04:47.9383380Z     Given the application interface "atdecc_aecp_start_operation::AECP_START_OPERATION::AECP_START_OPERATION_IF" # ../traffic-gen/tests/stack_behave/features/steps/stack_steps.py:52
2026-09-22T08:04:47.9384557Z     When I generate 20 stacked packets with seed 7                                                               # ../traffic-gen/tests/stack_behave/features/steps/stack_steps.py:62
2026-09-22T08:04:47.9480273Z     Then layer 0 field "ethertype" always equals hex 22F0                                                        # ../traffic-gen/tests/stack_behave/features/steps/stack_steps.py:101
2026-09-22T08:04:47.9483086Z 
2026-09-22T08:04:47.9483857Z   Scenario Outline: SET_CONTROL — ethertype is always 0x22F0 -- @1.12 AECP AEM interfaces            # ../traffic-gen/tests/stack_behave/features/aecp_aem_stack.feature:89
2026-09-22T08:04:47.9485070Z     Given the protocols root is loaded                                                               # ../traffic-gen/tests/stack_behave/features/steps/stack_steps.py:46
2026-09-22T08:04:47.9486166Z     Given the application interface "atdecc_aecp_set_control::AECP_SET_CONTROL::AECP_SET_CONTROL_IF" # ../traffic-gen/tests/stack_behave/features/steps/stack_steps.py:52
2026-09-22T08:04:47.9487367Z     When I generate 20 stacked packets with seed 7                                                   # ../traffic-gen/tests/stack_behave/features/steps/stack_steps.py:62
2026-09-22T08:04:47.9583563Z     Then layer 0 field "ethertype" always equals hex 22F0                                            # ../traffic-gen/tests/stack_behave/features/steps/stack_steps.py:101
2026-09-22T08:04:47.9586558Z 
2026-09-22T08:04:47.9587601Z   Scenario Outline: SET_STREAM_FORMAT — ethertype is always 0x22F0 -- @1.13 AECP AEM interfaces                        # ../traffic-gen/tests/stack_behave/features/aecp_aem_stack.feature:90
2026-09-22T08:04:47.9588924Z     Given the protocols root is loaded                                                                                 # ../traffic-gen/tests/stack_behave/features/steps/stack_steps.py:46
2026-09-22T08:04:47.9590252Z     Given the application interface "atdecc_aecp_set_stream_format::AECP_SET_STREAM_FORMAT::AECP_SET_STREAM_FORMAT_IF" # ../traffic-gen/tests/stack_behave/features/steps/stack_steps.py:52
2026-09-22T08:04:47.9591358Z     When I generate 20 stacked packets with seed 7                                                                     # ../traffic-gen/tests/stack_behave/features/steps/stack_steps.py:62
2026-09-22T08:04:47.9685950Z     Then layer 0 field "ethertype" always equals hex 22F0                                                              # ../traffic-gen/tests/stack_behave/features/steps/stack_steps.py:101
2026-09-22T08:04:47.9688961Z 
2026-09-22T08:04:47.9689709Z   Scenario Outline: ACQUIRE_ENTITY — ethertype is always 0x22F0 -- @1.14 AECP AEM interfaces                  # ../traffic-gen/tests/stack_behave/features/aecp_aem_stack.feature:91
2026-09-22T08:04:47.9691008Z     Given the protocols root is loaded                                                                        # ../traffic-gen/tests/stack_behave/features/steps/stack_steps.py:46
2026-09-22T08:04:47.9692092Z     Given the application interface "atdecc_aecp_acquire_entity::AECP_ACQUIRE_ENTITY::AECP_ACQUIRE_ENTITY_IF" # ../traffic-gen/tests/stack_behave/features/steps/stack_steps.py:52
2026-09-22T08:04:47.9693502Z     When I generate 20 stacked packets with seed 7                                                            # ../traffic-gen/tests/stack_behave/features/steps/stack_steps.py:62
2026-09-22T08:04:47.9789162Z     Then layer 0 field "ethertype" always equals hex 22F0                                                     # ../traffic-gen/tests/stack_behave/features/steps/stack_steps.py:101
2026-09-22T08:04:47.9791915Z 
2026-09-22T08:04:47.9793000Z   Scenario Outline: AUDIO_MAPPINGS — ethertype is always 0x22F0 -- @1.15 AECP AEM interfaces                  # ../traffic-gen/tests/stack_behave/features/aecp_aem_stack.feature:92
2026-09-22T08:04:47.9794155Z     Given the protocols root is loaded                                                                        # ../traffic-gen/tests/stack_behave/features/steps/stack_steps.py:46
2026-09-22T08:04:47.9795284Z     Given the application interface "atdecc_aecp_audio_mappings::AECP_AUDIO_MAPPINGS::AECP_AUDIO_MAPPINGS_IF" # ../traffic-gen/tests/stack_behave/features/steps/stack_steps.py:52
2026-09-22T08:04:47.9796643Z     When I generate 20 stacked packets with seed 7                                                            # ../traffic-gen/tests/stack_behave/features/steps/stack_steps.py:62
2026-09-22T08:04:47.9893719Z     Then layer 0 field "ethertype" always equals hex 22F0                                                     # ../traffic-gen/tests/stack_behave/features/steps/stack_steps.py:101
2026-09-22T08:04:47.9896413Z 
2026-09-22T08:04:47.9897473Z   Scenario Outline: LOCK_ENTITY — ethertype is always 0x22F0 -- @1.16 AECP AEM interfaces            # ../traffic-gen/tests/stack_behave/features/aecp_aem_stack.feature:93
2026-09-22T08:04:47.9898676Z     Given the protocols root is loaded                                                               # ../traffic-gen/tests/stack_behave/features/steps/stack_steps.py:46
2026-09-22T08:04:47.9899782Z     Given the application interface "atdecc_aecp_lock_entity::AECP_LOCK_ENTITY::AECP_LOCK_ENTITY_IF" # ../traffic-gen/tests/stack_behave/features/steps/stack_steps.py:52
2026-09-22T08:04:47.9901030Z     When I generate 20 stacked packets with seed 7                                                   # ../traffic-gen/tests/stack_behave/features/steps/stack_steps.py:62
2026-09-22T08:04:47.9997049Z     Then layer 0 field "ethertype" always equals hex 22F0                                            # ../traffic-gen/tests/stack_behave/features/steps/stack_steps.py:101
2026-09-22T08:04:48.0000237Z 
2026-09-22T08:04:48.0001006Z   Scenario Outline: SET_STREAM_INFO — ethertype is always 0x22F0 -- @1.17 AECP AEM interfaces                    # ../traffic-gen/tests/stack_behave/features/aecp_aem_stack.feature:94
2026-09-22T08:04:48.0002169Z     Given the protocols root is loaded                                                                           # ../traffic-gen/tests/stack_behave/features/steps/stack_steps.py:46
2026-09-22T08:04:48.0003444Z     Given the application interface "atdecc_aecp_set_stream_info::AECP_SET_STREAM_INFO::AECP_SET_STREAM_INFO_IF" # ../traffic-gen/tests/stack_behave/features/steps/stack_steps.py:52
2026-09-22T08:04:48.0004558Z     When I generate 20 stacked packets with seed 7                                                               # ../traffic-gen/tests/stack_behave/features/steps/stack_steps.py:62
2026-09-22T08:04:48.0103449Z     Then layer 0 field "ethertype" always equals hex 22F0                                                        # ../traffic-gen/tests/stack_behave/features/steps/stack_steps.py:101
2026-09-22T08:04:48.0106043Z 
2026-09-22T08:04:48.0106909Z   Scenario Outline: SET_NAME — ethertype is always 0x22F0 -- @1.18 AECP AEM interfaces      # ../traffic-gen/tests/stack_behave/features/aecp_aem_stack.feature:95
2026-09-22T08:04:48.0107995Z     Given the protocols root is loaded                                                      # ../traffic-gen/tests/stack_behave/features/steps/stack_steps.py:46
2026-09-22T08:04:48.0109032Z     Given the application interface "atdecc_aecp_set_name::AECP_SET_NAME::AECP_SET_NAME_IF" # ../traffic-gen/tests/stack_behave/features/steps/stack_steps.py:52
2026-09-22T08:04:48.0110210Z     When I generate 20 stacked packets with seed 7                                          # ../traffic-gen/tests/stack_behave/features/steps/stack_steps.py:62
2026-09-22T08:04:48.0212523Z     Then layer 0 field "ethertype" always equals hex 22F0                                   # ../traffic-gen/tests/stack_behave/features/steps/stack_steps.py:101
2026-09-22T08:04:48.0246316Z 
2026-09-22T08:04:48.0247325Z   Scenario Outline: AEM_NO_PAYLOAD — AVTP subtype is always 0xFB and version 0 -- @1.1 AECP AEM interfaces    # ../traffic-gen/tests/stack_behave/features/aecp_aem_stack.feature:110
2026-09-22T08:04:48.0248487Z     Given the protocols root is loaded                                                                        # ../traffic-gen/tests/stack_behave/features/steps/stack_steps.py:46
2026-09-22T08:04:48.0250023Z     Given the application interface "atdecc_aecp_aem_no_payload::AECP_AEM_NO_PAYLOAD::AECP_AEM_NO_PAYLOAD_IF" # ../traffic-gen/tests/stack_behave/features/steps/stack_steps.py:52
2026-09-22T08:04:48.0251119Z     When I generate 20 stacked packets with seed 3                                                            # ../traffic-gen/tests/stack_behave/features/steps/stack_steps.py:62
2026-09-22T08:04:48.0347206Z     Then layer 1 field "subtype" always equals 251                                                            # ../traffic-gen/tests/stack_behave/features/steps/stack_steps.py:91
2026-09-22T08:04:48.0348439Z     And layer 1 field "sv" always equals 0                                                                    # ../traffic-gen/tests/stack_behave/features/steps/stack_steps.py:91
2026-09-22T08:04:48.0349426Z     And layer 1 field "version" always equals 0                                                               # ../traffic-gen/tests/stack_behave/features/steps/stack_steps.py:91
2026-09-22T08:04:48.0353109Z 
2026-09-22T08:04:48.0354061Z   Scenario Outline: SET_CONFIGURATION — AVTP subtype is always 0xFB and version 0 -- @1.2 AECP AEM interfaces          # ../traffic-gen/tests/stack_behave/features/aecp_aem_stack.feature:111
2026-09-22T08:04:48.0355691Z     Given the protocols root is loaded                                                                                 # ../traffic-gen/tests/stack_behave/features/steps/stack_steps.py:46
2026-09-22T08:04:48.0357247Z     Given the application interface "atdecc_aecp_set_configuration::AECP_SET_CONFIGURATION::AECP_SET_CONFIGURATION_IF" # ../traffic-gen/tests/stack_behave/features/steps/stack_steps.py:52
2026-09-22T08:04:48.0358314Z     When I generate 20 stacked packets with seed 3                                                                     # ../traffic-gen/tests/stack_behave/features/steps/stack_steps.py:62
2026-09-22T08:04:48.0452935Z     Then layer 1 field "subtype" always equals 251                                                                     # ../traffic-gen/tests/stack_behave/features/steps/stack_steps.py:91
2026-09-22T08:04:48.0454653Z     And layer 1 field "sv" always equals 0                                                                             # ../traffic-gen/tests/stack_behave/features/steps/stack_steps.py:91
2026-09-22T08:04:48.0455941Z     And layer 1 field "version" always equals 0                                                                        # ../traffic-gen/tests/stack_behave/features/steps/stack_steps.py:91
2026-09-22T08:04:48.0459336Z 
2026-09-22T08:04:48.0460060Z   Scenario Outline: AEM_DESC_QUERY — AVTP subtype is always 0xFB and version 0 -- @1.3 AECP AEM interfaces                # ../traffic-gen/tests/stack_behave/features/aecp_aem_stack.feature:112
2026-09-22T08:04:48.0461348Z     Given the protocols root is loaded                                                                                    # ../traffic-gen/tests/stack_behave/features/steps/stack_steps.py:46
2026-09-22T08:04:48.0462793Z     Given the application interface "atdecc_aecp_aem_descriptor_query::AECP_AEM_DESCRIPTOR_QUERY::AECP_AEM_DESC_QUERY_IF" # ../traffic-gen/tests/stack_behave/features/steps/stack_steps.py:52
2026-09-22T08:04:48.0463885Z     When I generate 20 stacked packets with seed 3                                                                        # ../traffic-gen/tests/stack_behave/features/steps/stack_steps.py:62
2026-09-22T08:04:48.0560086Z     Then layer 1 field "subtype" always equals 251                                                                        # ../traffic-gen/tests/stack_behave/features/steps/stack_steps.py:91
2026-09-22T08:04:48.0561392Z     And layer 1 field "sv" always equals 0                                                                                # ../traffic-gen/tests/stack_behave/features/steps/stack_steps.py:91
2026-09-22T08:04:48.0562619Z     And layer 1 field "version" always equals 0                                                                           # ../traffic-gen/tests/stack_behave/features/steps/stack_steps.py:91
2026-09-22T08:04:48.0566496Z 
2026-09-22T08:04:48.0567856Z   Scenario Outline: ABORT_OPERATION — AVTP subtype is always 0xFB and version 0 -- @1.4 AECP AEM interfaces      # ../traffic-gen/tests/stack_behave/features/aecp_aem_stack.feature:113
2026-09-22T08:04:48.0569187Z     Given the protocols root is loaded                                                                           # ../traffic-gen/tests/stack_behave/features/steps/stack_steps.py:46
2026-09-22T08:04:48.0570326Z     Given the application interface "atdecc_aecp_abort_operation::AECP_ABORT_OPERATION::AECP_ABORT_OPERATION_IF" # ../traffic-gen/tests/stack_behave/features/steps/stack_steps.py:52
2026-09-22T08:04:48.0571659Z     When I generate 20 stacked packets with seed 3                                                               # ../traffic-gen/tests/stack_behave/features/steps/stack_steps.py:62
2026-09-22T08:04:48.0666660Z     Then layer 1 field "subtype" always equals 251                                                               # ../traffic-gen/tests/stack_behave/features/steps/stack_steps.py:91
2026-09-22T08:04:48.0668063Z     And layer 1 field "sv" always equals 0                                                                       # ../traffic-gen/tests/stack_behave/features/steps/stack_steps.py:91
2026-09-22T08:04:48.0669008Z     And layer 1 field "version" always equals 0                                                                  # ../traffic-gen/tests/stack_behave/features/steps/stack_steps.py:91
2026-09-22T08:04:48.0672029Z 
2026-09-22T08:04:48.0673250Z   Scenario Outline: GET_AUDIO_MAP — AVTP subtype is always 0xFB and version 0 -- @1.5 AECP AEM interfaces  # ../traffic-gen/tests/stack_behave/features/aecp_aem_stack.feature:114
2026-09-22T08:04:48.0674477Z     Given the protocols root is loaded                                                                     # ../traffic-gen/tests/stack_behave/features/steps/stack_steps.py:46
2026-09-22T08:04:48.0675697Z     Given the application interface "atdecc_aecp_get_audio_map::AECP_GET_AUDIO_MAP::AECP_GET_AUDIO_MAP_IF" # ../traffic-gen/tests/stack_behave/features/steps/stack_steps.py:52
2026-09-22T08:04:48.0677053Z     When I generate 20 stacked packets with seed 3                                                         # ../traffic-gen/tests/stack_behave/features/steps/stack_steps.py:62
2026-09-22T08:04:48.0844101Z     Then layer 1 field "subtype" always equals 251                                                         # ../traffic-gen/tests/stack_behave/features/steps/stack_steps.py:91
2026-09-22T08:04:48.0845509Z     And layer 1 field "sv" always equals 0                                                                 # ../traffic-gen/tests/stack_behave/features/steps/stack_steps.py:91
2026-09-22T08:04:48.0846810Z     And layer 1 field "version" always equals 0                                                            # ../traffic-gen/tests/stack_behave/features/steps/stack_steps.py:91
2026-09-22T08:04:48.0847581Z 
2026-09-22T08:04:48.0848762Z   Scenario Outline: GET_NAME — AVTP subtype is always 0xFB and version 0 -- @1.6 AECP AEM interfaces  # ../traffic-gen/tests/stack_behave/features/aecp_aem_stack.feature:115
2026-09-22T08:04:48.0850271Z     Given the protocols root is loaded                                                                # ../traffic-gen/tests/stack_behave/features/steps/stack_steps.py:46
2026-09-22T08:04:48.0851824Z     Given the application interface "atdecc_aecp_get_name::AECP_GET_NAME::AECP_GET_NAME_IF"           # ../traffic-gen/tests/stack_behave/features/steps/stack_steps.py:52
2026-09-22T08:04:48.0853458Z     When I generate 20 stacked packets with seed 3                                                    # ../traffic-gen/tests/stack_behave/features/steps/stack_steps.py:62
2026-09-22T08:04:48.0885014Z     Then layer 1 field "subtype" always equals 251                                                    # ../traffic-gen/tests/stack_behave/features/steps/stack_steps.py:91
2026-09-22T08:04:48.0886384Z     And layer 1 field "sv" always equals 0                                                            # ../traffic-gen/tests/stack_behave/features/steps/stack_steps.py:91
2026-09-22T08:04:48.0888008Z     And layer 1 field "version" always equals 0                                                       # ../traffic-gen/tests/stack_behave/features/steps/stack_steps.py:91
2026-09-22T08:04:48.0891662Z 
2026-09-22T08:04:48.0893170Z   Scenario Outline: OPERATION_STATUS — AVTP subtype is always 0xFB and version 0 -- @1.7 AECP AEM interfaces        # ../traffic-gen/tests/stack_behave/features/aecp_aem_stack.feature:116
2026-09-22T08:04:48.0894845Z     Given the protocols root is loaded                                                                              # ../traffic-gen/tests/stack_behave/features/steps/stack_steps.py:46
2026-09-22T08:04:48.0896448Z     Given the application interface "atdecc_aecp_operation_status::AECP_OPERATION_STATUS::AECP_OPERATION_STATUS_IF" # ../traffic-gen/tests/stack_behave/features/steps/stack_steps.py:52
2026-09-22T08:04:48.0897657Z     When I generate 20 stacked packets with seed 3                                                                  # ../traffic-gen/tests/stack_behave/features/steps/stack_steps.py:62
2026-09-22T08:04:48.1003033Z     Then layer 1 field "subtype" always equals 251                                                                  # ../traffic-gen/tests/stack_behave/features/steps/stack_steps.py:91
2026-09-22T08:04:48.1004801Z     And layer 1 field "sv" always equals 0                                                                          # ../traffic-gen/tests/stack_behave/features/steps/stack_steps.py:91
2026-09-22T08:04:48.1006132Z     And layer 1 field "version" always equals 0                                                                     # ../traffic-gen/tests/stack_behave/features/steps/stack_steps.py:91
2026-09-22T08:04:48.1008474Z 
2026-09-22T08:04:48.1009773Z   Scenario Outline: READ_DESCRIPTOR — AVTP subtype is always 0xFB and version 0 -- @1.8 AECP AEM interfaces      # ../traffic-gen/tests/stack_behave/features/aecp_aem_stack.feature:117
2026-09-22T08:04:48.1011381Z     Given the protocols root is loaded                                                                           # ../traffic-gen/tests/stack_behave/features/steps/stack_steps.py:46
2026-09-22T08:04:48.1013099Z     Given the application interface "atdecc_aecp_read_descriptor::AECP_READ_DESCRIPTOR::AECP_READ_DESCRIPTOR_IF" # ../traffic-gen/tests/stack_behave/features/steps/stack_steps.py:52
2026-09-22T08:04:48.1014347Z     When I generate 20 stacked packets with seed 3                                                               # ../traffic-gen/tests/stack_behave/features/steps/stack_steps.py:62
2026-09-22T08:04:48.1122568Z     Then layer 1 field "subtype" always equals 251                                                               # ../traffic-gen/tests/stack_behave/features/steps/stack_steps.py:91
2026-09-22T08:04:48.1127601Z     And layer 1 field "sv" always equals 0                                                                       # ../traffic-gen/tests/stack_behave/features/steps/stack_steps.py:91
2026-09-22T08:04:48.1131787Z     And layer 1 field "version" always equals 0                                                                  # ../traffic-gen/tests/stack_behave/features/steps/stack_steps.py:91
2026-09-22T08:04:48.1143952Z 
2026-09-22T08:04:48.1146707Z   Scenario Outline: SET_CLOCK_SOURCE — AVTP subtype is always 0xFB and version 0 -- @1.9 AECP AEM interfaces        # ../traffic-gen/tests/stack_behave/features/aecp_aem_stack.feature:118
2026-09-22T08:04:48.1151160Z     Given the protocols root is loaded                                                                              # ../traffic-gen/tests/stack_behave/features/steps/stack_steps.py:46
2026-09-22T08:04:48.1155102Z     Given the application interface "atdecc_aecp_set_clock_source::AECP_SET_CLOCK_SOURCE::AECP_SET_CLOCK_SOURCE_IF" # ../traffic-gen/tests/stack_behave/features/steps/stack_steps.py:52
2026-09-22T08:04:48.1159992Z     When I generate 20 stacked packets with seed 3                                                                  # ../traffic-gen/tests/stack_behave/features/steps/stack_steps.py:62
2026-09-22T08:04:48.1253298Z     Then layer 1 field "subtype" always equals 251                                                                  # ../traffic-gen/tests/stack_behave/features/steps/stack_steps.py:91
2026-09-22T08:04:48.1254754Z     And layer 1 field "sv" always equals 0                                                                          # ../traffic-gen/tests/stack_behave/features/steps/stack_steps.py:91
2026-09-22T08:04:48.1256070Z     And layer 1 field "version" always equals 0                                                                     # ../traffic-gen/tests/stack_behave/features/steps/stack_steps.py:91
2026-09-22T08:04:48.1259692Z 
2026-09-22T08:04:48.1261138Z   Scenario Outline: SET_SAMPLING_RATE — AVTP subtype is always 0xFB and version 0 -- @1.10 AECP AEM interfaces         # ../traffic-gen/tests/stack_behave/features/aecp_aem_stack.feature:119
2026-09-22T08:04:48.1262915Z     Given the protocols root is loaded                                                                                 # ../traffic-gen/tests/stack_behave/features/steps/stack_steps.py:46
2026-09-22T08:04:48.1264489Z     Given the application interface "atdecc_aecp_set_sampling_rate::AECP_SET_SAMPLING_RATE::AECP_SET_SAMPLING_RATE_IF" # ../traffic-gen/tests/stack_behave/features/steps/stack_steps.py:52
2026-09-22T08:04:48.1265821Z     When I generate 20 stacked packets with seed 3                                                                     # ../traffic-gen/tests/stack_behave/features/steps/stack_steps.py:62
2026-09-22T08:04:48.1362154Z     Then layer 1 field "subtype" always equals 251                                                                     # ../traffic-gen/tests/stack_behave/features/steps/stack_steps.py:91
2026-09-22T08:04:48.1363747Z     And layer 1 field "sv" always equals 0                                                                             # ../traffic-gen/tests/stack_behave/features/steps/stack_steps.py:91
2026-09-22T08:04:48.1366779Z     And layer 1 field "version" always equals 0                                                                        # ../traffic-gen/tests/stack_behave/features/steps/stack_steps.py:91
2026-09-22T08:04:48.1369357Z 
2026-09-22T08:04:48.1370825Z   Scenario Outline: START_OPERATION — AVTP subtype is always 0xFB and version 0 -- @1.11 AECP AEM interfaces     # ../traffic-gen/tests/stack_behave/features/aecp_aem_stack.feature:120
2026-09-22T08:04:48.1372626Z     Given the protocols root is loaded                                                                           # ../traffic-gen/tests/stack_behave/features/steps/stack_steps.py:46
2026-09-22T08:04:48.1374203Z     Given the application interface "atdecc_aecp_start_operation::AECP_START_OPERATION::AECP_START_OPERATION_IF" # ../traffic-gen/tests/stack_behave/features/steps/stack_steps.py:52
2026-09-22T08:04:48.1375490Z     When I generate 20 stacked packets with seed 3                                                               # ../traffic-gen/tests/stack_behave/features/steps/stack_steps.py:62
2026-09-22T08:04:48.1469701Z     Then layer 1 field "subtype" always equals 251                                                               # ../traffic-gen/tests/stack_behave/features/steps/stack_steps.py:91
2026-09-22T08:04:48.1471163Z     And layer 1 field "sv" always equals 0                                                                       # ../traffic-gen/tests/stack_behave/features/steps/stack_steps.py:91
2026-09-22T08:04:48.1472766Z     And layer 1 field "version" always equals 0                                                                  # ../traffic-gen/tests/stack_behave/features/steps/stack_steps.py:91
2026-09-22T08:04:48.1476382Z 
2026-09-22T08:04:48.1477665Z   Scenario Outline: SET_CONTROL — AVTP subtype is always 0xFB and version 0 -- @1.12 AECP AEM interfaces  # ../traffic-gen/tests/stack_behave/features/aecp_aem_stack.feature:121
2026-09-22T08:04:48.1479635Z     Given the protocols root is loaded                                                                    # ../traffic-gen/tests/stack_behave/features/steps/stack_steps.py:46
2026-09-22T08:04:48.1481115Z     Given the application interface "atdecc_aecp_set_control::AECP_SET_CONTROL::AECP_SET_CONTROL_IF"      # ../traffic-gen/tests/stack_behave/features/steps/stack_steps.py:52
2026-09-22T08:04:48.1482228Z     When I generate 20 stacked packets with seed 3                                                        # ../traffic-gen/tests/stack_behave/features/steps/stack_steps.py:62
2026-09-22T08:04:48.1577533Z     Then layer 1 field "subtype" always equals 251                                                        # ../traffic-gen/tests/stack_behave/features/steps/stack_steps.py:91
2026-09-22T08:04:48.1578907Z     And layer 1 field "sv" always equals 0                                                                # ../traffic-gen/tests/stack_behave/features/steps/stack_steps.py:91
2026-09-22T08:04:48.1580260Z     And layer 1 field "version" always equals 0                                                           # ../traffic-gen/tests/stack_behave/features/steps/stack_steps.py:91
2026-09-22T08:04:48.1584262Z 
2026-09-22T08:04:48.1585617Z   Scenario Outline: SET_STREAM_FORMAT — AVTP subtype is always 0xFB and version 0 -- @1.13 AECP AEM interfaces         # ../traffic-gen/tests/stack_behave/features/aecp_aem_stack.feature:122
2026-09-22T08:04:48.1587555Z     Given the protocols root is loaded                                                                                 # ../traffic-gen/tests/stack_behave/features/steps/stack_steps.py:46
2026-09-22T08:04:48.1589050Z     Given the application interface "atdecc_aecp_set_stream_format::AECP_SET_STREAM_FORMAT::AECP_SET_STREAM_FORMAT_IF" # ../traffic-gen/tests/stack_behave/features/steps/stack_steps.py:52
2026-09-22T08:04:48.1590078Z     When I generate 20 stacked packets with seed 3                                                                     # ../traffic-gen/tests/stack_behave/features/steps/stack_steps.py:62
2026-09-22T08:04:48.1686193Z     Then layer 1 field "subtype" always equals 251                                                                     # ../traffic-gen/tests/stack_behave/features/steps/stack_steps.py:91
2026-09-22T08:04:48.1687598Z     And layer 1 field "sv" always equals 0                                                                             # ../traffic-gen/tests/stack_behave/features/steps/stack_steps.py:91
2026-09-22T08:04:48.1690265Z     And layer 1 field "version" always equals 0                                                                        # ../traffic-gen/tests/stack_behave/features/steps/stack_steps.py:91
2026-09-22T08:04:48.1693469Z 
2026-09-22T08:04:48.1695181Z   Scenario Outline: ACQUIRE_ENTITY — AVTP subtype is always 0xFB and version 0 -- @1.14 AECP AEM interfaces   # ../traffic-gen/tests/stack_behave/features/aecp_aem_stack.feature:123
2026-09-22T08:04:48.1696783Z     Given the protocols root is loaded                                                                        # ../traffic-gen/tests/stack_behave/features/steps/stack_steps.py:46
2026-09-22T08:04:48.1698274Z     Given the application interface "atdecc_aecp_acquire_entity::AECP_ACQUIRE_ENTITY::AECP_ACQUIRE_ENTITY_IF" # ../traffic-gen/tests/stack_behave/features/steps/stack_steps.py:52
2026-09-22T08:04:48.1699573Z     When I generate 20 stacked packets with seed 3                                                            # ../traffic-gen/tests/stack_behave/features/steps/stack_steps.py:62
2026-09-22T08:04:48.1796937Z     Then layer 1 field "subtype" always equals 251                                                            # ../traffic-gen/tests/stack_behave/features/steps/stack_steps.py:91
2026-09-22T08:04:48.1798336Z     And layer 1 field "sv" always equals 0                                                                    # ../traffic-gen/tests/stack_behave/features/steps/stack_steps.py:91
2026-09-22T08:04:48.1800030Z     And layer 1 field "version" always equals 0                                                               # ../traffic-gen/tests/stack_behave/features/steps/stack_steps.py:91
2026-09-22T08:04:48.1802278Z 
2026-09-22T08:04:48.1803711Z   Scenario Outline: AUDIO_MAPPINGS — AVTP subtype is always 0xFB and version 0 -- @1.15 AECP AEM interfaces   # ../traffic-gen/tests/stack_behave/features/aecp_aem_stack.feature:124
2026-09-22T08:04:48.1805287Z     Given the protocols root is loaded                                                                        # ../traffic-gen/tests/stack_behave/features/steps/stack_steps.py:46
2026-09-22T08:04:48.1806834Z     Given the application interface "atdecc_aecp_audio_mappings::AECP_AUDIO_MAPPINGS::AECP_AUDIO_MAPPINGS_IF" # ../traffic-gen/tests/stack_behave/features/steps/stack_steps.py:52
2026-09-22T08:04:48.1808237Z     When I generate 20 stacked packets with seed 3                                                            # ../traffic-gen/tests/stack_behave/features/steps/stack_steps.py:62
2026-09-22T08:04:48.1904836Z     Then layer 1 field "subtype" always equals 251                                                            # ../traffic-gen/tests/stack_behave/features/steps/stack_steps.py:91
2026-09-22T08:04:48.1906170Z     And layer 1 field "sv" always equals 0                                                                    # ../traffic-gen/tests/stack_behave/features/steps/stack_steps.py:91
2026-09-22T08:04:48.1907903Z     And layer 1 field "version" always equals 0                                                               # ../traffic-gen/tests/stack_behave/features/steps/stack_steps.py:91
2026-09-22T08:04:48.1911792Z 
2026-09-22T08:04:48.1915259Z   Scenario Outline: LOCK_ENTITY — AVTP subtype is always 0xFB and version 0 -- @1.16 AECP AEM interfaces  # ../traffic-gen/tests/stack_behave/features/aecp_aem_stack.feature:125
2026-09-22T08:04:48.1916844Z     Given the protocols root is loaded                                                                    # ../traffic-gen/tests/stack_behave/features/steps/stack_steps.py:46
2026-09-22T08:04:48.1918311Z     Given the application interface "atdecc_aecp_lock_entity::AECP_LOCK_ENTITY::AECP_LOCK_ENTITY_IF"      # ../traffic-gen/tests/stack_behave/features/steps/stack_steps.py:52
2026-09-22T08:04:48.1919589Z     When I generate 20 stacked packets with seed 3                                                        # ../traffic-gen/tests/stack_behave/features/steps/stack_steps.py:62
2026-09-22T08:04:48.2014642Z     Then layer 1 field "subtype" always equals 251                                                        # ../traffic-gen/tests/stack_behave/features/steps/stack_steps.py:91
2026-09-22T08:04:48.2016004Z     And layer 1 field "sv" always equals 0                                                                # ../traffic-gen/tests/stack_behave/features/steps/stack_steps.py:91
2026-09-22T08:04:48.2017340Z     And layer 1 field "version" always equals 0                                                           # ../traffic-gen/tests/stack_behave/features/steps/stack_steps.py:91
2026-09-22T08:04:48.2021151Z 
2026-09-22T08:04:48.2022903Z   Scenario Outline: SET_STREAM_INFO — AVTP subtype is always 0xFB and version 0 -- @1.17 AECP AEM interfaces     # ../traffic-gen/tests/stack_behave/features/aecp_aem_stack.feature:126
2026-09-22T08:04:48.2023913Z     Given the protocols root is loaded                                                                           # ../traffic-gen/tests/stack_behave/features/steps/stack_steps.py:46
2026-09-22T08:04:48.2025113Z     Given the application interface "atdecc_aecp_set_stream_info::AECP_SET_STREAM_INFO::AECP_SET_STREAM_INFO_IF" # ../traffic-gen/tests/stack_behave/features/steps/stack_steps.py:52
2026-09-22T08:04:48.2026056Z     When I generate 20 stacked packets with seed 3                                                               # ../traffic-gen/tests/stack_behave/features/steps/stack_steps.py:62
2026-09-22T08:04:48.2130546Z     Then layer 1 field "subtype" always equals 251                                                               # ../traffic-gen/tests/stack_behave/features/steps/stack_steps.py:91
2026-09-22T08:04:48.2132568Z     And layer 1 field "sv" always equals 0                                                                       # ../traffic-gen/tests/stack_behave/features/steps/stack_steps.py:91
2026-09-22T08:04:48.2133801Z     And layer 1 field "version" always equals 0                                                                  # ../traffic-gen/tests/stack_behave/features/steps/stack_steps.py:91
2026-09-22T08:04:48.2137232Z 
2026-09-22T08:04:48.2138037Z   Scenario Outline: SET_NAME — AVTP subtype is always 0xFB and version 0 -- @1.18 AECP AEM interfaces  # ../traffic-gen/tests/stack_behave/features/aecp_aem_stack.feature:127
2026-09-22T08:04:48.2139111Z     Given the protocols root is loaded                                                                 # ../traffic-gen/tests/stack_behave/features/steps/stack_steps.py:46
2026-09-22T08:04:48.2140036Z     Given the application interface "atdecc_aecp_set_name::AECP_SET_NAME::AECP_SET_NAME_IF"            # ../traffic-gen/tests/stack_behave/features/steps/stack_steps.py:52
2026-09-22T08:04:48.2141077Z     When I generate 20 stacked packets with seed 3                                                     # ../traffic-gen/tests/stack_behave/features/steps/stack_steps.py:62
2026-09-22T08:04:48.2238881Z     Then layer 1 field "subtype" always equals 251                                                     # ../traffic-gen/tests/stack_behave/features/steps/stack_steps.py:91
2026-09-22T08:04:48.2240304Z     And layer 1 field "sv" always equals 0                                                             # ../traffic-gen/tests/stack_behave/features/steps/stack_steps.py:91
2026-09-22T08:04:48.2243019Z     And layer 1 field "version" always equals 0                                                        # ../traffic-gen/tests/stack_behave/features/steps/stack_steps.py:91
2026-09-22T08:04:48.2258947Z 
2026-09-22T08:04:48.2260452Z   Scenario Outline: AEM_NO_PAYLOAD — control_data_length is always fixed -- @1.1 AECP interfaces with fixed control_data_length  # ../traffic-gen/tests/stack_behave/features/aecp_aem_stack.feature:140
2026-09-22T08:04:48.2262195Z     Given the protocols root is loaded                                                                                           # ../traffic-gen/tests/stack_behave/features/steps/stack_steps.py:46
2026-09-22T08:04:48.2263865Z     Given the application interface "atdecc_aecp_aem_no_payload::AECP_AEM_NO_PAYLOAD::AECP_AEM_NO_PAYLOAD_IF"                    # ../traffic-gen/tests/stack_behave/features/steps/stack_steps.py:52
2026-09-22T08:04:48.2264995Z     When I generate 20 stacked packets with seed 9                                                                               # ../traffic-gen/tests/stack_behave/features/steps/stack_steps.py:62
2026-09-22T08:04:48.2359087Z     Then layer 2 field "control_data_length" always equals 20                                                                    # ../traffic-gen/tests/stack_behave/features/steps/stack_steps.py:91
2026-09-22T08:04:48.2362326Z 
2026-09-22T08:04:48.2364044Z   Scenario Outline: SET_CONFIGURATION — control_data_length is always fixed -- @1.2 AECP interfaces with fixed control_data_length  # ../traffic-gen/tests/stack_behave/features/aecp_aem_stack.feature:141
2026-09-22T08:04:48.2365772Z     Given the protocols root is loaded                                                                                              # ../traffic-gen/tests/stack_behave/features/steps/stack_steps.py:46
2026-09-22T08:04:48.2367325Z     Given the application interface "atdecc_aecp_set_configuration::AECP_SET_CONFIGURATION::AECP_SET_CONFIGURATION_IF"              # ../traffic-gen/tests/stack_behave/features/steps/stack_steps.py:52
2026-09-22T08:04:48.2368424Z     When I generate 20 stacked packets with seed 9                                                                                  # ../traffic-gen/tests/stack_behave/features/steps/stack_steps.py:62
2026-09-22T08:04:48.2460222Z     Then layer 2 field "control_data_length" always equals 24                                                                       # ../traffic-gen/tests/stack_behave/features/steps/stack_steps.py:91
2026-09-22T08:04:48.2463365Z 
2026-09-22T08:04:48.2464753Z   Scenario Outline: ABORT_OPERATION — control_data_length is always fixed -- @1.3 AECP interfaces with fixed control_data_length  # ../traffic-gen/tests/stack_behave/features/aecp_aem_stack.feature:142
2026-09-22T08:04:48.2466470Z     Given the protocols root is loaded                                                                                            # ../traffic-gen/tests/stack_behave/features/steps/stack_steps.py:46
2026-09-22T08:04:48.2467998Z     Given the application interface "atdecc_aecp_abort_operation::AECP_ABORT_OPERATION::AECP_ABORT_OPERATION_IF"                  # ../traffic-gen/tests/stack_behave/features/steps/stack_steps.py:52
2026-09-22T08:04:48.2469080Z     When I generate 20 stacked packets with seed 9                                                                                # ../traffic-gen/tests/stack_behave/features/steps/stack_steps.py:62
2026-09-22T08:04:48.2560097Z     Then layer 2 field "control_data_length" always equals 28                                                                     # ../traffic-gen/tests/stack_behave/features/steps/stack_steps.py:91
2026-09-22T08:04:48.2563318Z 
2026-09-22T08:04:48.2564657Z   Scenario Outline: GET_AUDIO_MAP — control_data_length is always fixed -- @1.4 AECP interfaces with fixed control_data_length  # ../traffic-gen/tests/stack_behave/features/aecp_aem_stack.feature:143
2026-09-22T08:04:48.2566333Z     Given the protocols root is loaded                                                                                          # ../traffic-gen/tests/stack_behave/features/steps/stack_steps.py:46
2026-09-22T08:04:48.2567847Z     Given the application interface "atdecc_aecp_get_audio_map::AECP_GET_AUDIO_MAP::AECP_GET_AUDIO_MAP_IF"                      # ../traffic-gen/tests/stack_behave/features/steps/stack_steps.py:52
2026-09-22T08:04:48.2568985Z     When I generate 20 stacked packets with seed 9                                                                              # ../traffic-gen/tests/stack_behave/features/steps/stack_steps.py:62
2026-09-22T08:04:48.2660344Z     Then layer 2 field "control_data_length" always equals 28                                                                   # ../traffic-gen/tests/stack_behave/features/steps/stack_steps.py:91
2026-09-22T08:04:48.2663685Z 
2026-09-22T08:04:48.2665033Z   Scenario Outline: READ_DESCRIPTOR — control_data_length is always fixed -- @1.5 AECP interfaces with fixed control_data_length  # ../traffic-gen/tests/stack_behave/features/aecp_aem_stack.feature:144
2026-09-22T08:04:48.2666741Z     Given the protocols root is loaded                                                                                            # ../traffic-gen/tests/stack_behave/features/steps/stack_steps.py:46
2026-09-22T08:04:48.2668282Z     Given the application interface "atdecc_aecp_read_descriptor::AECP_READ_DESCRIPTOR::AECP_READ_DESCRIPTOR_IF"                  # ../traffic-gen/tests/stack_behave/features/steps/stack_steps.py:52
2026-09-22T08:04:48.2669399Z     When I generate 20 stacked packets with seed 9                                                                                # ../traffic-gen/tests/stack_behave/features/steps/stack_steps.py:62
2026-09-22T08:04:48.2759905Z     Then layer 2 field "control_data_length" always equals 28                                                                     # ../traffic-gen/tests/stack_behave/features/steps/stack_steps.py:91
2026-09-22T08:04:48.2763666Z 
2026-09-22T08:04:48.2765046Z   Scenario Outline: SET_CLOCK_SOURCE — control_data_length is always fixed -- @1.6 AECP interfaces with fixed control_data_length  # ../traffic-gen/tests/stack_behave/features/aecp_aem_stack.feature:145
2026-09-22T08:04:48.2768175Z     Given the protocols root is loaded                                                                                             # ../traffic-gen/tests/stack_behave/features/steps/stack_steps.py:46
2026-09-22T08:04:48.2769733Z     Given the application interface "atdecc_aecp_set_clock_source::AECP_SET_CLOCK_SOURCE::AECP_SET_CLOCK_SOURCE_IF"                # ../traffic-gen/tests/stack_behave/features/steps/stack_steps.py:52
2026-09-22T08:04:48.2770891Z     When I generate 20 stacked packets with seed 9                                                                                 # ../traffic-gen/tests/stack_behave/features/steps/stack_steps.py:62
2026-09-22T08:04:48.2863914Z     Then layer 2 field "control_data_length" always equals 28                                                                      # ../traffic-gen/tests/stack_behave/features/steps/stack_steps.py:91
2026-09-22T08:04:48.2867106Z 
2026-09-22T08:04:48.2868673Z   Scenario Outline: SET_SAMPLING_RATE — control_data_length is always fixed -- @1.7 AECP interfaces with fixed control_data_length  # ../traffic-gen/tests/stack_behave/features/aecp_aem_stack.feature:146
2026-09-22T08:04:48.2872349Z     Given the protocols root is loaded                                                                                              # ../traffic-gen/tests/stack_behave/features/steps/stack_steps.py:46
2026-09-22T08:04:48.2874119Z     Given the application interface "atdecc_aecp_set_sampling_rate::AECP_SET_SAMPLING_RATE::AECP_SET_SAMPLING_RATE_IF"              # ../traffic-gen/tests/stack_behave/features/steps/stack_steps.py:52
2026-09-22T08:04:48.2875641Z     When I generate 20 stacked packets with seed 9                                                                                  # ../traffic-gen/tests/stack_behave/features/steps/stack_steps.py:62
2026-09-22T08:04:48.2968726Z     Then layer 2 field "control_data_length" always equals 28                                                                       # ../traffic-gen/tests/stack_behave/features/steps/stack_steps.py:91
2026-09-22T08:04:48.2972025Z 
2026-09-22T08:04:48.2973894Z   Scenario Outline: ACQUIRE_ENTITY — control_data_length is always fixed -- @1.8 AECP interfaces with fixed control_data_length  # ../traffic-gen/tests/stack_behave/features/aecp_aem_stack.feature:147
2026-09-22T08:04:48.2974952Z     Given the protocols root is loaded                                                                                           # ../traffic-gen/tests/stack_behave/features/steps/stack_steps.py:46
2026-09-22T08:04:48.2976147Z     Given the application interface "atdecc_aecp_acquire_entity::AECP_ACQUIRE_ENTITY::AECP_ACQUIRE_ENTITY_IF"                    # ../traffic-gen/tests/stack_behave/features/steps/stack_steps.py:52
2026-09-22T08:04:48.2977111Z     When I generate 20 stacked packets with seed 9                                                                               # ../traffic-gen/tests/stack_behave/features/steps/stack_steps.py:62
2026-09-22T08:04:48.3077673Z     Then layer 2 field "control_data_length" always equals 36                                                                    # ../traffic-gen/tests/stack_behave/features/steps/stack_steps.py:91
2026-09-22T08:04:48.3080571Z 
2026-09-22T08:04:48.3081392Z   Scenario Outline: LOCK_ENTITY — control_data_length is always fixed -- @1.9 AECP interfaces with fixed control_data_length  # ../traffic-gen/tests/stack_behave/features/aecp_aem_stack.feature:148
2026-09-22T08:04:48.3082651Z     Given the protocols root is loaded                                                                                        # ../traffic-gen/tests/stack_behave/features/steps/stack_steps.py:46
2026-09-22T08:04:48.3083642Z     Given the application interface "atdecc_aecp_lock_entity::AECP_LOCK_ENTITY::AECP_LOCK_ENTITY_IF"                          # ../traffic-gen/tests/stack_behave/features/steps/stack_steps.py:52
2026-09-22T08:04:48.3084739Z     When I generate 20 stacked packets with seed 9                                                                            # ../traffic-gen/tests/stack_behave/features/steps/stack_steps.py:62
2026-09-22T08:04:48.3182630Z     Then layer 2 field "control_data_length" always equals 36                                                                 # ../traffic-gen/tests/stack_behave/features/steps/stack_steps.py:91
2026-09-22T08:04:48.3200613Z 
2026-09-22T08:04:48.3202066Z   Scenario Outline: AEM_NO_PAYLOAD — message_type is always a command (0) or response (1) -- @1.1 AECP AEM interfaces  # ../traffic-gen/tests/stack_behave/features/aecp_aem_stack.feature:157
2026-09-22T08:04:48.3203900Z     Given the protocols root is loaded                                                                                 # ../traffic-gen/tests/stack_behave/features/steps/stack_steps.py:46
2026-09-22T08:04:48.3205409Z     Given the application interface "atdecc_aecp_aem_no_payload::AECP_AEM_NO_PAYLOAD::AECP_AEM_NO_PAYLOAD_IF"          # ../traffic-gen/tests/stack_behave/features/steps/stack_steps.py:52
2026-09-22T08:04:48.3206516Z     When I generate 30 stacked packets with seed 11                                                                    # ../traffic-gen/tests/stack_behave/features/steps/stack_steps.py:62
2026-09-22T08:04:48.3300969Z     Then layer 2 field "message_type" is always one of [0, 1]                                                          # ../traffic-gen/tests/stack_behave/features/steps/stack_steps.py:122
2026-09-22T08:04:48.3304627Z 
2026-09-22T08:04:48.3306000Z   Scenario Outline: SET_CONFIGURATION — message_type is always a command (0) or response (1) -- @1.2 AECP AEM interfaces  # ../traffic-gen/tests/stack_behave/features/aecp_aem_stack.feature:158
2026-09-22T08:04:48.3307717Z     Given the protocols root is loaded                                                                                    # ../traffic-gen/tests/stack_behave/features/steps/stack_steps.py:46
2026-09-22T08:04:48.3309268Z     Given the application interface "atdecc_aecp_set_configuration::AECP_SET_CONFIGURATION::AECP_SET_CONFIGURATION_IF"    # ../traffic-gen/tests/stack_behave/features/steps/stack_steps.py:52
2026-09-22T08:04:48.3310493Z     When I generate 30 stacked packets with seed 11                                                                       # ../traffic-gen/tests/stack_behave/features/steps/stack_steps.py:62
2026-09-22T08:04:48.3404616Z     Then layer 2 field "message_type" is always one of [0, 1]                                                             # ../traffic-gen/tests/stack_behave/features/steps/stack_steps.py:122
2026-09-22T08:04:48.3408035Z 
2026-09-22T08:04:48.3409315Z   Scenario Outline: ABORT_OPERATION — message_type is always a command (0) or response (1) -- @1.3 AECP AEM interfaces  # ../traffic-gen/tests/stack_behave/features/aecp_aem_stack.feature:159
2026-09-22T08:04:48.3410946Z     Given the protocols root is loaded                                                                                  # ../traffic-gen/tests/stack_behave/features/steps/stack_steps.py:46
2026-09-22T08:04:48.3412619Z     Given the application interface "atdecc_aecp_abort_operation::AECP_ABORT_OPERATION::AECP_ABORT_OPERATION_IF"        # ../traffic-gen/tests/stack_behave/features/steps/stack_steps.py:52
2026-09-22T08:04:48.3413867Z     When I generate 30 stacked packets with seed 11                                                                     # ../traffic-gen/tests/stack_behave/features/steps/stack_steps.py:62
2026-09-22T08:04:48.3507343Z     Then layer 2 field "message_type" is always one of [0, 1]                                                           # ../traffic-gen/tests/stack_behave/features/steps/stack_steps.py:122
2026-09-22T08:04:48.3510595Z 
2026-09-22T08:04:48.3511833Z   Scenario Outline: GET_AUDIO_MAP — message_type is always a command (0) or response (1) -- @1.4 AECP AEM interfaces  # ../traffic-gen/tests/stack_behave/features/aecp_aem_stack.feature:160
2026-09-22T08:04:48.3513575Z     Given the protocols root is loaded                                                                                # ../traffic-gen/tests/stack_behave/features/steps/stack_steps.py:46
2026-09-22T08:04:48.3515399Z     Given the application interface "atdecc_aecp_get_audio_map::AECP_GET_AUDIO_MAP::AECP_GET_AUDIO_MAP_IF"            # ../traffic-gen/tests/stack_behave/features/steps/stack_steps.py:52
2026-09-22T08:04:48.3516454Z     When I generate 30 stacked packets with seed 11                                                                   # ../traffic-gen/tests/stack_behave/features/steps/stack_steps.py:62
2026-09-22T08:04:48.3610730Z     Then layer 2 field "message_type" is always one of [0, 1]                                                         # ../traffic-gen/tests/stack_behave/features/steps/stack_steps.py:122
2026-09-22T08:04:48.3614347Z 
2026-09-22T08:04:48.3615543Z   Scenario Outline: GET_NAME — message_type is always a command (0) or response (1) -- @1.5 AECP AEM interfaces  # ../traffic-gen/tests/stack_behave/features/aecp_aem_stack.feature:161
2026-09-22T08:04:48.3616521Z     Given the protocols root is loaded                                                                           # ../traffic-gen/tests/stack_behave/features/steps/stack_steps.py:46
2026-09-22T08:04:48.3617607Z     Given the application interface "atdecc_aecp_get_name::AECP_GET_NAME::AECP_GET_NAME_IF"                      # ../traffic-gen/tests/stack_behave/features/steps/stack_steps.py:52
2026-09-22T08:04:48.3618519Z     When I generate 30 stacked packets with seed 11                                                              # ../traffic-gen/tests/stack_behave/features/steps/stack_steps.py:62
2026-09-22T08:04:48.3717148Z     Then layer 2 field "message_type" is always one of [0, 1]                                                    # ../traffic-gen/tests/stack_behave/features/steps/stack_steps.py:122
2026-09-22T08:04:48.3720341Z 
2026-09-22T08:04:48.3721349Z   Scenario Outline: READ_DESCRIPTOR — message_type is always a command (0) or response (1) -- @1.6 AECP AEM interfaces  # ../traffic-gen/tests/stack_behave/features/aecp_aem_stack.feature:162
2026-09-22T08:04:48.3722654Z     Given the protocols root is loaded                                                                                  # ../traffic-gen/tests/stack_behave/features/steps/stack_steps.py:46
2026-09-22T08:04:48.3723843Z     Given the application interface "atdecc_aecp_read_descriptor::AECP_READ_DESCRIPTOR::AECP_READ_DESCRIPTOR_IF"        # ../traffic-gen/tests/stack_behave/features/steps/stack_steps.py:52
2026-09-22T08:04:48.3724899Z     When I generate 30 stacked packets with seed 11                                                                     # ../traffic-gen/tests/stack_behave/features/steps/stack_steps.py:62
2026-09-22T08:04:48.3823869Z     Then layer 2 field "message_type" is always one of [0, 1]                                                           # ../traffic-gen/tests/stack_behave/features/steps/stack_steps.py:122
2026-09-22T08:04:48.3826777Z 
2026-09-22T08:04:48.3827696Z   Scenario Outline: SET_CLOCK_SOURCE — message_type is always a command (0) or response (1) -- @1.7 AECP AEM interfaces  # ../traffic-gen/tests/stack_behave/features/aecp_aem_stack.feature:163
2026-09-22T08:04:48.3828866Z     Given the protocols root is loaded                                                                                   # ../traffic-gen/tests/stack_behave/features/steps/stack_steps.py:46
2026-09-22T08:04:48.3829885Z     Given the application interface "atdecc_aecp_set_clock_source::AECP_SET_CLOCK_SOURCE::AECP_SET_CLOCK_SOURCE_IF"      # ../traffic-gen/tests/stack_behave/features/steps/stack_steps.py:52
2026-09-22T08:04:48.3831118Z     When I generate 30 stacked packets with seed 11                                                                      # ../traffic-gen/tests/stack_behave/features/steps/stack_steps.py:62
2026-09-22T08:04:48.3929840Z     Then layer 2 field "message_type" is always one of [0, 1]                                                            # ../traffic-gen/tests/stack_behave/features/steps/stack_steps.py:122
2026-09-22T08:04:48.3932824Z 
2026-09-22T08:04:48.3934028Z   Scenario Outline: SET_SAMPLING_RATE — message_type is always a command (0) or response (1) -- @1.8 AECP AEM interfaces  # ../traffic-gen/tests/stack_behave/features/aecp_aem_stack.feature:164
2026-09-22T08:04:48.3935389Z     Given the protocols root is loaded                                                                                    # ../traffic-gen/tests/stack_behave/features/steps/stack_steps.py:46
2026-09-22T08:04:48.3936941Z     Given the application interface "atdecc_aecp_set_sampling_rate::AECP_SET_SAMPLING_RATE::AECP_SET_SAMPLING_RATE_IF"    # ../traffic-gen/tests/stack_behave/features/steps/stack_steps.py:52
2026-09-22T08:04:48.3937926Z     When I generate 30 stacked packets with seed 11                                                                       # ../traffic-gen/tests/stack_behave/features/steps/stack_steps.py:62
2026-09-22T08:04:48.4034902Z     Then layer 2 field "message_type" is always one of [0, 1]                                                             # ../traffic-gen/tests/stack_behave/features/steps/stack_steps.py:122
2026-09-22T08:04:48.4037594Z 
2026-09-22T08:04:48.4038722Z   Scenario Outline: ACQUIRE_ENTITY — message_type is always a command (0) or response (1) -- @1.9 AECP AEM interfaces  # ../traffic-gen/tests/stack_behave/features/aecp_aem_stack.feature:165
2026-09-22T08:04:48.4039700Z     Given the protocols root is loaded                                                                                 # ../traffic-gen/tests/stack_behave/features/steps/stack_steps.py:46
2026-09-22T08:04:48.4040926Z     Given the application interface "atdecc_aecp_acquire_entity::AECP_ACQUIRE_ENTITY::AECP_ACQUIRE_ENTITY_IF"          # ../traffic-gen/tests/stack_behave/features/steps/stack_steps.py:52
2026-09-22T08:04:48.4042121Z     When I generate 30 stacked packets with seed 11                                                                    # ../traffic-gen/tests/stack_behave/features/steps/stack_steps.py:62
2026-09-22T08:04:48.4142520Z     Then layer 2 field "message_type" is always one of [0, 1]                                                          # ../traffic-gen/tests/stack_behave/features/steps/stack_steps.py:122
2026-09-22T08:04:48.4145846Z 
2026-09-22T08:04:48.4147395Z   Scenario Outline: LOCK_ENTITY — message_type is always a command (0) or response (1) -- @1.10 AECP AEM interfaces  # ../traffic-gen/tests/stack_behave/features/aecp_aem_stack.feature:166
2026-09-22T08:04:48.4149058Z     Given the protocols root is loaded                                                                               # ../traffic-gen/tests/stack_behave/features/steps/stack_steps.py:46
2026-09-22T08:04:48.4150525Z     Given the application interface "atdecc_aecp_lock_entity::AECP_LOCK_ENTITY::AECP_LOCK_ENTITY_IF"                 # ../traffic-gen/tests/stack_behave/features/steps/stack_steps.py:52
2026-09-22T08:04:48.4151617Z     When I generate 30 stacked packets with seed 11                                                                  # ../traffic-gen/tests/stack_behave/features/steps/stack_steps.py:62
2026-09-22T08:04:48.4251475Z     Then layer 2 field "message_type" is always one of [0, 1]                                                        # ../traffic-gen/tests/stack_behave/features/steps/stack_steps.py:122
2026-09-22T08:04:48.4255130Z 
2026-09-22T08:04:48.4256471Z   Scenario Outline: SET_STREAM_FORMAT — message_type is always a command (0) or response (1) -- @1.11 AECP AEM interfaces  # ../traffic-gen/tests/stack_behave/features/aecp_aem_stack.feature:167
2026-09-22T08:04:48.4258174Z     Given the protocols root is loaded                                                                                     # ../traffic-gen/tests/stack_behave/features/steps/stack_steps.py:46
2026-09-22T08:04:48.4259721Z     Given the application interface "atdecc_aecp_set_stream_format::AECP_SET_STREAM_FORMAT::AECP_SET_STREAM_FORMAT_IF"     # ../traffic-gen/tests/stack_behave/features/steps/stack_steps.py:52
2026-09-22T08:04:48.4260892Z     When I generate 30 stacked packets with seed 11                                                                        # ../traffic-gen/tests/stack_behave/features/steps/stack_steps.py:62
2026-09-22T08:04:48.4358367Z     Then layer 2 field "message_type" is always one of [0, 1]                                                              # ../traffic-gen/tests/stack_behave/features/steps/stack_steps.py:122
2026-09-22T08:04:48.4372677Z 
2026-09-22T08:04:48.4374050Z   Scenario Outline: AEM_NO_PAYLOAD — stacked frame can be written to pcap -- @1.1 AECP AEM interfaces         # ../traffic-gen/tests/stack_behave/features/aecp_aem_stack.feature:181
2026-09-22T08:04:48.4375678Z     Given the protocols root is loaded                                                                        # ../traffic-gen/tests/stack_behave/features/steps/stack_steps.py:46
2026-09-22T08:04:48.4377171Z     Given the application interface "atdecc_aecp_aem_no_payload::AECP_AEM_NO_PAYLOAD::AECP_AEM_NO_PAYLOAD_IF" # ../traffic-gen/tests/stack_behave/features/steps/stack_steps.py:52
2026-09-22T08:04:48.4378593Z     When I generate 5 stacked packets with seed 42 to pcap file "/tmp/stack_AEM_NO_PAYLOAD.pcap"              # ../traffic-gen/tests/stack_behave/features/steps/stack_steps.py:72
2026-09-22T08:04:48.4467744Z     Then the pcap file "/tmp/stack_AEM_NO_PAYLOAD.pcap" exists                                                # ../traffic-gen/tests/stack_behave/features/steps/stack_steps.py:137
2026-09-22T08:04:48.4469509Z     And the pcap file "/tmp/stack_AEM_NO_PAYLOAD.pcap" contains 5 packets                                     # ../traffic-gen/tests/stack_behave/features/steps/stack_steps.py:142
2026-09-22T08:04:48.4473083Z 
2026-09-22T08:04:48.4474405Z   Scenario Outline: ACQUIRE_ENTITY — stacked frame can be written to pcap -- @1.2 AECP AEM interfaces         # ../traffic-gen/tests/stack_behave/features/aecp_aem_stack.feature:182
2026-09-22T08:04:48.4475986Z     Given the protocols root is loaded                                                                        # ../traffic-gen/tests/stack_behave/features/steps/stack_steps.py:46
2026-09-22T08:04:48.4477551Z     Given the application interface "atdecc_aecp_acquire_entity::AECP_ACQUIRE_ENTITY::AECP_ACQUIRE_ENTITY_IF" # ../traffic-gen/tests/stack_behave/features/steps/stack_steps.py:52
2026-09-22T08:04:48.4478889Z     When I generate 5 stacked packets with seed 42 to pcap file "/tmp/stack_ACQUIRE_ENTITY.pcap"              # ../traffic-gen/tests/stack_behave/features/steps/stack_steps.py:72
2026-09-22T08:04:48.4566209Z     Then the pcap file "/tmp/stack_ACQUIRE_ENTITY.pcap" exists                                                # ../traffic-gen/tests/stack_behave/features/steps/stack_steps.py:137
2026-09-22T08:04:48.4567734Z     And the pcap file "/tmp/stack_ACQUIRE_ENTITY.pcap" contains 5 packets                                     # ../traffic-gen/tests/stack_behave/features/steps/stack_steps.py:142
2026-09-22T08:04:48.4571130Z 
2026-09-22T08:04:48.4572662Z   Scenario Outline: LOCK_ENTITY — stacked frame can be written to pcap -- @1.3 AECP AEM interfaces   # ../traffic-gen/tests/stack_behave/features/aecp_aem_stack.feature:183
2026-09-22T08:04:48.4574230Z     Given the protocols root is loaded                                                               # ../traffic-gen/tests/stack_behave/features/steps/stack_steps.py:46
2026-09-22T08:04:48.4575686Z     Given the application interface "atdecc_aecp_lock_entity::AECP_LOCK_ENTITY::AECP_LOCK_ENTITY_IF" # ../traffic-gen/tests/stack_behave/features/steps/stack_steps.py:52
2026-09-22T08:04:48.4576941Z     When I generate 5 stacked packets with seed 42 to pcap file "/tmp/stack_LOCK_ENTITY.pcap"        # ../traffic-gen/tests/stack_behave/features/steps/stack_steps.py:72
2026-09-22T08:04:48.4664340Z     Then the pcap file "/tmp/stack_LOCK_ENTITY.pcap" exists                                          # ../traffic-gen/tests/stack_behave/features/steps/stack_steps.py:137
2026-09-22T08:04:48.4665801Z     And the pcap file "/tmp/stack_LOCK_ENTITY.pcap" contains 5 packets                               # ../traffic-gen/tests/stack_behave/features/steps/stack_steps.py:142
2026-09-22T08:04:48.4669133Z 
2026-09-22T08:04:48.4670688Z   Scenario Outline: SET_STREAM_FORMAT — stacked frame can be written to pcap -- @1.4 AECP AEM interfaces               # ../traffic-gen/tests/stack_behave/features/aecp_aem_stack.feature:184
2026-09-22T08:04:48.4672329Z     Given the protocols root is loaded                                                                                 # ../traffic-gen/tests/stack_behave/features/steps/stack_steps.py:46
2026-09-22T08:04:48.4674116Z     Given the application interface "atdecc_aecp_set_stream_format::AECP_SET_STREAM_FORMAT::AECP_SET_STREAM_FORMAT_IF" # ../traffic-gen/tests/stack_behave/features/steps/stack_steps.py:52
2026-09-22T08:04:48.4675413Z     When I generate 5 stacked packets with seed 42 to pcap file "/tmp/stack_SET_STREAM_FORMAT.pcap"                    # ../traffic-gen/tests/stack_behave/features/steps/stack_steps.py:72
2026-09-22T08:04:48.4761498Z     Then the pcap file "/tmp/stack_SET_STREAM_FORMAT.pcap" exists                                                      # ../traffic-gen/tests/stack_behave/features/steps/stack_steps.py:137
2026-09-22T08:04:48.4763339Z     And the pcap file "/tmp/stack_SET_STREAM_FORMAT.pcap" contains 5 packets                                           # ../traffic-gen/tests/stack_behave/features/steps/stack_steps.py:142
2026-09-22T08:04:48.4766537Z 
2026-09-22T08:04:48.4768007Z   Scenario Outline: SET_STREAM_INFO — stacked frame can be written to pcap -- @1.5 AECP AEM interfaces           # ../traffic-gen/tests/stack_behave/features/aecp_aem_stack.feature:185
2026-09-22T08:04:48.4769586Z     Given the protocols root is loaded                                                                           # ../traffic-gen/tests/stack_behave/features/steps/stack_steps.py:46
2026-09-22T08:04:48.4771111Z     Given the application interface "atdecc_aecp_set_stream_info::AECP_SET_STREAM_INFO::AECP_SET_STREAM_INFO_IF" # ../traffic-gen/tests/stack_behave/features/steps/stack_steps.py:52
2026-09-22T08:04:48.4772324Z     When I generate 5 stacked packets with seed 42 to pcap file "/tmp/stack_SET_STREAM_INFO.pcap"                # ../traffic-gen/tests/stack_behave/features/steps/stack_steps.py:72
2026-09-22T08:04:48.4860893Z     Then the pcap file "/tmp/stack_SET_STREAM_INFO.pcap" exists                                                  # ../traffic-gen/tests/stack_behave/features/steps/stack_steps.py:137
2026-09-22T08:04:48.4862646Z     And the pcap file "/tmp/stack_SET_STREAM_INFO.pcap" contains 5 packets                                       # ../traffic-gen/tests/stack_behave/features/steps/stack_steps.py:142
2026-09-22T08:04:48.4866034Z 
2026-09-22T08:04:48.4867165Z   Scenario Outline: SET_NAME — stacked frame can be written to pcap -- @1.6 AECP AEM interfaces  # ../traffic-gen/tests/stack_behave/features/aecp_aem_stack.feature:186
2026-09-22T08:04:48.4868654Z     Given the protocols root is loaded                                                           # ../traffic-gen/tests/stack_behave/features/steps/stack_steps.py:46
2026-09-22T08:04:48.4870118Z     Given the application interface "atdecc_aecp_set_name::AECP_SET_NAME::AECP_SET_NAME_IF"      # ../traffic-gen/tests/stack_behave/features/steps/stack_steps.py:52
2026-09-22T08:04:48.4871339Z     When I generate 5 stacked packets with seed 42 to pcap file "/tmp/stack_SET_NAME.pcap"       # ../traffic-gen/tests/stack_behave/features/steps/stack_steps.py:72
2026-09-22T08:04:48.4958818Z     Then the pcap file "/tmp/stack_SET_NAME.pcap" exists                                         # ../traffic-gen/tests/stack_behave/features/steps/stack_steps.py:137
2026-09-22T08:04:48.4960260Z     And the pcap file "/tmp/stack_SET_NAME.pcap" contains 5 packets                              # ../traffic-gen/tests/stack_behave/features/steps/stack_steps.py:142
2026-09-22T08:04:48.4963019Z 
2026-09-22T08:04:48.4975817Z Feature: AECP non-AEM — full on-wire frame assembly via layer stacking # ../traffic-gen/tests/stack_behave/features/aecp_non_aem_stack.feature:13
2026-09-22T08:04:48.4976662Z 
2026-09-22T08:04:48.4977775Z   Feature: AECP non-AEM — full on-wire frame assembly via layer stacking  # ../traffic-gen/tests/stack_behave/features/aecp_non_aem_stack.feature:13
2026-09-22T08:04:48.4978645Z 
2026-09-22T08:04:48.4979368Z   Scenario: ADDRESS_ACCESS stacked frame has correct total size                                               # ../traffic-gen/tests/stack_behave/features/aecp_non_aem_stack.feature:22
2026-09-22T08:04:48.4980805Z     Given the protocols root is loaded                                                                        # ../traffic-gen/tests/stack_behave/features/steps/stack_steps.py:46
2026-09-22T08:04:48.4981983Z     Given the application interface "atdecc_aecp_address_access::AECP_ADDRESS_ACCESS::AECP_ADDRESS_ACCESS_IF" # ../traffic-gen/tests/stack_behave/features/steps/stack_steps.py:52
2026-09-22T08:04:48.4983419Z     When I generate 20 stacked packets with seed 1                                                            # ../traffic-gen/tests/stack_behave/features/steps/stack_steps.py:62
2026-09-22T08:04:48.5073587Z     Then the stacked packet size is always 57 bytes                                                           # ../traffic-gen/tests/stack_behave/features/steps/stack_steps.py:83
2026-09-22T08:04:48.5076786Z 
2026-09-22T08:04:48.5077935Z   Scenario: ADDRESS_ACCESS — ethertype is always 0x22F0                                                       # ../traffic-gen/tests/stack_behave/features/aecp_non_aem_stack.feature:27
2026-09-22T08:04:48.5079188Z     Given the protocols root is loaded                                                                        # ../traffic-gen/tests/stack_behave/features/steps/stack_steps.py:46
2026-09-22T08:04:48.5080402Z     Given the application interface "atdecc_aecp_address_access::AECP_ADDRESS_ACCESS::AECP_ADDRESS_ACCESS_IF" # ../traffic-gen/tests/stack_behave/features/steps/stack_steps.py:52
2026-09-22T08:04:48.5081515Z     When I generate 20 stacked packets with seed 5                                                            # ../traffic-gen/tests/stack_behave/features/steps/stack_steps.py:62
2026-09-22T08:04:48.5176120Z     Then layer 0 field "ethertype" always equals hex 22F0                                                     # ../traffic-gen/tests/stack_behave/features/steps/stack_steps.py:101
2026-09-22T08:04:48.5179020Z 
2026-09-22T08:04:48.5179687Z   Scenario: ADDRESS_ACCESS — message_type is always 2 (command) or 3 (response)                               # ../traffic-gen/tests/stack_behave/features/aecp_non_aem_stack.feature:32
2026-09-22T08:04:48.5180739Z     Given the protocols root is loaded                                                                        # ../traffic-gen/tests/stack_behave/features/steps/stack_steps.py:46
2026-09-22T08:04:48.5181672Z     Given the application interface "atdecc_aecp_address_access::AECP_ADDRESS_ACCESS::AECP_ADDRESS_ACCESS_IF" # ../traffic-gen/tests/stack_behave/features/steps/stack_steps.py:52
2026-09-22T08:04:48.5182849Z     When I generate 30 stacked packets with seed 13                                                           # ../traffic-gen/tests/stack_behave/features/steps/stack_steps.py:62
2026-09-22T08:04:48.5283434Z     Then layer 2 field "message_type" is always one of [2, 3]                                                 # ../traffic-gen/tests/stack_behave/features/steps/stack_steps.py:122
2026-09-22T08:04:48.5286943Z 
2026-09-22T08:04:48.5287884Z   Scenario: ADDRESS_ACCESS — AVTP subtype and version are fixed                                               # ../traffic-gen/tests/stack_behave/features/aecp_non_aem_stack.feature:37
2026-09-22T08:04:48.5288842Z     Given the protocols root is loaded                                                                        # ../traffic-gen/tests/stack_behave/features/steps/stack_steps.py:46
2026-09-22T08:04:48.5289749Z     Given the application interface "atdecc_aecp_address_access::AECP_ADDRESS_ACCESS::AECP_ADDRESS_ACCESS_IF" # ../traffic-gen/tests/stack_behave/features/steps/stack_steps.py:52
2026-09-22T08:04:48.5291025Z     When I generate 20 stacked packets with seed 2                                                            # ../traffic-gen/tests/stack_behave/features/steps/stack_steps.py:62
2026-09-22T08:04:48.5386747Z     Then layer 1 field "subtype" always equals 251                                                            # ../traffic-gen/tests/stack_behave/features/steps/stack_steps.py:91
2026-09-22T08:04:48.5388467Z     And layer 1 field "sv" always equals 0                                                                    # ../traffic-gen/tests/stack_behave/features/steps/stack_steps.py:91
2026-09-22T08:04:48.5389894Z     And layer 1 field "version" always equals 0                                                               # ../traffic-gen/tests/stack_behave/features/steps/stack_steps.py:91
2026-09-22T08:04:48.5393507Z 
2026-09-22T08:04:48.5394121Z   Scenario: ADDRESS_ACCESS — written to pcap                                                                  # ../traffic-gen/tests/stack_behave/features/aecp_non_aem_stack.feature:44
2026-09-22T08:04:48.5395081Z     Given the protocols root is loaded                                                                        # ../traffic-gen/tests/stack_behave/features/steps/stack_steps.py:46
2026-09-22T08:04:48.5396021Z     Given the application interface "atdecc_aecp_address_access::AECP_ADDRESS_ACCESS::AECP_ADDRESS_ACCESS_IF" # ../traffic-gen/tests/stack_behave/features/steps/stack_steps.py:52
2026-09-22T08:04:48.5397449Z     When I generate 5 stacked packets with seed 42 to pcap file "/tmp/stack_ADDRESS_ACCESS.pcap"              # ../traffic-gen/tests/stack_behave/features/steps/stack_steps.py:72
2026-09-22T08:04:48.5487305Z     Then the pcap file "/tmp/stack_ADDRESS_ACCESS.pcap" exists                                                # ../traffic-gen/tests/stack_behave/features/steps/stack_steps.py:137
2026-09-22T08:04:48.5489061Z     And the pcap file "/tmp/stack_ADDRESS_ACCESS.pcap" contains 5 packets                                     # ../traffic-gen/tests/stack_behave/features/steps/stack_steps.py:142
2026-09-22T08:04:48.5492521Z 
2026-09-22T08:04:48.5492993Z   Scenario: VENDOR_UNIQUE stacked frame has correct total size                                             # ../traffic-gen/tests/stack_behave/features/aecp_non_aem_stack.feature:54
2026-09-22T08:04:48.5493826Z     Given the protocols root is loaded                                                                     # ../traffic-gen/tests/stack_behave/features/steps/stack_steps.py:46
2026-09-22T08:04:48.5494899Z     Given the application interface "atdecc_aecp_vendor_unique::AECP_VENDOR_UNIQUE::AECP_VENDOR_UNIQUE_IF" # ../traffic-gen/tests/stack_behave/features/steps/stack_steps.py:52
2026-09-22T08:04:48.5496212Z     When I generate 20 stacked packets with seed 1                                                         # ../traffic-gen/tests/stack_behave/features/steps/stack_steps.py:62
2026-09-22T08:04:48.5595093Z     Then the stacked packet size is always 51 bytes                                                        # ../traffic-gen/tests/stack_behave/features/steps/stack_steps.py:83
2026-09-22T08:04:48.5598462Z 
2026-09-22T08:04:48.5600181Z   Scenario: VENDOR_UNIQUE — ethertype is always 0x22F0                                                     # ../traffic-gen/tests/stack_behave/features/aecp_non_aem_stack.feature:59
2026-09-22T08:04:48.5601878Z     Given the protocols root is loaded                                                                     # ../traffic-gen/tests/stack_behave/features/steps/stack_steps.py:46
2026-09-22T08:04:48.5603533Z     Given the application interface "atdecc_aecp_vendor_unique::AECP_VENDOR_UNIQUE::AECP_VENDOR_UNIQUE_IF" # ../traffic-gen/tests/stack_behave/features/steps/stack_steps.py:52
2026-09-22T08:04:48.5604760Z     When I generate 20 stacked packets with seed 5                                                         # ../traffic-gen/tests/stack_behave/features/steps/stack_steps.py:62
2026-09-22T08:04:48.5702948Z     Then layer 0 field "ethertype" always equals hex 22F0                                                  # ../traffic-gen/tests/stack_behave/features/steps/stack_steps.py:101
2026-09-22T08:04:48.5704356Z 
2026-09-22T08:04:48.5705890Z   Scenario: VENDOR_UNIQUE — message_type is always 6 (command) or 7 (response)                             # ../traffic-gen/tests/stack_behave/features/aecp_non_aem_stack.feature:64
2026-09-22T08:04:48.5707417Z     Given the protocols root is loaded                                                                     # ../traffic-gen/tests/stack_behave/features/steps/stack_steps.py:46
2026-09-22T08:04:48.5708918Z     Given the application interface "atdecc_aecp_vendor_unique::AECP_VENDOR_UNIQUE::AECP_VENDOR_UNIQUE_IF" # ../traffic-gen/tests/stack_behave/features/steps/stack_steps.py:52
2026-09-22T08:04:48.5710154Z     When I generate 30 stacked packets with seed 17                                                        # ../traffic-gen/tests/stack_behave/features/steps/stack_steps.py:62
2026-09-22T08:04:48.5809051Z     Then layer 2 field "message_type" is always one of [6, 7]                                              # ../traffic-gen/tests/stack_behave/features/steps/stack_steps.py:122
2026-09-22T08:04:48.5813607Z 
2026-09-22T08:04:48.5814779Z   Scenario: VENDOR_UNIQUE — AVTP subtype and version are fixed                                             # ../traffic-gen/tests/stack_behave/features/aecp_non_aem_stack.feature:69
2026-09-22T08:04:48.5816535Z     Given the protocols root is loaded                                                                     # ../traffic-gen/tests/stack_behave/features/steps/stack_steps.py:46
2026-09-22T08:04:48.5817725Z     Given the application interface "atdecc_aecp_vendor_unique::AECP_VENDOR_UNIQUE::AECP_VENDOR_UNIQUE_IF" # ../traffic-gen/tests/stack_behave/features/steps/stack_steps.py:52
2026-09-22T08:04:48.5818934Z     When I generate 20 stacked packets with seed 2                                                         # ../traffic-gen/tests/stack_behave/features/steps/stack_steps.py:62
2026-09-22T08:04:48.5916846Z     Then layer 1 field "subtype" always equals 251                                                         # ../traffic-gen/tests/stack_behave/features/steps/stack_steps.py:91
2026-09-22T08:04:48.5918249Z     And layer 1 field "sv" always equals 0                                                                 # ../traffic-gen/tests/stack_behave/features/steps/stack_steps.py:91
2026-09-22T08:04:48.5921130Z     And layer 1 field "version" always equals 0                                                            # ../traffic-gen/tests/stack_behave/features/steps/stack_steps.py:91
2026-09-22T08:04:48.5923812Z 
2026-09-22T08:04:48.5924982Z   Scenario: VENDOR_UNIQUE — written to pcap                                                                # ../traffic-gen/tests/stack_behave/features/aecp_non_aem_stack.feature:76
2026-09-22T08:04:48.5926366Z     Given the protocols root is loaded                                                                     # ../traffic-gen/tests/stack_behave/features/steps/stack_steps.py:46
2026-09-22T08:04:48.5927870Z     Given the application interface "atdecc_aecp_vendor_unique::AECP_VENDOR_UNIQUE::AECP_VENDOR_UNIQUE_IF" # ../traffic-gen/tests/stack_behave/features/steps/stack_steps.py:52
2026-09-22T08:04:48.5929266Z     When I generate 5 stacked packets with seed 42 to pcap file "/tmp/stack_VENDOR_UNIQUE.pcap"            # ../traffic-gen/tests/stack_behave/features/steps/stack_steps.py:72
2026-09-22T08:04:48.6020398Z     Then the pcap file "/tmp/stack_VENDOR_UNIQUE.pcap" exists                                              # ../traffic-gen/tests/stack_behave/features/steps/stack_steps.py:137
2026-09-22T08:04:48.6021851Z     And the pcap file "/tmp/stack_VENDOR_UNIQUE.pcap" contains 5 packets                                   # ../traffic-gen/tests/stack_behave/features/steps/stack_steps.py:142
2026-09-22T08:04:48.6024700Z 
2026-09-22T08:04:48.6027979Z Feature: Packet decode — DUT output verification # ../traffic-gen/tests/stack_behave/features/dut_decode.feature:5
2026-09-22T08:04:48.6029018Z   Verify that PacketDecoder correctly reconstructs field values from raw byte
2026-09-22T08:04:48.6030249Z   buffers, and that the generate → capture → decode round-trip is lossless.
2026-09-22T08:04:48.6031381Z   Feature: Packet decode — DUT output verification  # ../traffic-gen/tests/stack_behave/features/dut_decode.feature:5
2026-09-22T08:04:48.6032085Z 
2026-09-22T08:04:48.6033001Z   Scenario: Generate-decode round-trip via pcap preserves hex (ACQUIRE_ENTITY)                              # ../traffic-gen/tests/stack_behave/features/dut_decode.feature:18
2026-09-22T08:04:48.6034334Z     Given the protocols root is loaded                                                                      # ../traffic-gen/tests/stack_behave/features/steps/stack_steps.py:46
2026-09-22T08:04:48.6035455Z     And the application interface "atdecc_aecp_acquire_entity::AECP_ACQUIRE_ENTITY::AECP_ACQUIRE_ENTITY_IF" # ../traffic-gen/tests/stack_behave/features/steps/stack_steps.py:52
2026-09-22T08:04:48.6036743Z     When I generate 5 stacked packets with seed 1 to pcap file "/tmp/rt_acquire.pcap"                       # ../traffic-gen/tests/stack_behave/features/steps/stack_steps.py:72
2026-09-22T08:04:48.6127798Z     And I decode the pcap file "/tmp/rt_acquire.pcap" against the stack                                     # ../traffic-gen/tests/stack_behave/features/steps/stack_steps.py:199
2026-09-22T08:04:48.6221921Z     Then the decoded packet count is 5                                                                      # ../traffic-gen/tests/stack_behave/features/steps/stack_steps.py:246
2026-09-22T08:04:48.6223343Z     And the generated and decoded hex match                                                                 # ../traffic-gen/tests/stack_behave/features/steps/stack_steps.py:262
2026-09-22T08:04:48.6227144Z 
2026-09-22T08:04:48.6227964Z   Scenario: Decoded Ethernet ethertype round-trips correctly                                                # ../traffic-gen/tests/stack_behave/features/dut_decode.feature:24
2026-09-22T08:04:48.6229449Z     Given the protocols root is loaded                                                                      # ../traffic-gen/tests/stack_behave/features/steps/stack_steps.py:46
2026-09-22T08:04:48.6231016Z     And the application interface "atdecc_aecp_acquire_entity::AECP_ACQUIRE_ENTITY::AECP_ACQUIRE_ENTITY_IF" # ../traffic-gen/tests/stack_behave/features/steps/stack_steps.py:52
2026-09-22T08:04:48.6232677Z     When I generate 10 stacked packets with seed 7 to pcap file "/tmp/rt_eth.pcap"                          # ../traffic-gen/tests/stack_behave/features/steps/stack_steps.py:72
2026-09-22T08:04:48.6328323Z     And I decode the pcap file "/tmp/rt_eth.pcap" against the stack                                         # ../traffic-gen/tests/stack_behave/features/steps/stack_steps.py:199
2026-09-22T08:04:48.6421605Z     Then decoded layer 0 field "ethertype" always equals hex 22F0                                           # ../traffic-gen/tests/stack_behave/features/steps/stack_steps.py:235
2026-09-22T08:04:48.6425290Z 
2026-09-22T08:04:48.6426206Z   Scenario: Decoded AVTP subtype round-trips correctly                                                      # ../traffic-gen/tests/stack_behave/features/dut_decode.feature:29
2026-09-22T08:04:48.6427631Z     Given the protocols root is loaded                                                                      # ../traffic-gen/tests/stack_behave/features/steps/stack_steps.py:46
2026-09-22T08:04:48.6429240Z     And the application interface "atdecc_aecp_acquire_entity::AECP_ACQUIRE_ENTITY::AECP_ACQUIRE_ENTITY_IF" # ../traffic-gen/tests/stack_behave/features/steps/stack_steps.py:52
2026-09-22T08:04:48.6430874Z     When I generate 10 stacked packets with seed 13 to pcap file "/tmp/rt_avtp.pcap"                        # ../traffic-gen/tests/stack_behave/features/steps/stack_steps.py:72
2026-09-22T08:04:48.6523733Z     And I decode the pcap file "/tmp/rt_avtp.pcap" against the stack                                        # ../traffic-gen/tests/stack_behave/features/steps/stack_steps.py:199
2026-09-22T08:04:48.6619204Z     Then decoded layer 1 field "subtype" always equals 251                                                  # ../traffic-gen/tests/stack_behave/features/steps/stack_steps.py:225
2026-09-22T08:04:48.6622648Z 
2026-09-22T08:04:48.6624034Z   Scenario: Decode a fixed hex string — ethertype field is 0x22F0                                                                                        # ../traffic-gen/tests/stack_behave/features/dut_decode.feature:38
2026-09-22T08:04:48.6625676Z     Given the protocols root is loaded                                                                                                                   # ../traffic-gen/tests/stack_behave/features/steps/stack_steps.py:46
2026-09-22T08:04:48.6627377Z     And the application interface "atdecc_aecp_acquire_entity::AECP_ACQUIRE_ENTITY::AECP_ACQUIRE_ENTITY_IF"                                              # ../traffic-gen/tests/stack_behave/features/steps/stack_steps.py:52
2026-09-22T08:04:48.6628910Z     When I decode hex "2245bd5fbb6822eb9250231822f0fb000382416e6678d39feef008e61bd8674b6331bca260000000000004ab7a473d29376c1001e797e0" against the stack # ../traffic-gen/tests/stack_behave/features/steps/stack_steps.py:210
2026-09-22T08:04:48.6716238Z     Then decoded layer 0 field "ethertype" always equals hex 22F0                                                                                        # ../traffic-gen/tests/stack_behave/features/steps/stack_steps.py:235
2026-09-22T08:04:48.6759213Z 
2026-09-22T08:04:48.6760243Z   Scenario Outline: Round-trip preserves frame size for all AEM PDUs -- @1.1                                  # ../traffic-gen/tests/stack_behave/features/dut_decode.feature:55
2026-09-22T08:04:48.6761759Z     Given the protocols root is loaded                                                                        # ../traffic-gen/tests/stack_behave/features/steps/stack_steps.py:46
2026-09-22T08:04:48.6763549Z     And the application interface "atdecc_aecp_acquire_entity::AECP_ACQUIRE_ENTITY::AECP_ACQUIRE_ENTITY_IF"   # ../traffic-gen/tests/stack_behave/features/steps/stack_steps.py:52
2026-09-22T08:04:48.6765322Z     Given the application interface "atdecc_aecp_aem_no_payload::AECP_AEM_NO_PAYLOAD::AECP_AEM_NO_PAYLOAD_IF" # ../traffic-gen/tests/stack_behave/features/steps/stack_steps.py:52
2026-09-22T08:04:48.6766729Z     When I generate 3 stacked packets with seed 42 to pcap file "/tmp/rt_no_payload.pcap"                     # ../traffic-gen/tests/stack_behave/features/steps/stack_steps.py:72
2026-09-22T08:04:48.6856340Z     And I decode the pcap file "/tmp/rt_no_payload.pcap" against the stack                                    # ../traffic-gen/tests/stack_behave/features/steps/stack_steps.py:199
2026-09-22T08:04:48.6943318Z     Then the decoded packet count is 3                                                                        # ../traffic-gen/tests/stack_behave/features/steps/stack_steps.py:246
2026-09-22T08:04:48.6944668Z     And the generated and decoded hex match                                                                   # ../traffic-gen/tests/stack_behave/features/steps/stack_steps.py:262
2026-09-22T08:04:48.6948425Z 
2026-09-22T08:04:48.6949234Z   Scenario Outline: Round-trip preserves frame size for all AEM PDUs -- @1.2                                           # ../traffic-gen/tests/stack_behave/features/dut_decode.feature:56
2026-09-22T08:04:48.6950731Z     Given the protocols root is loaded                                                                                 # ../traffic-gen/tests/stack_behave/features/steps/stack_steps.py:46
2026-09-22T08:04:48.6952336Z     And the application interface "atdecc_aecp_acquire_entity::AECP_ACQUIRE_ENTITY::AECP_ACQUIRE_ENTITY_IF"            # ../traffic-gen/tests/stack_behave/features/steps/stack_steps.py:52
2026-09-22T08:04:48.6954457Z     Given the application interface "atdecc_aecp_set_configuration::AECP_SET_CONFIGURATION::AECP_SET_CONFIGURATION_IF" # ../traffic-gen/tests/stack_behave/features/steps/stack_steps.py:52
2026-09-22T08:04:48.6956149Z     When I generate 3 stacked packets with seed 42 to pcap file "/tmp/rt_set_config.pcap"                              # ../traffic-gen/tests/stack_behave/features/steps/stack_steps.py:72
2026-09-22T08:04:48.7045217Z     And I decode the pcap file "/tmp/rt_set_config.pcap" against the stack                                             # ../traffic-gen/tests/stack_behave/features/steps/stack_steps.py:199
2026-09-22T08:04:48.7133666Z     Then the decoded packet count is 3                                                                                 # ../traffic-gen/tests/stack_behave/features/steps/stack_steps.py:246
2026-09-22T08:04:48.7135092Z     And the generated and decoded hex match                                                                            # ../traffic-gen/tests/stack_behave/features/steps/stack_steps.py:262
2026-09-22T08:04:48.7141534Z 
2026-09-22T08:04:48.7142677Z   Scenario Outline: Round-trip preserves frame size for all AEM PDUs -- @1.3                                # ../traffic-gen/tests/stack_behave/features/dut_decode.feature:57
2026-09-22T08:04:48.7144195Z     Given the protocols root is loaded                                                                      # ../traffic-gen/tests/stack_behave/features/steps/stack_steps.py:46
2026-09-22T08:04:48.7145817Z     And the application interface "atdecc_aecp_acquire_entity::AECP_ACQUIRE_ENTITY::AECP_ACQUIRE_ENTITY_IF" # ../traffic-gen/tests/stack_behave/features/steps/stack_steps.py:52
2026-09-22T08:04:48.7147893Z     Given the application interface "atdecc_aecp_lock_entity::AECP_LOCK_ENTITY::AECP_LOCK_ENTITY_IF"        # ../traffic-gen/tests/stack_behave/features/steps/stack_steps.py:52
2026-09-22T08:04:48.7149457Z     When I generate 3 stacked packets with seed 42 to pcap file "/tmp/rt_lock.pcap"                         # ../traffic-gen/tests/stack_behave/features/steps/stack_steps.py:72
2026-09-22T08:04:48.7238087Z     And I decode the pcap file "/tmp/rt_lock.pcap" against the stack                                        # ../traffic-gen/tests/stack_behave/features/steps/stack_steps.py:199
2026-09-22T08:04:48.7327463Z     Then the decoded packet count is 3                                                                      # ../traffic-gen/tests/stack_behave/features/steps/stack_steps.py:246
2026-09-22T08:04:48.7328823Z     And the generated and decoded hex match                                                                 # ../traffic-gen/tests/stack_behave/features/steps/stack_steps.py:262
2026-09-22T08:04:48.7332722Z 
2026-09-22T08:04:48.7333731Z   Scenario Outline: Round-trip preserves frame size for all AEM PDUs -- @1.4                                     # ../traffic-gen/tests/stack_behave/features/dut_decode.feature:58
2026-09-22T08:04:48.7335199Z     Given the protocols root is loaded                                                                           # ../traffic-gen/tests/stack_behave/features/steps/stack_steps.py:46
2026-09-22T08:04:48.7336803Z     And the application interface "atdecc_aecp_acquire_entity::AECP_ACQUIRE_ENTITY::AECP_ACQUIRE_ENTITY_IF"      # ../traffic-gen/tests/stack_behave/features/steps/stack_steps.py:52
2026-09-22T08:04:48.7338603Z     Given the application interface "atdecc_aecp_read_descriptor::AECP_READ_DESCRIPTOR::AECP_READ_DESCRIPTOR_IF" # ../traffic-gen/tests/stack_behave/features/steps/stack_steps.py:52
2026-09-22T08:04:48.7340090Z     When I generate 3 stacked packets with seed 42 to pcap file "/tmp/rt_read_desc.pcap"                         # ../traffic-gen/tests/stack_behave/features/steps/stack_steps.py:72
2026-09-22T08:04:48.7428806Z     And I decode the pcap file "/tmp/rt_read_desc.pcap" against the stack                                        # ../traffic-gen/tests/stack_behave/features/steps/stack_steps.py:199
2026-09-22T08:04:48.7516374Z     Then the decoded packet count is 3                                                                           # ../traffic-gen/tests/stack_behave/features/steps/stack_steps.py:246
2026-09-22T08:04:48.7518005Z     And the generated and decoded hex match                                                                      # ../traffic-gen/tests/stack_behave/features/steps/stack_steps.py:262
2026-09-22T08:04:48.7521503Z 
2026-09-22T08:04:48.7522348Z   Scenario Outline: Round-trip preserves frame size for all AEM PDUs -- @1.5                                # ../traffic-gen/tests/stack_behave/features/dut_decode.feature:59
2026-09-22T08:04:48.7523991Z     Given the protocols root is loaded                                                                      # ../traffic-gen/tests/stack_behave/features/steps/stack_steps.py:46
2026-09-22T08:04:48.7525582Z     And the application interface "atdecc_aecp_acquire_entity::AECP_ACQUIRE_ENTITY::AECP_ACQUIRE_ENTITY_IF" # ../traffic-gen/tests/stack_behave/features/steps/stack_steps.py:52
2026-09-22T08:04:48.7527288Z     Given the application interface "atdecc_aecp_set_name::AECP_SET_NAME::AECP_SET_NAME_IF"                 # ../traffic-gen/tests/stack_behave/features/steps/stack_steps.py:52
2026-09-22T08:04:48.7528714Z     When I generate 3 stacked packets with seed 42 to pcap file "/tmp/rt_set_name.pcap"                     # ../traffic-gen/tests/stack_behave/features/steps/stack_steps.py:72
2026-09-22T08:04:48.7616522Z     And I decode the pcap file "/tmp/rt_set_name.pcap" against the stack                                    # ../traffic-gen/tests/stack_behave/features/steps/stack_steps.py:199
2026-09-22T08:04:48.7704660Z     Then the decoded packet count is 3                                                                      # ../traffic-gen/tests/stack_behave/features/steps/stack_steps.py:246
2026-09-22T08:04:48.7706011Z     And the generated and decoded hex match                                                                 # ../traffic-gen/tests/stack_behave/features/steps/stack_steps.py:262
2026-09-22T08:04:48.7709496Z 
2026-09-22T08:04:48.7710562Z   Scenario Outline: Round-trip preserves frame size for all AEM PDUs -- @1.6                                # ../traffic-gen/tests/stack_behave/features/dut_decode.feature:60
2026-09-22T08:04:48.7712028Z     Given the protocols root is loaded                                                                      # ../traffic-gen/tests/stack_behave/features/steps/stack_steps.py:46
2026-09-22T08:04:48.7713767Z     And the application interface "atdecc_aecp_acquire_entity::AECP_ACQUIRE_ENTITY::AECP_ACQUIRE_ENTITY_IF" # ../traffic-gen/tests/stack_behave/features/steps/stack_steps.py:52
2026-09-22T08:04:48.7715501Z     Given the application interface "atdecc_aecp_get_name::AECP_GET_NAME::AECP_GET_NAME_IF"                 # ../traffic-gen/tests/stack_behave/features/steps/stack_steps.py:52
2026-09-22T08:04:48.7716842Z     When I generate 3 stacked packets with seed 42 to pcap file "/tmp/rt_get_name.pcap"                     # ../traffic-gen/tests/stack_behave/features/steps/stack_steps.py:72
2026-09-22T08:04:48.7803622Z     And I decode the pcap file "/tmp/rt_get_name.pcap" against the stack                                    # ../traffic-gen/tests/stack_behave/features/steps/stack_steps.py:199
2026-09-22T08:04:48.7890687Z     Then the decoded packet count is 3                                                                      # ../traffic-gen/tests/stack_behave/features/steps/stack_steps.py:246
2026-09-22T08:04:48.7892045Z     And the generated and decoded hex match                                                                 # ../traffic-gen/tests/stack_behave/features/steps/stack_steps.py:262
2026-09-22T08:04:48.7895853Z 
2026-09-22T08:04:48.7896714Z   Scenario Outline: Round-trip preserves frame size for all AEM PDUs -- @1.7                                           # ../traffic-gen/tests/stack_behave/features/dut_decode.feature:61
2026-09-22T08:04:48.7898012Z     Given the protocols root is loaded                                                                                 # ../traffic-gen/tests/stack_behave/features/steps/stack_steps.py:46
2026-09-22T08:04:48.7899272Z     And the application interface "atdecc_aecp_acquire_entity::AECP_ACQUIRE_ENTITY::AECP_ACQUIRE_ENTITY_IF"            # ../traffic-gen/tests/stack_behave/features/steps/stack_steps.py:52
2026-09-22T08:04:48.7900665Z     Given the application interface "atdecc_aecp_set_sampling_rate::AECP_SET_SAMPLING_RATE::AECP_SET_SAMPLING_RATE_IF" # ../traffic-gen/tests/stack_behave/features/steps/stack_steps.py:52
2026-09-22T08:04:48.7901792Z     When I generate 3 stacked packets with seed 42 to pcap file "/tmp/rt_set_srate.pcap"                               # ../traffic-gen/tests/stack_behave/features/steps/stack_steps.py:72
2026-09-22T08:04:48.7991720Z     And I decode the pcap file "/tmp/rt_set_srate.pcap" against the stack                                              # ../traffic-gen/tests/stack_behave/features/steps/stack_steps.py:199
2026-09-22T08:04:48.8086605Z     Then the decoded packet count is 3                                                                                 # ../traffic-gen/tests/stack_behave/features/steps/stack_steps.py:246
2026-09-22T08:04:48.8088059Z     And the generated and decoded hex match                                                                            # ../traffic-gen/tests/stack_behave/features/steps/stack_steps.py:262
2026-09-22T08:04:48.8088526Z 
2026-09-22T08:04:48.8089054Z   Scenario Outline: Round-trip preserves frame size for all AEM PDUs -- @1.8                                           # ../traffic-gen/tests/stack_behave/features/dut_decode.feature:62
2026-09-22T08:04:48.8090469Z     Given the protocols root is loaded                                                                                 # ../traffic-gen/tests/stack_behave/features/steps/stack_steps.py:46
2026-09-22T08:04:48.8091732Z     And the application interface "atdecc_aecp_acquire_entity::AECP_ACQUIRE_ENTITY::AECP_ACQUIRE_ENTITY_IF"            # ../traffic-gen/tests/stack_behave/features/steps/stack_steps.py:52
2026-09-22T08:04:48.8092984Z     Given the application interface "atdecc_aecp_set_stream_format::AECP_SET_STREAM_FORMAT::AECP_SET_STREAM_FORMAT_IF" # ../traffic-gen/tests/stack_behave/features/steps/stack_steps.py:52
2026-09-22T08:04:48.8094030Z     When I generate 3 stacked packets with seed 42 to pcap file "/tmp/rt_set_format.pcap"                              # ../traffic-gen/tests/stack_behave/features/steps/stack_steps.py:72
2026-09-22T08:04:48.8181931Z     And I decode the pcap file "/tmp/rt_set_format.pcap" against the stack                                             # ../traffic-gen/tests/stack_behave/features/steps/stack_steps.py:199
2026-09-22T08:04:48.8270410Z     Then the decoded packet count is 3                                                                                 # ../traffic-gen/tests/stack_behave/features/steps/stack_steps.py:246
2026-09-22T08:04:48.8271966Z     And the generated and decoded hex match                                                                            # ../traffic-gen/tests/stack_behave/features/steps/stack_steps.py:262
2026-09-22T08:04:48.8275666Z 
2026-09-22T08:04:48.8276308Z   Scenario Outline: Round-trip preserves frame size for all AEM PDUs -- @1.9                                     # ../traffic-gen/tests/stack_behave/features/dut_decode.feature:63
2026-09-22T08:04:48.8277358Z     Given the protocols root is loaded                                                                           # ../traffic-gen/tests/stack_behave/features/steps/stack_steps.py:46
2026-09-22T08:04:48.8278639Z     And the application interface "atdecc_aecp_acquire_entity::AECP_ACQUIRE_ENTITY::AECP_ACQUIRE_ENTITY_IF"      # ../traffic-gen/tests/stack_behave/features/steps/stack_steps.py:52
2026-09-22T08:04:48.8279895Z     Given the application interface "atdecc_aecp_set_stream_info::AECP_SET_STREAM_INFO::AECP_SET_STREAM_INFO_IF" # ../traffic-gen/tests/stack_behave/features/steps/stack_steps.py:52
2026-09-22T08:04:48.8281112Z     When I generate 3 stacked packets with seed 42 to pcap file "/tmp/rt_set_info.pcap"                          # ../traffic-gen/tests/stack_behave/features/steps/stack_steps.py:72
2026-09-22T08:04:48.8372845Z     And I decode the pcap file "/tmp/rt_set_info.pcap" against the stack                                         # ../traffic-gen/tests/stack_behave/features/steps/stack_steps.py:199
2026-09-22T08:04:48.8462693Z     Then the decoded packet count is 3                                                                           # ../traffic-gen/tests/stack_behave/features/steps/stack_steps.py:246
2026-09-22T08:04:48.8463862Z     And the generated and decoded hex match                                                                      # ../traffic-gen/tests/stack_behave/features/steps/stack_steps.py:262
2026-09-22T08:04:48.8467223Z 
2026-09-22T08:04:48.8467927Z   Scenario Outline: Round-trip preserves frame size for all AEM PDUs -- @1.10                                       # ../traffic-gen/tests/stack_behave/features/dut_decode.feature:64
2026-09-22T08:04:48.8468953Z     Given the protocols root is loaded                                                                              # ../traffic-gen/tests/stack_behave/features/steps/stack_steps.py:46
2026-09-22T08:04:48.8470006Z     And the application interface "atdecc_aecp_acquire_entity::AECP_ACQUIRE_ENTITY::AECP_ACQUIRE_ENTITY_IF"         # ../traffic-gen/tests/stack_behave/features/steps/stack_steps.py:52
2026-09-22T08:04:48.8471211Z     Given the application interface "atdecc_aecp_set_clock_source::AECP_SET_CLOCK_SOURCE::AECP_SET_CLOCK_SOURCE_IF" # ../traffic-gen/tests/stack_behave/features/steps/stack_steps.py:52
2026-09-22T08:04:48.8472839Z     When I generate 3 stacked packets with seed 42 to pcap file "/tmp/rt_set_clock.pcap"                            # ../traffic-gen/tests/stack_behave/features/steps/stack_steps.py:72
2026-09-22T08:04:48.8562999Z     And I decode the pcap file "/tmp/rt_set_clock.pcap" against the stack                                           # ../traffic-gen/tests/stack_behave/features/steps/stack_steps.py:199
2026-09-22T08:04:48.8651351Z     Then the decoded packet count is 3                                                                              # ../traffic-gen/tests/stack_behave/features/steps/stack_steps.py:246
2026-09-22T08:04:48.8652762Z     And the generated and decoded hex match                                                                         # ../traffic-gen/tests/stack_behave/features/steps/stack_steps.py:262
2026-09-22T08:04:48.8655770Z 
2026-09-22T08:04:48.8656468Z   Scenario Outline: Round-trip preserves frame size for all AEM PDUs -- @1.11                               # ../traffic-gen/tests/stack_behave/features/dut_decode.feature:65
2026-09-22T08:04:48.8657428Z     Given the protocols root is loaded                                                                      # ../traffic-gen/tests/stack_behave/features/steps/stack_steps.py:46
2026-09-22T08:04:48.8658336Z     And the application interface "atdecc_aecp_acquire_entity::AECP_ACQUIRE_ENTITY::AECP_ACQUIRE_ENTITY_IF" # ../traffic-gen/tests/stack_behave/features/steps/stack_steps.py:52
2026-09-22T08:04:48.8659462Z     Given the application interface "atdecc_aecp_set_control::AECP_SET_CONTROL::AECP_SET_CONTROL_IF"        # ../traffic-gen/tests/stack_behave/features/steps/stack_steps.py:52
2026-09-22T08:04:48.8662014Z     When I generate 3 stacked packets with seed 42 to pcap file "/tmp/rt_set_control.pcap"                  # ../traffic-gen/tests/stack_behave/features/steps/stack_steps.py:72
2026-09-22T08:04:48.8753941Z     And I decode the pcap file "/tmp/rt_set_control.pcap" against the stack                                 # ../traffic-gen/tests/stack_behave/features/steps/stack_steps.py:199
2026-09-22T08:04:48.8842331Z     Then the decoded packet count is 3                                                                      # ../traffic-gen/tests/stack_behave/features/steps/stack_steps.py:246
2026-09-22T08:04:48.8843804Z     And the generated and decoded hex match                                                                 # ../traffic-gen/tests/stack_behave/features/steps/stack_steps.py:262
2026-09-22T08:04:48.8847470Z 
2026-09-22T08:04:48.8848611Z   Scenario Outline: Round-trip preserves frame size for all AEM PDUs -- @1.12                                    # ../traffic-gen/tests/stack_behave/features/dut_decode.feature:66
2026-09-22T08:04:48.8849856Z     Given the protocols root is loaded                                                                           # ../traffic-gen/tests/stack_behave/features/steps/stack_steps.py:46
2026-09-22T08:04:48.8851126Z     And the application interface "atdecc_aecp_acquire_entity::AECP_ACQUIRE_ENTITY::AECP_ACQUIRE_ENTITY_IF"      # ../traffic-gen/tests/stack_behave/features/steps/stack_steps.py:52
2026-09-22T08:04:48.8852150Z     Given the application interface "atdecc_aecp_start_operation::AECP_START_OPERATION::AECP_START_OPERATION_IF" # ../traffic-gen/tests/stack_behave/features/steps/stack_steps.py:52
2026-09-22T08:04:48.8854547Z     When I generate 3 stacked packets with seed 42 to pcap file "/tmp/rt_start_op.pcap"                          # ../traffic-gen/tests/stack_behave/features/steps/stack_steps.py:72
2026-09-22T08:04:48.8946621Z     And I decode the pcap file "/tmp/rt_start_op.pcap" against the stack                                         # ../traffic-gen/tests/stack_behave/features/steps/stack_steps.py:199
2026-09-22T08:04:48.9046745Z     Then the decoded packet count is 3                                                                           # ../traffic-gen/tests/stack_behave/features/steps/stack_steps.py:246
2026-09-22T08:04:48.9048203Z     And the generated and decoded hex match                                                                      # ../traffic-gen/tests/stack_behave/features/steps/stack_steps.py:262
2026-09-22T08:04:48.9051308Z 
2026-09-22T08:04:48.9052077Z   Scenario Outline: Round-trip preserves frame size for all AEM PDUs -- @1.13                                    # ../traffic-gen/tests/stack_behave/features/dut_decode.feature:67
2026-09-22T08:04:48.9053544Z     Given the protocols root is loaded                                                                           # ../traffic-gen/tests/stack_behave/features/steps/stack_steps.py:46
2026-09-22T08:04:48.9054978Z     And the application interface "atdecc_aecp_acquire_entity::AECP_ACQUIRE_ENTITY::AECP_ACQUIRE_ENTITY_IF"      # ../traffic-gen/tests/stack_behave/features/steps/stack_steps.py:52
2026-09-22T08:04:48.9056612Z     Given the application interface "atdecc_aecp_abort_operation::AECP_ABORT_OPERATION::AECP_ABORT_OPERATION_IF" # ../traffic-gen/tests/stack_behave/features/steps/stack_steps.py:52
2026-09-22T08:04:48.9058192Z     When I generate 3 stacked packets with seed 42 to pcap file "/tmp/rt_abort_op.pcap"                          # ../traffic-gen/tests/stack_behave/features/steps/stack_steps.py:72
2026-09-22T08:04:48.9149403Z     And I decode the pcap file "/tmp/rt_abort_op.pcap" against the stack                                         # ../traffic-gen/tests/stack_behave/features/steps/stack_steps.py:199
2026-09-22T08:04:48.9243627Z     Then the decoded packet count is 3                                                                           # ../traffic-gen/tests/stack_behave/features/steps/stack_steps.py:246
2026-09-22T08:04:48.9244736Z     And the generated and decoded hex match                                                                      # ../traffic-gen/tests/stack_behave/features/steps/stack_steps.py:262
2026-09-22T08:04:48.9248522Z 
2026-09-22T08:04:48.9249858Z   Scenario Outline: Round-trip preserves frame size for all AEM PDUs -- @1.14                                       # ../traffic-gen/tests/stack_behave/features/dut_decode.feature:68
2026-09-22T08:04:48.9251410Z     Given the protocols root is loaded                                                                              # ../traffic-gen/tests/stack_behave/features/steps/stack_steps.py:46
2026-09-22T08:04:48.9253181Z     And the application interface "atdecc_aecp_acquire_entity::AECP_ACQUIRE_ENTITY::AECP_ACQUIRE_ENTITY_IF"         # ../traffic-gen/tests/stack_behave/features/steps/stack_steps.py:52
2026-09-22T08:04:48.9255299Z     Given the application interface "atdecc_aecp_operation_status::AECP_OPERATION_STATUS::AECP_OPERATION_STATUS_IF" # ../traffic-gen/tests/stack_behave/features/steps/stack_steps.py:52
2026-09-22T08:04:48.9256560Z     When I generate 3 stacked packets with seed 42 to pcap file "/tmp/rt_op_status.pcap"                            # ../traffic-gen/tests/stack_behave/features/steps/stack_steps.py:72
2026-09-22T08:04:48.9351001Z     And I decode the pcap file "/tmp/rt_op_status.pcap" against the stack                                           # ../traffic-gen/tests/stack_behave/features/steps/stack_steps.py:199
2026-09-22T08:04:48.9441318Z     Then the decoded packet count is 3                                                                              # ../traffic-gen/tests/stack_behave/features/steps/stack_steps.py:246
2026-09-22T08:04:48.9442903Z     And the generated and decoded hex match                                                                         # ../traffic-gen/tests/stack_behave/features/steps/stack_steps.py:262
2026-09-22T08:04:48.9446229Z 
2026-09-22T08:04:48.9447544Z   Scenario Outline: Round-trip preserves frame size for all AEM PDUs -- @1.15                               # ../traffic-gen/tests/stack_behave/features/dut_decode.feature:69
2026-09-22T08:04:48.9448696Z     Given the protocols root is loaded                                                                      # ../traffic-gen/tests/stack_behave/features/steps/stack_steps.py:46
2026-09-22T08:04:48.9450087Z     And the application interface "atdecc_aecp_acquire_entity::AECP_ACQUIRE_ENTITY::AECP_ACQUIRE_ENTITY_IF" # ../traffic-gen/tests/stack_behave/features/steps/stack_steps.py:52
2026-09-22T08:04:48.9451279Z     Given the application interface "atdecc_aecp_get_audio_map::AECP_GET_AUDIO_MAP::AECP_GET_AUDIO_MAP_IF"  # ../traffic-gen/tests/stack_behave/features/steps/stack_steps.py:52
2026-09-22T08:04:48.9452502Z     When I generate 3 stacked packets with seed 42 to pcap file "/tmp/rt_get_audio.pcap"                    # ../traffic-gen/tests/stack_behave/features/steps/stack_steps.py:72
2026-09-22T08:04:48.9541360Z     And I decode the pcap file "/tmp/rt_get_audio.pcap" against the stack                                   # ../traffic-gen/tests/stack_behave/features/steps/stack_steps.py:199
2026-09-22T08:04:48.9629246Z     Then the decoded packet count is 3                                                                      # ../traffic-gen/tests/stack_behave/features/steps/stack_steps.py:246
2026-09-22T08:04:48.9630683Z     And the generated and decoded hex match                                                                 # ../traffic-gen/tests/stack_behave/features/steps/stack_steps.py:262
2026-09-22T08:04:48.9634558Z 
2026-09-22T08:04:48.9635203Z   Scenario Outline: Round-trip preserves frame size for all AEM PDUs -- @1.16                                 # ../traffic-gen/tests/stack_behave/features/dut_decode.feature:70
2026-09-22T08:04:48.9636558Z     Given the protocols root is loaded                                                                        # ../traffic-gen/tests/stack_behave/features/steps/stack_steps.py:46
2026-09-22T08:04:48.9637573Z     And the application interface "atdecc_aecp_acquire_entity::AECP_ACQUIRE_ENTITY::AECP_ACQUIRE_ENTITY_IF"   # ../traffic-gen/tests/stack_behave/features/steps/stack_steps.py:52
2026-09-22T08:04:48.9638803Z     Given the application interface "atdecc_aecp_audio_mappings::AECP_AUDIO_MAPPINGS::AECP_AUDIO_MAPPINGS_IF" # ../traffic-gen/tests/stack_behave/features/steps/stack_steps.py:52
2026-09-22T08:04:48.9640026Z     When I generate 3 stacked packets with seed 42 to pcap file "/tmp/rt_audio_maps.pcap"                     # ../traffic-gen/tests/stack_behave/features/steps/stack_steps.py:72
2026-09-22T08:04:48.9730299Z     And I decode the pcap file "/tmp/rt_audio_maps.pcap" against the stack                                    # ../traffic-gen/tests/stack_behave/features/steps/stack_steps.py:199
2026-09-22T08:04:48.9819106Z     Then the decoded packet count is 3                                                                        # ../traffic-gen/tests/stack_behave/features/steps/stack_steps.py:246
2026-09-22T08:04:48.9821141Z     And the generated and decoded hex match                                                                   # ../traffic-gen/tests/stack_behave/features/steps/stack_steps.py:262
2026-09-22T08:04:48.9822513Z 
2026-09-22T08:04:48.9827814Z 4 features passed, 0 failed, 0 skipped
2026-09-22T08:04:48.9828189Z 115 scenarios passed, 0 failed, 0 skipped
2026-09-22T08:04:48.9828488Z 563 steps passed, 0 failed, 0 skipped
2026-09-22T08:04:48.9828802Z Took 0min 1.278s
2026-09-22T08:04:49.0137792Z Node 20 is being deprecated. This workflow is running with Node 24 by default. If you need to temporarily use Node 20, you can set the ACTIONS_ALLOW_USE_UNSECURE_NODE_VERSION=true environment variable. For more information see: https://github.blog/changelog/2025-09-19-deprecation-of-node-20-on-github-actions-runners/
2026-09-22T08:04:49.0139389Z Post job cleanup.
2026-09-22T08:04:49.0974847Z [command]/usr/bin/git version
2026-09-22T08:04:49.1030966Z git version 2.55.0
2026-09-22T08:04:49.1083138Z Temporarily overriding HOME='/home/runner/work/_temp/fefafd45-0714-49da-89ea-22593a905df6' before making global git config changes
2026-09-22T08:04:49.1084266Z Adding repository directory to the temporary git global config as a safe directory
2026-09-22T08:04:49.1088737Z [command]/usr/bin/git config --global --add safe.directory /home/runner/work/tsn-gen/tsn-gen
2026-09-22T08:04:49.1131453Z [command]/usr/bin/git config --local --name-only --get-regexp core\.sshCommand
2026-09-22T08:04:49.1164076Z [command]/usr/bin/git submodule foreach --recursive sh -c "git config --local --name-only --get-regexp 'core\.sshCommand' && git config --local --unset-all 'core.sshCommand' || :"
2026-09-22T08:04:49.1365450Z Entering 'external/FTXUI'
2026-09-22T08:04:49.1402311Z Entering 'external/PcapPlusPlus'
2026-09-22T08:04:49.1439664Z Entering 'external/googletest'
2026-09-22T08:04:49.1481300Z Entering 'external/mininet'
2026-09-22T08:04:49.1520984Z Entering 'external/protobuf-c'
2026-09-22T08:04:49.1557600Z Entering 'external/rapidyaml'
2026-09-22T08:04:49.1606981Z Entering 'external/rapidyaml/ext/c4core'
2026-09-22T08:04:49.1645650Z Entering 'external/rapidyaml/ext/c4core/cmake'
2026-09-22T08:04:49.1682708Z Entering 'external/rapidyaml/ext/c4core/src/c4/ext/debugbreak'
2026-09-22T08:04:49.1718219Z Entering 'external/rapidyaml/ext/c4core/src/c4/ext/fast_float'
2026-09-22T08:04:49.1757077Z Entering 'tests/act'
2026-09-22T08:04:49.1832208Z [command]/usr/bin/git config --local --name-only --get-regexp http\.https\:\/\/github\.com\/\.extraheader
2026-09-22T08:04:49.1869090Z http.https://github.com/.extraheader
2026-09-22T08:04:49.1870921Z [command]/usr/bin/git config --local --unset-all http.https://github.com/.extraheader
2026-09-22T08:04:49.1906196Z [command]/usr/bin/git submodule foreach --recursive sh -c "git config --local --name-only --get-regexp 'http\.https\:\/\/github\.com\/\.extraheader' && git config --local --unset-all 'http.https://github.com/.extraheader' || :"
2026-09-22T08:04:49.2158026Z Entering 'external/FTXUI'
2026-09-22T08:04:49.2195357Z Entering 'external/PcapPlusPlus'
2026-09-22T08:04:49.2234997Z Entering 'external/googletest'
2026-09-22T08:04:49.2274599Z Entering 'external/mininet'
2026-09-22T08:04:49.2313642Z Entering 'external/protobuf-c'
2026-09-22T08:04:49.2353789Z Entering 'external/rapidyaml'
2026-09-22T08:04:49.2392033Z Entering 'external/rapidyaml/ext/c4core'
2026-09-22T08:04:49.2427400Z Entering 'external/rapidyaml/ext/c4core/cmake'
2026-09-22T08:04:49.2467347Z Entering 'external/rapidyaml/ext/c4core/src/c4/ext/debugbreak'
2026-09-22T08:04:49.2504455Z Entering 'external/rapidyaml/ext/c4core/src/c4/ext/fast_float'
2026-09-22T08:04:49.2543943Z Entering 'tests/act'
2026-09-22T08:04:49.2604825Z [command]/usr/bin/git config --local --name-only --get-regexp ^includeIf\.gitdir:
2026-09-22T08:04:49.2639644Z [command]/usr/bin/git submodule foreach --recursive git config --local --show-origin --name-only --get-regexp remote.origin.url
2026-09-22T08:04:49.2823900Z Entering 'external/FTXUI'
2026-09-22T08:04:49.2840501Z file:/home/runner/work/tsn-gen/tsn-gen/.git/modules/external/FTXUI/config	remote.origin.url
2026-09-22T08:04:49.2854858Z Entering 'external/PcapPlusPlus'
2026-09-22T08:04:49.2874024Z file:/home/runner/work/tsn-gen/tsn-gen/.git/modules/external/PcapPlusPlus/config	remote.origin.url
2026-09-22T08:04:49.2888655Z Entering 'external/googletest'
2026-09-22T08:04:49.2905810Z file:/home/runner/work/tsn-gen/tsn-gen/.git/modules/external/googletest/config	remote.origin.url
2026-09-22T08:04:49.2921371Z Entering 'external/mininet'
2026-09-22T08:04:49.2938514Z file:/home/runner/work/tsn-gen/tsn-gen/.git/modules/external/mininet/config	remote.origin.url
2026-09-22T08:04:49.2953390Z Entering 'external/protobuf-c'
2026-09-22T08:04:49.2969888Z file:/home/runner/work/tsn-gen/tsn-gen/.git/modules/external/protobuf-c/config	remote.origin.url
2026-09-22T08:04:49.2986000Z Entering 'external/rapidyaml'
2026-09-22T08:04:49.3002545Z file:/home/runner/work/tsn-gen/tsn-gen/.git/modules/external/rapidyaml/config	remote.origin.url
2026-09-22T08:04:49.3016877Z Entering 'external/rapidyaml/ext/c4core'
2026-09-22T08:04:49.3034852Z file:/home/runner/work/tsn-gen/tsn-gen/.git/modules/external/rapidyaml/modules/extern/c4core/config	remote.origin.url
2026-09-22T08:04:49.3047174Z Entering 'external/rapidyaml/ext/c4core/cmake'
2026-09-22T08:04:49.3064957Z file:/home/runner/work/tsn-gen/tsn-gen/.git/modules/external/rapidyaml/modules/extern/c4core/modules/cmake/config	remote.origin.url
2026-09-22T08:04:49.3079846Z Entering 'external/rapidyaml/ext/c4core/src/c4/ext/debugbreak'
2026-09-22T08:04:49.3097126Z file:/home/runner/work/tsn-gen/tsn-gen/.git/modules/external/rapidyaml/modules/extern/c4core/modules/extern/debugbreak/config	remote.origin.url
2026-09-22T08:04:49.3111586Z Entering 'external/rapidyaml/ext/c4core/src/c4/ext/fast_float'
2026-09-22T08:04:49.3136787Z file:/home/runner/work/tsn-gen/tsn-gen/.git/modules/external/rapidyaml/modules/extern/c4core/modules/src/c4/ext/fast_float/config	remote.origin.url
2026-09-22T08:04:49.3156188Z Entering 'tests/act'
2026-09-22T08:04:49.3173328Z file:/home/runner/work/tsn-gen/tsn-gen/.git/modules/tests/act/config	remote.origin.url
2026-09-22T08:04:49.3205270Z [command]/usr/bin/git config --file /home/runner/work/tsn-gen/tsn-gen/.git/modules/external/FTXUI/config --name-only --get-regexp ^includeIf\.gitdir:
2026-09-22T08:04:49.3235957Z [command]/usr/bin/git config --file /home/runner/work/tsn-gen/tsn-gen/.git/modules/external/PcapPlusPlus/config --name-only --get-regexp ^includeIf\.gitdir:
2026-09-22T08:04:49.3263553Z [command]/usr/bin/git config --file /home/runner/work/tsn-gen/tsn-gen/.git/modules/external/googletest/config --name-only --get-regexp ^includeIf\.gitdir:
2026-09-22T08:04:49.3290487Z [command]/usr/bin/git config --file /home/runner/work/tsn-gen/tsn-gen/.git/modules/external/mininet/config --name-only --get-regexp ^includeIf\.gitdir:
2026-09-22T08:04:49.3319484Z [command]/usr/bin/git config --file /home/runner/work/tsn-gen/tsn-gen/.git/modules/external/protobuf-c/config --name-only --get-regexp ^includeIf\.gitdir:
2026-09-22T08:04:49.3346524Z [command]/usr/bin/git config --file /home/runner/work/tsn-gen/tsn-gen/.git/modules/external/rapidyaml/config --name-only --get-regexp ^includeIf\.gitdir:
2026-09-22T08:04:49.3373906Z [command]/usr/bin/git config --file /home/runner/work/tsn-gen/tsn-gen/.git/modules/external/rapidyaml/modules/extern/c4core/config --name-only --get-regexp ^includeIf\.gitdir:
2026-09-22T08:04:49.3407848Z [command]/usr/bin/git config --file /home/runner/work/tsn-gen/tsn-gen/.git/modules/external/rapidyaml/modules/extern/c4core/modules/cmake/config --name-only --get-regexp ^includeIf\.gitdir:
2026-09-22T08:04:49.3434251Z [command]/usr/bin/git config --file /home/runner/work/tsn-gen/tsn-gen/.git/modules/external/rapidyaml/modules/extern/c4core/modules/extern/debugbreak/config --name-only --get-regexp ^includeIf\.gitdir:
2026-09-22T08:04:49.3459886Z [command]/usr/bin/git config --file /home/runner/work/tsn-gen/tsn-gen/.git/modules/external/rapidyaml/modules/extern/c4core/modules/src/c4/ext/fast_float/config --name-only --get-regexp ^includeIf\.gitdir:
2026-09-22T08:04:49.3485292Z [command]/usr/bin/git config --file /home/runner/work/tsn-gen/tsn-gen/.git/modules/tests/act/config --name-only --get-regexp ^includeIf\.gitdir:
2026-09-22T08:04:49.3641856Z Cleaning up orphan processes
2026-09-22T08:04:49.3918294Z ##[warning]Node.js 20 is deprecated. The following actions target Node.js 20 but are being forced to run on Node.js 24: actions/checkout@v4. For more information see: https://github.blog/changelog/2025-09-19-deprecation-of-node-20-on-github-actions-runners/
