behave-testing	Set up job	﻿2026-09-22T09:40:24.5161602Z Current runner version: '2.337.0'
behave-testing	Set up job	2026-09-22T09:40:24.5197767Z ##[group]Runner Image Provisioner
behave-testing	Set up job	2026-09-22T09:40:24.5199184Z Hosted Compute Agent
behave-testing	Set up job	2026-09-22T09:40:24.5200256Z Version: 20260828.587
behave-testing	Set up job	2026-09-22T09:40:24.5201442Z Commit: abac92662cab4cc7352de4f9f9d2e2419aad9c29
behave-testing	Set up job	2026-09-22T09:40:24.5202659Z Build Date: 2026-08-28T16:44:25Z
behave-testing	Set up job	2026-09-22T09:40:24.5203894Z Worker ID: {747a2b87-89b2-42cc-9fe5-76aede1f56e0}
behave-testing	Set up job	2026-09-22T09:40:24.5205357Z Azure Region: eastus2
behave-testing	Set up job	2026-09-22T09:40:24.5206282Z ##[endgroup]
behave-testing	Set up job	2026-09-22T09:40:24.5209182Z ##[group]Operating System
behave-testing	Set up job	2026-09-22T09:40:24.5210255Z Ubuntu
behave-testing	Set up job	2026-09-22T09:40:24.5211242Z 24.04.5
behave-testing	Set up job	2026-09-22T09:40:24.5212144Z LTS
behave-testing	Set up job	2026-09-22T09:40:24.5213105Z ##[endgroup]
behave-testing	Set up job	2026-09-22T09:40:24.5214048Z ##[group]Runner Image
behave-testing	Set up job	2026-09-22T09:40:24.5215299Z Image: ubuntu-24.04
behave-testing	Set up job	2026-09-22T09:40:24.5216347Z Version: 20260907.300.1
behave-testing	Set up job	2026-09-22T09:40:24.5218216Z Included Software: https://github.com/actions/runner-images/blob/ubuntu24/20260907.300/images/ubuntu/Ubuntu2404-Readme.md
behave-testing	Set up job	2026-09-22T09:40:24.5221800Z Image Release: https://github.com/actions/runner-images/releases/tag/ubuntu24%2F20260907.300
behave-testing	Set up job	2026-09-22T09:40:24.5223451Z ##[endgroup]
behave-testing	Set up job	2026-09-22T09:40:24.5225975Z ##[group]GITHUB_TOKEN Permissions
behave-testing	Set up job	2026-09-22T09:40:24.5229036Z Contents: read
behave-testing	Set up job	2026-09-22T09:40:24.5230109Z Metadata: read
behave-testing	Set up job	2026-09-22T09:40:24.5231021Z Packages: read
behave-testing	Set up job	2026-09-22T09:40:24.5231973Z ##[endgroup]
behave-testing	Set up job	2026-09-22T09:40:24.5234990Z Secret source: Actions
behave-testing	Set up job	2026-09-22T09:40:24.5237064Z Cache mode: write
behave-testing	Set up job	2026-09-22T09:40:24.5238650Z Prepare workflow directory
behave-testing	Set up job	2026-09-22T09:40:24.5735395Z Prepare all required actions
behave-testing	Set up job	2026-09-22T09:40:24.5807790Z Getting action download info
behave-testing	Set up job	2026-09-22T09:40:24.7812642Z Download action repository 'actions/checkout@v4' (SHA:11d5960a326750d5838078e36cf38b85af677262)
behave-testing	Set up job	2026-09-22T09:40:25.0066877Z Complete job name: behave-testing
behave-testing	Run actions/checkout@v4	﻿2026-09-22T09:40:25.1025490Z Node 20 is being deprecated. This workflow is running with Node 24 by default. If you need to temporarily use Node 20, you can set the ACTIONS_ALLOW_USE_UNSECURE_NODE_VERSION=true environment variable. For more information see: https://github.blog/changelog/2025-09-19-deprecation-of-node-20-on-github-actions-runners/
behave-testing	Run actions/checkout@v4	2026-09-22T09:40:25.1034874Z ##[group]Run actions/checkout@v4
behave-testing	Run actions/checkout@v4	2026-09-22T09:40:25.1035957Z with:
behave-testing	Run actions/checkout@v4	2026-09-22T09:40:25.1036432Z   repository: kebag-logic/tsn-gen
behave-testing	Run actions/checkout@v4	2026-09-22T09:40:25.1040188Z   token: ***
behave-testing	Run actions/checkout@v4	2026-09-22T09:40:25.1040634Z   ssh-strict: true
behave-testing	Run actions/checkout@v4	2026-09-22T09:40:25.1041090Z   ssh-user: git
behave-testing	Run actions/checkout@v4	2026-09-22T09:40:25.1041549Z   persist-credentials: true
behave-testing	Run actions/checkout@v4	2026-09-22T09:40:25.1042073Z   clean: true
behave-testing	Run actions/checkout@v4	2026-09-22T09:40:25.1042522Z   sparse-checkout-cone-mode: true
behave-testing	Run actions/checkout@v4	2026-09-22T09:40:25.1043113Z   fetch-depth: 1
behave-testing	Run actions/checkout@v4	2026-09-22T09:40:25.1043545Z   fetch-tags: false
behave-testing	Run actions/checkout@v4	2026-09-22T09:40:25.1044027Z   show-progress: true
behave-testing	Run actions/checkout@v4	2026-09-22T09:40:25.1044481Z   lfs: false
behave-testing	Run actions/checkout@v4	2026-09-22T09:40:25.1044893Z   submodules: false
behave-testing	Run actions/checkout@v4	2026-09-22T09:40:25.1045649Z   set-safe-directory: true
behave-testing	Run actions/checkout@v4	2026-09-22T09:40:25.1046199Z   allow-unsafe-pr-checkout: false
behave-testing	Run actions/checkout@v4	2026-09-22T09:40:25.1047000Z ##[endgroup]
behave-testing	Run actions/checkout@v4	2026-09-22T09:40:25.2170152Z Syncing repository: kebag-logic/tsn-gen
behave-testing	Run actions/checkout@v4	2026-09-22T09:40:25.2173031Z ##[group]Getting Git version info
behave-testing	Run actions/checkout@v4	2026-09-22T09:40:25.2174220Z Working directory is '/home/runner/work/tsn-gen/tsn-gen'
behave-testing	Run actions/checkout@v4	2026-09-22T09:40:25.2176230Z [command]/usr/bin/git version
behave-testing	Run actions/checkout@v4	2026-09-22T09:40:25.2263577Z git version 2.55.0
behave-testing	Run actions/checkout@v4	2026-09-22T09:40:25.2292436Z ##[endgroup]
behave-testing	Run actions/checkout@v4	2026-09-22T09:40:25.2310842Z Temporarily overriding HOME='/home/runner/work/_temp/9eeb3091-a16f-4d99-baa5-52d2ebad4ced' before making global git config changes
behave-testing	Run actions/checkout@v4	2026-09-22T09:40:25.2319141Z Adding repository directory to the temporary git global config as a safe directory
behave-testing	Run actions/checkout@v4	2026-09-22T09:40:25.2320366Z [command]/usr/bin/git config --global --add safe.directory /home/runner/work/tsn-gen/tsn-gen
behave-testing	Run actions/checkout@v4	2026-09-22T09:40:25.2375921Z Deleting the contents of '/home/runner/work/tsn-gen/tsn-gen'
behave-testing	Run actions/checkout@v4	2026-09-22T09:40:25.2380722Z ##[group]Initializing the repository
behave-testing	Run actions/checkout@v4	2026-09-22T09:40:25.2386696Z [command]/usr/bin/git init /home/runner/work/tsn-gen/tsn-gen
behave-testing	Run actions/checkout@v4	2026-09-22T09:40:25.2516898Z hint: Using 'master' as the name for the initial branch. This default branch name
behave-testing	Run actions/checkout@v4	2026-09-22T09:40:25.2519340Z hint: will change to "main" in Git 3.0. To configure the initial branch name
behave-testing	Run actions/checkout@v4	2026-09-22T09:40:25.2522749Z hint: to use in all of your new repositories, which will suppress this warning,
behave-testing	Run actions/checkout@v4	2026-09-22T09:40:25.2524295Z hint: call:
behave-testing	Run actions/checkout@v4	2026-09-22T09:40:25.2526271Z hint:
behave-testing	Run actions/checkout@v4	2026-09-22T09:40:25.2527292Z hint: 	git config --global init.defaultBranch <name>
behave-testing	Run actions/checkout@v4	2026-09-22T09:40:25.2528524Z hint:
behave-testing	Run actions/checkout@v4	2026-09-22T09:40:25.2529730Z hint: Names commonly chosen instead of 'master' are 'main', 'trunk' and
behave-testing	Run actions/checkout@v4	2026-09-22T09:40:25.2531078Z hint: 'development'. The just-created branch can be renamed via this command:
behave-testing	Run actions/checkout@v4	2026-09-22T09:40:25.2532285Z hint:
behave-testing	Run actions/checkout@v4	2026-09-22T09:40:25.2533160Z hint: 	git branch -m <name>
behave-testing	Run actions/checkout@v4	2026-09-22T09:40:25.2533937Z hint:
behave-testing	Run actions/checkout@v4	2026-09-22T09:40:25.2534948Z hint: Disable this message with "git config set advice.defaultBranchName false"
behave-testing	Run actions/checkout@v4	2026-09-22T09:40:25.2536878Z Initialized empty Git repository in /home/runner/work/tsn-gen/tsn-gen/.git/
behave-testing	Run actions/checkout@v4	2026-09-22T09:40:25.2539666Z [command]/usr/bin/git remote add origin https://github.com/kebag-logic/tsn-gen
behave-testing	Run actions/checkout@v4	2026-09-22T09:40:25.2576011Z ##[endgroup]
behave-testing	Run actions/checkout@v4	2026-09-22T09:40:25.2577297Z ##[group]Disabling automatic garbage collection
behave-testing	Run actions/checkout@v4	2026-09-22T09:40:25.2586567Z [command]/usr/bin/git config --local gc.auto 0
behave-testing	Run actions/checkout@v4	2026-09-22T09:40:25.2620089Z ##[endgroup]
behave-testing	Run actions/checkout@v4	2026-09-22T09:40:25.2621255Z ##[group]Setting up auth
behave-testing	Run actions/checkout@v4	2026-09-22T09:40:25.2628370Z [command]/usr/bin/git config --local --name-only --get-regexp core\.sshCommand
behave-testing	Run actions/checkout@v4	2026-09-22T09:40:25.2667640Z [command]/usr/bin/git submodule foreach --recursive sh -c "git config --local --name-only --get-regexp 'core\.sshCommand' && git config --local --unset-all 'core.sshCommand' || :"
behave-testing	Run actions/checkout@v4	2026-09-22T09:40:25.3051359Z [command]/usr/bin/git config --local --name-only --get-regexp http\.https\:\/\/github\.com\/\.extraheader
behave-testing	Run actions/checkout@v4	2026-09-22T09:40:25.3096028Z [command]/usr/bin/git submodule foreach --recursive sh -c "git config --local --name-only --get-regexp 'http\.https\:\/\/github\.com\/\.extraheader' && git config --local --unset-all 'http.https://github.com/.extraheader' || :"
behave-testing	Run actions/checkout@v4	2026-09-22T09:40:25.3328989Z [command]/usr/bin/git config --local --name-only --get-regexp ^includeIf\.gitdir:
behave-testing	Run actions/checkout@v4	2026-09-22T09:40:25.3368435Z [command]/usr/bin/git submodule foreach --recursive git config --local --show-origin --name-only --get-regexp remote.origin.url
behave-testing	Run actions/checkout@v4	2026-09-22T09:40:25.3606503Z [command]/usr/bin/git config --local http.https://github.com/.extraheader AUTHORIZATION: basic ***
behave-testing	Run actions/checkout@v4	2026-09-22T09:40:25.3649474Z ##[endgroup]
behave-testing	Run actions/checkout@v4	2026-09-22T09:40:25.3650423Z ##[group]Fetching the repository
behave-testing	Run actions/checkout@v4	2026-09-22T09:40:25.3660028Z [command]/usr/bin/git -c protocol.version=2 fetch --no-tags --prune --no-recurse-submodules --depth=1 origin +6a93f63d76339b269fe172aff9171d935a045bf6:refs/remotes/origin/main
behave-testing	Run actions/checkout@v4	2026-09-22T09:40:25.6910559Z From https://github.com/kebag-logic/tsn-gen
behave-testing	Run actions/checkout@v4	2026-09-22T09:40:25.6912536Z  * [new ref]         6a93f63d76339b269fe172aff9171d935a045bf6 -> origin/main
behave-testing	Run actions/checkout@v4	2026-09-22T09:40:25.6916756Z ##[endgroup]
behave-testing	Run actions/checkout@v4	2026-09-22T09:40:25.6918557Z ##[group]Determining the checkout info
behave-testing	Run actions/checkout@v4	2026-09-22T09:40:25.6920671Z ##[endgroup]
behave-testing	Run actions/checkout@v4	2026-09-22T09:40:25.6927312Z [command]/usr/bin/git sparse-checkout disable
behave-testing	Run actions/checkout@v4	2026-09-22T09:40:25.6982412Z [command]/usr/bin/git config --local --unset-all extensions.worktreeConfig
behave-testing	Run actions/checkout@v4	2026-09-22T09:40:25.7017929Z ##[group]Checking out the ref
behave-testing	Run actions/checkout@v4	2026-09-22T09:40:25.7023572Z [command]/usr/bin/git checkout --progress --force -B main refs/remotes/origin/main
behave-testing	Run actions/checkout@v4	2026-09-22T09:40:25.7231484Z Switched to a new branch 'main'
behave-testing	Run actions/checkout@v4	2026-09-22T09:40:25.7236341Z branch 'main' set up to track 'origin/main'.
behave-testing	Run actions/checkout@v4	2026-09-22T09:40:25.7289006Z ##[endgroup]
behave-testing	Run actions/checkout@v4	2026-09-22T09:40:25.7293205Z [command]/usr/bin/git log -1 --format=%H
behave-testing	Run actions/checkout@v4	2026-09-22T09:40:25.7324943Z 6a93f63d76339b269fe172aff9171d935a045bf6
behave-testing	Retrieve Submodules	﻿2026-09-22T09:40:25.7579069Z ##[group]Run git submodule update --init --recursive
behave-testing	Retrieve Submodules	2026-09-22T09:40:25.7580478Z ^[[36;1mgit submodule update --init --recursive^[[0m
behave-testing	Retrieve Submodules	2026-09-22T09:40:25.7632743Z shell: /usr/bin/bash -e {0}
behave-testing	Retrieve Submodules	2026-09-22T09:40:25.7633660Z ##[endgroup]
behave-testing	Retrieve Submodules	2026-09-22T09:40:25.7943462Z Submodule 'external/FTXUI' (https://github.com/ArthurSonzogni/FTXUI.git) registered for path 'external/FTXUI'
behave-testing	Retrieve Submodules	2026-09-22T09:40:25.7946834Z Submodule 'external/PcapPlusPlus' (https://github.com/seladb/PcapPlusPlus.git) registered for path 'external/PcapPlusPlus'
behave-testing	Retrieve Submodules	2026-09-22T09:40:25.7950886Z Submodule 'external/googletest' (https://github.com/google/googletest.git) registered for path 'external/googletest'
behave-testing	Retrieve Submodules	2026-09-22T09:40:25.7955218Z Submodule 'external/mininet' (https://github.com/mininet/mininet.git) registered for path 'external/mininet'
behave-testing	Retrieve Submodules	2026-09-22T09:40:25.7959703Z Submodule 'external/protobuf-c' (https://github.com/protobuf-c/protobuf-c.git) registered for path 'external/protobuf-c'
behave-testing	Retrieve Submodules	2026-09-22T09:40:25.7963829Z Submodule 'external/rapidyaml' (https://github.com/biojppm/rapidyaml.git) registered for path 'external/rapidyaml'
behave-testing	Retrieve Submodules	2026-09-22T09:40:25.7968939Z Submodule 'tests/act' (https://github.com/nektos/act.git) registered for path 'tests/act'
behave-testing	Retrieve Submodules	2026-09-22T09:40:25.7996721Z Cloning into '/home/runner/work/tsn-gen/tsn-gen/external/FTXUI'...
behave-testing	Retrieve Submodules	2026-09-22T09:40:29.9164249Z Cloning into '/home/runner/work/tsn-gen/tsn-gen/external/PcapPlusPlus'...
behave-testing	Retrieve Submodules	2026-09-22T09:40:32.5363104Z Cloning into '/home/runner/work/tsn-gen/tsn-gen/external/googletest'...
behave-testing	Retrieve Submodules	2026-09-22T09:40:34.1725307Z Cloning into '/home/runner/work/tsn-gen/tsn-gen/external/mininet'...
behave-testing	Retrieve Submodules	2026-09-22T09:40:34.6801910Z Cloning into '/home/runner/work/tsn-gen/tsn-gen/external/protobuf-c'...
behave-testing	Retrieve Submodules	2026-09-22T09:40:35.1095490Z Cloning into '/home/runner/work/tsn-gen/tsn-gen/external/rapidyaml'...
behave-testing	Retrieve Submodules	2026-09-22T09:40:36.7298100Z Cloning into '/home/runner/work/tsn-gen/tsn-gen/tests/act'...
behave-testing	Retrieve Submodules	2026-09-22T09:40:37.9295792Z Submodule path 'external/FTXUI': checked out 'd75108e96058b6e00da6306a7d99c9555f645434'
behave-testing	Retrieve Submodules	2026-09-22T09:40:38.3531544Z Submodule path 'external/PcapPlusPlus': checked out 'bc5c08d3df37e9d725656c345d3991ab0c982717'
behave-testing	Retrieve Submodules	2026-09-22T09:40:38.4019639Z Submodule path 'external/googletest': checked out '0bdccf4aa2f5c67af967193caf31d42d5c49bde2'
behave-testing	Retrieve Submodules	2026-09-22T09:40:38.4228193Z Submodule path 'external/mininet': checked out '88f14e946a05cd0895e1a127bf89da9b3fb1d98b'
behave-testing	Retrieve Submodules	2026-09-22T09:40:38.4393061Z Submodule path 'external/protobuf-c': checked out '8c201f6e47a53feaab773922a743091eb6c8972a'
behave-testing	Retrieve Submodules	2026-09-22T09:40:38.5686196Z Submodule path 'external/rapidyaml': checked out 'e65999dc4d65368e1b3eb770e28d775885b0f525'
behave-testing	Retrieve Submodules	2026-09-22T09:40:38.5706472Z Submodule 'extern/c4core' (https://github.com/biojppm/c4core) registered for path 'external/rapidyaml/ext/c4core'
behave-testing	Retrieve Submodules	2026-09-22T09:40:38.5735342Z Cloning into '/home/runner/work/tsn-gen/tsn-gen/external/rapidyaml/ext/c4core'...
behave-testing	Retrieve Submodules	2026-09-22T09:40:39.1871588Z Submodule path 'external/rapidyaml/ext/c4core': checked out '6c876ec05a4387c25068cdbd58724828dad1d217'
behave-testing	Retrieve Submodules	2026-09-22T09:40:39.1899465Z Submodule 'cmake' (https://github.com/biojppm/cmake) registered for path 'external/rapidyaml/ext/c4core/cmake'
behave-testing	Retrieve Submodules	2026-09-22T09:40:39.1904121Z Submodule 'extern/debugbreak' (https://github.com/biojppm/debugbreak) registered for path 'external/rapidyaml/ext/c4core/src/c4/ext/debugbreak'
behave-testing	Retrieve Submodules	2026-09-22T09:40:39.1909845Z Submodule 'src/c4/ext/fast_float' (https://github.com/fastfloat/fast_float) registered for path 'external/rapidyaml/ext/c4core/src/c4/ext/fast_float'
behave-testing	Retrieve Submodules	2026-09-22T09:40:39.1940949Z Cloning into '/home/runner/work/tsn-gen/tsn-gen/external/rapidyaml/ext/c4core/cmake'...
behave-testing	Retrieve Submodules	2026-09-22T09:40:39.5436533Z Cloning into '/home/runner/work/tsn-gen/tsn-gen/external/rapidyaml/ext/c4core/src/c4/ext/debugbreak'...
behave-testing	Retrieve Submodules	2026-09-22T09:40:39.8131025Z Cloning into '/home/runner/work/tsn-gen/tsn-gen/external/rapidyaml/ext/c4core/src/c4/ext/fast_float'...
behave-testing	Retrieve Submodules	2026-09-22T09:40:40.2281580Z Submodule path 'external/rapidyaml/ext/c4core/cmake': checked out 'b8e95acb1bdd564e47ac57d903a483604d90cbfa'
behave-testing	Retrieve Submodules	2026-09-22T09:40:40.2388180Z Submodule path 'external/rapidyaml/ext/c4core/src/c4/ext/debugbreak': checked out '328e4abca3384cbd0a69e70f263cc7b2794bff09'
behave-testing	Retrieve Submodules	2026-09-22T09:40:40.2618647Z Submodule path 'external/rapidyaml/ext/c4core/src/c4/ext/fast_float': checked out 'd28a3320c2de0963b6e469b8ca3bbc36496de684'
behave-testing	Retrieve Submodules	2026-09-22T09:40:40.4996674Z Submodule path 'tests/act': checked out 'eb46e8aa5a23f99c76be4a53413a856d6b236145'
behave-testing	Setup, Configure and Build	﻿2026-09-22T09:40:40.5076275Z ##[group]Run ./setup.sh d
behave-testing	Setup, Configure and Build	2026-09-22T09:40:40.5076617Z ^[[36;1m./setup.sh d^[[0m
behave-testing	Setup, Configure and Build	2026-09-22T09:40:40.5115445Z shell: /usr/bin/bash -e {0}
behave-testing	Setup, Configure and Build	2026-09-22T09:40:40.5115758Z ##[endgroup]
behave-testing	Setup, Configure and Build	2026-09-22T09:40:40.5233797Z rm: cannot remove './build': No such file or directory
behave-testing	Setup, Configure and Build	2026-09-22T09:40:42.2500983Z -- The CXX compiler identification is GNU 13.3.0
behave-testing	Setup, Configure and Build	2026-09-22T09:40:42.3621788Z -- Detecting CXX compiler ABI info
behave-testing	Setup, Configure and Build	2026-09-22T09:40:42.5969929Z -- Detecting CXX compiler ABI info - done
behave-testing	Setup, Configure and Build	2026-09-22T09:40:42.6152857Z -- Check for working CXX compiler: /usr/bin/c++ - skipped
behave-testing	Setup, Configure and Build	2026-09-22T09:40:42.6200711Z -- Detecting CXX compile features
behave-testing	Setup, Configure and Build	2026-09-22T09:40:42.6210966Z -- Detecting CXX compile features - done
behave-testing	Setup, Configure and Build	2026-09-22T09:40:42.6666381Z -- ryml: using C++ standard: C++17
behave-testing	Setup, Configure and Build	2026-09-22T09:40:42.6691918Z -- ryml: importing subproject c4core (SUBDIRECTORY)... /home/runner/work/tsn-gen/tsn-gen/external/rapidyaml/ext/c4core
behave-testing	Setup, Configure and Build	2026-09-22T09:40:42.6745866Z -- c4core: using C++ standard: C++17
behave-testing	Setup, Configure and Build	2026-09-22T09:40:42.6949049Z CMake Warning (dev) at external/rapidyaml/ext/c4core/cmake/c4Project.cmake:2694 (install):
behave-testing	Setup, Configure and Build	2026-09-22T09:40:42.6950534Z   Policy CMP0177 is not set: install() DESTINATION paths are normalized.  Run
behave-testing	Setup, Configure and Build	2026-09-22T09:40:42.6951276Z   "cmake --help-policy CMP0177" for policy details.  Use the cmake_policy
behave-testing	Setup, Configure and Build	2026-09-22T09:40:42.6951890Z   command to set the policy and suppress this warning.
behave-testing	Setup, Configure and Build	2026-09-22T09:40:42.6952385Z Call Stack (most recent call first):
behave-testing	Setup, Configure and Build	2026-09-22T09:40:42.6952962Z   external/rapidyaml/ext/c4core/cmake/c4Project.cmake:2777 (__c4_install_exports)
behave-testing	Setup, Configure and Build	2026-09-22T09:40:42.6953772Z   external/rapidyaml/ext/c4core/CMakeLists.txt:112 (c4_install_exports)
behave-testing	Setup, Configure and Build	2026-09-22T09:40:42.6954483Z This warning is for project developers.  Use -Wno-dev to suppress it.
behave-testing	Setup, Configure and Build	2026-09-22T09:40:42.6954884Z 
behave-testing	Setup, Configure and Build	2026-09-22T09:40:42.7061396Z CMake Warning (dev) at external/rapidyaml/ext/c4core/cmake/c4Project.cmake:2746 (install):
behave-testing	Setup, Configure and Build	2026-09-22T09:40:42.7062435Z   Policy CMP0177 is not set: install() DESTINATION paths are normalized.  Run
behave-testing	Setup, Configure and Build	2026-09-22T09:40:42.7063286Z   "cmake --help-policy CMP0177" for policy details.  Use the cmake_policy
behave-testing	Setup, Configure and Build	2026-09-22T09:40:42.7064101Z   command to set the policy and suppress this warning.
behave-testing	Setup, Configure and Build	2026-09-22T09:40:42.7064654Z Call Stack (most recent call first):
behave-testing	Setup, Configure and Build	2026-09-22T09:40:42.7065567Z   external/rapidyaml/ext/c4core/cmake/c4Project.cmake:2777 (__c4_install_exports)
behave-testing	Setup, Configure and Build	2026-09-22T09:40:42.7066220Z   external/rapidyaml/ext/c4core/CMakeLists.txt:112 (c4_install_exports)
behave-testing	Setup, Configure and Build	2026-09-22T09:40:42.7066804Z This warning is for project developers.  Use -Wno-dev to suppress it.
behave-testing	Setup, Configure and Build	2026-09-22T09:40:42.7067150Z 
behave-testing	Setup, Configure and Build	2026-09-22T09:40:42.7131338Z -- ryml: -----> target ryml PUBLIC incorporating lib c4core
behave-testing	Setup, Configure and Build	2026-09-22T09:40:42.7248177Z CMake Warning (dev) at external/rapidyaml/ext/c4core/cmake/c4Project.cmake:2694 (install):
behave-testing	Setup, Configure and Build	2026-09-22T09:40:42.7249290Z   Policy CMP0177 is not set: install() DESTINATION paths are normalized.  Run
behave-testing	Setup, Configure and Build	2026-09-22T09:40:42.7250036Z   "cmake --help-policy CMP0177" for policy details.  Use the cmake_policy
behave-testing	Setup, Configure and Build	2026-09-22T09:40:42.7250694Z   command to set the policy and suppress this warning.
behave-testing	Setup, Configure and Build	2026-09-22T09:40:42.7251184Z Call Stack (most recent call first):
behave-testing	Setup, Configure and Build	2026-09-22T09:40:42.7251712Z   external/rapidyaml/ext/c4core/cmake/c4Project.cmake:2777 (__c4_install_exports)
behave-testing	Setup, Configure and Build	2026-09-22T09:40:42.7252353Z   external/rapidyaml/CMakeLists.txt:118 (c4_install_exports)
behave-testing	Setup, Configure and Build	2026-09-22T09:40:42.7252929Z This warning is for project developers.  Use -Wno-dev to suppress it.
behave-testing	Setup, Configure and Build	2026-09-22T09:40:42.7253313Z 
behave-testing	Setup, Configure and Build	2026-09-22T09:40:42.7260985Z CMake Warning (dev) at external/rapidyaml/ext/c4core/cmake/c4Project.cmake:2746 (install):
behave-testing	Setup, Configure and Build	2026-09-22T09:40:42.7262247Z   Policy CMP0177 is not set: install() DESTINATION paths are normalized.  Run
behave-testing	Setup, Configure and Build	2026-09-22T09:40:42.7262937Z   "cmake --help-policy CMP0177" for policy details.  Use the cmake_policy
behave-testing	Setup, Configure and Build	2026-09-22T09:40:42.7263450Z   command to set the policy and suppress this warning.
behave-testing	Setup, Configure and Build	2026-09-22T09:40:42.7264086Z Call Stack (most recent call first):
behave-testing	Setup, Configure and Build	2026-09-22T09:40:42.7264548Z   external/rapidyaml/ext/c4core/cmake/c4Project.cmake:2777 (__c4_install_exports)
behave-testing	Setup, Configure and Build	2026-09-22T09:40:42.7265757Z   external/rapidyaml/CMakeLists.txt:118 (c4_install_exports)
behave-testing	Setup, Configure and Build	2026-09-22T09:40:42.7266281Z This warning is for project developers.  Use -Wno-dev to suppress it.
behave-testing	Setup, Configure and Build	2026-09-22T09:40:42.7266613Z 
behave-testing	Setup, Configure and Build	2026-09-22T09:40:43.5225677Z -- The C compiler identification is GNU 13.3.0
behave-testing	Setup, Configure and Build	2026-09-22T09:40:43.5460174Z -- Detecting C compiler ABI info
behave-testing	Setup, Configure and Build	2026-09-22T09:40:43.6425474Z -- Detecting C compiler ABI info - done
behave-testing	Setup, Configure and Build	2026-09-22T09:40:43.6601897Z -- Check for working C compiler: /usr/bin/cc - skipped
behave-testing	Setup, Configure and Build	2026-09-22T09:40:43.6605654Z -- Detecting C compile features
behave-testing	Setup, Configure and Build	2026-09-22T09:40:43.6610748Z -- Detecting C compile features - done
behave-testing	Setup, Configure and Build	2026-09-22T09:40:43.6944371Z -- Performing Test CMAKE_HAVE_LIBC_PTHREAD
behave-testing	Setup, Configure and Build	2026-09-22T09:40:43.9585952Z -- Performing Test CMAKE_HAVE_LIBC_PTHREAD - Success
behave-testing	Setup, Configure and Build	2026-09-22T09:40:43.9683538Z -- Found Threads: TRUE
behave-testing	Setup, Configure and Build	2026-09-22T09:40:43.9723964Z -- Generating Multi-library -fsanitize=undefined
behave-testing	Setup, Configure and Build	2026-09-22T09:40:43.9850508Z -- tshark not found — skipping stack_codec_tshark validation
behave-testing	Setup, Configure and Build	2026-09-22T09:40:43.9859025Z -- Generating Multi-library -fsanitize=undefined
behave-testing	Setup, Configure and Build	2026-09-22T09:40:43.9912895Z -- Generating Multi-library -fsanitize=undefined
behave-testing	Setup, Configure and Build	2026-09-22T09:40:43.9973813Z -- Configuring done (3.1s)
behave-testing	Setup, Configure and Build	2026-09-22T09:40:44.1180652Z -- Generating done (0.1s)
behave-testing	Setup, Configure and Build	2026-09-22T09:40:44.1186335Z -- Build files have been written to: /home/runner/work/tsn-gen/tsn-gen/build
behave-testing	Setup, Configure and Build	2026-09-22T09:40:44.1637101Z [  1%] Building CXX object external/googletest/googletest/CMakeFiles/gtest.dir/src/gtest-all.cc.o
behave-testing	Setup, Configure and Build	2026-09-22T09:40:44.1656587Z [  2%] Building CXX object tests/sanitizer/CMakeFiles/sanitizer_probe.dir/sanitizer_probe_lib.cpp.o
behave-testing	Setup, Configure and Build	2026-09-22T09:40:44.1694560Z [  2%] Building CXX object external/rapidyaml/CMakeFiles/ryml.dir/src/c4/yml/common.cpp.o
behave-testing	Setup, Configure and Build	2026-09-22T09:40:44.1786698Z [  2%] Building CXX object external/rapidyaml/subprojects/c4core/build/CMakeFiles/c4core.dir/src/c4/base64.cpp.o
behave-testing	Setup, Configure and Build	2026-09-22T09:40:44.2362748Z [  2%] Linking CXX shared library libsanitizer_probe.so
behave-testing	Setup, Configure and Build	2026-09-22T09:40:44.2682918Z [  2%] Built target sanitizer_probe
behave-testing	Setup, Configure and Build	2026-09-22T09:40:44.2761127Z [  2%] Building CXX object tests/sanitizer/CMakeFiles/sanitizer_probe_ubsan.dir/sanitizer_probe_lib.cpp.o
behave-testing	Setup, Configure and Build	2026-09-22T09:40:44.4229256Z [  3%] Linking CXX shared library libsanitizer_probe_ubsan.so
behave-testing	Setup, Configure and Build	2026-09-22T09:40:44.4547624Z [  3%] Built target sanitizer_probe_ubsan
behave-testing	Setup, Configure and Build	2026-09-22T09:40:44.4630811Z [  3%] Building CXX object tests/sanitizer/CMakeFiles/sanitizer_probe_asan.dir/sanitizer_probe_lib.cpp.o
behave-testing	Setup, Configure and Build	2026-09-22T09:40:44.5355324Z [  4%] Linking CXX shared library libsanitizer_probe_asan.so
behave-testing	Setup, Configure and Build	2026-09-22T09:40:44.5700284Z [  4%] Built target sanitizer_probe_asan
behave-testing	Setup, Configure and Build	2026-09-22T09:40:44.5778484Z [  4%] Building CXX object tests/sanitizer/CMakeFiles/sanitizer_probe-test_UBSAN.dir/sanitizer_probe_test.cpp.o
behave-testing	Setup, Configure and Build	2026-09-22T09:40:44.8570867Z [  5%] Linking CXX executable sanitizer_probe-test_UBSAN
behave-testing	Setup, Configure and Build	2026-09-22T09:40:45.0481481Z [  5%] Built target sanitizer_probe-test_UBSAN
behave-testing	Setup, Configure and Build	2026-09-22T09:40:45.0636728Z [  6%] Building CXX object tests/sanitizer/CMakeFiles/sanitizer_probe-test_ASAN.dir/sanitizer_probe_test.cpp.o
behave-testing	Setup, Configure and Build	2026-09-22T09:40:45.2121968Z [  7%] Building CXX object external/rapidyaml/subprojects/c4core/build/CMakeFiles/c4core.dir/src/c4/char_traits.cpp.o
behave-testing	Setup, Configure and Build	2026-09-22T09:40:45.2634793Z [  8%] Building CXX object external/rapidyaml/CMakeFiles/ryml.dir/src/c4/yml/node.cpp.o
behave-testing	Setup, Configure and Build	2026-09-22T09:40:45.3329210Z [  9%] Linking CXX executable sanitizer_probe-test_ASAN
behave-testing	Setup, Configure and Build	2026-09-22T09:40:45.4566601Z [ 10%] Building CXX object external/rapidyaml/subprojects/c4core/build/CMakeFiles/c4core.dir/src/c4/error.cpp.o
behave-testing	Setup, Configure and Build	2026-09-22T09:40:45.5180407Z [ 10%] Built target sanitizer_probe-test_ASAN
behave-testing	Setup, Configure and Build	2026-09-22T09:40:45.5207481Z [ 10%] Building CXX object external/rapidyaml/CMakeFiles/ryml.dir/src/c4/yml/node_type.cpp.o
behave-testing	Setup, Configure and Build	2026-09-22T09:40:45.5556703Z [ 10%] Building CXX object external/rapidyaml/subprojects/c4core/build/CMakeFiles/c4core.dir/src/c4/format.cpp.o
behave-testing	Setup, Configure and Build	2026-09-22T09:40:46.1756693Z [ 11%] Building CXX object external/rapidyaml/subprojects/c4core/build/CMakeFiles/c4core.dir/src/c4/language.cpp.o
behave-testing	Setup, Configure and Build	2026-09-22T09:40:46.2116644Z [ 12%] Building CXX object tests/sanitizer/CMakeFiles/sanitizer_probe-test.dir/sanitizer_probe_test.cpp.o
behave-testing	Setup, Configure and Build	2026-09-22T09:40:46.3575333Z [ 12%] Building CXX object external/rapidyaml/subprojects/c4core/build/CMakeFiles/c4core.dir/src/c4/memory_resource.cpp.o
behave-testing	Setup, Configure and Build	2026-09-22T09:40:46.4566440Z [ 12%] Linking CXX executable sanitizer_probe-test
behave-testing	Setup, Configure and Build	2026-09-22T09:40:46.5386120Z [ 12%] Built target sanitizer_probe-test
behave-testing	Setup, Configure and Build	2026-09-22T09:40:46.5426241Z [ 13%] Building CXX object external/rapidyaml/CMakeFiles/ryml.dir/src/c4/yml/parse.cpp.o
behave-testing	Setup, Configure and Build	2026-09-22T09:40:46.6237133Z [ 13%] Building CXX object external/rapidyaml/CMakeFiles/ryml.dir/src/c4/yml/preprocess.cpp.o
behave-testing	Setup, Configure and Build	2026-09-22T09:40:46.6326684Z [ 14%] Building CXX object external/rapidyaml/subprojects/c4core/build/CMakeFiles/c4core.dir/src/c4/memory_util.cpp.o
behave-testing	Setup, Configure and Build	2026-09-22T09:40:46.7016556Z [ 14%] Building CXX object external/rapidyaml/subprojects/c4core/build/CMakeFiles/c4core.dir/src/c4/utf.cpp.o
behave-testing	Setup, Configure and Build	2026-09-22T09:40:47.4317334Z [ 15%] Building CXX object external/rapidyaml/CMakeFiles/ryml.dir/src/c4/yml/reference_resolver.cpp.o
behave-testing	Setup, Configure and Build	2026-09-22T09:40:47.4846446Z [ 16%] Building CXX object external/rapidyaml/subprojects/c4core/build/CMakeFiles/c4core.dir/src/c4/version.cpp.o
behave-testing	Setup, Configure and Build	2026-09-22T09:40:47.5126263Z [ 16%] Linking CXX shared library libc4core.so
behave-testing	Setup, Configure and Build	2026-09-22T09:40:47.6118653Z [ 16%] Built target c4core
behave-testing	Setup, Configure and Build	2026-09-22T09:40:47.6154732Z [ 16%] Building CXX object external/rapidyaml/CMakeFiles/ryml.dir/src/c4/yml/tag.cpp.o
behave-testing	Setup, Configure and Build	2026-09-22T09:40:48.4906300Z [ 17%] Building CXX object external/rapidyaml/CMakeFiles/ryml.dir/src/c4/yml/tree.cpp.o
behave-testing	Setup, Configure and Build	2026-09-22T09:40:48.5796302Z [ 18%] Building CXX object external/rapidyaml/CMakeFiles/ryml.dir/src/c4/yml/version.cpp.o
behave-testing	Setup, Configure and Build	2026-09-22T09:40:48.6678394Z [ 18%] Building CXX object external/rapidyaml/CMakeFiles/ryml.dir/ext/c4core/src/c4/base64.cpp.o
behave-testing	Setup, Configure and Build	2026-09-22T09:40:49.6766561Z [ 19%] Building CXX object external/rapidyaml/CMakeFiles/ryml.dir/ext/c4core/src/c4/char_traits.cpp.o
behave-testing	Setup, Configure and Build	2026-09-22T09:40:50.0966503Z [ 19%] Building CXX object external/rapidyaml/CMakeFiles/ryml.dir/ext/c4core/src/c4/error.cpp.o
behave-testing	Setup, Configure and Build	2026-09-22T09:40:50.2676501Z [ 20%] Building CXX object external/rapidyaml/CMakeFiles/ryml.dir/ext/c4core/src/c4/format.cpp.o
behave-testing	Setup, Configure and Build	2026-09-22T09:40:50.2996220Z [ 20%] Building CXX object external/rapidyaml/CMakeFiles/ryml.dir/ext/c4core/src/c4/language.cpp.o
behave-testing	Setup, Configure and Build	2026-09-22T09:40:50.3246399Z [ 21%] Building CXX object external/rapidyaml/CMakeFiles/ryml.dir/ext/c4core/src/c4/memory_resource.cpp.o
behave-testing	Setup, Configure and Build	2026-09-22T09:40:50.3920644Z [ 21%] Linking CXX shared library ../../../lib/libgtest.so
behave-testing	Setup, Configure and Build	2026-09-22T09:40:50.5801000Z [ 22%] Building CXX object external/rapidyaml/CMakeFiles/ryml.dir/ext/c4core/src/c4/memory_util.cpp.o
behave-testing	Setup, Configure and Build	2026-09-22T09:40:50.6228723Z [ 22%] Building CXX object external/rapidyaml/CMakeFiles/ryml.dir/ext/c4core/src/c4/utf.cpp.o
behave-testing	Setup, Configure and Build	2026-09-22T09:40:50.6646474Z [ 23%] Building CXX object external/rapidyaml/CMakeFiles/ryml.dir/ext/c4core/src/c4/version.cpp.o
behave-testing	Setup, Configure and Build	2026-09-22T09:40:50.6705785Z [ 23%] Built target gtest
behave-testing	Setup, Configure and Build	2026-09-22T09:40:50.6796306Z [ 24%] Building CXX object external/googletest/googlemock/CMakeFiles/gmock.dir/src/gmock-all.cc.o
behave-testing	Setup, Configure and Build	2026-09-22T09:40:50.7297020Z [ 25%] Building CXX object external/googletest/googletest/CMakeFiles/gtest_main.dir/src/gtest_main.cc.o
behave-testing	Setup, Configure and Build	2026-09-22T09:40:51.4975735Z [ 25%] Linking CXX shared library libryml.so
behave-testing	Setup, Configure and Build	2026-09-22T09:40:51.6072198Z [ 25%] Built target ryml
behave-testing	Setup, Configure and Build	2026-09-22T09:40:51.6187539Z [ 25%] Building CXX object parser/CMakeFiles/protocol_parser_ubsan.dir/src/log.cpp.o
behave-testing	Setup, Configure and Build	2026-09-22T09:40:51.6216045Z [ 25%] Building CXX object parser/CMakeFiles/protocol_parser.dir/src/log.cpp.o
behave-testing	Setup, Configure and Build	2026-09-22T09:40:51.8506475Z [ 26%] Linking CXX shared library ../../../lib/libgtest_main.so
behave-testing	Setup, Configure and Build	2026-09-22T09:40:51.9606365Z [ 26%] Built target gtest_main
behave-testing	Setup, Configure and Build	2026-09-22T09:40:51.9735458Z [ 26%] Building CXX object parser/CMakeFiles/protocol_parser_asan.dir/src/log.cpp.o
behave-testing	Setup, Configure and Build	2026-09-22T09:40:51.9886465Z [ 27%] Building CXX object parser/CMakeFiles/protocol_parser.dir/src/validator.cpp.o
behave-testing	Setup, Configure and Build	2026-09-22T09:40:51.9946321Z [ 28%] Building CXX object parser/CMakeFiles/protocol_parser_ubsan.dir/src/validator.cpp.o
behave-testing	Setup, Configure and Build	2026-09-22T09:40:52.3456659Z [ 29%] Building CXX object parser/CMakeFiles/protocol_parser_asan.dir/src/validator.cpp.o
behave-testing	Setup, Configure and Build	2026-09-22T09:40:53.5386275Z [ 29%] Linking CXX shared library ../../../lib/libgmock.so
behave-testing	Setup, Configure and Build	2026-09-22T09:40:53.6526047Z [ 29%] Built target gmock
behave-testing	Setup, Configure and Build	2026-09-22T09:40:53.6636322Z [ 29%] Building CXX object parser/tests/CMakeFiles/gtest_parser-test.dir/gtest.cpp.o
behave-testing	Setup, Configure and Build	2026-09-22T09:40:54.1236409Z [ 29%] Building CXX object parser/CMakeFiles/protocol_parser.dir/src/protocol_parser.cpp.o
behave-testing	Setup, Configure and Build	2026-09-22T09:40:54.8698105Z [ 30%] Linking CXX executable gtest_parser-test
behave-testing	Setup, Configure and Build	2026-09-22T09:40:54.9456525Z [ 30%] Building CXX object parser/CMakeFiles/protocol_parser_ubsan.dir/src/protocol_parser.cpp.o
behave-testing	Setup, Configure and Build	2026-09-22T09:40:54.9863230Z [ 30%] Built target gtest_parser-test
behave-testing	Setup, Configure and Build	2026-09-22T09:40:54.9898894Z [ 31%] Building CXX object parser/CMakeFiles/protocol_parser_ubsan.dir/src/protocol.cpp.o
behave-testing	Setup, Configure and Build	2026-09-22T09:40:55.5326618Z [ 31%] Building CXX object parser/CMakeFiles/protocol_parser_asan.dir/src/protocol_parser.cpp.o
behave-testing	Setup, Configure and Build	2026-09-22T09:40:55.9711835Z [ 32%] Building CXX object parser/CMakeFiles/protocol_parser.dir/src/protocol.cpp.o
behave-testing	Setup, Configure and Build	2026-09-22T09:40:57.1156735Z [ 33%] Building CXX object external/googletest/googlemock/CMakeFiles/gmock_main.dir/src/gmock_main.cc.o
behave-testing	Setup, Configure and Build	2026-09-22T09:40:57.4226447Z [ 34%] Building CXX object parser/CMakeFiles/protocol_parser_asan.dir/src/protocol.cpp.o
behave-testing	Setup, Configure and Build	2026-09-22T09:40:58.2736696Z [ 35%] Building CXX object parser/CMakeFiles/protocol_parser.dir/src/db_proto_if_impl.cpp.o
behave-testing	Setup, Configure and Build	2026-09-22T09:40:58.3146518Z [ 35%] Building CXX object parser/CMakeFiles/protocol_parser_ubsan.dir/src/db_proto_if_impl.cpp.o
behave-testing	Setup, Configure and Build	2026-09-22T09:40:58.7241197Z [ 35%] Linking CXX shared library ../../../lib/libgmock_main.so
behave-testing	Setup, Configure and Build	2026-09-22T09:40:58.8045985Z [ 35%] Built target gmock_main
behave-testing	Setup, Configure and Build	2026-09-22T09:40:58.8096264Z [ 36%] Building CXX object parser/CMakeFiles/protocol_parser_asan.dir/src/db_proto_if_impl.cpp.o
behave-testing	Setup, Configure and Build	2026-09-22T09:40:58.8656378Z [ 36%] Building CXX object parser/CMakeFiles/protocol_parser.dir/src/db_proto_impl.cpp.o
behave-testing	Setup, Configure and Build	2026-09-22T09:40:59.0786564Z [ 37%] Building CXX object parser/CMakeFiles/protocol_parser_ubsan.dir/src/db_proto_impl.cpp.o
behave-testing	Setup, Configure and Build	2026-09-22T09:40:59.4906393Z [ 38%] Building CXX object parser/CMakeFiles/protocol_parser.dir/src/db_proto_service_impl.cpp.o
behave-testing	Setup, Configure and Build	2026-09-22T09:41:00.1026599Z [ 38%] Building CXX object parser/CMakeFiles/protocol_parser_asan.dir/src/db_proto_impl.cpp.o
behave-testing	Setup, Configure and Build	2026-09-22T09:41:00.1996591Z [ 38%] Building CXX object parser/CMakeFiles/protocol_parser.dir/src/db_var_impl.cpp.o
behave-testing	Setup, Configure and Build	2026-09-22T09:41:00.3856590Z [ 38%] Building CXX object parser/CMakeFiles/protocol_parser_ubsan.dir/src/db_proto_service_impl.cpp.o
behave-testing	Setup, Configure and Build	2026-09-22T09:41:00.6636576Z [ 39%] Building CXX object parser/CMakeFiles/protocol_parser.dir/src/logic_registry.cpp.o
behave-testing	Setup, Configure and Build	2026-09-22T09:41:00.8752251Z [ 40%] Building CXX object parser/CMakeFiles/protocol_parser_ubsan.dir/src/db_var_impl.cpp.o
behave-testing	Setup, Configure and Build	2026-09-22T09:41:01.1546692Z [ 41%] Building CXX object parser/CMakeFiles/protocol_parser_asan.dir/src/db_proto_service_impl.cpp.o
behave-testing	Setup, Configure and Build	2026-09-22T09:41:01.2776467Z [ 41%] Building CXX object parser/CMakeFiles/protocol_parser.dir/src/stack.cpp.o
behave-testing	Setup, Configure and Build	2026-09-22T09:41:01.4666585Z [ 42%] Building CXX object parser/CMakeFiles/protocol_parser.dir/src/stack_builder.cpp.o
behave-testing	Setup, Configure and Build	2026-09-22T09:41:01.6676732Z [ 43%] Building CXX object parser/CMakeFiles/protocol_parser_ubsan.dir/src/logic_registry.cpp.o
behave-testing	Setup, Configure and Build	2026-09-22T09:41:01.7126343Z [ 43%] Building CXX object parser/CMakeFiles/protocol_parser_asan.dir/src/db_var_impl.cpp.o
behave-testing	Setup, Configure and Build	2026-09-22T09:41:01.8326314Z [ 43%] Building CXX object parser/CMakeFiles/protocol_parser_ubsan.dir/src/stack.cpp.o
behave-testing	Setup, Configure and Build	2026-09-22T09:41:02.2516621Z [ 44%] Building CXX object parser/CMakeFiles/protocol_parser_asan.dir/src/logic_registry.cpp.o
behave-testing	Setup, Configure and Build	2026-09-22T09:41:02.3896320Z [ 45%] Building CXX object parser/CMakeFiles/protocol_parser_ubsan.dir/src/stack_builder.cpp.o
behave-testing	Setup, Configure and Build	2026-09-22T09:41:02.4446312Z [ 45%] Building CXX object parser/CMakeFiles/protocol_parser_asan.dir/src/stack.cpp.o
behave-testing	Setup, Configure and Build	2026-09-22T09:41:02.8346592Z [ 46%] Building CXX object parser/CMakeFiles/protocol_parser_asan.dir/src/stack_builder.cpp.o
behave-testing	Setup, Configure and Build	2026-09-22T09:41:03.1526040Z [ 46%] Linking CXX shared library libprotocol_parser.so
behave-testing	Setup, Configure and Build	2026-09-22T09:41:03.2297717Z [ 46%] Built target protocol_parser
behave-testing	Setup, Configure and Build	2026-09-22T09:41:03.2397736Z [ 48%] Building CXX object parser/tests/CMakeFiles/protocol_parser-test.dir/protocol_parser_test.cpp.o
behave-testing	Setup, Configure and Build	2026-09-22T09:41:03.2437221Z [ 48%] Building CXX object parser/tests/CMakeFiles/object_serializer-test.dir/object_serializer_test.cpp.o
behave-testing	Setup, Configure and Build	2026-09-22T09:41:04.6736347Z [ 48%] Linking CXX shared library libprotocol_parser_ubsan.so
behave-testing	Setup, Configure and Build	2026-09-22T09:41:04.7956192Z [ 48%] Built target protocol_parser_ubsan
behave-testing	Setup, Configure and Build	2026-09-22T09:41:04.8046401Z [ 48%] Building CXX object parser/tests/CMakeFiles/logic_registry-test.dir/logic_registry_test.cpp.o
behave-testing	Setup, Configure and Build	2026-09-22T09:41:04.9166133Z [ 49%] Linking CXX shared library libprotocol_parser_asan.so
behave-testing	Setup, Configure and Build	2026-09-22T09:41:05.0286221Z [ 49%] Built target protocol_parser_asan
behave-testing	Setup, Configure and Build	2026-09-22T09:41:05.0399622Z [ 50%] Building CXX object parser/tests/CMakeFiles/stack_builder-test_UBSAN.dir/stack_builder_test.cpp.o
behave-testing	Setup, Configure and Build	2026-09-22T09:41:05.3686215Z [ 51%] Linking CXX executable protocol_parser-test
behave-testing	Setup, Configure and Build	2026-09-22T09:41:05.4786058Z [ 51%] Built target protocol_parser-test
behave-testing	Setup, Configure and Build	2026-09-22T09:41:05.4906438Z [ 52%] Building CXX object parser/tests/CMakeFiles/stack_builder-test_ASAN.dir/stack_builder_test.cpp.o
behave-testing	Setup, Configure and Build	2026-09-22T09:41:05.5606144Z [ 52%] Linking CXX executable object_serializer-test
behave-testing	Setup, Configure and Build	2026-09-22T09:41:05.6700525Z [ 52%] Built target object_serializer-test
behave-testing	Setup, Configure and Build	2026-09-22T09:41:05.6806423Z [ 52%] Building CXX object parser/tests/CMakeFiles/stack_builder-test.dir/stack_builder_test.cpp.o
behave-testing	Setup, Configure and Build	2026-09-22T09:41:06.4480305Z [ 53%] Linking CXX executable logic_registry-test
behave-testing	Setup, Configure and Build	2026-09-22T09:41:06.5629148Z [ 53%] Built target logic_registry-test
behave-testing	Setup, Configure and Build	2026-09-22T09:41:06.5736232Z [ 54%] Building CXX object parser/tests/CMakeFiles/validator-test_UBSAN.dir/validator_test.cpp.o
behave-testing	Setup, Configure and Build	2026-09-22T09:41:08.2116620Z [ 55%] Linking CXX executable validator-test_UBSAN
behave-testing	Setup, Configure and Build	2026-09-22T09:41:08.2172369Z [ 55%] Linking CXX executable stack_builder-test_UBSAN
behave-testing	Setup, Configure and Build	2026-09-22T09:41:08.2796104Z [ 56%] Linking CXX executable stack_builder-test
behave-testing	Setup, Configure and Build	2026-09-22T09:41:08.3270032Z [ 56%] Linking CXX executable stack_builder-test_ASAN
behave-testing	Setup, Configure and Build	2026-09-22T09:41:08.3745842Z [ 56%] Built target stack_builder-test
behave-testing	Setup, Configure and Build	2026-09-22T09:41:08.3825942Z [ 56%] Built target stack_builder-test_UBSAN
behave-testing	Setup, Configure and Build	2026-09-22T09:41:08.3831679Z [ 56%] Built target validator-test_UBSAN
behave-testing	Setup, Configure and Build	2026-09-22T09:41:08.3838957Z [ 57%] Building CXX object parser/tests/CMakeFiles/validator-test_ASAN.dir/validator_test.cpp.o
behave-testing	Setup, Configure and Build	2026-09-22T09:41:08.3923118Z [ 58%] Building CXX object parser/tests/CMakeFiles/validator-test.dir/validator_test.cpp.o
behave-testing	Setup, Configure and Build	2026-09-22T09:41:08.3951234Z [ 58%] Building CXX object logic/CMakeFiles/protocol_logic.dir/src/ethernet_frame_logic.cpp.o
behave-testing	Setup, Configure and Build	2026-09-22T09:41:08.5806049Z [ 58%] Built target stack_builder-test_ASAN
behave-testing	Setup, Configure and Build	2026-09-22T09:41:08.5946310Z [ 59%] Building CXX object traffic-gen/CMakeFiles/traffic_gen.dir/src/packet_builder.cpp.o
behave-testing	Setup, Configure and Build	2026-09-22T09:41:08.9656537Z [ 60%] Building CXX object logic/CMakeFiles/protocol_logic.dir/src/avtp_control_logic.cpp.o
behave-testing	Setup, Configure and Build	2026-09-22T09:41:09.5416532Z [ 60%] Building CXX object logic/CMakeFiles/protocol_logic.dir/src/aecp_aem_logic.cpp.o
behave-testing	Setup, Configure and Build	2026-09-22T09:41:09.5626299Z [ 60%] Building CXX object traffic-gen/CMakeFiles/traffic_gen.dir/src/packet_decoder.cpp.o
behave-testing	Setup, Configure and Build	2026-09-22T09:41:09.8026229Z [ 60%] Linking CXX executable validator-test
behave-testing	Setup, Configure and Build	2026-09-22T09:41:09.8346310Z [ 60%] Linking CXX executable validator-test_ASAN
behave-testing	Setup, Configure and Build	2026-09-22T09:41:09.9356107Z [ 60%] Built target validator-test
behave-testing	Setup, Configure and Build	2026-09-22T09:41:09.9476495Z [ 61%] Building CXX object traffic-gen/CMakeFiles/traffic_gen_ubsan.dir/src/packet_builder.cpp.o
behave-testing	Setup, Configure and Build	2026-09-22T09:41:09.9813083Z [ 61%] Built target validator-test_ASAN
behave-testing	Setup, Configure and Build	2026-09-22T09:41:09.9850509Z [ 61%] Building CXX object traffic-gen/CMakeFiles/traffic_gen_ubsan.dir/src/packet_decoder.cpp.o
behave-testing	Setup, Configure and Build	2026-09-22T09:41:10.1088951Z [ 62%] Linking CXX shared library libprotocol_logic.so
behave-testing	Setup, Configure and Build	2026-09-22T09:41:10.2073125Z [ 62%] Built target protocol_logic
behave-testing	Setup, Configure and Build	2026-09-22T09:41:10.2378963Z [ 62%] Building CXX object traffic-gen/CMakeFiles/traffic_gen_asan.dir/src/packet_builder.cpp.o
behave-testing	Setup, Configure and Build	2026-09-22T09:41:10.4296404Z [ 63%] Building CXX object traffic-gen/CMakeFiles/traffic_gen.dir/src/pcap_sender.cpp.o
behave-testing	Setup, Configure and Build	2026-09-22T09:41:10.7756357Z [ 64%] Building CXX object traffic-gen/CMakeFiles/traffic_gen.dir/src/pcap_receiver.cpp.o
behave-testing	Setup, Configure and Build	2026-09-22T09:41:10.9276533Z [ 64%] Building CXX object traffic-gen/CMakeFiles/traffic_gen.dir/src/raw_socket_sender.cpp.o
behave-testing	Setup, Configure and Build	2026-09-22T09:41:11.0956568Z [ 65%] Building CXX object traffic-gen/CMakeFiles/traffic_gen_ubsan.dir/src/pcap_sender.cpp.o
behave-testing	Setup, Configure and Build	2026-09-22T09:41:11.2622714Z [ 65%] Building CXX object traffic-gen/CMakeFiles/traffic_gen_ubsan.dir/src/pcap_receiver.cpp.o
behave-testing	Setup, Configure and Build	2026-09-22T09:41:11.2946499Z [ 66%] Building CXX object traffic-gen/CMakeFiles/traffic_gen_asan.dir/src/packet_decoder.cpp.o
behave-testing	Setup, Configure and Build	2026-09-22T09:41:11.4276539Z [ 67%] Building CXX object traffic-gen/CMakeFiles/traffic_gen.dir/src/raw_socket_receiver.cpp.o
behave-testing	Setup, Configure and Build	2026-09-22T09:41:11.5026303Z [ 67%] Building CXX object traffic-gen/CMakeFiles/traffic_gen.dir/src/verilator_sender.cpp.o
behave-testing	Setup, Configure and Build	2026-09-22T09:41:11.8426569Z [ 68%] Building CXX object traffic-gen/CMakeFiles/traffic_gen_ubsan.dir/src/raw_socket_sender.cpp.o
behave-testing	Setup, Configure and Build	2026-09-22T09:41:11.9116390Z [ 69%] Building CXX object traffic-gen/CMakeFiles/traffic_gen_asan.dir/src/pcap_sender.cpp.o
behave-testing	Setup, Configure and Build	2026-09-22T09:41:11.9836458Z [ 70%] Building CXX object traffic-gen/CMakeFiles/traffic_gen.dir/src/verilator_receiver.cpp.o
behave-testing	Setup, Configure and Build	2026-09-22T09:41:12.2016552Z [ 70%] Building CXX object traffic-gen/CMakeFiles/traffic_gen_ubsan.dir/src/raw_socket_receiver.cpp.o
behave-testing	Setup, Configure and Build	2026-09-22T09:41:12.2896748Z [ 70%] Building CXX object traffic-gen/CMakeFiles/traffic_gen_asan.dir/src/pcap_receiver.cpp.o
behave-testing	Setup, Configure and Build	2026-09-22T09:41:12.3796693Z [ 70%] Building CXX object traffic-gen/CMakeFiles/traffic_gen.dir/src/traffic_generator.cpp.o
behave-testing	Setup, Configure and Build	2026-09-22T09:41:12.5016449Z [ 71%] Building CXX object traffic-gen/CMakeFiles/traffic_gen_asan.dir/src/raw_socket_sender.cpp.o
behave-testing	Setup, Configure and Build	2026-09-22T09:41:12.7746584Z [ 72%] Building CXX object traffic-gen/CMakeFiles/traffic_gen_ubsan.dir/src/verilator_sender.cpp.o
behave-testing	Setup, Configure and Build	2026-09-22T09:41:12.8070300Z [ 73%] Building CXX object traffic-gen/CMakeFiles/traffic_gen.dir/src/session.cpp.o
behave-testing	Setup, Configure and Build	2026-09-22T09:41:12.9736507Z [ 73%] Building CXX object traffic-gen/CMakeFiles/traffic_gen_asan.dir/src/raw_socket_receiver.cpp.o
behave-testing	Setup, Configure and Build	2026-09-22T09:41:13.4256667Z [ 73%] Building CXX object traffic-gen/CMakeFiles/traffic_gen_ubsan.dir/src/verilator_receiver.cpp.o
behave-testing	Setup, Configure and Build	2026-09-22T09:41:13.5806508Z [ 74%] Building CXX object traffic-gen/CMakeFiles/traffic_gen_asan.dir/src/verilator_sender.cpp.o
behave-testing	Setup, Configure and Build	2026-09-22T09:41:14.0270728Z [ 74%] Building CXX object traffic-gen/CMakeFiles/traffic_gen_asan.dir/src/verilator_receiver.cpp.o
behave-testing	Setup, Configure and Build	2026-09-22T09:41:14.0496328Z [ 75%] Building CXX object traffic-gen/CMakeFiles/traffic_gen_ubsan.dir/src/traffic_generator.cpp.o
behave-testing	Setup, Configure and Build	2026-09-22T09:41:14.1036434Z [ 76%] Building CXX object traffic-gen/CMakeFiles/traffic_gen_ubsan.dir/src/session.cpp.o
behave-testing	Setup, Configure and Build	2026-09-22T09:41:14.5776445Z [ 77%] Building CXX object traffic-gen/CMakeFiles/traffic_gen_asan.dir/src/traffic_generator.cpp.o
behave-testing	Setup, Configure and Build	2026-09-22T09:41:14.9726307Z [ 78%] Linking CXX shared library libtraffic_gen.so
behave-testing	Setup, Configure and Build	2026-09-22T09:41:15.0805964Z [ 78%] Built target traffic_gen
behave-testing	Setup, Configure and Build	2026-09-22T09:41:15.0835977Z [ 78%] Building CXX object traffic-gen/CMakeFiles/traffic_gen_asan.dir/src/session.cpp.o
behave-testing	Setup, Configure and Build	2026-09-22T09:41:15.8745861Z [ 78%] Building CXX object parser/tests/CMakeFiles/protocol_parser-test_UBSAN.dir/protocol_parser_test.cpp.o
behave-testing	Setup, Configure and Build	2026-09-22T09:41:16.2536699Z [ 78%] Building CXX object parser/tests/CMakeFiles/protocol_parser-test_ASAN.dir/protocol_parser_test.cpp.o
behave-testing	Setup, Configure and Build	2026-09-22T09:41:16.9306378Z [ 78%] Linking CXX shared library libtraffic_gen_ubsan.so
behave-testing	Setup, Configure and Build	2026-09-22T09:41:17.0396228Z [ 78%] Built target traffic_gen_ubsan
behave-testing	Setup, Configure and Build	2026-09-22T09:41:17.0516661Z [ 79%] Building CXX object parser/tests/CMakeFiles/object_serializer-test_UBSAN.dir/object_serializer_test.cpp.o
behave-testing	Setup, Configure and Build	2026-09-22T09:41:17.4656694Z [ 80%] Linking CXX shared library libtraffic_gen_asan.so
behave-testing	Setup, Configure and Build	2026-09-22T09:41:17.5686938Z [ 80%] Built target traffic_gen_asan
behave-testing	Setup, Configure and Build	2026-09-22T09:41:17.5824149Z [ 81%] Building CXX object parser/tests/CMakeFiles/object_serializer-test_ASAN.dir/object_serializer_test.cpp.o
behave-testing	Setup, Configure and Build	2026-09-22T09:41:18.4732866Z [ 82%] Linking CXX executable protocol_parser-test_UBSAN
behave-testing	Setup, Configure and Build	2026-09-22T09:41:18.6010461Z [ 82%] Built target protocol_parser-test_UBSAN
behave-testing	Setup, Configure and Build	2026-09-22T09:41:18.6121814Z [ 82%] Building CXX object parser/tests/CMakeFiles/logic_registry-test_UBSAN.dir/logic_registry_test.cpp.o
behave-testing	Setup, Configure and Build	2026-09-22T09:41:18.6312712Z [ 83%] Linking CXX executable protocol_parser-test_ASAN
behave-testing	Setup, Configure and Build	2026-09-22T09:41:18.7866352Z [ 83%] Built target protocol_parser-test_ASAN
behave-testing	Setup, Configure and Build	2026-09-22T09:41:18.8066663Z [ 83%] Building CXX object parser/tests/CMakeFiles/logic_registry-test_ASAN.dir/logic_registry_test.cpp.o
behave-testing	Setup, Configure and Build	2026-09-22T09:41:19.9836257Z [ 83%] Linking CXX executable object_serializer-test_UBSAN
behave-testing	Setup, Configure and Build	2026-09-22T09:41:20.1016234Z [ 83%] Built target object_serializer-test_UBSAN
behave-testing	Setup, Configure and Build	2026-09-22T09:41:20.1136432Z [ 84%] Building CXX object logic/tests/CMakeFiles/ethernet_frame_logic-test.dir/ethernet_frame_logic_test.cpp.o
behave-testing	Setup, Configure and Build	2026-09-22T09:41:20.2756323Z [ 84%] Linking CXX executable object_serializer-test_ASAN
behave-testing	Setup, Configure and Build	2026-09-22T09:41:20.4063416Z [ 84%] Built target object_serializer-test_ASAN
behave-testing	Setup, Configure and Build	2026-09-22T09:41:20.4196712Z [ 85%] Building CXX object logic/tests/CMakeFiles/stack_codec-test.dir/stack_codec_test.cpp.o
behave-testing	Setup, Configure and Build	2026-09-22T09:41:20.6206163Z [ 86%] Linking CXX executable logic_registry-test_ASAN
behave-testing	Setup, Configure and Build	2026-09-22T09:41:20.6565909Z [ 87%] Linking CXX executable logic_registry-test_UBSAN
behave-testing	Setup, Configure and Build	2026-09-22T09:41:20.7806249Z [ 87%] Built target logic_registry-test_ASAN
behave-testing	Setup, Configure and Build	2026-09-22T09:41:20.8066837Z [ 88%] Building CXX object traffic-gen/CMakeFiles/packet_gen.dir/tools/packet_gen_main.cpp.o
behave-testing	Setup, Configure and Build	2026-09-22T09:41:20.8095883Z [ 88%] Built target logic_registry-test_UBSAN
behave-testing	Setup, Configure and Build	2026-09-22T09:41:20.8196260Z [ 88%] Building CXX object traffic-gen/tests/CMakeFiles/traffic_gen-test_UBSAN.dir/traffic_gen_test.cpp.o
behave-testing	Setup, Configure and Build	2026-09-22T09:41:22.5696355Z [ 88%] Linking CXX executable ethernet_frame_logic-test
behave-testing	Setup, Configure and Build	2026-09-22T09:41:22.6986225Z [ 88%] Built target ethernet_frame_logic-test
behave-testing	Setup, Configure and Build	2026-09-22T09:41:22.7103410Z [ 88%] Building CXX object traffic-gen/tests/CMakeFiles/traffic_gen-test_ASAN.dir/traffic_gen_test.cpp.o
behave-testing	Setup, Configure and Build	2026-09-22T09:41:23.0749727Z [ 89%] Linking CXX executable packet_gen
behave-testing	Setup, Configure and Build	2026-09-22T09:41:23.1406338Z [ 89%] Linking CXX executable stack_codec-test
behave-testing	Setup, Configure and Build	2026-09-22T09:41:23.1816472Z [ 89%] Built target packet_gen
behave-testing	Setup, Configure and Build	2026-09-22T09:41:23.1906466Z [ 89%] Building CXX object traffic-gen/tests/CMakeFiles/traffic_gen-test.dir/traffic_gen_test.cpp.o
behave-testing	Setup, Configure and Build	2026-09-22T09:41:23.2756099Z [ 89%] Built target stack_codec-test
behave-testing	Setup, Configure and Build	2026-09-22T09:41:23.2845313Z [ 89%] Building CXX object traffic-gen/tests/CMakeFiles/adp_fuzz-test_UBSAN.dir/adp_fuzz_test.cpp.o
behave-testing	Setup, Configure and Build	2026-09-22T09:41:24.3403836Z [ 90%] Linking CXX executable traffic_gen-test_UBSAN
behave-testing	Setup, Configure and Build	2026-09-22T09:41:24.4896244Z [ 90%] Built target traffic_gen-test_UBSAN
behave-testing	Setup, Configure and Build	2026-09-22T09:41:24.5016300Z [ 90%] Building CXX object traffic-gen/tests/CMakeFiles/adp_fuzz-test_ASAN.dir/adp_fuzz_test.cpp.o
behave-testing	Setup, Configure and Build	2026-09-22T09:41:25.7854873Z [ 91%] Linking CXX executable traffic_gen-test_ASAN
behave-testing	Setup, Configure and Build	2026-09-22T09:41:25.8912384Z [ 92%] Linking CXX executable traffic_gen-test
behave-testing	Setup, Configure and Build	2026-09-22T09:41:25.9479186Z [ 92%] Built target traffic_gen-test_ASAN
behave-testing	Setup, Configure and Build	2026-09-22T09:41:25.9599340Z [ 92%] Building CXX object traffic-gen/tests/CMakeFiles/adp_fuzz-test.dir/adp_fuzz_test.cpp.o
behave-testing	Setup, Configure and Build	2026-09-22T09:41:26.0226037Z [ 92%] Built target traffic_gen-test
behave-testing	Setup, Configure and Build	2026-09-22T09:41:26.0308376Z [ 93%] Building CXX object traffic-gen/tests/CMakeFiles/ptp_flags-test_UBSAN.dir/ptp_flags_test.cpp.o
behave-testing	Setup, Configure and Build	2026-09-22T09:41:26.6606122Z [ 94%] Linking CXX executable adp_fuzz-test_UBSAN
behave-testing	Setup, Configure and Build	2026-09-22T09:41:26.7985977Z [ 94%] Built target adp_fuzz-test_UBSAN
behave-testing	Setup, Configure and Build	2026-09-22T09:41:26.8096505Z [ 95%] Building CXX object traffic-gen/tests/CMakeFiles/ptp_flags-test_ASAN.dir/ptp_flags_test.cpp.o
behave-testing	Setup, Configure and Build	2026-09-22T09:41:27.5416231Z [ 96%] Linking CXX executable adp_fuzz-test_ASAN
behave-testing	Setup, Configure and Build	2026-09-22T09:41:27.7190246Z [ 96%] Built target adp_fuzz-test_ASAN
behave-testing	Setup, Configure and Build	2026-09-22T09:41:27.7337564Z [ 97%] Building CXX object traffic-gen/tests/CMakeFiles/ptp_flags-test.dir/ptp_flags_test.cpp.o
behave-testing	Setup, Configure and Build	2026-09-22T09:41:28.6446270Z [ 98%] Linking CXX executable adp_fuzz-test
behave-testing	Setup, Configure and Build	2026-09-22T09:41:28.7786174Z [ 98%] Built target adp_fuzz-test
behave-testing	Setup, Configure and Build	2026-09-22T09:41:29.2081580Z [100%] Linking CXX executable ptp_flags-test_UBSAN
behave-testing	Setup, Configure and Build	2026-09-22T09:41:29.3299097Z [100%] Built target ptp_flags-test_UBSAN
behave-testing	Setup, Configure and Build	2026-09-22T09:41:29.4646096Z [100%] Linking CXX executable ptp_flags-test_ASAN
behave-testing	Setup, Configure and Build	2026-09-22T09:41:29.5578442Z [100%] Built target ptp_flags-test_ASAN
behave-testing	Setup, Configure and Build	2026-09-22T09:41:29.8565938Z [100%] Linking CXX executable ptp_flags-test
behave-testing	Setup, Configure and Build	2026-09-22T09:41:29.9340294Z [100%] Built target ptp_flags-test
behave-testing	Setup, Configure and Build	2026-09-22T09:41:30.1030729Z Executing software test suite
behave-testing	Setup, Configure and Build	2026-09-22T09:41:30.1031469Z Test location: /home/runner/work/tsn-gen/tsn-gen/tests/../build
behave-testing	Setup, Configure and Build	2026-09-22T09:41:30.5600858Z Test project /home/runner/work/tsn-gen/tsn-gen/build
behave-testing	Setup, Configure and Build	2026-09-22T09:41:30.6149140Z         Start   1: ParserUsingTest.Version
behave-testing	Setup, Configure and Build	2026-09-22T09:41:30.6244149Z   1/292 Test   #1: ParserUsingTest.Version .................................   Passed    0.00 sec
behave-testing	Setup, Configure and Build	2026-09-22T09:41:30.6304646Z         Start   2: ParserUsingTest.BasePath
behave-testing	Setup, Configure and Build	2026-09-22T09:41:30.6343078Z   2/292 Test   #2: ParserUsingTest.BasePath ................................   Passed    0.00 sec
behave-testing	Setup, Configure and Build	2026-09-22T09:41:30.6344382Z         Start   3: Parser.InvalidPathInt
behave-testing	Setup, Configure and Build	2026-09-22T09:41:30.6381376Z   3/292 Test   #3: Parser.InvalidPathInt ...................................   Passed    0.00 sec
behave-testing	Setup, Configure and Build	2026-09-22T09:41:30.6382707Z         Start   4: Parser.VarCreation
behave-testing	Setup, Configure and Build	2026-09-22T09:41:30.6419307Z   4/292 Test   #4: Parser.VarCreation ......................................   Passed    0.00 sec
behave-testing	Setup, Configure and Build	2026-09-22T09:41:30.6420809Z         Start   5: Parser.VarCreationTooSmall
behave-testing	Setup, Configure and Build	2026-09-22T09:41:30.6456429Z   5/292 Test   #5: Parser.VarCreationTooSmall ..............................   Passed    0.00 sec
behave-testing	Setup, Configure and Build	2026-09-22T09:41:30.6457798Z         Start   6: Parser.listFiles
behave-testing	Setup, Configure and Build	2026-09-22T09:41:30.6502624Z   6/292 Test   #6: Parser.listFiles ........................................   Passed    0.00 sec
behave-testing	Setup, Configure and Build	2026-09-22T09:41:30.6503919Z         Start   7: Parser.VerifyDepth
behave-testing	Setup, Configure and Build	2026-09-22T09:41:30.6547946Z   7/292 Test   #7: Parser.VerifyDepth ......................................   Passed    0.00 sec
behave-testing	Setup, Configure and Build	2026-09-22T09:41:30.6549738Z         Start   8: Parser.DivergingPath
behave-testing	Setup, Configure and Build	2026-09-22T09:41:30.6610348Z   8/292 Test   #8: Parser.DivergingPath ....................................   Passed    0.01 sec
behave-testing	Setup, Configure and Build	2026-09-22T09:41:30.6612028Z         Start   9: Parser.ParsingProtocolNameInvalid
behave-testing	Setup, Configure and Build	2026-09-22T09:41:30.6650550Z   9/292 Test   #9: Parser.ParsingProtocolNameInvalid .......................   Passed    0.00 sec
behave-testing	Setup, Configure and Build	2026-09-22T09:41:30.6651853Z         Start  10: ParserUsingTest.Version
behave-testing	Setup, Configure and Build	2026-09-22T09:41:30.6778225Z  10/292 Test  #10: ParserUsingTest.Version .................................   Passed    0.01 sec
behave-testing	Setup, Configure and Build	2026-09-22T09:41:30.6779545Z         Start  11: ParserUsingTest.BasePath
behave-testing	Setup, Configure and Build	2026-09-22T09:41:30.6920098Z  11/292 Test  #11: ParserUsingTest.BasePath ................................   Passed    0.01 sec
behave-testing	Setup, Configure and Build	2026-09-22T09:41:30.6921052Z         Start  12: Parser.InvalidPathInt
behave-testing	Setup, Configure and Build	2026-09-22T09:41:30.7076265Z  12/292 Test  #12: Parser.InvalidPathInt ...................................   Passed    0.02 sec
behave-testing	Setup, Configure and Build	2026-09-22T09:41:30.7077457Z         Start  13: Parser.VarCreation
behave-testing	Setup, Configure and Build	2026-09-22T09:41:30.7204607Z  13/292 Test  #13: Parser.VarCreation ......................................   Passed    0.01 sec
behave-testing	Setup, Configure and Build	2026-09-22T09:41:30.7205801Z         Start  14: Parser.VarCreationTooSmall
behave-testing	Setup, Configure and Build	2026-09-22T09:41:30.7336365Z  14/292 Test  #14: Parser.VarCreationTooSmall ..............................   Passed    0.01 sec
behave-testing	Setup, Configure and Build	2026-09-22T09:41:30.7337668Z         Start  15: Parser.listFiles
behave-testing	Setup, Configure and Build	2026-09-22T09:41:30.7496367Z  15/292 Test  #15: Parser.listFiles ........................................   Passed    0.02 sec
behave-testing	Setup, Configure and Build	2026-09-22T09:41:30.7497851Z         Start  16: Parser.VerifyDepth
behave-testing	Setup, Configure and Build	2026-09-22T09:41:30.7680174Z  16/292 Test  #16: Parser.VerifyDepth ......................................   Passed    0.02 sec
behave-testing	Setup, Configure and Build	2026-09-22T09:41:30.7682587Z         Start  17: Parser.DivergingPath
behave-testing	Setup, Configure and Build	2026-09-22T09:41:30.7925804Z  17/292 Test  #17: Parser.DivergingPath ....................................   Passed    0.02 sec
behave-testing	Setup, Configure and Build	2026-09-22T09:41:30.7927312Z         Start  18: Parser.ParsingProtocolNameInvalid
behave-testing	Setup, Configure and Build	2026-09-22T09:41:30.8079644Z  18/292 Test  #18: Parser.ParsingProtocolNameInvalid .......................   Passed    0.01 sec
behave-testing	Setup, Configure and Build	2026-09-22T09:41:30.8080769Z         Start  19: ParserUsingTest.Version
behave-testing	Setup, Configure and Build	2026-09-22T09:41:30.8127160Z  19/292 Test  #19: ParserUsingTest.Version .................................   Passed    0.00 sec
behave-testing	Setup, Configure and Build	2026-09-22T09:41:30.8127714Z         Start  20: ParserUsingTest.BasePath
behave-testing	Setup, Configure and Build	2026-09-22T09:41:30.8157121Z  20/292 Test  #20: ParserUsingTest.BasePath ................................   Passed    0.00 sec
behave-testing	Setup, Configure and Build	2026-09-22T09:41:30.8159871Z         Start  21: Parser.InvalidPathInt
behave-testing	Setup, Configure and Build	2026-09-22T09:41:30.8188687Z  21/292 Test  #21: Parser.InvalidPathInt ...................................   Passed    0.00 sec
behave-testing	Setup, Configure and Build	2026-09-22T09:41:30.8190207Z         Start  22: Parser.VarCreation
behave-testing	Setup, Configure and Build	2026-09-22T09:41:30.8218065Z  22/292 Test  #22: Parser.VarCreation ......................................   Passed    0.00 sec
behave-testing	Setup, Configure and Build	2026-09-22T09:41:30.8219370Z         Start  23: Parser.VarCreationTooSmall
behave-testing	Setup, Configure and Build	2026-09-22T09:41:30.8246612Z  23/292 Test  #23: Parser.VarCreationTooSmall ..............................   Passed    0.00 sec
behave-testing	Setup, Configure and Build	2026-09-22T09:41:30.8247911Z         Start  24: Parser.listFiles
behave-testing	Setup, Configure and Build	2026-09-22T09:41:30.8279932Z  24/292 Test  #24: Parser.listFiles ........................................   Passed    0.00 sec
behave-testing	Setup, Configure and Build	2026-09-22T09:41:30.8281137Z         Start  25: Parser.VerifyDepth
behave-testing	Setup, Configure and Build	2026-09-22T09:41:30.8313696Z  25/292 Test  #25: Parser.VerifyDepth ......................................   Passed    0.00 sec
behave-testing	Setup, Configure and Build	2026-09-22T09:41:30.8314897Z         Start  26: Parser.DivergingPath
behave-testing	Setup, Configure and Build	2026-09-22T09:41:30.8365313Z  26/292 Test  #26: Parser.DivergingPath ....................................   Passed    0.00 sec
behave-testing	Setup, Configure and Build	2026-09-22T09:41:30.8366622Z         Start  27: Parser.ParsingProtocolNameInvalid
behave-testing	Setup, Configure and Build	2026-09-22T09:41:30.8398363Z  27/292 Test  #27: Parser.ParsingProtocolNameInvalid .......................   Passed    0.00 sec
behave-testing	Setup, Configure and Build	2026-09-22T09:41:30.8399680Z         Start  28: ObjectSerializer.ParseSimpleProtocol
behave-testing	Setup, Configure and Build	2026-09-22T09:41:30.8442888Z  28/292 Test  #28: ObjectSerializer.ParseSimpleProtocol ....................   Passed    0.00 sec
behave-testing	Setup, Configure and Build	2026-09-22T09:41:30.8444215Z         Start  29: ObjectSerializer.ParseSimpleProtocolVarCount
behave-testing	Setup, Configure and Build	2026-09-22T09:41:30.8486558Z  29/292 Test  #29: ObjectSerializer.ParseSimpleProtocolVarCount ............   Passed    0.00 sec
behave-testing	Setup, Configure and Build	2026-09-22T09:41:30.8487838Z         Start  30: ObjectSerializer.ParseSimpleProtocolVarName
behave-testing	Setup, Configure and Build	2026-09-22T09:41:30.8529982Z  30/292 Test  #30: ObjectSerializer.ParseSimpleProtocolVarName .............   Passed    0.00 sec
behave-testing	Setup, Configure and Build	2026-09-22T09:41:30.8531340Z         Start  31: ObjectSerializer.ParseSimpleProtocolVarSize
behave-testing	Setup, Configure and Build	2026-09-22T09:41:30.8573406Z  31/292 Test  #31: ObjectSerializer.ParseSimpleProtocolVarSize .............   Passed    0.00 sec
behave-testing	Setup, Configure and Build	2026-09-22T09:41:30.8574690Z         Start  32: ObjectSerializer.ParseSimpleProtocolVarExpectedValues
behave-testing	Setup, Configure and Build	2026-09-22T09:41:30.8616358Z  32/292 Test  #32: ObjectSerializer.ParseSimpleProtocolVarExpectedValues ...   Passed    0.00 sec
behave-testing	Setup, Configure and Build	2026-09-22T09:41:30.8617395Z         Start  33: ObjectSerializer.ParseSimpleProtocolIfaceCount
behave-testing	Setup, Configure and Build	2026-09-22T09:41:30.8660987Z  33/292 Test  #33: ObjectSerializer.ParseSimpleProtocolIfaceCount ..........   Passed    0.00 sec
behave-testing	Setup, Configure and Build	2026-09-22T09:41:30.8662469Z         Start  34: ObjectSerializer.ParseSimpleProtocolIfaceName
behave-testing	Setup, Configure and Build	2026-09-22T09:41:30.8705567Z  34/292 Test  #34: ObjectSerializer.ParseSimpleProtocolIfaceName ...........   Passed    0.00 sec
behave-testing	Setup, Configure and Build	2026-09-22T09:41:30.8707129Z         Start  35: ObjectSerializer.ParseSimpleProtocolIfaceDirection
behave-testing	Setup, Configure and Build	2026-09-22T09:41:30.8749867Z  35/292 Test  #35: ObjectSerializer.ParseSimpleProtocolIfaceDirection ......   Passed    0.00 sec
behave-testing	Setup, Configure and Build	2026-09-22T09:41:30.8751024Z         Start  36: ObjectSerializer.ParseSimpleProtocolIfaceVarRef
behave-testing	Setup, Configure and Build	2026-09-22T09:41:30.8792370Z  36/292 Test  #36: ObjectSerializer.ParseSimpleProtocolIfaceVarRef .........   Passed    0.00 sec
behave-testing	Setup, Configure and Build	2026-09-22T09:41:30.8793741Z         Start  37: ObjectSerializer.ParseSimpleProtocolServiceNoLogic
behave-testing	Setup, Configure and Build	2026-09-22T09:41:30.8835960Z  37/292 Test  #37: ObjectSerializer.ParseSimpleProtocolServiceNoLogic ......   Passed    0.00 sec
behave-testing	Setup, Configure and Build	2026-09-22T09:41:30.8837265Z         Start  38: ObjectSerializer.ParseProtocolWithLogicName
behave-testing	Setup, Configure and Build	2026-09-22T09:41:30.8878907Z  38/292 Test  #38: ObjectSerializer.ParseProtocolWithLogicName .............   Passed    0.00 sec
behave-testing	Setup, Configure and Build	2026-09-22T09:41:30.8880244Z         Start  39: ObjectSerializer.ParseSimpleProtocol
behave-testing	Setup, Configure and Build	2026-09-22T09:41:30.9043627Z  39/292 Test  #39: ObjectSerializer.ParseSimpleProtocol ....................   Passed    0.02 sec
behave-testing	Setup, Configure and Build	2026-09-22T09:41:30.9045430Z         Start  40: ObjectSerializer.ParseSimpleProtocolVarCount
behave-testing	Setup, Configure and Build	2026-09-22T09:41:30.9229997Z  40/292 Test  #40: ObjectSerializer.ParseSimpleProtocolVarCount ............   Passed    0.02 sec
behave-testing	Setup, Configure and Build	2026-09-22T09:41:30.9231552Z         Start  41: ObjectSerializer.ParseSimpleProtocolVarName
behave-testing	Setup, Configure and Build	2026-09-22T09:41:30.9379760Z  41/292 Test  #41: ObjectSerializer.ParseSimpleProtocolVarName .............   Passed    0.01 sec
behave-testing	Setup, Configure and Build	2026-09-22T09:41:30.9380853Z         Start  42: ObjectSerializer.ParseSimpleProtocolVarSize
behave-testing	Setup, Configure and Build	2026-09-22T09:41:30.9553005Z  42/292 Test  #42: ObjectSerializer.ParseSimpleProtocolVarSize .............   Passed    0.02 sec
behave-testing	Setup, Configure and Build	2026-09-22T09:41:30.9554415Z         Start  43: ObjectSerializer.ParseSimpleProtocolVarExpectedValues
behave-testing	Setup, Configure and Build	2026-09-22T09:41:30.9699012Z  43/292 Test  #43: ObjectSerializer.ParseSimpleProtocolVarExpectedValues ...   Passed    0.01 sec
behave-testing	Setup, Configure and Build	2026-09-22T09:41:30.9700190Z         Start  44: ObjectSerializer.ParseSimpleProtocolIfaceCount
behave-testing	Setup, Configure and Build	2026-09-22T09:41:30.9874672Z  44/292 Test  #44: ObjectSerializer.ParseSimpleProtocolIfaceCount ..........   Passed    0.02 sec
behave-testing	Setup, Configure and Build	2026-09-22T09:41:30.9881358Z         Start  45: ObjectSerializer.ParseSimpleProtocolIfaceName
behave-testing	Setup, Configure and Build	2026-09-22T09:41:31.0051659Z  45/292 Test  #45: ObjectSerializer.ParseSimpleProtocolIfaceName ...........   Passed    0.02 sec
behave-testing	Setup, Configure and Build	2026-09-22T09:41:31.0052855Z         Start  46: ObjectSerializer.ParseSimpleProtocolIfaceDirection
behave-testing	Setup, Configure and Build	2026-09-22T09:41:31.0236964Z  46/292 Test  #46: ObjectSerializer.ParseSimpleProtocolIfaceDirection ......   Passed    0.02 sec
behave-testing	Setup, Configure and Build	2026-09-22T09:41:31.0238157Z         Start  47: ObjectSerializer.ParseSimpleProtocolIfaceVarRef
behave-testing	Setup, Configure and Build	2026-09-22T09:41:31.0397479Z  47/292 Test  #47: ObjectSerializer.ParseSimpleProtocolIfaceVarRef .........   Passed    0.02 sec
behave-testing	Setup, Configure and Build	2026-09-22T09:41:31.0399640Z         Start  48: ObjectSerializer.ParseSimpleProtocolServiceNoLogic
behave-testing	Setup, Configure and Build	2026-09-22T09:41:31.0575347Z  48/292 Test  #48: ObjectSerializer.ParseSimpleProtocolServiceNoLogic ......   Passed    0.02 sec
behave-testing	Setup, Configure and Build	2026-09-22T09:41:31.0576408Z         Start  49: ObjectSerializer.ParseProtocolWithLogicName
behave-testing	Setup, Configure and Build	2026-09-22T09:41:31.0734763Z  49/292 Test  #49: ObjectSerializer.ParseProtocolWithLogicName .............   Passed    0.02 sec
behave-testing	Setup, Configure and Build	2026-09-22T09:41:31.0736034Z         Start  50: ObjectSerializer.ParseSimpleProtocol
behave-testing	Setup, Configure and Build	2026-09-22T09:41:31.0792886Z  50/292 Test  #50: ObjectSerializer.ParseSimpleProtocol ....................   Passed    0.01 sec
behave-testing	Setup, Configure and Build	2026-09-22T09:41:31.0797276Z         Start  51: ObjectSerializer.ParseSimpleProtocolVarCount
behave-testing	Setup, Configure and Build	2026-09-22T09:41:31.0833991Z  51/292 Test  #51: ObjectSerializer.ParseSimpleProtocolVarCount ............   Passed    0.00 sec
behave-testing	Setup, Configure and Build	2026-09-22T09:41:31.0836301Z         Start  52: ObjectSerializer.ParseSimpleProtocolVarName
behave-testing	Setup, Configure and Build	2026-09-22T09:41:31.0871373Z  52/292 Test  #52: ObjectSerializer.ParseSimpleProtocolVarName .............   Passed    0.00 sec
behave-testing	Setup, Configure and Build	2026-09-22T09:41:31.0872551Z         Start  53: ObjectSerializer.ParseSimpleProtocolVarSize
behave-testing	Setup, Configure and Build	2026-09-22T09:41:31.0906617Z  53/292 Test  #53: ObjectSerializer.ParseSimpleProtocolVarSize .............   Passed    0.00 sec
behave-testing	Setup, Configure and Build	2026-09-22T09:41:31.0907693Z         Start  54: ObjectSerializer.ParseSimpleProtocolVarExpectedValues
behave-testing	Setup, Configure and Build	2026-09-22T09:41:31.0941966Z  54/292 Test  #54: ObjectSerializer.ParseSimpleProtocolVarExpectedValues ...   Passed    0.00 sec
behave-testing	Setup, Configure and Build	2026-09-22T09:41:31.0942929Z         Start  55: ObjectSerializer.ParseSimpleProtocolIfaceCount
behave-testing	Setup, Configure and Build	2026-09-22T09:41:31.0977125Z  55/292 Test  #55: ObjectSerializer.ParseSimpleProtocolIfaceCount ..........   Passed    0.00 sec
behave-testing	Setup, Configure and Build	2026-09-22T09:41:31.0978162Z         Start  56: ObjectSerializer.ParseSimpleProtocolIfaceName
behave-testing	Setup, Configure and Build	2026-09-22T09:41:31.1011621Z  56/292 Test  #56: ObjectSerializer.ParseSimpleProtocolIfaceName ...........   Passed    0.00 sec
behave-testing	Setup, Configure and Build	2026-09-22T09:41:31.1012686Z         Start  57: ObjectSerializer.ParseSimpleProtocolIfaceDirection
behave-testing	Setup, Configure and Build	2026-09-22T09:41:31.1046002Z  57/292 Test  #57: ObjectSerializer.ParseSimpleProtocolIfaceDirection ......   Passed    0.00 sec
behave-testing	Setup, Configure and Build	2026-09-22T09:41:31.1047267Z         Start  58: ObjectSerializer.ParseSimpleProtocolIfaceVarRef
behave-testing	Setup, Configure and Build	2026-09-22T09:41:31.1080603Z  58/292 Test  #58: ObjectSerializer.ParseSimpleProtocolIfaceVarRef .........   Passed    0.00 sec
behave-testing	Setup, Configure and Build	2026-09-22T09:41:31.1081912Z         Start  59: ObjectSerializer.ParseSimpleProtocolServiceNoLogic
behave-testing	Setup, Configure and Build	2026-09-22T09:41:31.1114328Z  59/292 Test  #59: ObjectSerializer.ParseSimpleProtocolServiceNoLogic ......   Passed    0.00 sec
behave-testing	Setup, Configure and Build	2026-09-22T09:41:31.1115673Z         Start  60: ObjectSerializer.ParseProtocolWithLogicName
behave-testing	Setup, Configure and Build	2026-09-22T09:41:31.1148845Z  60/292 Test  #60: ObjectSerializer.ParseProtocolWithLogicName .............   Passed    0.00 sec
behave-testing	Setup, Configure and Build	2026-09-22T09:41:31.1149976Z         Start  61: LogicRegistry.RegisterAndCreate
behave-testing	Setup, Configure and Build	2026-09-22T09:41:31.1188190Z  61/292 Test  #61: LogicRegistry.RegisterAndCreate .........................   Passed    0.00 sec
behave-testing	Setup, Configure and Build	2026-09-22T09:41:31.1189350Z         Start  62: LogicRegistry.UnknownNameReturnsNull
behave-testing	Setup, Configure and Build	2026-09-22T09:41:31.1224713Z  62/292 Test  #62: LogicRegistry.UnknownNameReturnsNull ....................   Passed    0.00 sec
behave-testing	Setup, Configure and Build	2026-09-22T09:41:31.1226190Z         Start  63: LogicRegistry.DuplicateRegistrationRejected
behave-testing	Setup, Configure and Build	2026-09-22T09:41:31.1263173Z  63/292 Test  #63: LogicRegistry.DuplicateRegistrationRejected .............   Passed    0.00 sec
behave-testing	Setup, Configure and Build	2026-09-22T09:41:31.1264361Z         Start  64: LogicRegistry.EmptyNameRejected
behave-testing	Setup, Configure and Build	2026-09-22T09:41:31.1303444Z  64/292 Test  #64: LogicRegistry.EmptyNameRejected .........................   Passed    0.00 sec
behave-testing	Setup, Configure and Build	2026-09-22T09:41:31.1304406Z         Start  65: LogicRegistry.NullFactoryRejected
behave-testing	Setup, Configure and Build	2026-09-22T09:41:31.1344189Z  65/292 Test  #65: LogicRegistry.NullFactoryRejected .......................   Passed    0.00 sec
behave-testing	Setup, Configure and Build	2026-09-22T09:41:31.1346229Z         Start  66: PassthroughLogic.IsNoOp
behave-testing	Setup, Configure and Build	2026-09-22T09:41:31.1385283Z  66/292 Test  #66: PassthroughLogic.IsNoOp .................................   Passed    0.00 sec
behave-testing	Setup, Configure and Build	2026-09-22T09:41:31.1386583Z         Start  67: LayerContext.AdjacencyAndDefaults
behave-testing	Setup, Configure and Build	2026-09-22T09:41:31.1423436Z  67/292 Test  #67: LayerContext.AdjacencyAndDefaults .......................   Passed    0.00 sec
behave-testing	Setup, Configure and Build	2026-09-22T09:41:31.1424389Z         Start  68: LogicRegistry.RegisterAndCreate
behave-testing	Setup, Configure and Build	2026-09-22T09:41:31.1569663Z  68/292 Test  #68: LogicRegistry.RegisterAndCreate .........................   Passed    0.01 sec
behave-testing	Setup, Configure and Build	2026-09-22T09:41:31.1570823Z         Start  69: LogicRegistry.UnknownNameReturnsNull
behave-testing	Setup, Configure and Build	2026-09-22T09:41:31.1703970Z  69/292 Test  #69: LogicRegistry.UnknownNameReturnsNull ....................   Passed    0.01 sec
behave-testing	Setup, Configure and Build	2026-09-22T09:41:31.1705335Z         Start  70: LogicRegistry.DuplicateRegistrationRejected
behave-testing	Setup, Configure and Build	2026-09-22T09:41:31.1852098Z  70/292 Test  #70: LogicRegistry.DuplicateRegistrationRejected .............   Passed    0.01 sec
behave-testing	Setup, Configure and Build	2026-09-22T09:41:31.1853831Z         Start  71: LogicRegistry.EmptyNameRejected
behave-testing	Setup, Configure and Build	2026-09-22T09:41:31.1985886Z  71/292 Test  #71: LogicRegistry.EmptyNameRejected .........................   Passed    0.01 sec
behave-testing	Setup, Configure and Build	2026-09-22T09:41:31.1986813Z         Start  72: LogicRegistry.NullFactoryRejected
behave-testing	Setup, Configure and Build	2026-09-22T09:41:31.2117451Z  72/292 Test  #72: LogicRegistry.NullFactoryRejected .......................   Passed    0.01 sec
behave-testing	Setup, Configure and Build	2026-09-22T09:41:31.2118421Z         Start  73: PassthroughLogic.IsNoOp
behave-testing	Setup, Configure and Build	2026-09-22T09:41:31.2248521Z  73/292 Test  #73: PassthroughLogic.IsNoOp .................................   Passed    0.01 sec
behave-testing	Setup, Configure and Build	2026-09-22T09:41:31.2249514Z         Start  74: LayerContext.AdjacencyAndDefaults
behave-testing	Setup, Configure and Build	2026-09-22T09:41:31.2382725Z  74/292 Test  #74: LayerContext.AdjacencyAndDefaults .......................   Passed    0.01 sec
behave-testing	Setup, Configure and Build	2026-09-22T09:41:31.2384210Z         Start  75: LogicRegistry.RegisterAndCreate
behave-testing	Setup, Configure and Build	2026-09-22T09:41:31.2440559Z  75/292 Test  #75: LogicRegistry.RegisterAndCreate .........................   Passed    0.01 sec
behave-testing	Setup, Configure and Build	2026-09-22T09:41:31.2441532Z         Start  76: LogicRegistry.UnknownNameReturnsNull
behave-testing	Setup, Configure and Build	2026-09-22T09:41:31.2474585Z  76/292 Test  #76: LogicRegistry.UnknownNameReturnsNull ....................   Passed    0.00 sec
behave-testing	Setup, Configure and Build	2026-09-22T09:41:31.2475978Z         Start  77: LogicRegistry.DuplicateRegistrationRejected
behave-testing	Setup, Configure and Build	2026-09-22T09:41:31.2506182Z  77/292 Test  #77: LogicRegistry.DuplicateRegistrationRejected .............   Passed    0.00 sec
behave-testing	Setup, Configure and Build	2026-09-22T09:41:31.2507134Z         Start  78: LogicRegistry.EmptyNameRejected
behave-testing	Setup, Configure and Build	2026-09-22T09:41:31.2535591Z  78/292 Test  #78: LogicRegistry.EmptyNameRejected .........................   Passed    0.00 sec
behave-testing	Setup, Configure and Build	2026-09-22T09:41:31.2536526Z         Start  79: LogicRegistry.NullFactoryRejected
behave-testing	Setup, Configure and Build	2026-09-22T09:41:31.2565496Z  79/292 Test  #79: LogicRegistry.NullFactoryRejected .......................   Passed    0.00 sec
behave-testing	Setup, Configure and Build	2026-09-22T09:41:31.2566365Z         Start  80: PassthroughLogic.IsNoOp
behave-testing	Setup, Configure and Build	2026-09-22T09:41:31.2594153Z  80/292 Test  #80: PassthroughLogic.IsNoOp .................................   Passed    0.00 sec
behave-testing	Setup, Configure and Build	2026-09-22T09:41:31.2595293Z         Start  81: LayerContext.AdjacencyAndDefaults
behave-testing	Setup, Configure and Build	2026-09-22T09:41:31.2622933Z  81/292 Test  #81: LayerContext.AdjacencyAndDefaults .......................   Passed    0.00 sec
behave-testing	Setup, Configure and Build	2026-09-22T09:41:31.2623909Z         Start  82: StackBuilder.BuildsAllPassthroughStack
behave-testing	Setup, Configure and Build	2026-09-22T09:41:31.2674704Z  82/292 Test  #82: StackBuilder.BuildsAllPassthroughStack ..................   Passed    0.00 sec
behave-testing	Setup, Configure and Build	2026-09-22T09:41:31.2676059Z         Start  83: StackBuilder.ResolvesRegisteredLogic
behave-testing	Setup, Configure and Build	2026-09-22T09:41:31.2723583Z  83/292 Test  #83: StackBuilder.ResolvesRegisteredLogic ....................   Passed    0.00 sec
behave-testing	Setup, Configure and Build	2026-09-22T09:41:31.2724568Z         Start  84: StackBuilder.AdjacencyWiredBottomUp
behave-testing	Setup, Configure and Build	2026-09-22T09:41:31.2772474Z  84/292 Test  #84: StackBuilder.AdjacencyWiredBottomUp .....................   Passed    0.00 sec
behave-testing	Setup, Configure and Build	2026-09-22T09:41:31.2773514Z         Start  85: StackBuilder.UnknownLogicFailsBuild
behave-testing	Setup, Configure and Build	2026-09-22T09:41:31.2820539Z  85/292 Test  #85: StackBuilder.UnknownLogicFailsBuild .....................   Passed    0.00 sec
behave-testing	Setup, Configure and Build	2026-09-22T09:41:31.2821599Z         Start  86: StackBuilder.UnknownServiceFailsBuild
behave-testing	Setup, Configure and Build	2026-09-22T09:41:31.2868553Z  86/292 Test  #86: StackBuilder.UnknownServiceFailsBuild ...................   Passed    0.00 sec
behave-testing	Setup, Configure and Build	2026-09-22T09:41:31.2869590Z         Start  87: StackBuilder.BypassLogicForcesPassthrough
behave-testing	Setup, Configure and Build	2026-09-22T09:41:31.2919174Z  87/292 Test  #87: StackBuilder.BypassLogicForcesPassthrough ...............   Passed    0.00 sec
behave-testing	Setup, Configure and Build	2026-09-22T09:41:31.2920267Z         Start  88: StackBuilder.BypassLogicSkipsRegistryLookup
behave-testing	Setup, Configure and Build	2026-09-22T09:41:31.2968746Z  88/292 Test  #88: StackBuilder.BypassLogicSkipsRegistryLookup .............   Passed    0.00 sec
behave-testing	Setup, Configure and Build	2026-09-22T09:41:31.2969766Z         Start  89: StackBuilder.InvalidPathFailsBuild
behave-testing	Setup, Configure and Build	2026-09-22T09:41:31.3015800Z  89/292 Test  #89: StackBuilder.InvalidPathFailsBuild ......................   Passed    0.00 sec
behave-testing	Setup, Configure and Build	2026-09-22T09:41:31.3017095Z         Start  90: StackBuilder.BuildsAllPassthroughStack
behave-testing	Setup, Configure and Build	2026-09-22T09:41:31.3170677Z  90/292 Test  #90: StackBuilder.BuildsAllPassthroughStack ..................   Passed    0.02 sec
behave-testing	Setup, Configure and Build	2026-09-22T09:41:31.3171703Z         Start  91: StackBuilder.ResolvesRegisteredLogic
behave-testing	Setup, Configure and Build	2026-09-22T09:41:31.3338402Z  91/292 Test  #91: StackBuilder.ResolvesRegisteredLogic ....................   Passed    0.02 sec
behave-testing	Setup, Configure and Build	2026-09-22T09:41:31.3357205Z         Start  92: StackBuilder.AdjacencyWiredBottomUp
behave-testing	Setup, Configure and Build	2026-09-22T09:41:31.3509231Z  92/292 Test  #92: StackBuilder.AdjacencyWiredBottomUp .....................   Passed    0.02 sec
behave-testing	Setup, Configure and Build	2026-09-22T09:41:31.3510480Z         Start  93: StackBuilder.UnknownLogicFailsBuild
behave-testing	Setup, Configure and Build	2026-09-22T09:41:31.3687256Z  93/292 Test  #93: StackBuilder.UnknownLogicFailsBuild .....................   Passed    0.02 sec
behave-testing	Setup, Configure and Build	2026-09-22T09:41:31.3696276Z         Start  94: StackBuilder.UnknownServiceFailsBuild
behave-testing	Setup, Configure and Build	2026-09-22T09:41:31.3844810Z  94/292 Test  #94: StackBuilder.UnknownServiceFailsBuild ...................   Passed    0.02 sec
behave-testing	Setup, Configure and Build	2026-09-22T09:41:31.3847524Z         Start  95: StackBuilder.BypassLogicForcesPassthrough
behave-testing	Setup, Configure and Build	2026-09-22T09:41:31.4017935Z  95/292 Test  #95: StackBuilder.BypassLogicForcesPassthrough ...............   Passed    0.02 sec
behave-testing	Setup, Configure and Build	2026-09-22T09:41:31.4019038Z         Start  96: StackBuilder.BypassLogicSkipsRegistryLookup
behave-testing	Setup, Configure and Build	2026-09-22T09:41:31.4195773Z  96/292 Test  #96: StackBuilder.BypassLogicSkipsRegistryLookup .............   Passed    0.02 sec
behave-testing	Setup, Configure and Build	2026-09-22T09:41:31.4216034Z         Start  97: StackBuilder.InvalidPathFailsBuild
behave-testing	Setup, Configure and Build	2026-09-22T09:41:31.4372751Z  97/292 Test  #97: StackBuilder.InvalidPathFailsBuild ......................   Passed    0.02 sec
behave-testing	Setup, Configure and Build	2026-09-22T09:41:31.4374203Z         Start  98: StackBuilder.BuildsAllPassthroughStack
behave-testing	Setup, Configure and Build	2026-09-22T09:41:31.4438967Z  98/292 Test  #98: StackBuilder.BuildsAllPassthroughStack ..................   Passed    0.01 sec
behave-testing	Setup, Configure and Build	2026-09-22T09:41:31.4440079Z         Start  99: StackBuilder.ResolvesRegisteredLogic
behave-testing	Setup, Configure and Build	2026-09-22T09:41:31.4488063Z  99/292 Test  #99: StackBuilder.ResolvesRegisteredLogic ....................   Passed    0.00 sec
behave-testing	Setup, Configure and Build	2026-09-22T09:41:31.4489622Z         Start 100: StackBuilder.AdjacencyWiredBottomUp
behave-testing	Setup, Configure and Build	2026-09-22T09:41:31.4531346Z 100/292 Test #100: StackBuilder.AdjacencyWiredBottomUp .....................   Passed    0.00 sec
behave-testing	Setup, Configure and Build	2026-09-22T09:41:31.4532477Z         Start 101: StackBuilder.UnknownLogicFailsBuild
behave-testing	Setup, Configure and Build	2026-09-22T09:41:31.4573223Z 101/292 Test #101: StackBuilder.UnknownLogicFailsBuild .....................   Passed    0.00 sec
behave-testing	Setup, Configure and Build	2026-09-22T09:41:31.4574403Z         Start 102: StackBuilder.UnknownServiceFailsBuild
behave-testing	Setup, Configure and Build	2026-09-22T09:41:31.4615393Z 102/292 Test #102: StackBuilder.UnknownServiceFailsBuild ...................   Passed    0.00 sec
behave-testing	Setup, Configure and Build	2026-09-22T09:41:31.4616708Z         Start 103: StackBuilder.BypassLogicForcesPassthrough
behave-testing	Setup, Configure and Build	2026-09-22T09:41:31.4657051Z 103/292 Test #103: StackBuilder.BypassLogicForcesPassthrough ...............   Passed    0.00 sec
behave-testing	Setup, Configure and Build	2026-09-22T09:41:31.4658291Z         Start 104: StackBuilder.BypassLogicSkipsRegistryLookup
behave-testing	Setup, Configure and Build	2026-09-22T09:41:31.4697732Z 104/292 Test #104: StackBuilder.BypassLogicSkipsRegistryLookup .............   Passed    0.00 sec
behave-testing	Setup, Configure and Build	2026-09-22T09:41:31.4698936Z         Start 105: StackBuilder.InvalidPathFailsBuild
behave-testing	Setup, Configure and Build	2026-09-22T09:41:31.4737469Z 105/292 Test #105: StackBuilder.InvalidPathFailsBuild ......................   Passed    0.00 sec
behave-testing	Setup, Configure and Build	2026-09-22T09:41:31.4738597Z         Start 106: Validator.ConformingFilePasses
behave-testing	Setup, Configure and Build	2026-09-22T09:41:31.4779423Z 106/292 Test #106: Validator.ConformingFilePasses ..........................   Passed    0.00 sec
behave-testing	Setup, Configure and Build	2026-09-22T09:41:31.4780645Z         Start 107: Validator.ForeignTopLevelKeyRejected
behave-testing	Setup, Configure and Build	2026-09-22T09:41:31.4819098Z 107/292 Test #107: Validator.ForeignTopLevelKeyRejected ....................   Passed    0.00 sec
behave-testing	Setup, Configure and Build	2026-09-22T09:41:31.4820388Z         Start 108: Validator.MissingServiceRejected
behave-testing	Setup, Configure and Build	2026-09-22T09:41:31.4856708Z 108/292 Test #108: Validator.MissingServiceRejected ........................   Passed    0.00 sec
behave-testing	Setup, Configure and Build	2026-09-22T09:41:31.4857945Z         Start 109: Validator.OversizeFieldRejected
behave-testing	Setup, Configure and Build	2026-09-22T09:41:31.4893892Z 109/292 Test #109: Validator.OversizeFieldRejected .........................   Passed    0.00 sec
behave-testing	Setup, Configure and Build	2026-09-22T09:41:31.4895653Z         Start 110: Validator.BadDirectionRejected
behave-testing	Setup, Configure and Build	2026-09-22T09:41:31.4934619Z 110/292 Test #110: Validator.BadDirectionRejected ..........................   Passed    0.00 sec
behave-testing	Setup, Configure and Build	2026-09-22T09:41:31.4936398Z         Start 111: Validator.ServiceWithoutVarsOrEntitiesRejected
behave-testing	Setup, Configure and Build	2026-09-22T09:41:31.4971972Z 111/292 Test #111: Validator.ServiceWithoutVarsOrEntitiesRejected ..........   Passed    0.00 sec
behave-testing	Setup, Configure and Build	2026-09-22T09:41:31.4973110Z         Start 112: Validator.FindingsCarryLineNumbers
behave-testing	Setup, Configure and Build	2026-09-22T09:41:31.5008504Z 112/292 Test #112: Validator.FindingsCarryLineNumbers ......................   Passed    0.00 sec
behave-testing	Setup, Configure and Build	2026-09-22T09:41:31.5009555Z         Start 113: Validator.MissingDirectoryReported
behave-testing	Setup, Configure and Build	2026-09-22T09:41:31.5043307Z 113/292 Test #113: Validator.MissingDirectoryReported ......................   Passed    0.00 sec
behave-testing	Setup, Configure and Build	2026-09-22T09:41:31.5044457Z         Start 114: Validator.ConformingFilePasses
behave-testing	Setup, Configure and Build	2026-09-22T09:41:31.5183187Z 114/292 Test #114: Validator.ConformingFilePasses ..........................   Passed    0.01 sec
behave-testing	Setup, Configure and Build	2026-09-22T09:41:31.5184399Z         Start 115: Validator.ForeignTopLevelKeyRejected
behave-testing	Setup, Configure and Build	2026-09-22T09:41:31.5332926Z 115/292 Test #115: Validator.ForeignTopLevelKeyRejected ....................   Passed    0.01 sec
behave-testing	Setup, Configure and Build	2026-09-22T09:41:31.5333992Z         Start 116: Validator.MissingServiceRejected
behave-testing	Setup, Configure and Build	2026-09-22T09:41:31.5481383Z 116/292 Test #116: Validator.MissingServiceRejected ........................   Passed    0.01 sec
behave-testing	Setup, Configure and Build	2026-09-22T09:41:31.5482426Z         Start 117: Validator.OversizeFieldRejected
behave-testing	Setup, Configure and Build	2026-09-22T09:41:31.5627025Z 117/292 Test #117: Validator.OversizeFieldRejected .........................   Passed    0.01 sec
behave-testing	Setup, Configure and Build	2026-09-22T09:41:31.5628109Z         Start 118: Validator.BadDirectionRejected
behave-testing	Setup, Configure and Build	2026-09-22T09:41:31.5781488Z 118/292 Test #118: Validator.BadDirectionRejected ..........................   Passed    0.02 sec
behave-testing	Setup, Configure and Build	2026-09-22T09:41:31.5782658Z         Start 119: Validator.ServiceWithoutVarsOrEntitiesRejected
behave-testing	Setup, Configure and Build	2026-09-22T09:41:31.5923101Z 119/292 Test #119: Validator.ServiceWithoutVarsOrEntitiesRejected ..........   Passed    0.01 sec
behave-testing	Setup, Configure and Build	2026-09-22T09:41:31.5924276Z         Start 120: Validator.FindingsCarryLineNumbers
behave-testing	Setup, Configure and Build	2026-09-22T09:41:31.6080659Z 120/292 Test #120: Validator.FindingsCarryLineNumbers ......................   Passed    0.02 sec
behave-testing	Setup, Configure and Build	2026-09-22T09:41:31.6081647Z         Start 121: Validator.MissingDirectoryReported
behave-testing	Setup, Configure and Build	2026-09-22T09:41:31.6236090Z 121/292 Test #121: Validator.MissingDirectoryReported ......................   Passed    0.02 sec
behave-testing	Setup, Configure and Build	2026-09-22T09:41:31.6237274Z         Start 122: Validator.ConformingFilePasses
behave-testing	Setup, Configure and Build	2026-09-22T09:41:31.6281664Z 122/292 Test #122: Validator.ConformingFilePasses ..........................   Passed    0.00 sec
behave-testing	Setup, Configure and Build	2026-09-22T09:41:31.6282851Z         Start 123: Validator.ForeignTopLevelKeyRejected
behave-testing	Setup, Configure and Build	2026-09-22T09:41:31.6329154Z 123/292 Test #123: Validator.ForeignTopLevelKeyRejected ....................   Passed    0.00 sec
behave-testing	Setup, Configure and Build	2026-09-22T09:41:31.6330312Z         Start 124: Validator.MissingServiceRejected
behave-testing	Setup, Configure and Build	2026-09-22T09:41:31.6365179Z 124/292 Test #124: Validator.MissingServiceRejected ........................   Passed    0.00 sec
behave-testing	Setup, Configure and Build	2026-09-22T09:41:31.6366626Z         Start 125: Validator.OversizeFieldRejected
behave-testing	Setup, Configure and Build	2026-09-22T09:41:31.6399724Z 125/292 Test #125: Validator.OversizeFieldRejected .........................   Passed    0.00 sec
behave-testing	Setup, Configure and Build	2026-09-22T09:41:31.6400945Z         Start 126: Validator.BadDirectionRejected
behave-testing	Setup, Configure and Build	2026-09-22T09:41:31.6432885Z 126/292 Test #126: Validator.BadDirectionRejected ..........................   Passed    0.00 sec
behave-testing	Setup, Configure and Build	2026-09-22T09:41:31.6434106Z         Start 127: Validator.ServiceWithoutVarsOrEntitiesRejected
behave-testing	Setup, Configure and Build	2026-09-22T09:41:31.6464392Z 127/292 Test #127: Validator.ServiceWithoutVarsOrEntitiesRejected ..........   Passed    0.00 sec
behave-testing	Setup, Configure and Build	2026-09-22T09:41:31.6465640Z         Start 128: Validator.FindingsCarryLineNumbers
behave-testing	Setup, Configure and Build	2026-09-22T09:41:31.6495989Z 128/292 Test #128: Validator.FindingsCarryLineNumbers ......................   Passed    0.00 sec
behave-testing	Setup, Configure and Build	2026-09-22T09:41:31.6497135Z         Start 129: Validator.MissingDirectoryReported
behave-testing	Setup, Configure and Build	2026-09-22T09:41:31.6524771Z 129/292 Test #129: Validator.MissingDirectoryReported ......................   Passed    0.00 sec
behave-testing	Setup, Configure and Build	2026-09-22T09:41:31.6526172Z         Start 130: HelloTest.BasicAssertions
behave-testing	Setup, Configure and Build	2026-09-22T09:41:31.6549887Z 130/292 Test #130: HelloTest.BasicAssertions ...............................   Passed    0.00 sec
behave-testing	Setup, Configure and Build	2026-09-22T09:41:31.6550969Z         Start 131: EthernetFrameLogic.RegisteredUnderExpectedName
behave-testing	Setup, Configure and Build	2026-09-22T09:41:31.6580630Z 131/292 Test #131: EthernetFrameLogic.RegisteredUnderExpectedName ..........   Passed    0.00 sec
behave-testing	Setup, Configure and Build	2026-09-22T09:41:31.6581643Z         Start 132: EthernetFrameLogic.BoundByStackBuilder
behave-testing	Setup, Configure and Build	2026-09-22T09:41:31.6618514Z 132/292 Test #132: EthernetFrameLogic.BoundByStackBuilder ..................   Passed    0.00 sec
behave-testing	Setup, Configure and Build	2026-09-22T09:41:31.6619670Z         Start 133: EthernetFrameLogic.BypassLogicSwapsInPassthrough
behave-testing	Setup, Configure and Build	2026-09-22T09:41:31.6655358Z 133/292 Test #133: EthernetFrameLogic.BypassLogicSwapsInPassthrough ........   Passed    0.00 sec
behave-testing	Setup, Configure and Build	2026-09-22T09:41:31.6656471Z         Start 134: EthernetFrameLogic.EncodeDecodeCountersAdvance
behave-testing	Setup, Configure and Build	2026-09-22T09:41:31.6685531Z 134/292 Test #134: EthernetFrameLogic.EncodeDecodeCountersAdvance ..........   Passed    0.00 sec
behave-testing	Setup, Configure and Build	2026-09-22T09:41:31.6686616Z         Start 135: EthernetFrameLogic.NextLayerDefaults1722
behave-testing	Setup, Configure and Build	2026-09-22T09:41:31.6714628Z 135/292 Test #135: EthernetFrameLogic.NextLayerDefaults1722 ................   Passed    0.00 sec
behave-testing	Setup, Configure and Build	2026-09-22T09:41:31.6715856Z         Start 136: StackCodec.FrameHasExpectedSize
behave-testing	Setup, Configure and Build	2026-09-22T09:41:31.6848401Z 136/292 Test #136: StackCodec.FrameHasExpectedSize .........................   Passed    0.01 sec
behave-testing	Setup, Configure and Build	2026-09-22T09:41:31.6851979Z         Start 137: StackCodec.DerivedFieldsAreValid
behave-testing	Setup, Configure and Build	2026-09-22T09:41:31.6983873Z 137/292 Test #137: StackCodec.DerivedFieldsAreValid ........................   Passed    0.01 sec
behave-testing	Setup, Configure and Build	2026-09-22T09:41:31.6985203Z         Start 138: StackCodec.CommandStatusForcedToZero
behave-testing	Setup, Configure and Build	2026-09-22T09:41:31.7280595Z 138/292 Test #138: StackCodec.CommandStatusForcedToZero ....................   Passed    0.03 sec
behave-testing	Setup, Configure and Build	2026-09-22T09:41:31.7281646Z         Start 139: StackCodec.DecodeRoundTripsFields
behave-testing	Setup, Configure and Build	2026-09-22T09:41:31.7417575Z 139/292 Test #139: StackCodec.DecodeRoundTripsFields .......................   Passed    0.01 sec
behave-testing	Setup, Configure and Build	2026-09-22T09:41:31.7418497Z         Start 140: StackCodec.DeterministicForFixedSeed
behave-testing	Setup, Configure and Build	2026-09-22T09:41:31.7551046Z 140/292 Test #140: StackCodec.DeterministicForFixedSeed ....................   Passed    0.01 sec
behave-testing	Setup, Configure and Build	2026-09-22T09:41:31.7552090Z         Start 141: TrafficGenTest.EmptyInterfaceProducesEmptyPacket
behave-testing	Setup, Configure and Build	2026-09-22T09:41:31.7604861Z 141/292 Test #141: TrafficGenTest.EmptyInterfaceProducesEmptyPacket ........   Passed    0.01 sec
behave-testing	Setup, Configure and Build	2026-09-22T09:41:31.7606160Z         Start 142: TrafficGenTest.SimpleVarProducesOneByte
behave-testing	Setup, Configure and Build	2026-09-22T09:41:31.7655260Z 142/292 Test #142: TrafficGenTest.SimpleVarProducesOneByte .................   Passed    0.00 sec
behave-testing	Setup, Configure and Build	2026-09-22T09:41:31.7656389Z         Start 143: TrafficGenTest.SimpleVarValueInExpectedSet
behave-testing	Setup, Configure and Build	2026-09-22T09:41:31.7710742Z 143/292 Test #143: TrafficGenTest.SimpleVarValueInExpectedSet ..............   Passed    0.01 sec
behave-testing	Setup, Configure and Build	2026-09-22T09:41:31.7711727Z         Start 144: TrafficGenTest.DeterministicWithSameSeed
behave-testing	Setup, Configure and Build	2026-09-22T09:41:31.7763790Z 144/292 Test #144: TrafficGenTest.DeterministicWithSameSeed ................   Passed    0.01 sec
behave-testing	Setup, Configure and Build	2026-09-22T09:41:31.7764986Z         Start 145: TrafficGenTest.DifferentSeedsDifferentPackets
behave-testing	Setup, Configure and Build	2026-09-22T09:41:31.7813686Z 145/292 Test #145: TrafficGenTest.DifferentSeedsDifferentPackets ...........   Passed    0.00 sec
behave-testing	Setup, Configure and Build	2026-09-22T09:41:31.7815007Z         Start 146: TrafficGenTest.OpenClose
behave-testing	Setup, Configure and Build	2026-09-22T09:41:31.7863994Z 146/292 Test #146: TrafficGenTest.OpenClose ................................   Passed    0.00 sec
behave-testing	Setup, Configure and Build	2026-09-22T09:41:31.7865454Z         Start 147: TrafficGenTest.SendNamedInterface
behave-testing	Setup, Configure and Build	2026-09-22T09:41:31.7915664Z 147/292 Test #147: TrafficGenTest.SendNamedInterface .......................   Passed    0.00 sec
behave-testing	Setup, Configure and Build	2026-09-22T09:41:31.7916965Z         Start 148: TrafficGenTest.SendUnknownInterfaceReturnsError
behave-testing	Setup, Configure and Build	2026-09-22T09:41:31.7965721Z 148/292 Test #148: TrafficGenTest.SendUnknownInterfaceReturnsError .........   Passed    0.00 sec
behave-testing	Setup, Configure and Build	2026-09-22T09:41:31.7967047Z         Start 149: TrafficGenTest.SendAllSendsOnePacketPerInterface
behave-testing	Setup, Configure and Build	2026-09-22T09:41:31.8018202Z 149/292 Test #149: TrafficGenTest.SendAllSendsOnePacketPerInterface ........   Passed    0.00 sec
behave-testing	Setup, Configure and Build	2026-09-22T09:41:31.8019364Z         Start 150: TrafficGenTest.SendFilteredInDirection
behave-testing	Setup, Configure and Build	2026-09-22T09:41:31.8070081Z 150/292 Test #150: TrafficGenTest.SendFilteredInDirection ..................   Passed    0.00 sec
behave-testing	Setup, Configure and Build	2026-09-22T09:41:31.8071181Z         Start 151: TrafficGenTest.SendFilteredOutDirectionProducesNone
behave-testing	Setup, Configure and Build	2026-09-22T09:41:31.8121985Z 151/292 Test #151: TrafficGenTest.SendFilteredOutDirectionProducesNone .....   Passed    0.00 sec
behave-testing	Setup, Configure and Build	2026-09-22T09:41:31.8123481Z         Start 152: TrafficGenTest.SendLoopProducesNPackets
behave-testing	Setup, Configure and Build	2026-09-22T09:41:31.8181513Z 152/292 Test #152: TrafficGenTest.SendLoopProducesNPackets .................   Passed    0.01 sec
behave-testing	Setup, Configure and Build	2026-09-22T09:41:31.8183258Z         Start 153: TrafficGenTest.SendWithoutOpenReturnsNotOpen
behave-testing	Setup, Configure and Build	2026-09-22T09:41:31.8236171Z 153/292 Test #153: TrafficGenTest.SendWithoutOpenReturnsNotOpen ............   Passed    0.01 sec
behave-testing	Setup, Configure and Build	2026-09-22T09:41:31.8237290Z         Start 154: VerilatorSenderBeat.FullBeat
behave-testing	Setup, Configure and Build	2026-09-22T09:41:31.8281340Z 154/292 Test #154: VerilatorSenderBeat.FullBeat ............................   Passed    0.00 sec
behave-testing	Setup, Configure and Build	2026-09-22T09:41:31.8282467Z         Start 155: VerilatorSenderBeat.PartialLastBeat
behave-testing	Setup, Configure and Build	2026-09-22T09:41:31.8326422Z 155/292 Test #155: VerilatorSenderBeat.PartialLastBeat .....................   Passed    0.00 sec
behave-testing	Setup, Configure and Build	2026-09-22T09:41:31.8327596Z         Start 156: WideField.Emits512BitFieldWithoutUB
behave-testing	Setup, Configure and Build	2026-09-22T09:41:31.8372949Z 156/292 Test #156: WideField.Emits512BitFieldWithoutUB .....................   Passed    0.00 sec
behave-testing	Setup, Configure and Build	2026-09-22T09:41:31.8374146Z         Start 157: TrafficGenTest.EmptyInterfaceProducesEmptyPacket
behave-testing	Setup, Configure and Build	2026-09-22T09:41:31.8535697Z 157/292 Test #157: TrafficGenTest.EmptyInterfaceProducesEmptyPacket ........   Passed    0.02 sec
behave-testing	Setup, Configure and Build	2026-09-22T09:41:31.8537156Z         Start 158: TrafficGenTest.SimpleVarProducesOneByte
behave-testing	Setup, Configure and Build	2026-09-22T09:41:31.8734817Z 158/292 Test #158: TrafficGenTest.SimpleVarProducesOneByte .................   Passed    0.02 sec
behave-testing	Setup, Configure and Build	2026-09-22T09:41:31.8736126Z         Start 159: TrafficGenTest.SimpleVarValueInExpectedSet
behave-testing	Setup, Configure and Build	2026-09-22T09:41:31.8903873Z 159/292 Test #159: TrafficGenTest.SimpleVarValueInExpectedSet ..............   Passed    0.02 sec
behave-testing	Setup, Configure and Build	2026-09-22T09:41:31.8905503Z         Start 160: TrafficGenTest.DeterministicWithSameSeed
behave-testing	Setup, Configure and Build	2026-09-22T09:41:31.9084002Z 160/292 Test #160: TrafficGenTest.DeterministicWithSameSeed ................   Passed    0.02 sec
behave-testing	Setup, Configure and Build	2026-09-22T09:41:31.9085769Z         Start 161: TrafficGenTest.DifferentSeedsDifferentPackets
behave-testing	Setup, Configure and Build	2026-09-22T09:41:31.9249468Z 161/292 Test #161: TrafficGenTest.DifferentSeedsDifferentPackets ...........   Passed    0.02 sec
behave-testing	Setup, Configure and Build	2026-09-22T09:41:31.9250614Z         Start 162: TrafficGenTest.OpenClose
behave-testing	Setup, Configure and Build	2026-09-22T09:41:31.9442067Z 162/292 Test #162: TrafficGenTest.OpenClose ................................   Passed    0.02 sec
behave-testing	Setup, Configure and Build	2026-09-22T09:41:31.9443744Z         Start 163: TrafficGenTest.SendNamedInterface
behave-testing	Setup, Configure and Build	2026-09-22T09:41:31.9608217Z 163/292 Test #163: TrafficGenTest.SendNamedInterface .......................   Passed    0.02 sec
behave-testing	Setup, Configure and Build	2026-09-22T09:41:31.9609284Z         Start 164: TrafficGenTest.SendUnknownInterfaceReturnsError
behave-testing	Setup, Configure and Build	2026-09-22T09:41:31.9768863Z 164/292 Test #164: TrafficGenTest.SendUnknownInterfaceReturnsError .........   Passed    0.02 sec
behave-testing	Setup, Configure and Build	2026-09-22T09:41:31.9770049Z         Start 165: TrafficGenTest.SendAllSendsOnePacketPerInterface
behave-testing	Setup, Configure and Build	2026-09-22T09:41:31.9958235Z 165/292 Test #165: TrafficGenTest.SendAllSendsOnePacketPerInterface ........   Passed    0.02 sec
behave-testing	Setup, Configure and Build	2026-09-22T09:41:31.9959515Z         Start 166: TrafficGenTest.SendFilteredInDirection
behave-testing	Setup, Configure and Build	2026-09-22T09:41:32.0130713Z 166/292 Test #166: TrafficGenTest.SendFilteredInDirection ..................   Passed    0.02 sec
behave-testing	Setup, Configure and Build	2026-09-22T09:41:32.0132343Z         Start 167: TrafficGenTest.SendFilteredOutDirectionProducesNone
behave-testing	Setup, Configure and Build	2026-09-22T09:41:32.0321471Z 167/292 Test #167: TrafficGenTest.SendFilteredOutDirectionProducesNone .....   Passed    0.02 sec
behave-testing	Setup, Configure and Build	2026-09-22T09:41:32.0322899Z         Start 168: TrafficGenTest.SendLoopProducesNPackets
behave-testing	Setup, Configure and Build	2026-09-22T09:41:32.0492234Z 168/292 Test #168: TrafficGenTest.SendLoopProducesNPackets .................   Passed    0.02 sec
behave-testing	Setup, Configure and Build	2026-09-22T09:41:32.0495765Z         Start 169: TrafficGenTest.SendWithoutOpenReturnsNotOpen
behave-testing	Setup, Configure and Build	2026-09-22T09:41:32.0658450Z 169/292 Test #169: TrafficGenTest.SendWithoutOpenReturnsNotOpen ............   Passed    0.02 sec
behave-testing	Setup, Configure and Build	2026-09-22T09:41:32.0659588Z         Start 170: VerilatorSenderBeat.FullBeat
behave-testing	Setup, Configure and Build	2026-09-22T09:41:32.0826599Z 170/292 Test #170: VerilatorSenderBeat.FullBeat ............................   Passed    0.02 sec
behave-testing	Setup, Configure and Build	2026-09-22T09:41:32.0828227Z         Start 171: VerilatorSenderBeat.PartialLastBeat
behave-testing	Setup, Configure and Build	2026-09-22T09:41:32.0987126Z 171/292 Test #171: VerilatorSenderBeat.PartialLastBeat .....................   Passed    0.02 sec
behave-testing	Setup, Configure and Build	2026-09-22T09:41:32.0988745Z         Start 172: WideField.Emits512BitFieldWithoutUB
behave-testing	Setup, Configure and Build	2026-09-22T09:41:32.1147324Z 172/292 Test #172: WideField.Emits512BitFieldWithoutUB .....................   Passed    0.02 sec
behave-testing	Setup, Configure and Build	2026-09-22T09:41:32.1148452Z         Start 173: TrafficGenTest.EmptyInterfaceProducesEmptyPacket
behave-testing	Setup, Configure and Build	2026-09-22T09:41:32.1203713Z 173/292 Test #173: TrafficGenTest.EmptyInterfaceProducesEmptyPacket ........   Passed    0.01 sec
behave-testing	Setup, Configure and Build	2026-09-22T09:41:32.1204943Z         Start 174: TrafficGenTest.SimpleVarProducesOneByte
behave-testing	Setup, Configure and Build	2026-09-22T09:41:32.1266005Z 174/292 Test #174: TrafficGenTest.SimpleVarProducesOneByte .................   Passed    0.01 sec
behave-testing	Setup, Configure and Build	2026-09-22T09:41:32.1267057Z         Start 175: TrafficGenTest.SimpleVarValueInExpectedSet
behave-testing	Setup, Configure and Build	2026-09-22T09:41:32.1309897Z 175/292 Test #175: TrafficGenTest.SimpleVarValueInExpectedSet ..............   Passed    0.00 sec
behave-testing	Setup, Configure and Build	2026-09-22T09:41:32.1310989Z         Start 176: TrafficGenTest.DeterministicWithSameSeed
behave-testing	Setup, Configure and Build	2026-09-22T09:41:32.1351471Z 176/292 Test #176: TrafficGenTest.DeterministicWithSameSeed ................   Passed    0.00 sec
behave-testing	Setup, Configure and Build	2026-09-22T09:41:32.1352658Z         Start 177: TrafficGenTest.DifferentSeedsDifferentPackets
behave-testing	Setup, Configure and Build	2026-09-22T09:41:32.1388283Z 177/292 Test #177: TrafficGenTest.DifferentSeedsDifferentPackets ...........   Passed    0.00 sec
behave-testing	Setup, Configure and Build	2026-09-22T09:41:32.1389183Z         Start 178: TrafficGenTest.OpenClose
behave-testing	Setup, Configure and Build	2026-09-22T09:41:32.1425230Z 178/292 Test #178: TrafficGenTest.OpenClose ................................   Passed    0.00 sec
behave-testing	Setup, Configure and Build	2026-09-22T09:41:32.1426249Z         Start 179: TrafficGenTest.SendNamedInterface
behave-testing	Setup, Configure and Build	2026-09-22T09:41:32.1462068Z 179/292 Test #179: TrafficGenTest.SendNamedInterface .......................   Passed    0.00 sec
behave-testing	Setup, Configure and Build	2026-09-22T09:41:32.1463057Z         Start 180: TrafficGenTest.SendUnknownInterfaceReturnsError
behave-testing	Setup, Configure and Build	2026-09-22T09:41:32.1497738Z 180/292 Test #180: TrafficGenTest.SendUnknownInterfaceReturnsError .........   Passed    0.00 sec
behave-testing	Setup, Configure and Build	2026-09-22T09:41:32.1498724Z         Start 181: TrafficGenTest.SendAllSendsOnePacketPerInterface
behave-testing	Setup, Configure and Build	2026-09-22T09:41:32.1534255Z 181/292 Test #181: TrafficGenTest.SendAllSendsOnePacketPerInterface ........   Passed    0.00 sec
behave-testing	Setup, Configure and Build	2026-09-22T09:41:32.1535475Z         Start 182: TrafficGenTest.SendFilteredInDirection
behave-testing	Setup, Configure and Build	2026-09-22T09:41:32.1572284Z 182/292 Test #182: TrafficGenTest.SendFilteredInDirection ..................   Passed    0.00 sec
behave-testing	Setup, Configure and Build	2026-09-22T09:41:32.1573467Z         Start 183: TrafficGenTest.SendFilteredOutDirectionProducesNone
behave-testing	Setup, Configure and Build	2026-09-22T09:41:32.1611347Z 183/292 Test #183: TrafficGenTest.SendFilteredOutDirectionProducesNone .....   Passed    0.00 sec
behave-testing	Setup, Configure and Build	2026-09-22T09:41:32.1612579Z         Start 184: TrafficGenTest.SendLoopProducesNPackets
behave-testing	Setup, Configure and Build	2026-09-22T09:41:32.1651547Z 184/292 Test #184: TrafficGenTest.SendLoopProducesNPackets .................   Passed    0.00 sec
behave-testing	Setup, Configure and Build	2026-09-22T09:41:32.1652555Z         Start 185: TrafficGenTest.SendWithoutOpenReturnsNotOpen
behave-testing	Setup, Configure and Build	2026-09-22T09:41:32.1690610Z 185/292 Test #185: TrafficGenTest.SendWithoutOpenReturnsNotOpen ............   Passed    0.00 sec
behave-testing	Setup, Configure and Build	2026-09-22T09:41:32.1691458Z         Start 186: VerilatorSenderBeat.FullBeat
behave-testing	Setup, Configure and Build	2026-09-22T09:41:32.1722439Z 186/292 Test #186: VerilatorSenderBeat.FullBeat ............................   Passed    0.00 sec
behave-testing	Setup, Configure and Build	2026-09-22T09:41:32.1723304Z         Start 187: VerilatorSenderBeat.PartialLastBeat
behave-testing	Setup, Configure and Build	2026-09-22T09:41:32.1754360Z 187/292 Test #187: VerilatorSenderBeat.PartialLastBeat .....................   Passed    0.00 sec
behave-testing	Setup, Configure and Build	2026-09-22T09:41:32.1755720Z         Start 188: WideField.Emits512BitFieldWithoutUB
behave-testing	Setup, Configure and Build	2026-09-22T09:41:32.1788519Z 188/292 Test #188: WideField.Emits512BitFieldWithoutUB .....................   Passed    0.00 sec
behave-testing	Setup, Configure and Build	2026-09-22T09:41:32.1789340Z         Start 189: AdpFuzzTest.VarCount
behave-testing	Setup, Configure and Build	2026-09-22T09:41:32.1844587Z 189/292 Test #189: AdpFuzzTest.VarCount ....................................   Passed    0.01 sec
behave-testing	Setup, Configure and Build	2026-09-22T09:41:32.1846068Z         Start 190: AdpFuzzTest.MessageTypeConstraints
behave-testing	Setup, Configure and Build	2026-09-22T09:41:32.1901868Z 190/292 Test #190: AdpFuzzTest.MessageTypeConstraints ......................   Passed    0.01 sec
behave-testing	Setup, Configure and Build	2026-09-22T09:41:32.1903019Z         Start 191: AdpFuzzTest.ValidTimeRangeConstraint
behave-testing	Setup, Configure and Build	2026-09-22T09:41:32.1957275Z 191/292 Test #191: AdpFuzzTest.ValidTimeRangeConstraint ....................   Passed    0.01 sec
behave-testing	Setup, Configure and Build	2026-09-22T09:41:32.1958458Z         Start 192: AdpFuzzTest.ControlDataLengthFixed
behave-testing	Setup, Configure and Build	2026-09-22T09:41:32.2011706Z 192/292 Test #192: AdpFuzzTest.ControlDataLengthFixed ......................   Passed    0.01 sec
behave-testing	Setup, Configure and Build	2026-09-22T09:41:32.2012761Z         Start 193: AdpFuzzTest.TalkerCapabilitiesMask
behave-testing	Setup, Configure and Build	2026-09-22T09:41:32.2064786Z 193/292 Test #193: AdpFuzzTest.TalkerCapabilitiesMask ......................   Passed    0.01 sec
behave-testing	Setup, Configure and Build	2026-09-22T09:41:32.2065884Z         Start 194: AdpFuzzTest.ListenerCapabilitiesMask
behave-testing	Setup, Configure and Build	2026-09-22T09:41:32.2120425Z 194/292 Test #194: AdpFuzzTest.ListenerCapabilitiesMask ....................   Passed    0.01 sec
behave-testing	Setup, Configure and Build	2026-09-22T09:41:32.2121421Z         Start 195: AdpFuzzTest.ControllerCapabilitiesMask
behave-testing	Setup, Configure and Build	2026-09-22T09:41:32.2174078Z 195/292 Test #195: AdpFuzzTest.ControllerCapabilitiesMask ..................   Passed    0.01 sec
behave-testing	Setup, Configure and Build	2026-09-22T09:41:32.2175448Z         Start 196: AdpFuzzTest.ReservedFieldsAreFixed
behave-testing	Setup, Configure and Build	2026-09-22T09:41:32.2230016Z 196/292 Test #196: AdpFuzzTest.ReservedFieldsAreFixed ......................   Passed    0.01 sec
behave-testing	Setup, Configure and Build	2026-09-22T09:41:32.2231141Z         Start 197: AdpFuzzTest.InterfaceCount
behave-testing	Setup, Configure and Build	2026-09-22T09:41:32.2284417Z 197/292 Test #197: AdpFuzzTest.InterfaceCount ..............................   Passed    0.01 sec
behave-testing	Setup, Configure and Build	2026-09-22T09:41:32.2285486Z         Start 198: AdpFuzzTest.IfDataDirection
behave-testing	Setup, Configure and Build	2026-09-22T09:41:32.2338102Z 198/292 Test #198: AdpFuzzTest.IfDataDirection .............................   Passed    0.01 sec
behave-testing	Setup, Configure and Build	2026-09-22T09:41:32.2339044Z         Start 199: AdpFuzzTest.IfDataHas20VarRefs
behave-testing	Setup, Configure and Build	2026-09-22T09:41:32.2391058Z 199/292 Test #199: AdpFuzzTest.IfDataHas20VarRefs ..........................   Passed    0.01 sec
behave-testing	Setup, Configure and Build	2026-09-22T09:41:32.2392039Z         Start 200: AdpFuzzTest.IfDataFirstVarRefIsMessageType
behave-testing	Setup, Configure and Build	2026-09-22T09:41:32.2443093Z 200/292 Test #200: AdpFuzzTest.IfDataFirstVarRefIsMessageType ..............   Passed    0.00 sec
behave-testing	Setup, Configure and Build	2026-09-22T09:41:32.2444373Z         Start 201: AdpFuzzTest.IfDataLastVarRefIsReserved1
behave-testing	Setup, Configure and Build	2026-09-22T09:41:32.2495696Z 201/292 Test #201: AdpFuzzTest.IfDataLastVarRefIsReserved1 .................   Passed    0.01 sec
behave-testing	Setup, Configure and Build	2026-09-22T09:41:32.2496815Z         Start 202: AdpFuzzTest.FullAdpPacketIs67Bytes
behave-testing	Setup, Configure and Build	2026-09-22T09:41:32.2567365Z 202/292 Test #202: AdpFuzzTest.FullAdpPacketIs67Bytes ......................   Passed    0.01 sec
behave-testing	Setup, Configure and Build	2026-09-22T09:41:32.2568407Z         Start 203: AdpFuzzTest.MessageTypeAlwaysValid
behave-testing	Setup, Configure and Build	2026-09-22T09:41:32.2638255Z 203/292 Test #203: AdpFuzzTest.MessageTypeAlwaysValid ......................   Passed    0.01 sec
behave-testing	Setup, Configure and Build	2026-09-22T09:41:32.2639239Z         Start 204: AdpFuzzTest.ValidTimeAlwaysInRange
behave-testing	Setup, Configure and Build	2026-09-22T09:41:32.2711485Z 204/292 Test #204: AdpFuzzTest.ValidTimeAlwaysInRange ......................   Passed    0.01 sec
behave-testing	Setup, Configure and Build	2026-09-22T09:41:32.2712440Z         Start 205: AdpFuzzTest.ControlDataLengthAlways56
behave-testing	Setup, Configure and Build	2026-09-22T09:41:32.2774268Z 205/292 Test #205: AdpFuzzTest.ControlDataLengthAlways56 ...................   Passed    0.01 sec
behave-testing	Setup, Configure and Build	2026-09-22T09:41:32.2775461Z         Start 206: AdpFuzzTest.TalkerCapsRespectMask
behave-testing	Setup, Configure and Build	2026-09-22T09:41:32.2850019Z 206/292 Test #206: AdpFuzzTest.TalkerCapsRespectMask .......................   Passed    0.01 sec
behave-testing	Setup, Configure and Build	2026-09-22T09:41:32.2850939Z         Start 207: AdpFuzzTest.ListenerCapsRespectMask
behave-testing	Setup, Configure and Build	2026-09-22T09:41:32.2925192Z 207/292 Test #207: AdpFuzzTest.ListenerCapsRespectMask .....................   Passed    0.01 sec
behave-testing	Setup, Configure and Build	2026-09-22T09:41:32.2926095Z         Start 208: AdpFuzzTest.ControllerCapsRespectMask
behave-testing	Setup, Configure and Build	2026-09-22T09:41:32.3003389Z 208/292 Test #208: AdpFuzzTest.ControllerCapsRespectMask ...................   Passed    0.01 sec
behave-testing	Setup, Configure and Build	2026-09-22T09:41:32.3004399Z         Start 209: AdpFuzzTest.ReservedFieldsAlwaysZero
behave-testing	Setup, Configure and Build	2026-09-22T09:41:32.3066555Z 209/292 Test #209: AdpFuzzTest.ReservedFieldsAlwaysZero ....................   Passed    0.01 sec
behave-testing	Setup, Configure and Build	2026-09-22T09:41:32.3067773Z         Start 210: AdpFuzzTest.AvailableIndexAlwaysValid
behave-testing	Setup, Configure and Build	2026-09-22T09:41:32.3129631Z 210/292 Test #210: AdpFuzzTest.AvailableIndexAlwaysValid ...................   Passed    0.01 sec
behave-testing	Setup, Configure and Build	2026-09-22T09:41:32.3130748Z         Start 211: AdpFuzzTest.VarCount
behave-testing	Setup, Configure and Build	2026-09-22T09:41:32.3306707Z 211/292 Test #211: AdpFuzzTest.VarCount ....................................   Passed    0.02 sec
behave-testing	Setup, Configure and Build	2026-09-22T09:41:32.3307700Z         Start 212: AdpFuzzTest.MessageTypeConstraints
behave-testing	Setup, Configure and Build	2026-09-22T09:41:32.3482596Z 212/292 Test #212: AdpFuzzTest.MessageTypeConstraints ......................   Passed    0.02 sec
behave-testing	Setup, Configure and Build	2026-09-22T09:41:32.3483867Z         Start 213: AdpFuzzTest.ValidTimeRangeConstraint
behave-testing	Setup, Configure and Build	2026-09-22T09:41:32.3655682Z 213/292 Test #213: AdpFuzzTest.ValidTimeRangeConstraint ....................   Passed    0.02 sec
behave-testing	Setup, Configure and Build	2026-09-22T09:41:32.3656925Z         Start 214: AdpFuzzTest.ControlDataLengthFixed
behave-testing	Setup, Configure and Build	2026-09-22T09:41:32.3830875Z 214/292 Test #214: AdpFuzzTest.ControlDataLengthFixed ......................   Passed    0.02 sec
behave-testing	Setup, Configure and Build	2026-09-22T09:41:32.3832296Z         Start 215: AdpFuzzTest.TalkerCapabilitiesMask
behave-testing	Setup, Configure and Build	2026-09-22T09:41:32.4021241Z 215/292 Test #215: AdpFuzzTest.TalkerCapabilitiesMask ......................   Passed    0.02 sec
behave-testing	Setup, Configure and Build	2026-09-22T09:41:32.4022203Z         Start 216: AdpFuzzTest.ListenerCapabilitiesMask
behave-testing	Setup, Configure and Build	2026-09-22T09:41:32.4195474Z 216/292 Test #216: AdpFuzzTest.ListenerCapabilitiesMask ....................   Passed    0.02 sec
behave-testing	Setup, Configure and Build	2026-09-22T09:41:32.4196833Z         Start 217: AdpFuzzTest.ControllerCapabilitiesMask
behave-testing	Setup, Configure and Build	2026-09-22T09:41:32.4407582Z 217/292 Test #217: AdpFuzzTest.ControllerCapabilitiesMask ..................   Passed    0.02 sec
behave-testing	Setup, Configure and Build	2026-09-22T09:41:32.4408672Z         Start 218: AdpFuzzTest.ReservedFieldsAreFixed
behave-testing	Setup, Configure and Build	2026-09-22T09:41:32.4593418Z 218/292 Test #218: AdpFuzzTest.ReservedFieldsAreFixed ......................   Passed    0.02 sec
behave-testing	Setup, Configure and Build	2026-09-22T09:41:32.4594539Z         Start 219: AdpFuzzTest.InterfaceCount
behave-testing	Setup, Configure and Build	2026-09-22T09:41:32.4773449Z 219/292 Test #219: AdpFuzzTest.InterfaceCount ..............................   Passed    0.02 sec
behave-testing	Setup, Configure and Build	2026-09-22T09:41:32.4774647Z         Start 220: AdpFuzzTest.IfDataDirection
behave-testing	Setup, Configure and Build	2026-09-22T09:41:32.4949787Z 220/292 Test #220: AdpFuzzTest.IfDataDirection .............................   Passed    0.02 sec
behave-testing	Setup, Configure and Build	2026-09-22T09:41:32.4951002Z         Start 221: AdpFuzzTest.IfDataHas20VarRefs
behave-testing	Setup, Configure and Build	2026-09-22T09:41:32.5134776Z 221/292 Test #221: AdpFuzzTest.IfDataHas20VarRefs ..........................   Passed    0.02 sec
behave-testing	Setup, Configure and Build	2026-09-22T09:41:32.5136083Z         Start 222: AdpFuzzTest.IfDataFirstVarRefIsMessageType
behave-testing	Setup, Configure and Build	2026-09-22T09:41:32.5309795Z 222/292 Test #222: AdpFuzzTest.IfDataFirstVarRefIsMessageType ..............   Passed    0.02 sec
behave-testing	Setup, Configure and Build	2026-09-22T09:41:32.5310937Z         Start 223: AdpFuzzTest.IfDataLastVarRefIsReserved1
behave-testing	Setup, Configure and Build	2026-09-22T09:41:32.5513293Z 223/292 Test #223: AdpFuzzTest.IfDataLastVarRefIsReserved1 .................   Passed    0.02 sec
behave-testing	Setup, Configure and Build	2026-09-22T09:41:32.5514458Z         Start 224: AdpFuzzTest.FullAdpPacketIs67Bytes
behave-testing	Setup, Configure and Build	2026-09-22T09:41:32.5785929Z 224/292 Test #224: AdpFuzzTest.FullAdpPacketIs67Bytes ......................   Passed    0.03 sec
behave-testing	Setup, Configure and Build	2026-09-22T09:41:32.5786840Z         Start 225: AdpFuzzTest.MessageTypeAlwaysValid
behave-testing	Setup, Configure and Build	2026-09-22T09:41:32.6013518Z 225/292 Test #225: AdpFuzzTest.MessageTypeAlwaysValid ......................   Passed    0.02 sec
behave-testing	Setup, Configure and Build	2026-09-22T09:41:32.6014697Z         Start 226: AdpFuzzTest.ValidTimeAlwaysInRange
behave-testing	Setup, Configure and Build	2026-09-22T09:41:32.6217105Z 226/292 Test #226: AdpFuzzTest.ValidTimeAlwaysInRange ......................   Passed    0.02 sec
behave-testing	Setup, Configure and Build	2026-09-22T09:41:32.6218172Z         Start 227: AdpFuzzTest.ControlDataLengthAlways56
behave-testing	Setup, Configure and Build	2026-09-22T09:41:32.6388788Z 227/292 Test #227: AdpFuzzTest.ControlDataLengthAlways56 ...................   Passed    0.02 sec
behave-testing	Setup, Configure and Build	2026-09-22T09:41:32.6389995Z         Start 228: AdpFuzzTest.TalkerCapsRespectMask
behave-testing	Setup, Configure and Build	2026-09-22T09:41:32.6641649Z 228/292 Test #228: AdpFuzzTest.TalkerCapsRespectMask .......................   Passed    0.02 sec
behave-testing	Setup, Configure and Build	2026-09-22T09:41:32.6643403Z         Start 229: AdpFuzzTest.ListenerCapsRespectMask
behave-testing	Setup, Configure and Build	2026-09-22T09:41:32.6867359Z 229/292 Test #229: AdpFuzzTest.ListenerCapsRespectMask .....................   Passed    0.02 sec
behave-testing	Setup, Configure and Build	2026-09-22T09:41:32.6868848Z         Start 230: AdpFuzzTest.ControllerCapsRespectMask
behave-testing	Setup, Configure and Build	2026-09-22T09:41:32.7122128Z 230/292 Test #230: AdpFuzzTest.ControllerCapsRespectMask ...................   Passed    0.03 sec
behave-testing	Setup, Configure and Build	2026-09-22T09:41:32.7123308Z         Start 231: AdpFuzzTest.ReservedFieldsAlwaysZero
behave-testing	Setup, Configure and Build	2026-09-22T09:41:32.7330797Z 231/292 Test #231: AdpFuzzTest.ReservedFieldsAlwaysZero ....................   Passed    0.02 sec
behave-testing	Setup, Configure and Build	2026-09-22T09:41:32.7331946Z         Start 232: AdpFuzzTest.AvailableIndexAlwaysValid
behave-testing	Setup, Configure and Build	2026-09-22T09:41:32.7520695Z 232/292 Test #232: AdpFuzzTest.AvailableIndexAlwaysValid ...................   Passed    0.02 sec
behave-testing	Setup, Configure and Build	2026-09-22T09:41:32.7521779Z         Start 233: AdpFuzzTest.VarCount
behave-testing	Setup, Configure and Build	2026-09-22T09:41:32.7574479Z 233/292 Test #233: AdpFuzzTest.VarCount ....................................   Passed    0.01 sec
behave-testing	Setup, Configure and Build	2026-09-22T09:41:32.7575573Z         Start 234: AdpFuzzTest.MessageTypeConstraints
behave-testing	Setup, Configure and Build	2026-09-22T09:41:32.7621942Z 234/292 Test #234: AdpFuzzTest.MessageTypeConstraints ......................   Passed    0.00 sec
behave-testing	Setup, Configure and Build	2026-09-22T09:41:32.7623105Z         Start 235: AdpFuzzTest.ValidTimeRangeConstraint
behave-testing	Setup, Configure and Build	2026-09-22T09:41:32.7687041Z 235/292 Test #235: AdpFuzzTest.ValidTimeRangeConstraint ....................   Passed    0.01 sec
behave-testing	Setup, Configure and Build	2026-09-22T09:41:32.7688227Z         Start 236: AdpFuzzTest.ControlDataLengthFixed
behave-testing	Setup, Configure and Build	2026-09-22T09:41:32.7734502Z 236/292 Test #236: AdpFuzzTest.ControlDataLengthFixed ......................   Passed    0.00 sec
behave-testing	Setup, Configure and Build	2026-09-22T09:41:32.7736194Z         Start 237: AdpFuzzTest.TalkerCapabilitiesMask
behave-testing	Setup, Configure and Build	2026-09-22T09:41:32.7779327Z 237/292 Test #237: AdpFuzzTest.TalkerCapabilitiesMask ......................   Passed    0.00 sec
behave-testing	Setup, Configure and Build	2026-09-22T09:41:32.7780575Z         Start 238: AdpFuzzTest.ListenerCapabilitiesMask
behave-testing	Setup, Configure and Build	2026-09-22T09:41:32.7822018Z 238/292 Test #238: AdpFuzzTest.ListenerCapabilitiesMask ....................   Passed    0.00 sec
behave-testing	Setup, Configure and Build	2026-09-22T09:41:32.7823089Z         Start 239: AdpFuzzTest.ControllerCapabilitiesMask
behave-testing	Setup, Configure and Build	2026-09-22T09:41:32.7863398Z 239/292 Test #239: AdpFuzzTest.ControllerCapabilitiesMask ..................   Passed    0.00 sec
behave-testing	Setup, Configure and Build	2026-09-22T09:41:32.7864453Z         Start 240: AdpFuzzTest.ReservedFieldsAreFixed
behave-testing	Setup, Configure and Build	2026-09-22T09:41:32.7903675Z 240/292 Test #240: AdpFuzzTest.ReservedFieldsAreFixed ......................   Passed    0.00 sec
behave-testing	Setup, Configure and Build	2026-09-22T09:41:32.7904596Z         Start 241: AdpFuzzTest.InterfaceCount
behave-testing	Setup, Configure and Build	2026-09-22T09:41:32.7943588Z 241/292 Test #241: AdpFuzzTest.InterfaceCount ..............................   Passed    0.00 sec
behave-testing	Setup, Configure and Build	2026-09-22T09:41:32.7944590Z         Start 242: AdpFuzzTest.IfDataDirection
behave-testing	Setup, Configure and Build	2026-09-22T09:41:32.7983116Z 242/292 Test #242: AdpFuzzTest.IfDataDirection .............................   Passed    0.00 sec
behave-testing	Setup, Configure and Build	2026-09-22T09:41:32.7984229Z         Start 243: AdpFuzzTest.IfDataHas20VarRefs
behave-testing	Setup, Configure and Build	2026-09-22T09:41:32.8022304Z 243/292 Test #243: AdpFuzzTest.IfDataHas20VarRefs ..........................   Passed    0.00 sec
behave-testing	Setup, Configure and Build	2026-09-22T09:41:32.8023267Z         Start 244: AdpFuzzTest.IfDataFirstVarRefIsMessageType
behave-testing	Setup, Configure and Build	2026-09-22T09:41:32.8061585Z 244/292 Test #244: AdpFuzzTest.IfDataFirstVarRefIsMessageType ..............   Passed    0.00 sec
behave-testing	Setup, Configure and Build	2026-09-22T09:41:32.8062563Z         Start 245: AdpFuzzTest.IfDataLastVarRefIsReserved1
behave-testing	Setup, Configure and Build	2026-09-22T09:41:32.8102704Z 245/292 Test #245: AdpFuzzTest.IfDataLastVarRefIsReserved1 .................   Passed    0.00 sec
behave-testing	Setup, Configure and Build	2026-09-22T09:41:32.8103779Z         Start 246: AdpFuzzTest.FullAdpPacketIs67Bytes
behave-testing	Setup, Configure and Build	2026-09-22T09:41:32.8156164Z 246/292 Test #246: AdpFuzzTest.FullAdpPacketIs67Bytes ......................   Passed    0.01 sec
behave-testing	Setup, Configure and Build	2026-09-22T09:41:32.8156934Z         Start 247: AdpFuzzTest.MessageTypeAlwaysValid
behave-testing	Setup, Configure and Build	2026-09-22T09:41:32.8207284Z 247/292 Test #247: AdpFuzzTest.MessageTypeAlwaysValid ......................   Passed    0.00 sec
behave-testing	Setup, Configure and Build	2026-09-22T09:41:32.8208153Z         Start 248: AdpFuzzTest.ValidTimeAlwaysInRange
behave-testing	Setup, Configure and Build	2026-09-22T09:41:32.8261258Z 248/292 Test #248: AdpFuzzTest.ValidTimeAlwaysInRange ......................   Passed    0.01 sec
behave-testing	Setup, Configure and Build	2026-09-22T09:41:32.8262151Z         Start 249: AdpFuzzTest.ControlDataLengthAlways56
behave-testing	Setup, Configure and Build	2026-09-22T09:41:32.8307270Z 249/292 Test #249: AdpFuzzTest.ControlDataLengthAlways56 ...................   Passed    0.00 sec
behave-testing	Setup, Configure and Build	2026-09-22T09:41:32.8308128Z         Start 250: AdpFuzzTest.TalkerCapsRespectMask
behave-testing	Setup, Configure and Build	2026-09-22T09:41:32.8363185Z 250/292 Test #250: AdpFuzzTest.TalkerCapsRespectMask .......................   Passed    0.01 sec
behave-testing	Setup, Configure and Build	2026-09-22T09:41:32.8364035Z         Start 251: AdpFuzzTest.ListenerCapsRespectMask
behave-testing	Setup, Configure and Build	2026-09-22T09:41:32.8419184Z 251/292 Test #251: AdpFuzzTest.ListenerCapsRespectMask .....................   Passed    0.01 sec
behave-testing	Setup, Configure and Build	2026-09-22T09:41:32.8420022Z         Start 252: AdpFuzzTest.ControllerCapsRespectMask
behave-testing	Setup, Configure and Build	2026-09-22T09:41:32.8480782Z 252/292 Test #252: AdpFuzzTest.ControllerCapsRespectMask ...................   Passed    0.01 sec
behave-testing	Setup, Configure and Build	2026-09-22T09:41:32.8481803Z         Start 253: AdpFuzzTest.ReservedFieldsAlwaysZero
behave-testing	Setup, Configure and Build	2026-09-22T09:41:32.8533747Z 253/292 Test #253: AdpFuzzTest.ReservedFieldsAlwaysZero ....................   Passed    0.01 sec
behave-testing	Setup, Configure and Build	2026-09-22T09:41:32.8534731Z         Start 254: AdpFuzzTest.AvailableIndexAlwaysValid
behave-testing	Setup, Configure and Build	2026-09-22T09:41:32.8584245Z 254/292 Test #254: AdpFuzzTest.AvailableIndexAlwaysValid ...................   Passed    0.00 sec
behave-testing	Setup, Configure and Build	2026-09-22T09:41:32.8585528Z         Start 255: PtpFlags.SyncModelPermitsOnlyTwoStepFlag
behave-testing	Setup, Configure and Build	2026-09-22T09:41:32.8751766Z 255/292 Test #255: PtpFlags.SyncModelPermitsOnlyTwoStepFlag ................   Passed    0.02 sec
behave-testing	Setup, Configure and Build	2026-09-22T09:41:32.8752971Z         Start 256: PtpFlags.FollowUpModelPermitsOnlyAllFlagsClear
behave-testing	Setup, Configure and Build	2026-09-22T09:41:32.8919490Z 256/292 Test #256: PtpFlags.FollowUpModelPermitsOnlyAllFlagsClear ..........   Passed    0.02 sec
behave-testing	Setup, Configure and Build	2026-09-22T09:41:32.8920580Z         Start 257: PtpFlags.PdelayModelsKeepTheirStrictFlags
behave-testing	Setup, Configure and Build	2026-09-22T09:41:32.9085547Z 257/292 Test #257: PtpFlags.PdelayModelsKeepTheirStrictFlags ...............   Passed    0.02 sec
behave-testing	Setup, Configure and Build	2026-09-22T09:41:32.9086589Z         Start 258: PtpFlags.NoMediaDependentModelPermitsPtpTimescale
behave-testing	Setup, Configure and Build	2026-09-22T09:41:32.9255734Z 258/292 Test #258: PtpFlags.NoMediaDependentModelPermitsPtpTimescale .......   Passed    0.02 sec
behave-testing	Setup, Configure and Build	2026-09-22T09:41:32.9257127Z         Start 259: PtpFlags.GeneratedSyncFramesCarryTwoStepFlagOnly
behave-testing	Setup, Configure and Build	2026-09-22T09:41:32.9512625Z 259/292 Test #259: PtpFlags.GeneratedSyncFramesCarryTwoStepFlagOnly ........   Passed    0.03 sec
behave-testing	Setup, Configure and Build	2026-09-22T09:41:32.9513757Z         Start 260: PtpFlags.GeneratedFollowUpFramesCarryNoFlags
behave-testing	Setup, Configure and Build	2026-09-22T09:41:32.9798333Z 260/292 Test #260: PtpFlags.GeneratedFollowUpFramesCarryNoFlags ............   Passed    0.03 sec
behave-testing	Setup, Configure and Build	2026-09-22T09:41:32.9799551Z         Start 261: PtpFlags.GeneratedPdelayFramesKeepTheirStrictFlags
behave-testing	Setup, Configure and Build	2026-09-22T09:41:33.0250006Z 261/292 Test #261: PtpFlags.GeneratedPdelayFramesKeepTheirStrictFlags ......   Passed    0.04 sec
behave-testing	Setup, Configure and Build	2026-09-22T09:41:33.0251228Z         Start 262: PtpFlags.GeneratedFramesMatchTheirModelsFlags
behave-testing	Setup, Configure and Build	2026-09-22T09:41:33.0763034Z 262/292 Test #262: PtpFlags.GeneratedFramesMatchTheirModelsFlags ...........   Passed    0.05 sec
behave-testing	Setup, Configure and Build	2026-09-22T09:41:33.0764257Z         Start 263: PtpFlags.DecoderRecoversOutOfProfileFlagsVerbatim
behave-testing	Setup, Configure and Build	2026-09-22T09:41:33.0934148Z 263/292 Test #263: PtpFlags.DecoderRecoversOutOfProfileFlagsVerbatim .......   Passed    0.02 sec
behave-testing	Setup, Configure and Build	2026-09-22T09:41:33.0935577Z         Start 264: PtpFlags.DecodingDoesNotApplyTheTransmitConstraint
behave-testing	Setup, Configure and Build	2026-09-22T09:41:33.1101912Z 264/292 Test #264: PtpFlags.DecodingDoesNotApplyTheTransmitConstraint ......   Passed    0.02 sec
behave-testing	Setup, Configure and Build	2026-09-22T09:41:33.1103024Z         Start 265: PtpFlags.SyncModelPermitsOnlyTwoStepFlag
behave-testing	Setup, Configure and Build	2026-09-22T09:41:33.1516688Z 265/292 Test #265: PtpFlags.SyncModelPermitsOnlyTwoStepFlag ................   Passed    0.04 sec
behave-testing	Setup, Configure and Build	2026-09-22T09:41:33.1517901Z         Start 266: PtpFlags.FollowUpModelPermitsOnlyAllFlagsClear
behave-testing	Setup, Configure and Build	2026-09-22T09:41:33.2048675Z 266/292 Test #266: PtpFlags.FollowUpModelPermitsOnlyAllFlagsClear ..........   Passed    0.05 sec
behave-testing	Setup, Configure and Build	2026-09-22T09:41:33.2050150Z         Start 267: PtpFlags.PdelayModelsKeepTheirStrictFlags
behave-testing	Setup, Configure and Build	2026-09-22T09:41:33.2464753Z 267/292 Test #267: PtpFlags.PdelayModelsKeepTheirStrictFlags ...............   Passed    0.04 sec
behave-testing	Setup, Configure and Build	2026-09-22T09:41:33.2466383Z         Start 268: PtpFlags.NoMediaDependentModelPermitsPtpTimescale
behave-testing	Setup, Configure and Build	2026-09-22T09:41:33.2946390Z 268/292 Test #268: PtpFlags.NoMediaDependentModelPermitsPtpTimescale .......   Passed    0.05 sec
behave-testing	Setup, Configure and Build	2026-09-22T09:41:33.2947534Z         Start 269: PtpFlags.GeneratedSyncFramesCarryTwoStepFlagOnly
behave-testing	Setup, Configure and Build	2026-09-22T09:41:33.3584265Z 269/292 Test #269: PtpFlags.GeneratedSyncFramesCarryTwoStepFlagOnly ........   Passed    0.06 sec
behave-testing	Setup, Configure and Build	2026-09-22T09:41:33.3585520Z         Start 270: PtpFlags.GeneratedFollowUpFramesCarryNoFlags
behave-testing	Setup, Configure and Build	2026-09-22T09:41:33.4250067Z 270/292 Test #270: PtpFlags.GeneratedFollowUpFramesCarryNoFlags ............   Passed    0.07 sec
behave-testing	Setup, Configure and Build	2026-09-22T09:41:33.4251185Z         Start 271: PtpFlags.GeneratedPdelayFramesKeepTheirStrictFlags
behave-testing	Setup, Configure and Build	2026-09-22T09:41:33.5241125Z 271/292 Test #271: PtpFlags.GeneratedPdelayFramesKeepTheirStrictFlags ......   Passed    0.10 sec
behave-testing	Setup, Configure and Build	2026-09-22T09:41:33.5242142Z         Start 272: PtpFlags.GeneratedFramesMatchTheirModelsFlags
behave-testing	Setup, Configure and Build	2026-09-22T09:41:33.6406473Z 272/292 Test #272: PtpFlags.GeneratedFramesMatchTheirModelsFlags ...........   Passed    0.12 sec
behave-testing	Setup, Configure and Build	2026-09-22T09:41:33.6407494Z         Start 273: PtpFlags.DecoderRecoversOutOfProfileFlagsVerbatim
behave-testing	Setup, Configure and Build	2026-09-22T09:41:33.6871033Z 273/292 Test #273: PtpFlags.DecoderRecoversOutOfProfileFlagsVerbatim .......   Passed    0.05 sec
behave-testing	Setup, Configure and Build	2026-09-22T09:41:33.6872458Z         Start 274: PtpFlags.DecodingDoesNotApplyTheTransmitConstraint
behave-testing	Setup, Configure and Build	2026-09-22T09:41:33.7314331Z 274/292 Test #274: PtpFlags.DecodingDoesNotApplyTheTransmitConstraint ......   Passed    0.04 sec
behave-testing	Setup, Configure and Build	2026-09-22T09:41:33.7316476Z         Start 275: PtpFlags.SyncModelPermitsOnlyTwoStepFlag
behave-testing	Setup, Configure and Build	2026-09-22T09:41:33.7451681Z 275/292 Test #275: PtpFlags.SyncModelPermitsOnlyTwoStepFlag ................   Passed    0.01 sec
behave-testing	Setup, Configure and Build	2026-09-22T09:41:33.7452736Z         Start 276: PtpFlags.FollowUpModelPermitsOnlyAllFlagsClear
behave-testing	Setup, Configure and Build	2026-09-22T09:41:33.7579600Z 276/292 Test #276: PtpFlags.FollowUpModelPermitsOnlyAllFlagsClear ..........   Passed    0.01 sec
behave-testing	Setup, Configure and Build	2026-09-22T09:41:33.7580493Z         Start 277: PtpFlags.PdelayModelsKeepTheirStrictFlags
behave-testing	Setup, Configure and Build	2026-09-22T09:41:33.7706446Z 277/292 Test #277: PtpFlags.PdelayModelsKeepTheirStrictFlags ...............   Passed    0.01 sec
behave-testing	Setup, Configure and Build	2026-09-22T09:41:33.7707514Z         Start 278: PtpFlags.NoMediaDependentModelPermitsPtpTimescale
behave-testing	Setup, Configure and Build	2026-09-22T09:41:33.7837909Z 278/292 Test #278: PtpFlags.NoMediaDependentModelPermitsPtpTimescale .......   Passed    0.01 sec
behave-testing	Setup, Configure and Build	2026-09-22T09:41:33.7839302Z         Start 279: PtpFlags.GeneratedSyncFramesCarryTwoStepFlagOnly
behave-testing	Setup, Configure and Build	2026-09-22T09:41:33.8031642Z 279/292 Test #279: PtpFlags.GeneratedSyncFramesCarryTwoStepFlagOnly ........   Passed    0.02 sec
behave-testing	Setup, Configure and Build	2026-09-22T09:41:33.8032778Z         Start 280: PtpFlags.GeneratedFollowUpFramesCarryNoFlags
behave-testing	Setup, Configure and Build	2026-09-22T09:41:33.8238919Z 280/292 Test #280: PtpFlags.GeneratedFollowUpFramesCarryNoFlags ............   Passed    0.02 sec
behave-testing	Setup, Configure and Build	2026-09-22T09:41:33.8240110Z         Start 281: PtpFlags.GeneratedPdelayFramesKeepTheirStrictFlags
behave-testing	Setup, Configure and Build	2026-09-22T09:41:33.8564400Z 281/292 Test #281: PtpFlags.GeneratedPdelayFramesKeepTheirStrictFlags ......   Passed    0.03 sec
behave-testing	Setup, Configure and Build	2026-09-22T09:41:33.8565878Z         Start 282: PtpFlags.GeneratedFramesMatchTheirModelsFlags
behave-testing	Setup, Configure and Build	2026-09-22T09:41:33.8913630Z 282/292 Test #282: PtpFlags.GeneratedFramesMatchTheirModelsFlags ...........   Passed    0.03 sec
behave-testing	Setup, Configure and Build	2026-09-22T09:41:33.8914784Z         Start 283: PtpFlags.DecoderRecoversOutOfProfileFlagsVerbatim
behave-testing	Setup, Configure and Build	2026-09-22T09:41:33.9044820Z 283/292 Test #283: PtpFlags.DecoderRecoversOutOfProfileFlagsVerbatim .......   Passed    0.01 sec
behave-testing	Setup, Configure and Build	2026-09-22T09:41:33.9046222Z         Start 284: PtpFlags.DecodingDoesNotApplyTheTransmitConstraint
behave-testing	Setup, Configure and Build	2026-09-22T09:41:33.9173837Z 284/292 Test #284: PtpFlags.DecodingDoesNotApplyTheTransmitConstraint ......   Passed    0.01 sec
behave-testing	Setup, Configure and Build	2026-09-22T09:41:33.9174937Z         Start 285: corpus_validates
behave-testing	Setup, Configure and Build	2026-09-22T09:41:33.9272446Z 285/292 Test #285: corpus_validates ........................................   Passed    0.01 sec
behave-testing	Setup, Configure and Build	2026-09-22T09:41:33.9273742Z         Start 286: sanitizer_probe-test.clean
behave-testing	Setup, Configure and Build	2026-09-22T09:41:33.9292477Z 286/292 Test #286: sanitizer_probe-test.clean ..............................   Passed    0.00 sec
behave-testing	Setup, Configure and Build	2026-09-22T09:41:33.9293672Z         Start 287: sanitizer_probe-test_ASAN.clean
behave-testing	Setup, Configure and Build	2026-09-22T09:41:33.9370960Z 287/292 Test #287: sanitizer_probe-test_ASAN.clean .........................   Passed    0.01 sec
behave-testing	Setup, Configure and Build	2026-09-22T09:41:33.9372393Z         Start 288: sanitizer_probe-test_UBSAN.clean
behave-testing	Setup, Configure and Build	2026-09-22T09:41:33.9395586Z 288/292 Test #288: sanitizer_probe-test_UBSAN.clean ........................   Passed    0.00 sec
behave-testing	Setup, Configure and Build	2026-09-22T09:41:33.9398312Z         Start 289: sanitizer_probe-test_ASAN.library-heap-overflow
behave-testing	Setup, Configure and Build	2026-09-22T09:41:34.1581392Z 289/292 Test #289: sanitizer_probe-test_ASAN.library-heap-overflow .........   Passed    0.22 sec
behave-testing	Setup, Configure and Build	2026-09-22T09:41:34.1759909Z         Start 290: sanitizer_probe-test_ASAN.consumer-heap-overflow
behave-testing	Setup, Configure and Build	2026-09-22T09:41:34.2015348Z 290/292 Test #290: sanitizer_probe-test_ASAN.consumer-heap-overflow ........   Passed    0.03 sec
behave-testing	Setup, Configure and Build	2026-09-22T09:41:34.2016473Z         Start 291: sanitizer_probe-test_UBSAN.library-signed-overflow
behave-testing	Setup, Configure and Build	2026-09-22T09:41:34.2417992Z 291/292 Test #291: sanitizer_probe-test_UBSAN.library-signed-overflow ......   Passed    0.04 sec
behave-testing	Setup, Configure and Build	2026-09-22T09:41:34.2419030Z         Start 292: sanitizer_probe-test_UBSAN.consumer-signed-overflow
behave-testing	Setup, Configure and Build	2026-09-22T09:41:34.2477414Z 292/292 Test #292: sanitizer_probe-test_UBSAN.consumer-signed-overflow .....   Passed    0.01 sec
behave-testing	Setup, Configure and Build	2026-09-22T09:41:34.2483689Z 
behave-testing	Setup, Configure and Build	2026-09-22T09:41:34.2483921Z 100% tests passed, 0 tests failed out of 292
behave-testing	Setup, Configure and Build	2026-09-22T09:41:34.2484271Z 
behave-testing	Setup, Configure and Build	2026-09-22T09:41:34.2484448Z Total Test time (real) =   3.69 sec
behave-testing	Execute tests	﻿2026-09-22T09:41:34.3014541Z ##[group]Run ./tests/run-tests-behave.sh
behave-testing	Execute tests	2026-09-22T09:41:34.3014929Z ^[[36;1m./tests/run-tests-behave.sh^[[0m
behave-testing	Execute tests	2026-09-22T09:41:34.3052545Z shell: /usr/bin/bash -e {0}
behave-testing	Execute tests	2026-09-22T09:41:34.3052820Z ##[endgroup]
behave-testing	Execute tests	2026-09-22T09:41:39.4194643Z *** behave: /home/runner/work/tsn-gen/tsn-gen/traffic-gen/tests/aecp_behave/features
behave-testing	Execute tests	2026-09-22T09:41:39.5395222Z USING RUNNER: behave.runner:Runner
behave-testing	Execute tests	2026-09-22T09:41:39.5396421Z Feature: AECP AEM ACQUIRE_ENTITY and LOCK_ENTITY PDU generation # ../traffic-gen/tests/aecp_behave/features/aecp_acquire_lock_entity.feature:6
behave-testing	Execute tests	2026-09-22T09:41:39.5397119Z 
behave-testing	Execute tests	2026-09-22T09:41:39.5397675Z   Feature: AECP AEM ACQUIRE_ENTITY and LOCK_ENTITY PDU generation  # ../traffic-gen/tests/aecp_behave/features/aecp_acquire_lock_entity.feature:6
behave-testing	Execute tests	2026-09-22T09:41:39.5398771Z 
behave-testing	Execute tests	2026-09-22T09:41:39.5399397Z   Scenario: ACQUIRE_ENTITY command_type is always 0                                               # ../traffic-gen/tests/aecp_behave/features/aecp_acquire_lock_entity.feature:15
behave-testing	Execute tests	2026-09-22T09:41:39.5401078Z     Given the AECP protocol directory is loaded                                                   # ../traffic-gen/tests/aecp_behave/features/steps/packet_steps.py:17
behave-testing	Execute tests	2026-09-22T09:41:39.5408120Z     Given the interface "atdecc_aecp_acquire_entity::AECP_ACQUIRE_ENTITY::AECP_ACQUIRE_ENTITY_IF" # ../traffic-gen/tests/aecp_behave/features/steps/packet_steps.py:24
behave-testing	Execute tests	2026-09-22T09:41:39.5409451Z     When I generate 200 packets with seed 10                                                      # ../traffic-gen/tests/aecp_behave/features/steps/packet_steps.py:62
behave-testing	Execute tests	2026-09-22T09:41:39.5549097Z     Then the field "command_type" always equals 0                                                 # ../traffic-gen/tests/aecp_behave/features/steps/packet_steps.py:95
behave-testing	Execute tests	2026-09-22T09:41:39.5553891Z 
behave-testing	Execute tests	2026-09-22T09:41:39.5554825Z   Scenario: ACQUIRE_ENTITY acquire_entity_flags respects PERSISTENT|RELEASE mask                  # ../traffic-gen/tests/aecp_behave/features/aecp_acquire_lock_entity.feature:20
behave-testing	Execute tests	2026-09-22T09:41:39.5556859Z     Given the AECP protocol directory is loaded                                                   # ../traffic-gen/tests/aecp_behave/features/steps/packet_steps.py:17
behave-testing	Execute tests	2026-09-22T09:41:39.5558780Z     Given the interface "atdecc_aecp_acquire_entity::AECP_ACQUIRE_ENTITY::AECP_ACQUIRE_ENTITY_IF" # ../traffic-gen/tests/aecp_behave/features/steps/packet_steps.py:24
behave-testing	Execute tests	2026-09-22T09:41:39.5560467Z     When I generate 500 packets with seed 11                                                      # ../traffic-gen/tests/aecp_behave/features/steps/packet_steps.py:62
behave-testing	Execute tests	2026-09-22T09:41:39.5787358Z     Then the field "acquire_entity_flags" always satisfies mask 0xC0000000                        # ../traffic-gen/tests/aecp_behave/features/steps/packet_steps.py:126
behave-testing	Execute tests	2026-09-22T09:41:39.5793331Z 
behave-testing	Execute tests	2026-09-22T09:41:39.5794352Z   Scenario: ACQUIRE_ENTITY descriptor_type is a valid IEEE 1722.1 descriptor                      # ../traffic-gen/tests/aecp_behave/features/aecp_acquire_lock_entity.feature:25
behave-testing	Execute tests	2026-09-22T09:41:39.5796188Z     Given the AECP protocol directory is loaded                                                   # ../traffic-gen/tests/aecp_behave/features/steps/packet_steps.py:17
behave-testing	Execute tests	2026-09-22T09:41:39.5797568Z     Given the interface "atdecc_aecp_acquire_entity::AECP_ACQUIRE_ENTITY::AECP_ACQUIRE_ENTITY_IF" # ../traffic-gen/tests/aecp_behave/features/steps/packet_steps.py:24
behave-testing	Execute tests	2026-09-22T09:41:39.5798829Z     When I generate 500 packets with seed 12                                                      # ../traffic-gen/tests/aecp_behave/features/steps/packet_steps.py:62
behave-testing	Execute tests	2026-09-22T09:41:39.6020194Z     Then the field "descriptor_type" is always in range [0, 37]                                   # ../traffic-gen/tests/aecp_behave/features/steps/packet_steps.py:116
behave-testing	Execute tests	2026-09-22T09:41:39.6026304Z 
behave-testing	Execute tests	2026-09-22T09:41:39.6027350Z   Scenario: ACQUIRE_ENTITY message_type is AEM_COMMAND or AEM_RESPONSE                            # ../traffic-gen/tests/aecp_behave/features/aecp_acquire_lock_entity.feature:30
behave-testing	Execute tests	2026-09-22T09:41:39.6029247Z     Given the AECP protocol directory is loaded                                                   # ../traffic-gen/tests/aecp_behave/features/steps/packet_steps.py:17
behave-testing	Execute tests	2026-09-22T09:41:39.6031811Z     Given the interface "atdecc_aecp_acquire_entity::AECP_ACQUIRE_ENTITY::AECP_ACQUIRE_ENTITY_IF" # ../traffic-gen/tests/aecp_behave/features/steps/packet_steps.py:24
behave-testing	Execute tests	2026-09-22T09:41:39.6033201Z     When I generate 500 packets with seed 13                                                      # ../traffic-gen/tests/aecp_behave/features/steps/packet_steps.py:62
behave-testing	Execute tests	2026-09-22T09:41:39.6266180Z     Then the field "message_type" is always one of [0, 1]                                         # ../traffic-gen/tests/aecp_behave/features/steps/packet_steps.py:137
behave-testing	Execute tests	2026-09-22T09:41:39.6266935Z 
behave-testing	Execute tests	2026-09-22T09:41:39.6267959Z   Scenario: ACQUIRE_ENTITY control_data_length is always 36                                       # ../traffic-gen/tests/aecp_behave/features/aecp_acquire_lock_entity.feature:35
behave-testing	Execute tests	2026-09-22T09:41:39.6268963Z     Given the AECP protocol directory is loaded                                                   # ../traffic-gen/tests/aecp_behave/features/steps/packet_steps.py:17
behave-testing	Execute tests	2026-09-22T09:41:39.6270048Z     Given the interface "atdecc_aecp_acquire_entity::AECP_ACQUIRE_ENTITY::AECP_ACQUIRE_ENTITY_IF" # ../traffic-gen/tests/aecp_behave/features/steps/packet_steps.py:24
behave-testing	Execute tests	2026-09-22T09:41:39.6271016Z     When I generate 100 packets with seed 14                                                      # ../traffic-gen/tests/aecp_behave/features/steps/packet_steps.py:62
behave-testing	Execute tests	2026-09-22T09:41:39.6377720Z     Then the field "control_data_length" always equals 36                                         # ../traffic-gen/tests/aecp_behave/features/steps/packet_steps.py:95
behave-testing	Execute tests	2026-09-22T09:41:39.6381823Z 
behave-testing	Execute tests	2026-09-22T09:41:39.6382661Z   Scenario: ACQUIRE_ENTITY packet is 39 bytes (308 bits padded)                                   # ../traffic-gen/tests/aecp_behave/features/aecp_acquire_lock_entity.feature:40
behave-testing	Execute tests	2026-09-22T09:41:39.6384189Z     Given the AECP protocol directory is loaded                                                   # ../traffic-gen/tests/aecp_behave/features/steps/packet_steps.py:17
behave-testing	Execute tests	2026-09-22T09:41:39.6385674Z     Given the interface "atdecc_aecp_acquire_entity::AECP_ACQUIRE_ENTITY::AECP_ACQUIRE_ENTITY_IF" # ../traffic-gen/tests/aecp_behave/features/steps/packet_steps.py:24
behave-testing	Execute tests	2026-09-22T09:41:39.6387570Z     When I generate 50 packets with seed 15                                                       # ../traffic-gen/tests/aecp_behave/features/steps/packet_steps.py:62
behave-testing	Execute tests	2026-09-22T09:41:39.6483306Z     Then the packet size is always 39 bytes                                                       # ../traffic-gen/tests/aecp_behave/features/steps/packet_steps.py:148
behave-testing	Execute tests	2026-09-22T09:41:39.6487586Z 
behave-testing	Execute tests	2026-09-22T09:41:39.6488302Z   Scenario: LOCK_ENTITY command_type is always 1                                         # ../traffic-gen/tests/aecp_behave/features/aecp_acquire_lock_entity.feature:49
behave-testing	Execute tests	2026-09-22T09:41:39.6489794Z     Given the AECP protocol directory is loaded                                          # ../traffic-gen/tests/aecp_behave/features/steps/packet_steps.py:17
behave-testing	Execute tests	2026-09-22T09:41:39.6491167Z     Given the interface "atdecc_aecp_lock_entity::AECP_LOCK_ENTITY::AECP_LOCK_ENTITY_IF" # ../traffic-gen/tests/aecp_behave/features/steps/packet_steps.py:24
behave-testing	Execute tests	2026-09-22T09:41:39.6493021Z     When I generate 200 packets with seed 20                                             # ../traffic-gen/tests/aecp_behave/features/steps/packet_steps.py:62
behave-testing	Execute tests	2026-09-22T09:41:39.6633558Z     Then the field "command_type" always equals 1                                        # ../traffic-gen/tests/aecp_behave/features/steps/packet_steps.py:95
behave-testing	Execute tests	2026-09-22T09:41:39.6639501Z 
behave-testing	Execute tests	2026-09-22T09:41:39.6640441Z   Scenario: LOCK_ENTITY lock_entity_flags respects UNLOCK mask                           # ../traffic-gen/tests/aecp_behave/features/aecp_acquire_lock_entity.feature:54
behave-testing	Execute tests	2026-09-22T09:41:39.6642178Z     Given the AECP protocol directory is loaded                                          # ../traffic-gen/tests/aecp_behave/features/steps/packet_steps.py:17
behave-testing	Execute tests	2026-09-22T09:41:39.6644236Z     Given the interface "atdecc_aecp_lock_entity::AECP_LOCK_ENTITY::AECP_LOCK_ENTITY_IF" # ../traffic-gen/tests/aecp_behave/features/steps/packet_steps.py:24
behave-testing	Execute tests	2026-09-22T09:41:39.6645804Z     When I generate 500 packets with seed 21                                             # ../traffic-gen/tests/aecp_behave/features/steps/packet_steps.py:62
behave-testing	Execute tests	2026-09-22T09:41:39.6868512Z     Then the field "lock_entity_flags" always satisfies mask 0x80000000                  # ../traffic-gen/tests/aecp_behave/features/steps/packet_steps.py:126
behave-testing	Execute tests	2026-09-22T09:41:39.6874971Z 
behave-testing	Execute tests	2026-09-22T09:41:39.6875981Z   Scenario: LOCK_ENTITY descriptor_type is a valid IEEE 1722.1 descriptor                # ../traffic-gen/tests/aecp_behave/features/aecp_acquire_lock_entity.feature:59
behave-testing	Execute tests	2026-09-22T09:41:39.6877584Z     Given the AECP protocol directory is loaded                                          # ../traffic-gen/tests/aecp_behave/features/steps/packet_steps.py:17
behave-testing	Execute tests	2026-09-22T09:41:39.6879125Z     Given the interface "atdecc_aecp_lock_entity::AECP_LOCK_ENTITY::AECP_LOCK_ENTITY_IF" # ../traffic-gen/tests/aecp_behave/features/steps/packet_steps.py:24
behave-testing	Execute tests	2026-09-22T09:41:39.6880579Z     When I generate 500 packets with seed 22                                             # ../traffic-gen/tests/aecp_behave/features/steps/packet_steps.py:62
behave-testing	Execute tests	2026-09-22T09:41:39.7105258Z     Then the field "descriptor_type" is always in range [0, 37]                          # ../traffic-gen/tests/aecp_behave/features/steps/packet_steps.py:116
behave-testing	Execute tests	2026-09-22T09:41:39.7111816Z 
behave-testing	Execute tests	2026-09-22T09:41:39.7112546Z   Scenario: LOCK_ENTITY control_data_length is always 36                                 # ../traffic-gen/tests/aecp_behave/features/aecp_acquire_lock_entity.feature:64
behave-testing	Execute tests	2026-09-22T09:41:39.7113955Z     Given the AECP protocol directory is loaded                                          # ../traffic-gen/tests/aecp_behave/features/steps/packet_steps.py:17
behave-testing	Execute tests	2026-09-22T09:41:39.7115579Z     Given the interface "atdecc_aecp_lock_entity::AECP_LOCK_ENTITY::AECP_LOCK_ENTITY_IF" # ../traffic-gen/tests/aecp_behave/features/steps/packet_steps.py:24
behave-testing	Execute tests	2026-09-22T09:41:39.7117073Z     When I generate 100 packets with seed 23                                             # ../traffic-gen/tests/aecp_behave/features/steps/packet_steps.py:62
behave-testing	Execute tests	2026-09-22T09:41:39.7228852Z     Then the field "control_data_length" always equals 36                                # ../traffic-gen/tests/aecp_behave/features/steps/packet_steps.py:95
behave-testing	Execute tests	2026-09-22T09:41:39.7232886Z 
behave-testing	Execute tests	2026-09-22T09:41:39.7233660Z   Scenario: ACQUIRE_ENTITY packets are written to a pcap capture file                             # ../traffic-gen/tests/aecp_behave/features/aecp_acquire_lock_entity.feature:73
behave-testing	Execute tests	2026-09-22T09:41:39.7235328Z     Given the AECP protocol directory is loaded                                                   # ../traffic-gen/tests/aecp_behave/features/steps/packet_steps.py:17
behave-testing	Execute tests	2026-09-22T09:41:39.7237110Z     Given the interface "atdecc_aecp_acquire_entity::AECP_ACQUIRE_ENTITY::AECP_ACQUIRE_ENTITY_IF" # ../traffic-gen/tests/aecp_behave/features/steps/packet_steps.py:24
behave-testing	Execute tests	2026-09-22T09:41:39.7238631Z     When I generate 10 packets with seed 30 to pcap file "/tmp/aecp_acquire.pcap"                 # ../traffic-gen/tests/aecp_behave/features/steps/packet_steps.py:72
behave-testing	Execute tests	2026-09-22T09:41:39.7323943Z     Then the pcap file "/tmp/aecp_acquire.pcap" exists                                            # ../traffic-gen/tests/aecp_behave/features/steps/packet_steps.py:232
behave-testing	Execute tests	2026-09-22T09:41:39.7326038Z     And the pcap file "/tmp/aecp_acquire.pcap" contains 10 packets                                # ../traffic-gen/tests/aecp_behave/features/steps/packet_steps.py:237
behave-testing	Execute tests	2026-09-22T09:41:39.7329515Z 
behave-testing	Execute tests	2026-09-22T09:41:39.7333395Z Feature: AECP AEM audio mapping PDU generation # ../traffic-gen/tests/aecp_behave/features/aecp_audio_mapping.feature:7
behave-testing	Execute tests	2026-09-22T09:41:39.7334299Z 
behave-testing	Execute tests	2026-09-22T09:41:39.7335223Z   Feature: AECP AEM audio mapping PDU generation  # ../traffic-gen/tests/aecp_behave/features/aecp_audio_mapping.feature:7
behave-testing	Execute tests	2026-09-22T09:41:39.7336462Z 
behave-testing	Execute tests	2026-09-22T09:41:39.7337270Z   Scenario: GET_AUDIO_MAP command_type is always 43                                            # ../traffic-gen/tests/aecp_behave/features/aecp_audio_mapping.feature:16
behave-testing	Execute tests	2026-09-22T09:41:39.7339045Z     Given the AECP protocol directory is loaded                                                # ../traffic-gen/tests/aecp_behave/features/steps/packet_steps.py:17
behave-testing	Execute tests	2026-09-22T09:41:39.7340870Z     Given the interface "atdecc_aecp_get_audio_map::AECP_GET_AUDIO_MAP::AECP_GET_AUDIO_MAP_IF" # ../traffic-gen/tests/aecp_behave/features/steps/packet_steps.py:24
behave-testing	Execute tests	2026-09-22T09:41:39.7342005Z     When I generate 200 packets with seed 150                                                  # ../traffic-gen/tests/aecp_behave/features/steps/packet_steps.py:62
behave-testing	Execute tests	2026-09-22T09:41:39.7475970Z     Then the field "command_type" always equals 43                                             # ../traffic-gen/tests/aecp_behave/features/steps/packet_steps.py:95
behave-testing	Execute tests	2026-09-22T09:41:39.7480932Z 
behave-testing	Execute tests	2026-09-22T09:41:39.7481445Z   Scenario: GET_AUDIO_MAP control_data_length is always 28                                     # ../traffic-gen/tests/aecp_behave/features/aecp_audio_mapping.feature:21
behave-testing	Execute tests	2026-09-22T09:41:39.7482407Z     Given the AECP protocol directory is loaded                                                # ../traffic-gen/tests/aecp_behave/features/steps/packet_steps.py:17
behave-testing	Execute tests	2026-09-22T09:41:39.7483688Z     Given the interface "atdecc_aecp_get_audio_map::AECP_GET_AUDIO_MAP::AECP_GET_AUDIO_MAP_IF" # ../traffic-gen/tests/aecp_behave/features/steps/packet_steps.py:24
behave-testing	Execute tests	2026-09-22T09:41:39.7485374Z     When I generate 100 packets with seed 151                                                  # ../traffic-gen/tests/aecp_behave/features/steps/packet_steps.py:62
behave-testing	Execute tests	2026-09-22T09:41:39.7596478Z     Then the field "control_data_length" always equals 28                                      # ../traffic-gen/tests/aecp_behave/features/steps/packet_steps.py:95
behave-testing	Execute tests	2026-09-22T09:41:39.7600293Z 
behave-testing	Execute tests	2026-09-22T09:41:39.7600830Z   Scenario: GET_AUDIO_MAP reserved field is always zero                                        # ../traffic-gen/tests/aecp_behave/features/aecp_audio_mapping.feature:26
behave-testing	Execute tests	2026-09-22T09:41:39.7602395Z     Given the AECP protocol directory is loaded                                                # ../traffic-gen/tests/aecp_behave/features/steps/packet_steps.py:17
behave-testing	Execute tests	2026-09-22T09:41:39.7603487Z     Given the interface "atdecc_aecp_get_audio_map::AECP_GET_AUDIO_MAP::AECP_GET_AUDIO_MAP_IF" # ../traffic-gen/tests/aecp_behave/features/steps/packet_steps.py:24
behave-testing	Execute tests	2026-09-22T09:41:39.7604656Z     When I generate 200 packets with seed 152                                                  # ../traffic-gen/tests/aecp_behave/features/steps/packet_steps.py:62
behave-testing	Execute tests	2026-09-22T09:41:39.7739684Z     Then the field "reserved" always equals 0                                                  # ../traffic-gen/tests/aecp_behave/features/steps/packet_steps.py:95
behave-testing	Execute tests	2026-09-22T09:41:39.7744253Z 
behave-testing	Execute tests	2026-09-22T09:41:39.7744878Z   Scenario: GET_AUDIO_MAP descriptor_type is a valid IEEE 1722.1 descriptor                    # ../traffic-gen/tests/aecp_behave/features/aecp_audio_mapping.feature:31
behave-testing	Execute tests	2026-09-22T09:41:39.7746354Z     Given the AECP protocol directory is loaded                                                # ../traffic-gen/tests/aecp_behave/features/steps/packet_steps.py:17
behave-testing	Execute tests	2026-09-22T09:41:39.7747605Z     Given the interface "atdecc_aecp_get_audio_map::AECP_GET_AUDIO_MAP::AECP_GET_AUDIO_MAP_IF" # ../traffic-gen/tests/aecp_behave/features/steps/packet_steps.py:24
behave-testing	Execute tests	2026-09-22T09:41:39.7748981Z     When I generate 500 packets with seed 153                                                  # ../traffic-gen/tests/aecp_behave/features/steps/packet_steps.py:62
behave-testing	Execute tests	2026-09-22T09:41:39.7964092Z     Then the field "descriptor_type" is always in range [0, 37]                                # ../traffic-gen/tests/aecp_behave/features/steps/packet_steps.py:116
behave-testing	Execute tests	2026-09-22T09:41:39.7970579Z 
behave-testing	Execute tests	2026-09-22T09:41:39.7971177Z   Scenario: GET_AUDIO_MAP packet is 31 bytes (244 bits padded)                                 # ../traffic-gen/tests/aecp_behave/features/aecp_audio_mapping.feature:36
behave-testing	Execute tests	2026-09-22T09:41:39.7972153Z     Given the AECP protocol directory is loaded                                                # ../traffic-gen/tests/aecp_behave/features/steps/packet_steps.py:17
behave-testing	Execute tests	2026-09-22T09:41:39.7973571Z     Given the interface "atdecc_aecp_get_audio_map::AECP_GET_AUDIO_MAP::AECP_GET_AUDIO_MAP_IF" # ../traffic-gen/tests/aecp_behave/features/steps/packet_steps.py:24
behave-testing	Execute tests	2026-09-22T09:41:39.7975316Z     When I generate 50 packets with seed 154                                                   # ../traffic-gen/tests/aecp_behave/features/steps/packet_steps.py:62
behave-testing	Execute tests	2026-09-22T09:41:39.8074206Z     Then the packet size is always 31 bytes                                                    # ../traffic-gen/tests/aecp_behave/features/steps/packet_steps.py:148
behave-testing	Execute tests	2026-09-22T09:41:39.8077991Z 
behave-testing	Execute tests	2026-09-22T09:41:39.8078539Z   Scenario: Audio mappings command_type is ADD or REMOVE                                          # ../traffic-gen/tests/aecp_behave/features/aecp_audio_mapping.feature:45
behave-testing	Execute tests	2026-09-22T09:41:39.8079599Z     Given the AECP protocol directory is loaded                                                   # ../traffic-gen/tests/aecp_behave/features/steps/packet_steps.py:17
behave-testing	Execute tests	2026-09-22T09:41:39.8080866Z     Given the interface "atdecc_aecp_audio_mappings::AECP_AUDIO_MAPPINGS::AECP_AUDIO_MAPPINGS_IF" # ../traffic-gen/tests/aecp_behave/features/steps/packet_steps.py:24
behave-testing	Execute tests	2026-09-22T09:41:39.8082248Z     When I generate 500 packets with seed 160                                                     # ../traffic-gen/tests/aecp_behave/features/steps/packet_steps.py:62
behave-testing	Execute tests	2026-09-22T09:41:39.8325537Z     Then the field "command_type" is always one of [44, 45]                                       # ../traffic-gen/tests/aecp_behave/features/steps/packet_steps.py:137
behave-testing	Execute tests	2026-09-22T09:41:39.8332798Z 
behave-testing	Execute tests	2026-09-22T09:41:39.8333403Z   Scenario: Audio mappings number_of_mappings is always 1                                         # ../traffic-gen/tests/aecp_behave/features/aecp_audio_mapping.feature:50
behave-testing	Execute tests	2026-09-22T09:41:39.8335245Z     Given the AECP protocol directory is loaded                                                   # ../traffic-gen/tests/aecp_behave/features/steps/packet_steps.py:17
behave-testing	Execute tests	2026-09-22T09:41:39.8336582Z     Given the interface "atdecc_aecp_audio_mappings::AECP_AUDIO_MAPPINGS::AECP_AUDIO_MAPPINGS_IF" # ../traffic-gen/tests/aecp_behave/features/steps/packet_steps.py:24
behave-testing	Execute tests	2026-09-22T09:41:39.8338255Z     When I generate 200 packets with seed 161                                                     # ../traffic-gen/tests/aecp_behave/features/steps/packet_steps.py:62
behave-testing	Execute tests	2026-09-22T09:41:39.8490248Z     Then the field "number_of_mappings" always equals 1                                           # ../traffic-gen/tests/aecp_behave/features/steps/packet_steps.py:95
behave-testing	Execute tests	2026-09-22T09:41:39.8495100Z 
behave-testing	Execute tests	2026-09-22T09:41:39.8496106Z   Scenario: Audio mappings control_data_length is always 36                                       # ../traffic-gen/tests/aecp_behave/features/aecp_audio_mapping.feature:55
behave-testing	Execute tests	2026-09-22T09:41:39.8497522Z     Given the AECP protocol directory is loaded                                                   # ../traffic-gen/tests/aecp_behave/features/steps/packet_steps.py:17
behave-testing	Execute tests	2026-09-22T09:41:39.8499091Z     Given the interface "atdecc_aecp_audio_mappings::AECP_AUDIO_MAPPINGS::AECP_AUDIO_MAPPINGS_IF" # ../traffic-gen/tests/aecp_behave/features/steps/packet_steps.py:24
behave-testing	Execute tests	2026-09-22T09:41:39.8500442Z     When I generate 100 packets with seed 162                                                     # ../traffic-gen/tests/aecp_behave/features/steps/packet_steps.py:62
behave-testing	Execute tests	2026-09-22T09:41:39.8616137Z     Then the field "control_data_length" always equals 36                                         # ../traffic-gen/tests/aecp_behave/features/steps/packet_steps.py:95
behave-testing	Execute tests	2026-09-22T09:41:39.8620794Z 
behave-testing	Execute tests	2026-09-22T09:41:39.8622251Z   Scenario: Audio mappings reserved field is always zero                                          # ../traffic-gen/tests/aecp_behave/features/aecp_audio_mapping.feature:60
behave-testing	Execute tests	2026-09-22T09:41:39.8623722Z     Given the AECP protocol directory is loaded                                                   # ../traffic-gen/tests/aecp_behave/features/steps/packet_steps.py:17
behave-testing	Execute tests	2026-09-22T09:41:39.8625655Z     Given the interface "atdecc_aecp_audio_mappings::AECP_AUDIO_MAPPINGS::AECP_AUDIO_MAPPINGS_IF" # ../traffic-gen/tests/aecp_behave/features/steps/packet_steps.py:24
behave-testing	Execute tests	2026-09-22T09:41:39.8627041Z     When I generate 200 packets with seed 163                                                     # ../traffic-gen/tests/aecp_behave/features/steps/packet_steps.py:62
behave-testing	Execute tests	2026-09-22T09:41:39.8776124Z     Then the field "reserved" always equals 0                                                     # ../traffic-gen/tests/aecp_behave/features/steps/packet_steps.py:95
behave-testing	Execute tests	2026-09-22T09:41:39.8781322Z 
behave-testing	Execute tests	2026-09-22T09:41:39.8782054Z   Scenario: Audio mappings descriptor_type is a valid IEEE 1722.1 descriptor                      # ../traffic-gen/tests/aecp_behave/features/aecp_audio_mapping.feature:65
behave-testing	Execute tests	2026-09-22T09:41:39.8783633Z     Given the AECP protocol directory is loaded                                                   # ../traffic-gen/tests/aecp_behave/features/steps/packet_steps.py:17
behave-testing	Execute tests	2026-09-22T09:41:39.8785476Z     Given the interface "atdecc_aecp_audio_mappings::AECP_AUDIO_MAPPINGS::AECP_AUDIO_MAPPINGS_IF" # ../traffic-gen/tests/aecp_behave/features/steps/packet_steps.py:24
behave-testing	Execute tests	2026-09-22T09:41:39.8787333Z     When I generate 500 packets with seed 164                                                     # ../traffic-gen/tests/aecp_behave/features/steps/packet_steps.py:62
behave-testing	Execute tests	2026-09-22T09:41:39.9036004Z     Then the field "descriptor_type" is always in range [0, 37]                                   # ../traffic-gen/tests/aecp_behave/features/steps/packet_steps.py:116
behave-testing	Execute tests	2026-09-22T09:41:39.9042569Z 
behave-testing	Execute tests	2026-09-22T09:41:39.9043231Z   Scenario: Audio mappings packet is 39 bytes (308 bits padded)                                   # ../traffic-gen/tests/aecp_behave/features/aecp_audio_mapping.feature:70
behave-testing	Execute tests	2026-09-22T09:41:39.9044706Z     Given the AECP protocol directory is loaded                                                   # ../traffic-gen/tests/aecp_behave/features/steps/packet_steps.py:17
behave-testing	Execute tests	2026-09-22T09:41:39.9046842Z     Given the interface "atdecc_aecp_audio_mappings::AECP_AUDIO_MAPPINGS::AECP_AUDIO_MAPPINGS_IF" # ../traffic-gen/tests/aecp_behave/features/steps/packet_steps.py:24
behave-testing	Execute tests	2026-09-22T09:41:39.9048089Z     When I generate 50 packets with seed 165                                                      # ../traffic-gen/tests/aecp_behave/features/steps/packet_steps.py:62
behave-testing	Execute tests	2026-09-22T09:41:39.9147720Z     Then the packet size is always 39 bytes                                                       # ../traffic-gen/tests/aecp_behave/features/steps/packet_steps.py:148
behave-testing	Execute tests	2026-09-22T09:41:39.9151429Z 
behave-testing	Execute tests	2026-09-22T09:41:39.9152176Z   Scenario: ADD_AUDIO_MAPPINGS packets are captured to a pcap file                                # ../traffic-gen/tests/aecp_behave/features/aecp_audio_mapping.feature:79
behave-testing	Execute tests	2026-09-22T09:41:39.9153726Z     Given the AECP protocol directory is loaded                                                   # ../traffic-gen/tests/aecp_behave/features/steps/packet_steps.py:17
behave-testing	Execute tests	2026-09-22T09:41:39.9155544Z     Given the interface "atdecc_aecp_audio_mappings::AECP_AUDIO_MAPPINGS::AECP_AUDIO_MAPPINGS_IF" # ../traffic-gen/tests/aecp_behave/features/steps/packet_steps.py:24
behave-testing	Execute tests	2026-09-22T09:41:39.9157008Z     When I generate 15 packets with seed 170 to pcap file "/tmp/aecp_audio_map.pcap"              # ../traffic-gen/tests/aecp_behave/features/steps/packet_steps.py:72
behave-testing	Execute tests	2026-09-22T09:41:39.9244100Z     Then the pcap file "/tmp/aecp_audio_map.pcap" exists                                          # ../traffic-gen/tests/aecp_behave/features/steps/packet_steps.py:232
behave-testing	Execute tests	2026-09-22T09:41:39.9246151Z     And the pcap file "/tmp/aecp_audio_map.pcap" contains 15 packets                              # ../traffic-gen/tests/aecp_behave/features/steps/packet_steps.py:237
behave-testing	Execute tests	2026-09-22T09:41:39.9248726Z 
behave-testing	Execute tests	2026-09-22T09:41:39.9251693Z Feature: AECP AEM descriptor operation PDU generation # ../traffic-gen/tests/aecp_behave/features/aecp_descriptor_ops.feature:8
behave-testing	Execute tests	2026-09-22T09:41:39.9252370Z 
behave-testing	Execute tests	2026-09-22T09:41:39.9253075Z   Feature: AECP AEM descriptor operation PDU generation  # ../traffic-gen/tests/aecp_behave/features/aecp_descriptor_ops.feature:8
behave-testing	Execute tests	2026-09-22T09:41:39.9254162Z 
behave-testing	Execute tests	2026-09-22T09:41:39.9255326Z   Scenario: READ_DESCRIPTOR command_type is always 4                                                 # ../traffic-gen/tests/aecp_behave/features/aecp_descriptor_ops.feature:17
behave-testing	Execute tests	2026-09-22T09:41:39.9256791Z     Given the AECP protocol directory is loaded                                                      # ../traffic-gen/tests/aecp_behave/features/steps/packet_steps.py:17
behave-testing	Execute tests	2026-09-22T09:41:39.9258037Z     Given the interface "atdecc_aecp_read_descriptor::AECP_READ_DESCRIPTOR::AECP_READ_DESCRIPTOR_IF" # ../traffic-gen/tests/aecp_behave/features/steps/packet_steps.py:24
behave-testing	Execute tests	2026-09-22T09:41:39.9259031Z     When I generate 200 packets with seed 40                                                         # ../traffic-gen/tests/aecp_behave/features/steps/packet_steps.py:62
behave-testing	Execute tests	2026-09-22T09:41:39.9389832Z     Then the field "command_type" always equals 4                                                    # ../traffic-gen/tests/aecp_behave/features/steps/packet_steps.py:95
behave-testing	Execute tests	2026-09-22T09:41:39.9393773Z 
behave-testing	Execute tests	2026-09-22T09:41:39.9394871Z   Scenario: READ_DESCRIPTOR control_data_length is always 28                                         # ../traffic-gen/tests/aecp_behave/features/aecp_descriptor_ops.feature:22
behave-testing	Execute tests	2026-09-22T09:41:39.9397049Z     Given the AECP protocol directory is loaded                                                      # ../traffic-gen/tests/aecp_behave/features/steps/packet_steps.py:17
behave-testing	Execute tests	2026-09-22T09:41:39.9399087Z     Given the interface "atdecc_aecp_read_descriptor::AECP_READ_DESCRIPTOR::AECP_READ_DESCRIPTOR_IF" # ../traffic-gen/tests/aecp_behave/features/steps/packet_steps.py:24
behave-testing	Execute tests	2026-09-22T09:41:39.9400608Z     When I generate 100 packets with seed 41                                                         # ../traffic-gen/tests/aecp_behave/features/steps/packet_steps.py:62
behave-testing	Execute tests	2026-09-22T09:41:39.9503861Z     Then the field "control_data_length" always equals 28                                            # ../traffic-gen/tests/aecp_behave/features/steps/packet_steps.py:95
behave-testing	Execute tests	2026-09-22T09:41:39.9507417Z 
behave-testing	Execute tests	2026-09-22T09:41:39.9508584Z   Scenario: READ_DESCRIPTOR reserved field is always zero                                            # ../traffic-gen/tests/aecp_behave/features/aecp_descriptor_ops.feature:27
behave-testing	Execute tests	2026-09-22T09:41:39.9510413Z     Given the AECP protocol directory is loaded                                                      # ../traffic-gen/tests/aecp_behave/features/steps/packet_steps.py:17
behave-testing	Execute tests	2026-09-22T09:41:39.9512449Z     Given the interface "atdecc_aecp_read_descriptor::AECP_READ_DESCRIPTOR::AECP_READ_DESCRIPTOR_IF" # ../traffic-gen/tests/aecp_behave/features/steps/packet_steps.py:24
behave-testing	Execute tests	2026-09-22T09:41:39.9514313Z     When I generate 200 packets with seed 42                                                         # ../traffic-gen/tests/aecp_behave/features/steps/packet_steps.py:62
behave-testing	Execute tests	2026-09-22T09:41:39.9647891Z     Then the field "reserved" always equals 0                                                        # ../traffic-gen/tests/aecp_behave/features/steps/packet_steps.py:95
behave-testing	Execute tests	2026-09-22T09:41:39.9652074Z 
behave-testing	Execute tests	2026-09-22T09:41:39.9652992Z   Scenario: READ_DESCRIPTOR descriptor_type is a valid IEEE 1722.1 descriptor                        # ../traffic-gen/tests/aecp_behave/features/aecp_descriptor_ops.feature:32
behave-testing	Execute tests	2026-09-22T09:41:39.9654420Z     Given the AECP protocol directory is loaded                                                      # ../traffic-gen/tests/aecp_behave/features/steps/packet_steps.py:17
behave-testing	Execute tests	2026-09-22T09:41:39.9656264Z     Given the interface "atdecc_aecp_read_descriptor::AECP_READ_DESCRIPTOR::AECP_READ_DESCRIPTOR_IF" # ../traffic-gen/tests/aecp_behave/features/steps/packet_steps.py:24
behave-testing	Execute tests	2026-09-22T09:41:39.9657728Z     When I generate 500 packets with seed 43                                                         # ../traffic-gen/tests/aecp_behave/features/steps/packet_steps.py:62
behave-testing	Execute tests	2026-09-22T09:41:39.9861482Z     Then the field "descriptor_type" is always in range [0, 37]                                      # ../traffic-gen/tests/aecp_behave/features/steps/packet_steps.py:116
behave-testing	Execute tests	2026-09-22T09:41:39.9867549Z 
behave-testing	Execute tests	2026-09-22T09:41:39.9868114Z   Scenario: READ_DESCRIPTOR packet is 31 bytes (244 bits padded)                                     # ../traffic-gen/tests/aecp_behave/features/aecp_descriptor_ops.feature:37
behave-testing	Execute tests	2026-09-22T09:41:39.9869098Z     Given the AECP protocol directory is loaded                                                      # ../traffic-gen/tests/aecp_behave/features/steps/packet_steps.py:17
behave-testing	Execute tests	2026-09-22T09:41:39.9870384Z     Given the interface "atdecc_aecp_read_descriptor::AECP_READ_DESCRIPTOR::AECP_READ_DESCRIPTOR_IF" # ../traffic-gen/tests/aecp_behave/features/steps/packet_steps.py:24
behave-testing	Execute tests	2026-09-22T09:41:39.9871727Z     When I generate 50 packets with seed 44                                                          # ../traffic-gen/tests/aecp_behave/features/steps/packet_steps.py:62
behave-testing	Execute tests	2026-09-22T09:41:39.9969162Z     Then the packet size is always 31 bytes                                                          # ../traffic-gen/tests/aecp_behave/features/steps/packet_steps.py:148
behave-testing	Execute tests	2026-09-22T09:41:39.9973485Z 
behave-testing	Execute tests	2026-09-22T09:41:39.9974373Z   Scenario: SET_CONFIGURATION command_type is always 6                                                     # ../traffic-gen/tests/aecp_behave/features/aecp_descriptor_ops.feature:46
behave-testing	Execute tests	2026-09-22T09:41:39.9975750Z     Given the AECP protocol directory is loaded                                                            # ../traffic-gen/tests/aecp_behave/features/steps/packet_steps.py:17
behave-testing	Execute tests	2026-09-22T09:41:39.9976861Z     Given the interface "atdecc_aecp_set_configuration::AECP_SET_CONFIGURATION::AECP_SET_CONFIGURATION_IF" # ../traffic-gen/tests/aecp_behave/features/steps/packet_steps.py:24
behave-testing	Execute tests	2026-09-22T09:41:39.9978300Z     When I generate 200 packets with seed 50                                                               # ../traffic-gen/tests/aecp_behave/features/steps/packet_steps.py:62
behave-testing	Execute tests	2026-09-22T09:41:40.0105874Z     Then the field "command_type" always equals 6                                                          # ../traffic-gen/tests/aecp_behave/features/steps/packet_steps.py:95
behave-testing	Execute tests	2026-09-22T09:41:40.0109857Z 
behave-testing	Execute tests	2026-09-22T09:41:40.0110583Z   Scenario: SET_CONFIGURATION control_data_length is always 24                                             # ../traffic-gen/tests/aecp_behave/features/aecp_descriptor_ops.feature:51
behave-testing	Execute tests	2026-09-22T09:41:40.0112135Z     Given the AECP protocol directory is loaded                                                            # ../traffic-gen/tests/aecp_behave/features/steps/packet_steps.py:17
behave-testing	Execute tests	2026-09-22T09:41:40.0113863Z     Given the interface "atdecc_aecp_set_configuration::AECP_SET_CONFIGURATION::AECP_SET_CONFIGURATION_IF" # ../traffic-gen/tests/aecp_behave/features/steps/packet_steps.py:24
behave-testing	Execute tests	2026-09-22T09:41:40.0115462Z     When I generate 100 packets with seed 51                                                               # ../traffic-gen/tests/aecp_behave/features/steps/packet_steps.py:62
behave-testing	Execute tests	2026-09-22T09:41:40.0216747Z     Then the field "control_data_length" always equals 24                                                  # ../traffic-gen/tests/aecp_behave/features/steps/packet_steps.py:95
behave-testing	Execute tests	2026-09-22T09:41:40.0220521Z 
behave-testing	Execute tests	2026-09-22T09:41:40.0221276Z   Scenario: SET_CONFIGURATION reserved field is always zero                                                # ../traffic-gen/tests/aecp_behave/features/aecp_descriptor_ops.feature:56
behave-testing	Execute tests	2026-09-22T09:41:40.0222688Z     Given the AECP protocol directory is loaded                                                            # ../traffic-gen/tests/aecp_behave/features/steps/packet_steps.py:17
behave-testing	Execute tests	2026-09-22T09:41:40.0224612Z     Given the interface "atdecc_aecp_set_configuration::AECP_SET_CONFIGURATION::AECP_SET_CONFIGURATION_IF" # ../traffic-gen/tests/aecp_behave/features/steps/packet_steps.py:24
behave-testing	Execute tests	2026-09-22T09:41:40.0226308Z     When I generate 200 packets with seed 52                                                               # ../traffic-gen/tests/aecp_behave/features/steps/packet_steps.py:62
behave-testing	Execute tests	2026-09-22T09:41:40.0350935Z     Then the field "reserved" always equals 0                                                              # ../traffic-gen/tests/aecp_behave/features/steps/packet_steps.py:95
behave-testing	Execute tests	2026-09-22T09:41:40.0355752Z 
behave-testing	Execute tests	2026-09-22T09:41:40.0356476Z   Scenario: SET_CONFIGURATION packet is 27 bytes (212 bits padded)                                         # ../traffic-gen/tests/aecp_behave/features/aecp_descriptor_ops.feature:61
behave-testing	Execute tests	2026-09-22T09:41:40.0358050Z     Given the AECP protocol directory is loaded                                                            # ../traffic-gen/tests/aecp_behave/features/steps/packet_steps.py:17
behave-testing	Execute tests	2026-09-22T09:41:40.0359775Z     Given the interface "atdecc_aecp_set_configuration::AECP_SET_CONFIGURATION::AECP_SET_CONFIGURATION_IF" # ../traffic-gen/tests/aecp_behave/features/steps/packet_steps.py:24
behave-testing	Execute tests	2026-09-22T09:41:40.0361177Z     When I generate 50 packets with seed 53                                                                # ../traffic-gen/tests/aecp_behave/features/steps/packet_steps.py:62
behave-testing	Execute tests	2026-09-22T09:41:40.0452286Z     Then the packet size is always 27 bytes                                                                # ../traffic-gen/tests/aecp_behave/features/steps/packet_steps.py:148
behave-testing	Execute tests	2026-09-22T09:41:40.0456253Z 
behave-testing	Execute tests	2026-09-22T09:41:40.0457032Z   Scenario: Descriptor query command_type is one of the defined query commands                                # ../traffic-gen/tests/aecp_behave/features/aecp_descriptor_ops.feature:70
behave-testing	Execute tests	2026-09-22T09:41:40.0458523Z     Given the AECP protocol directory is loaded                                                               # ../traffic-gen/tests/aecp_behave/features/steps/packet_steps.py:17
behave-testing	Execute tests	2026-09-22T09:41:40.0460001Z     Given the interface "atdecc_aecp_aem_descriptor_query::AECP_AEM_DESCRIPTOR_QUERY::AECP_AEM_DESC_QUERY_IF" # ../traffic-gen/tests/aecp_behave/features/steps/packet_steps.py:24
behave-testing	Execute tests	2026-09-22T09:41:40.0461980Z     When I generate 500 packets with seed 60                                                                  # ../traffic-gen/tests/aecp_behave/features/steps/packet_steps.py:62
behave-testing	Execute tests	2026-09-22T09:41:40.0657447Z     Then the field "command_type" is always one of [9, 15, 21, 23, 25, 26, 27, 34, 35, 39, 40, 41, 42]        # ../traffic-gen/tests/aecp_behave/features/steps/packet_steps.py:137
behave-testing	Execute tests	2026-09-22T09:41:40.0663077Z 
behave-testing	Execute tests	2026-09-22T09:41:40.0663930Z   Scenario: Descriptor query control_data_length is always 24                                                 # ../traffic-gen/tests/aecp_behave/features/aecp_descriptor_ops.feature:75
behave-testing	Execute tests	2026-09-22T09:41:40.0666075Z     Given the AECP protocol directory is loaded                                                               # ../traffic-gen/tests/aecp_behave/features/steps/packet_steps.py:17
behave-testing	Execute tests	2026-09-22T09:41:40.0668055Z     Given the interface "atdecc_aecp_aem_descriptor_query::AECP_AEM_DESCRIPTOR_QUERY::AECP_AEM_DESC_QUERY_IF" # ../traffic-gen/tests/aecp_behave/features/steps/packet_steps.py:24
behave-testing	Execute tests	2026-09-22T09:41:40.0669944Z     When I generate 100 packets with seed 61                                                                  # ../traffic-gen/tests/aecp_behave/features/steps/packet_steps.py:62
behave-testing	Execute tests	2026-09-22T09:41:40.0772526Z     Then the field "control_data_length" always equals 24                                                     # ../traffic-gen/tests/aecp_behave/features/steps/packet_steps.py:95
behave-testing	Execute tests	2026-09-22T09:41:40.0776317Z 
behave-testing	Execute tests	2026-09-22T09:41:40.0777088Z   Scenario: Descriptor query descriptor_type is a valid IEEE 1722.1 descriptor                                # ../traffic-gen/tests/aecp_behave/features/aecp_descriptor_ops.feature:80
behave-testing	Execute tests	2026-09-22T09:41:40.0778983Z     Given the AECP protocol directory is loaded                                                               # ../traffic-gen/tests/aecp_behave/features/steps/packet_steps.py:17
behave-testing	Execute tests	2026-09-22T09:41:40.0780639Z     Given the interface "atdecc_aecp_aem_descriptor_query::AECP_AEM_DESCRIPTOR_QUERY::AECP_AEM_DESC_QUERY_IF" # ../traffic-gen/tests/aecp_behave/features/steps/packet_steps.py:24
behave-testing	Execute tests	2026-09-22T09:41:40.0781731Z     When I generate 500 packets with seed 62                                                                  # ../traffic-gen/tests/aecp_behave/features/steps/packet_steps.py:62
behave-testing	Execute tests	2026-09-22T09:41:40.0975968Z     Then the field "descriptor_type" is always in range [0, 37]                                               # ../traffic-gen/tests/aecp_behave/features/steps/packet_steps.py:116
behave-testing	Execute tests	2026-09-22T09:41:40.0981096Z 
behave-testing	Execute tests	2026-09-22T09:41:40.0981994Z   Scenario: Descriptor query packet is 27 bytes (212 bits padded)                                             # ../traffic-gen/tests/aecp_behave/features/aecp_descriptor_ops.feature:85
behave-testing	Execute tests	2026-09-22T09:41:40.0983678Z     Given the AECP protocol directory is loaded                                                               # ../traffic-gen/tests/aecp_behave/features/steps/packet_steps.py:17
behave-testing	Execute tests	2026-09-22T09:41:40.0985748Z     Given the interface "atdecc_aecp_aem_descriptor_query::AECP_AEM_DESCRIPTOR_QUERY::AECP_AEM_DESC_QUERY_IF" # ../traffic-gen/tests/aecp_behave/features/steps/packet_steps.py:24
behave-testing	Execute tests	2026-09-22T09:41:40.0987553Z     When I generate 50 packets with seed 63                                                                   # ../traffic-gen/tests/aecp_behave/features/steps/packet_steps.py:62
behave-testing	Execute tests	2026-09-22T09:41:40.1079212Z     Then the packet size is always 27 bytes                                                                   # ../traffic-gen/tests/aecp_behave/features/steps/packet_steps.py:148
behave-testing	Execute tests	2026-09-22T09:41:40.1081652Z 
behave-testing	Execute tests	2026-09-22T09:41:40.1085042Z Feature: AECP AEM name and control PDU generation # ../traffic-gen/tests/aecp_behave/features/aecp_name_control.feature:8
behave-testing	Execute tests	2026-09-22T09:41:40.1085915Z 
behave-testing	Execute tests	2026-09-22T09:41:40.1086404Z   Feature: AECP AEM name and control PDU generation  # ../traffic-gen/tests/aecp_behave/features/aecp_name_control.feature:8
behave-testing	Execute tests	2026-09-22T09:41:40.1087595Z 
behave-testing	Execute tests	2026-09-22T09:41:40.1088124Z   Scenario: SET_NAME command_type is always 16                                  # ../traffic-gen/tests/aecp_behave/features/aecp_name_control.feature:17
behave-testing	Execute tests	2026-09-22T09:41:40.1089443Z     Given the AECP protocol directory is loaded                                 # ../traffic-gen/tests/aecp_behave/features/steps/packet_steps.py:17
behave-testing	Execute tests	2026-09-22T09:41:40.1090853Z     Given the interface "atdecc_aecp_set_name::AECP_SET_NAME::AECP_SET_NAME_IF" # ../traffic-gen/tests/aecp_behave/features/steps/packet_steps.py:24
behave-testing	Execute tests	2026-09-22T09:41:40.1092038Z     When I generate 200 packets with seed 100                                   # ../traffic-gen/tests/aecp_behave/features/steps/packet_steps.py:62
behave-testing	Execute tests	2026-09-22T09:41:40.1240606Z     Then the field "command_type" always equals 16                              # ../traffic-gen/tests/aecp_behave/features/steps/packet_steps.py:95
behave-testing	Execute tests	2026-09-22T09:41:40.1245358Z 
behave-testing	Execute tests	2026-09-22T09:41:40.1246515Z   Scenario: SET_NAME control_data_length is always 92                           # ../traffic-gen/tests/aecp_behave/features/aecp_name_control.feature:22
behave-testing	Execute tests	2026-09-22T09:41:40.1248487Z     Given the AECP protocol directory is loaded                                 # ../traffic-gen/tests/aecp_behave/features/steps/packet_steps.py:17
behave-testing	Execute tests	2026-09-22T09:41:40.1250287Z     Given the interface "atdecc_aecp_set_name::AECP_SET_NAME::AECP_SET_NAME_IF" # ../traffic-gen/tests/aecp_behave/features/steps/packet_steps.py:24
behave-testing	Execute tests	2026-09-22T09:41:40.1251718Z     When I generate 100 packets with seed 101                                   # ../traffic-gen/tests/aecp_behave/features/steps/packet_steps.py:62
behave-testing	Execute tests	2026-09-22T09:41:40.1364599Z     Then the field "control_data_length" always equals 92                       # ../traffic-gen/tests/aecp_behave/features/steps/packet_steps.py:95
behave-testing	Execute tests	2026-09-22T09:41:40.1369107Z 
behave-testing	Execute tests	2026-09-22T09:41:40.1369843Z   Scenario: SET_NAME descriptor_type is a valid IEEE 1722.1 descriptor          # ../traffic-gen/tests/aecp_behave/features/aecp_name_control.feature:27
behave-testing	Execute tests	2026-09-22T09:41:40.1371118Z     Given the AECP protocol directory is loaded                                 # ../traffic-gen/tests/aecp_behave/features/steps/packet_steps.py:17
behave-testing	Execute tests	2026-09-22T09:41:40.1372465Z     Given the interface "atdecc_aecp_set_name::AECP_SET_NAME::AECP_SET_NAME_IF" # ../traffic-gen/tests/aecp_behave/features/steps/packet_steps.py:24
behave-testing	Execute tests	2026-09-22T09:41:40.1373986Z     When I generate 500 packets with seed 102                                   # ../traffic-gen/tests/aecp_behave/features/steps/packet_steps.py:62
behave-testing	Execute tests	2026-09-22T09:41:40.1627250Z     Then the field "descriptor_type" is always in range [0, 37]                 # ../traffic-gen/tests/aecp_behave/features/steps/packet_steps.py:116
behave-testing	Execute tests	2026-09-22T09:41:40.1633924Z 
behave-testing	Execute tests	2026-09-22T09:41:40.1634605Z   Scenario: SET_NAME packet is 95 bytes (756 bits padded)                       # ../traffic-gen/tests/aecp_behave/features/aecp_name_control.feature:32
behave-testing	Execute tests	2026-09-22T09:41:40.1635829Z     Given the AECP protocol directory is loaded                                 # ../traffic-gen/tests/aecp_behave/features/steps/packet_steps.py:17
behave-testing	Execute tests	2026-09-22T09:41:40.1637291Z     Given the interface "atdecc_aecp_set_name::AECP_SET_NAME::AECP_SET_NAME_IF" # ../traffic-gen/tests/aecp_behave/features/steps/packet_steps.py:24
behave-testing	Execute tests	2026-09-22T09:41:40.1638927Z     When I generate 50 packets with seed 103                                    # ../traffic-gen/tests/aecp_behave/features/steps/packet_steps.py:62
behave-testing	Execute tests	2026-09-22T09:41:40.1742449Z     Then the packet size is always 95 bytes                                     # ../traffic-gen/tests/aecp_behave/features/steps/packet_steps.py:148
behave-testing	Execute tests	2026-09-22T09:41:40.1746621Z 
behave-testing	Execute tests	2026-09-22T09:41:40.1747323Z   Scenario: GET_NAME command_type is always 17                                  # ../traffic-gen/tests/aecp_behave/features/aecp_name_control.feature:41
behave-testing	Execute tests	2026-09-22T09:41:40.1748403Z     Given the AECP protocol directory is loaded                                 # ../traffic-gen/tests/aecp_behave/features/steps/packet_steps.py:17
behave-testing	Execute tests	2026-09-22T09:41:40.1750269Z     Given the interface "atdecc_aecp_get_name::AECP_GET_NAME::AECP_GET_NAME_IF" # ../traffic-gen/tests/aecp_behave/features/steps/packet_steps.py:24
behave-testing	Execute tests	2026-09-22T09:41:40.1751554Z     When I generate 200 packets with seed 110                                   # ../traffic-gen/tests/aecp_behave/features/steps/packet_steps.py:62
behave-testing	Execute tests	2026-09-22T09:41:40.1888573Z     Then the field "command_type" always equals 17                              # ../traffic-gen/tests/aecp_behave/features/steps/packet_steps.py:95
behave-testing	Execute tests	2026-09-22T09:41:40.1893918Z 
behave-testing	Execute tests	2026-09-22T09:41:40.1894705Z   Scenario: GET_NAME control_data_length is always 28                           # ../traffic-gen/tests/aecp_behave/features/aecp_name_control.feature:46
behave-testing	Execute tests	2026-09-22T09:41:40.1896211Z     Given the AECP protocol directory is loaded                                 # ../traffic-gen/tests/aecp_behave/features/steps/packet_steps.py:17
behave-testing	Execute tests	2026-09-22T09:41:40.1897876Z     Given the interface "atdecc_aecp_get_name::AECP_GET_NAME::AECP_GET_NAME_IF" # ../traffic-gen/tests/aecp_behave/features/steps/packet_steps.py:24
behave-testing	Execute tests	2026-09-22T09:41:40.1899411Z     When I generate 100 packets with seed 111                                   # ../traffic-gen/tests/aecp_behave/features/steps/packet_steps.py:62
behave-testing	Execute tests	2026-09-22T09:41:40.2013650Z     Then the field "control_data_length" always equals 28                       # ../traffic-gen/tests/aecp_behave/features/steps/packet_steps.py:95
behave-testing	Execute tests	2026-09-22T09:41:40.2018307Z 
behave-testing	Execute tests	2026-09-22T09:41:40.2018931Z   Scenario: GET_NAME packet is 31 bytes (244 bits padded)                       # ../traffic-gen/tests/aecp_behave/features/aecp_name_control.feature:51
behave-testing	Execute tests	2026-09-22T09:41:40.2019950Z     Given the AECP protocol directory is loaded                                 # ../traffic-gen/tests/aecp_behave/features/steps/packet_steps.py:17
behave-testing	Execute tests	2026-09-22T09:41:40.2021723Z     Given the interface "atdecc_aecp_get_name::AECP_GET_NAME::AECP_GET_NAME_IF" # ../traffic-gen/tests/aecp_behave/features/steps/packet_steps.py:24
behave-testing	Execute tests	2026-09-22T09:41:40.2023021Z     When I generate 50 packets with seed 112                                    # ../traffic-gen/tests/aecp_behave/features/steps/packet_steps.py:62
behave-testing	Execute tests	2026-09-22T09:41:40.2120301Z     Then the packet size is always 31 bytes                                     # ../traffic-gen/tests/aecp_behave/features/steps/packet_steps.py:148
behave-testing	Execute tests	2026-09-22T09:41:40.2124875Z 
behave-testing	Execute tests	2026-09-22T09:41:40.2126147Z   Scenario: SET_SAMPLING_RATE command_type is always 20                                                    # ../traffic-gen/tests/aecp_behave/features/aecp_name_control.feature:60
behave-testing	Execute tests	2026-09-22T09:41:40.2128357Z     Given the AECP protocol directory is loaded                                                            # ../traffic-gen/tests/aecp_behave/features/steps/packet_steps.py:17
behave-testing	Execute tests	2026-09-22T09:41:40.2130603Z     Given the interface "atdecc_aecp_set_sampling_rate::AECP_SET_SAMPLING_RATE::AECP_SET_SAMPLING_RATE_IF" # ../traffic-gen/tests/aecp_behave/features/steps/packet_steps.py:24
behave-testing	Execute tests	2026-09-22T09:41:40.2132152Z     When I generate 200 packets with seed 120                                                              # ../traffic-gen/tests/aecp_behave/features/steps/packet_steps.py:62
behave-testing	Execute tests	2026-09-22T09:41:40.2261035Z     Then the field "command_type" always equals 20                                                         # ../traffic-gen/tests/aecp_behave/features/steps/packet_steps.py:95
behave-testing	Execute tests	2026-09-22T09:41:40.2267189Z 
behave-testing	Execute tests	2026-09-22T09:41:40.2268302Z   Scenario: SET_SAMPLING_RATE control_data_length is always 28                                             # ../traffic-gen/tests/aecp_behave/features/aecp_name_control.feature:65
behave-testing	Execute tests	2026-09-22T09:41:40.2270169Z     Given the AECP protocol directory is loaded                                                            # ../traffic-gen/tests/aecp_behave/features/steps/packet_steps.py:17
behave-testing	Execute tests	2026-09-22T09:41:40.2272193Z     Given the interface "atdecc_aecp_set_sampling_rate::AECP_SET_SAMPLING_RATE::AECP_SET_SAMPLING_RATE_IF" # ../traffic-gen/tests/aecp_behave/features/steps/packet_steps.py:24
behave-testing	Execute tests	2026-09-22T09:41:40.2274422Z     When I generate 100 packets with seed 121                                                              # ../traffic-gen/tests/aecp_behave/features/steps/packet_steps.py:62
behave-testing	Execute tests	2026-09-22T09:41:40.2380528Z     Then the field "control_data_length" always equals 28                                                  # ../traffic-gen/tests/aecp_behave/features/steps/packet_steps.py:95
behave-testing	Execute tests	2026-09-22T09:41:40.2384822Z 
behave-testing	Execute tests	2026-09-22T09:41:40.2386185Z   Scenario: SET_SAMPLING_RATE descriptor_type is a valid IEEE 1722.1 descriptor                            # ../traffic-gen/tests/aecp_behave/features/aecp_name_control.feature:70
behave-testing	Execute tests	2026-09-22T09:41:40.2388160Z     Given the AECP protocol directory is loaded                                                            # ../traffic-gen/tests/aecp_behave/features/steps/packet_steps.py:17
behave-testing	Execute tests	2026-09-22T09:41:40.2390169Z     Given the interface "atdecc_aecp_set_sampling_rate::AECP_SET_SAMPLING_RATE::AECP_SET_SAMPLING_RATE_IF" # ../traffic-gen/tests/aecp_behave/features/steps/packet_steps.py:24
behave-testing	Execute tests	2026-09-22T09:41:40.2391638Z     When I generate 500 packets with seed 122                                                              # ../traffic-gen/tests/aecp_behave/features/steps/packet_steps.py:62
behave-testing	Execute tests	2026-09-22T09:41:40.2595854Z     Then the field "descriptor_type" is always in range [0, 37]                                            # ../traffic-gen/tests/aecp_behave/features/steps/packet_steps.py:116
behave-testing	Execute tests	2026-09-22T09:41:40.2602172Z 
behave-testing	Execute tests	2026-09-22T09:41:40.2602928Z   Scenario: SET_CLOCK_SOURCE command_type is always 22                                                  # ../traffic-gen/tests/aecp_behave/features/aecp_name_control.feature:79
behave-testing	Execute tests	2026-09-22T09:41:40.2604211Z     Given the AECP protocol directory is loaded                                                         # ../traffic-gen/tests/aecp_behave/features/steps/packet_steps.py:17
behave-testing	Execute tests	2026-09-22T09:41:40.2606396Z     Given the interface "atdecc_aecp_set_clock_source::AECP_SET_CLOCK_SOURCE::AECP_SET_CLOCK_SOURCE_IF" # ../traffic-gen/tests/aecp_behave/features/steps/packet_steps.py:24
behave-testing	Execute tests	2026-09-22T09:41:40.2607939Z     When I generate 200 packets with seed 130                                                           # ../traffic-gen/tests/aecp_behave/features/steps/packet_steps.py:62
behave-testing	Execute tests	2026-09-22T09:41:40.2744090Z     Then the field "command_type" always equals 22                                                      # ../traffic-gen/tests/aecp_behave/features/steps/packet_steps.py:95
behave-testing	Execute tests	2026-09-22T09:41:40.2748837Z 
behave-testing	Execute tests	2026-09-22T09:41:40.2749623Z   Scenario: SET_CLOCK_SOURCE control_data_length is always 28                                           # ../traffic-gen/tests/aecp_behave/features/aecp_name_control.feature:84
behave-testing	Execute tests	2026-09-22T09:41:40.2751161Z     Given the AECP protocol directory is loaded                                                         # ../traffic-gen/tests/aecp_behave/features/steps/packet_steps.py:17
behave-testing	Execute tests	2026-09-22T09:41:40.2752711Z     Given the interface "atdecc_aecp_set_clock_source::AECP_SET_CLOCK_SOURCE::AECP_SET_CLOCK_SOURCE_IF" # ../traffic-gen/tests/aecp_behave/features/steps/packet_steps.py:24
behave-testing	Execute tests	2026-09-22T09:41:40.2754198Z     When I generate 100 packets with seed 131                                                           # ../traffic-gen/tests/aecp_behave/features/steps/packet_steps.py:62
behave-testing	Execute tests	2026-09-22T09:41:40.2863035Z     Then the field "control_data_length" always equals 28                                               # ../traffic-gen/tests/aecp_behave/features/steps/packet_steps.py:95
behave-testing	Execute tests	2026-09-22T09:41:40.2867021Z 
behave-testing	Execute tests	2026-09-22T09:41:40.2867870Z   Scenario: SET_CLOCK_SOURCE reserved field is always zero                                              # ../traffic-gen/tests/aecp_behave/features/aecp_name_control.feature:89
behave-testing	Execute tests	2026-09-22T09:41:40.2869450Z     Given the AECP protocol directory is loaded                                                         # ../traffic-gen/tests/aecp_behave/features/steps/packet_steps.py:17
behave-testing	Execute tests	2026-09-22T09:41:40.2871160Z     Given the interface "atdecc_aecp_set_clock_source::AECP_SET_CLOCK_SOURCE::AECP_SET_CLOCK_SOURCE_IF" # ../traffic-gen/tests/aecp_behave/features/steps/packet_steps.py:24
behave-testing	Execute tests	2026-09-22T09:41:40.2872841Z     When I generate 200 packets with seed 132                                                           # ../traffic-gen/tests/aecp_behave/features/steps/packet_steps.py:62
behave-testing	Execute tests	2026-09-22T09:41:40.3005710Z     Then the field "reserved" always equals 0                                                           # ../traffic-gen/tests/aecp_behave/features/steps/packet_steps.py:95
behave-testing	Execute tests	2026-09-22T09:41:40.3010366Z 
behave-testing	Execute tests	2026-09-22T09:41:40.3011152Z   Scenario: SET_CONTROL command_type is always 24                                        # ../traffic-gen/tests/aecp_behave/features/aecp_name_control.feature:98
behave-testing	Execute tests	2026-09-22T09:41:40.3012691Z     Given the AECP protocol directory is loaded                                          # ../traffic-gen/tests/aecp_behave/features/steps/packet_steps.py:17
behave-testing	Execute tests	2026-09-22T09:41:40.3014261Z     Given the interface "atdecc_aecp_set_control::AECP_SET_CONTROL::AECP_SET_CONTROL_IF" # ../traffic-gen/tests/aecp_behave/features/steps/packet_steps.py:24
behave-testing	Execute tests	2026-09-22T09:41:40.3016258Z     When I generate 200 packets with seed 140                                            # ../traffic-gen/tests/aecp_behave/features/steps/packet_steps.py:62
behave-testing	Execute tests	2026-09-22T09:41:40.3151396Z     Then the field "command_type" always equals 24                                       # ../traffic-gen/tests/aecp_behave/features/steps/packet_steps.py:95
behave-testing	Execute tests	2026-09-22T09:41:40.3166074Z 
behave-testing	Execute tests	2026-09-22T09:41:40.3167043Z   Scenario: SET_CONTROL control_data_length is always 32                                 # ../traffic-gen/tests/aecp_behave/features/aecp_name_control.feature:103
behave-testing	Execute tests	2026-09-22T09:41:40.3168070Z     Given the AECP protocol directory is loaded                                          # ../traffic-gen/tests/aecp_behave/features/steps/packet_steps.py:17
behave-testing	Execute tests	2026-09-22T09:41:40.3169523Z     Given the interface "atdecc_aecp_set_control::AECP_SET_CONTROL::AECP_SET_CONTROL_IF" # ../traffic-gen/tests/aecp_behave/features/steps/packet_steps.py:24
behave-testing	Execute tests	2026-09-22T09:41:40.3170592Z     When I generate 100 packets with seed 141                                            # ../traffic-gen/tests/aecp_behave/features/steps/packet_steps.py:62
behave-testing	Execute tests	2026-09-22T09:41:40.3270977Z     Then the field "control_data_length" always equals 32                                # ../traffic-gen/tests/aecp_behave/features/steps/packet_steps.py:95
behave-testing	Execute tests	2026-09-22T09:41:40.3274952Z 
behave-testing	Execute tests	2026-09-22T09:41:40.3276030Z   Scenario: SET_CONTROL descriptor_type is a valid IEEE 1722.1 descriptor                # ../traffic-gen/tests/aecp_behave/features/aecp_name_control.feature:108
behave-testing	Execute tests	2026-09-22T09:41:40.3277648Z     Given the AECP protocol directory is loaded                                          # ../traffic-gen/tests/aecp_behave/features/steps/packet_steps.py:17
behave-testing	Execute tests	2026-09-22T09:41:40.3279192Z     Given the interface "atdecc_aecp_set_control::AECP_SET_CONTROL::AECP_SET_CONTROL_IF" # ../traffic-gen/tests/aecp_behave/features/steps/packet_steps.py:24
behave-testing	Execute tests	2026-09-22T09:41:40.3280580Z     When I generate 500 packets with seed 142                                            # ../traffic-gen/tests/aecp_behave/features/steps/packet_steps.py:62
behave-testing	Execute tests	2026-09-22T09:41:40.3493402Z     Then the field "descriptor_type" is always in range [0, 37]                          # ../traffic-gen/tests/aecp_behave/features/steps/packet_steps.py:116
behave-testing	Execute tests	2026-09-22T09:41:40.3500678Z 
behave-testing	Execute tests	2026-09-22T09:41:40.3501661Z   Scenario: SET_CONTROL packet is 35 bytes (276 bits padded)                             # ../traffic-gen/tests/aecp_behave/features/aecp_name_control.feature:113
behave-testing	Execute tests	2026-09-22T09:41:40.3503348Z     Given the AECP protocol directory is loaded                                          # ../traffic-gen/tests/aecp_behave/features/steps/packet_steps.py:17
behave-testing	Execute tests	2026-09-22T09:41:40.3505501Z     Given the interface "atdecc_aecp_set_control::AECP_SET_CONTROL::AECP_SET_CONTROL_IF" # ../traffic-gen/tests/aecp_behave/features/steps/packet_steps.py:24
behave-testing	Execute tests	2026-09-22T09:41:40.3506823Z     When I generate 50 packets with seed 143                                             # ../traffic-gen/tests/aecp_behave/features/steps/packet_steps.py:62
behave-testing	Execute tests	2026-09-22T09:41:40.3605577Z     Then the packet size is always 35 bytes                                              # ../traffic-gen/tests/aecp_behave/features/steps/packet_steps.py:148
behave-testing	Execute tests	2026-09-22T09:41:40.3608229Z 
behave-testing	Execute tests	2026-09-22T09:41:40.3612319Z Feature: AECP non-AEM PDU generation (ADDRESS_ACCESS and VENDOR_UNIQUE) # ../traffic-gen/tests/aecp_behave/features/aecp_non_aem.feature:7
behave-testing	Execute tests	2026-09-22T09:41:40.3613237Z 
behave-testing	Execute tests	2026-09-22T09:41:40.3614195Z   Feature: AECP non-AEM PDU generation (ADDRESS_ACCESS and VENDOR_UNIQUE)  # ../traffic-gen/tests/aecp_behave/features/aecp_non_aem.feature:7
behave-testing	Execute tests	2026-09-22T09:41:40.3614936Z 
behave-testing	Execute tests	2026-09-22T09:41:40.3615964Z   Scenario: ADDRESS_ACCESS message_type is COMMAND or RESPONSE                                    # ../traffic-gen/tests/aecp_behave/features/aecp_non_aem.feature:16
behave-testing	Execute tests	2026-09-22T09:41:40.3617156Z     Given the AECP protocol directory is loaded                                                   # ../traffic-gen/tests/aecp_behave/features/steps/packet_steps.py:17
behave-testing	Execute tests	2026-09-22T09:41:40.3618603Z     Given the interface "atdecc_aecp_address_access::AECP_ADDRESS_ACCESS::AECP_ADDRESS_ACCESS_IF" # ../traffic-gen/tests/aecp_behave/features/steps/packet_steps.py:24
behave-testing	Execute tests	2026-09-22T09:41:40.3619837Z     When I generate 500 packets with seed 300                                                     # ../traffic-gen/tests/aecp_behave/features/steps/packet_steps.py:62
behave-testing	Execute tests	2026-09-22T09:41:40.3821713Z     Then the field "message_type" is always one of [2, 3]                                         # ../traffic-gen/tests/aecp_behave/features/steps/packet_steps.py:137
behave-testing	Execute tests	2026-09-22T09:41:40.3828472Z 
behave-testing	Execute tests	2026-09-22T09:41:40.3829216Z   Scenario: ADDRESS_ACCESS control_data_length is always 38                                       # ../traffic-gen/tests/aecp_behave/features/aecp_non_aem.feature:21
behave-testing	Execute tests	2026-09-22T09:41:40.3830940Z     Given the AECP protocol directory is loaded                                                   # ../traffic-gen/tests/aecp_behave/features/steps/packet_steps.py:17
behave-testing	Execute tests	2026-09-22T09:41:40.3832413Z     Given the interface "atdecc_aecp_address_access::AECP_ADDRESS_ACCESS::AECP_ADDRESS_ACCESS_IF" # ../traffic-gen/tests/aecp_behave/features/steps/packet_steps.py:24
behave-testing	Execute tests	2026-09-22T09:41:40.3833773Z     When I generate 100 packets with seed 301                                                     # ../traffic-gen/tests/aecp_behave/features/steps/packet_steps.py:62
behave-testing	Execute tests	2026-09-22T09:41:40.3943509Z     Then the field "control_data_length" always equals 38                                         # ../traffic-gen/tests/aecp_behave/features/steps/packet_steps.py:95
behave-testing	Execute tests	2026-09-22T09:41:40.3948207Z 
behave-testing	Execute tests	2026-09-22T09:41:40.3948922Z   Scenario: ADDRESS_ACCESS tlv_count is always 1                                                  # ../traffic-gen/tests/aecp_behave/features/aecp_non_aem.feature:26
behave-testing	Execute tests	2026-09-22T09:41:40.3950447Z     Given the AECP protocol directory is loaded                                                   # ../traffic-gen/tests/aecp_behave/features/steps/packet_steps.py:17
behave-testing	Execute tests	2026-09-22T09:41:40.3951849Z     Given the interface "atdecc_aecp_address_access::AECP_ADDRESS_ACCESS::AECP_ADDRESS_ACCESS_IF" # ../traffic-gen/tests/aecp_behave/features/steps/packet_steps.py:24
behave-testing	Execute tests	2026-09-22T09:41:40.3953431Z     When I generate 200 packets with seed 302                                                     # ../traffic-gen/tests/aecp_behave/features/steps/packet_steps.py:62
behave-testing	Execute tests	2026-09-22T09:41:40.4090799Z     Then the field "tlv_count" always equals 1                                                    # ../traffic-gen/tests/aecp_behave/features/steps/packet_steps.py:95
behave-testing	Execute tests	2026-09-22T09:41:40.4096503Z 
behave-testing	Execute tests	2026-09-22T09:41:40.4097392Z   Scenario: ADDRESS_ACCESS tlv_length_and_mode respects defined bit mask                          # ../traffic-gen/tests/aecp_behave/features/aecp_non_aem.feature:31
behave-testing	Execute tests	2026-09-22T09:41:40.4098941Z     Given the AECP protocol directory is loaded                                                   # ../traffic-gen/tests/aecp_behave/features/steps/packet_steps.py:17
behave-testing	Execute tests	2026-09-22T09:41:40.4101472Z     Given the interface "atdecc_aecp_address_access::AECP_ADDRESS_ACCESS::AECP_ADDRESS_ACCESS_IF" # ../traffic-gen/tests/aecp_behave/features/steps/packet_steps.py:24
behave-testing	Execute tests	2026-09-22T09:41:40.4102968Z     When I generate 500 packets with seed 303                                                     # ../traffic-gen/tests/aecp_behave/features/steps/packet_steps.py:62
behave-testing	Execute tests	2026-09-22T09:41:40.4321579Z     Then the field "tlv_length_and_mode" always satisfies mask 0xFF0F                             # ../traffic-gen/tests/aecp_behave/features/steps/packet_steps.py:126
behave-testing	Execute tests	2026-09-22T09:41:40.4329717Z 
behave-testing	Execute tests	2026-09-22T09:41:40.4330443Z   Scenario: ADDRESS_ACCESS packet is 41 bytes (324 bits padded)                                   # ../traffic-gen/tests/aecp_behave/features/aecp_non_aem.feature:36
behave-testing	Execute tests	2026-09-22T09:41:40.4331513Z     Given the AECP protocol directory is loaded                                                   # ../traffic-gen/tests/aecp_behave/features/steps/packet_steps.py:17
behave-testing	Execute tests	2026-09-22T09:41:40.4333235Z     Given the interface "atdecc_aecp_address_access::AECP_ADDRESS_ACCESS::AECP_ADDRESS_ACCESS_IF" # ../traffic-gen/tests/aecp_behave/features/steps/packet_steps.py:24
behave-testing	Execute tests	2026-09-22T09:41:40.4334456Z     When I generate 50 packets with seed 304                                                      # ../traffic-gen/tests/aecp_behave/features/steps/packet_steps.py:62
behave-testing	Execute tests	2026-09-22T09:41:40.4437608Z     Then the packet size is always 41 bytes                                                       # ../traffic-gen/tests/aecp_behave/features/steps/packet_steps.py:148
behave-testing	Execute tests	2026-09-22T09:41:40.4441832Z 
behave-testing	Execute tests	2026-09-22T09:41:40.4442619Z   Scenario: ADDRESS_ACCESS packets are captured to a pcap file                                    # ../traffic-gen/tests/aecp_behave/features/aecp_non_aem.feature:41
behave-testing	Execute tests	2026-09-22T09:41:40.4444410Z     Given the AECP protocol directory is loaded                                                   # ../traffic-gen/tests/aecp_behave/features/steps/packet_steps.py:17
behave-testing	Execute tests	2026-09-22T09:41:40.4446056Z     Given the interface "atdecc_aecp_address_access::AECP_ADDRESS_ACCESS::AECP_ADDRESS_ACCESS_IF" # ../traffic-gen/tests/aecp_behave/features/steps/packet_steps.py:24
behave-testing	Execute tests	2026-09-22T09:41:40.4447654Z     When I generate 20 packets with seed 310 to pcap file "/tmp/aecp_addr_access.pcap"            # ../traffic-gen/tests/aecp_behave/features/steps/packet_steps.py:72
behave-testing	Execute tests	2026-09-22T09:41:40.4542367Z     Then the pcap file "/tmp/aecp_addr_access.pcap" exists                                        # ../traffic-gen/tests/aecp_behave/features/steps/packet_steps.py:232
behave-testing	Execute tests	2026-09-22T09:41:40.4544363Z     And the pcap file "/tmp/aecp_addr_access.pcap" contains 20 packets                            # ../traffic-gen/tests/aecp_behave/features/steps/packet_steps.py:237
behave-testing	Execute tests	2026-09-22T09:41:40.4549436Z 
behave-testing	Execute tests	2026-09-22T09:41:40.4550216Z   Scenario: VENDOR_UNIQUE message_type is COMMAND or RESPONSE                                  # ../traffic-gen/tests/aecp_behave/features/aecp_non_aem.feature:51
behave-testing	Execute tests	2026-09-22T09:41:40.4551541Z     Given the AECP protocol directory is loaded                                                # ../traffic-gen/tests/aecp_behave/features/steps/packet_steps.py:17
behave-testing	Execute tests	2026-09-22T09:41:40.4553128Z     Given the interface "atdecc_aecp_vendor_unique::AECP_VENDOR_UNIQUE::AECP_VENDOR_UNIQUE_IF" # ../traffic-gen/tests/aecp_behave/features/steps/packet_steps.py:24
behave-testing	Execute tests	2026-09-22T09:41:40.4554616Z     When I generate 500 packets with seed 320                                                  # ../traffic-gen/tests/aecp_behave/features/steps/packet_steps.py:62
behave-testing	Execute tests	2026-09-22T09:41:40.4744252Z     Then the field "message_type" is always one of [6, 7]                                      # ../traffic-gen/tests/aecp_behave/features/steps/packet_steps.py:137
behave-testing	Execute tests	2026-09-22T09:41:40.4751910Z 
behave-testing	Execute tests	2026-09-22T09:41:40.4752834Z   Scenario: VENDOR_UNIQUE control_data_length is always 32                                     # ../traffic-gen/tests/aecp_behave/features/aecp_non_aem.feature:56
behave-testing	Execute tests	2026-09-22T09:41:40.4754078Z     Given the AECP protocol directory is loaded                                                # ../traffic-gen/tests/aecp_behave/features/steps/packet_steps.py:17
behave-testing	Execute tests	2026-09-22T09:41:40.4755947Z     Given the interface "atdecc_aecp_vendor_unique::AECP_VENDOR_UNIQUE::AECP_VENDOR_UNIQUE_IF" # ../traffic-gen/tests/aecp_behave/features/steps/packet_steps.py:24
behave-testing	Execute tests	2026-09-22T09:41:40.4757478Z     When I generate 100 packets with seed 321                                                  # ../traffic-gen/tests/aecp_behave/features/steps/packet_steps.py:62
behave-testing	Execute tests	2026-09-22T09:41:40.4866257Z     Then the field "control_data_length" always equals 32                                      # ../traffic-gen/tests/aecp_behave/features/steps/packet_steps.py:95
behave-testing	Execute tests	2026-09-22T09:41:40.4869967Z 
behave-testing	Execute tests	2026-09-22T09:41:40.4870890Z   Scenario: VENDOR_UNIQUE packet is 35 bytes (276 bits padded)                                 # ../traffic-gen/tests/aecp_behave/features/aecp_non_aem.feature:61
behave-testing	Execute tests	2026-09-22T09:41:40.4872729Z     Given the AECP protocol directory is loaded                                                # ../traffic-gen/tests/aecp_behave/features/steps/packet_steps.py:17
behave-testing	Execute tests	2026-09-22T09:41:40.4874628Z     Given the interface "atdecc_aecp_vendor_unique::AECP_VENDOR_UNIQUE::AECP_VENDOR_UNIQUE_IF" # ../traffic-gen/tests/aecp_behave/features/steps/packet_steps.py:24
behave-testing	Execute tests	2026-09-22T09:41:40.4876333Z     When I generate 50 packets with seed 322                                                   # ../traffic-gen/tests/aecp_behave/features/steps/packet_steps.py:62
behave-testing	Execute tests	2026-09-22T09:41:40.5003177Z     Then the packet size is always 35 bytes                                                    # ../traffic-gen/tests/aecp_behave/features/steps/packet_steps.py:148
behave-testing	Execute tests	2026-09-22T09:41:40.5007072Z 
behave-testing	Execute tests	2026-09-22T09:41:40.5008155Z   Scenario: VENDOR_UNIQUE packets are captured to a pcap file                                  # ../traffic-gen/tests/aecp_behave/features/aecp_non_aem.feature:66
behave-testing	Execute tests	2026-09-22T09:41:40.5010528Z     Given the AECP protocol directory is loaded                                                # ../traffic-gen/tests/aecp_behave/features/steps/packet_steps.py:17
behave-testing	Execute tests	2026-09-22T09:41:40.5012542Z     Given the interface "atdecc_aecp_vendor_unique::AECP_VENDOR_UNIQUE::AECP_VENDOR_UNIQUE_IF" # ../traffic-gen/tests/aecp_behave/features/steps/packet_steps.py:24
behave-testing	Execute tests	2026-09-22T09:41:40.5014152Z     When I generate 30 packets with seed 330 to pcap file "/tmp/aecp_vendor_unique.pcap"       # ../traffic-gen/tests/aecp_behave/features/steps/packet_steps.py:72
behave-testing	Execute tests	2026-09-22T09:41:40.5109849Z     Then the pcap file "/tmp/aecp_vendor_unique.pcap" exists                                   # ../traffic-gen/tests/aecp_behave/features/steps/packet_steps.py:232
behave-testing	Execute tests	2026-09-22T09:41:40.5112889Z     And the pcap file "/tmp/aecp_vendor_unique.pcap" contains 30 packets                       # ../traffic-gen/tests/aecp_behave/features/steps/packet_steps.py:237
behave-testing	Execute tests	2026-09-22T09:41:40.5118514Z 
behave-testing	Execute tests	2026-09-22T09:41:40.5118751Z   @hardware
behave-testing	Execute tests	2026-09-22T09:41:40.5120251Z   Scenario: ADDRESS_ACCESS packets are sent on a raw network interface                            # ../traffic-gen/tests/aecp_behave/features/aecp_non_aem.feature:77
behave-testing	Execute tests	2026-09-22T09:41:40.5121819Z     Given the AECP protocol directory is loaded                                                   # None
behave-testing	Execute tests	2026-09-22T09:41:40.5123893Z     Given the interface "atdecc_aecp_address_access::AECP_ADDRESS_ACCESS::AECP_ADDRESS_ACCESS_IF" # None
behave-testing	Execute tests	2026-09-22T09:41:40.5126270Z     When I generate 5 packets with seed 340 to raw interface "lo"                                 # None
behave-testing	Execute tests	2026-09-22T09:41:40.5127193Z     Then the field "message_type" is always one of [2, 3]                                         # None
behave-testing	Execute tests	2026-09-22T09:41:40.5127893Z 
behave-testing	Execute tests	2026-09-22T09:41:40.5128120Z   @verilator
behave-testing	Execute tests	2026-09-22T09:41:40.5129735Z   Scenario: VENDOR_UNIQUE packets are sent to a Verilator DUT                                  # ../traffic-gen/tests/aecp_behave/features/aecp_non_aem.feature:83
behave-testing	Execute tests	2026-09-22T09:41:40.5131298Z     Given the AECP protocol directory is loaded                                                # None
behave-testing	Execute tests	2026-09-22T09:41:40.5132621Z     Given the interface "atdecc_aecp_vendor_unique::AECP_VENDOR_UNIQUE::AECP_VENDOR_UNIQUE_IF" # None
behave-testing	Execute tests	2026-09-22T09:41:40.5133633Z     When I generate 5 packets with seed 350 to verilator socket "/tmp/verilator.sock"          # None
behave-testing	Execute tests	2026-09-22T09:41:40.5136169Z     Then the field "message_type" is always one of [6, 7]                                      # None
behave-testing	Execute tests	2026-09-22T09:41:40.5137187Z 
behave-testing	Execute tests	2026-09-22T09:41:40.5137962Z Feature: AECP AEM operation and no-payload PDU generation # ../traffic-gen/tests/aecp_behave/features/aecp_operations.feature:8
behave-testing	Execute tests	2026-09-22T09:41:40.5138867Z 
behave-testing	Execute tests	2026-09-22T09:41:40.5139841Z   Feature: AECP AEM operation and no-payload PDU generation  # ../traffic-gen/tests/aecp_behave/features/aecp_operations.feature:8
behave-testing	Execute tests	2026-09-22T09:41:40.5141012Z 
behave-testing	Execute tests	2026-09-22T09:41:40.5142250Z   Scenario: START_OPERATION command_type is always 52                                                # ../traffic-gen/tests/aecp_behave/features/aecp_operations.feature:17
behave-testing	Execute tests	2026-09-22T09:41:40.5144141Z     Given the AECP protocol directory is loaded                                                      # ../traffic-gen/tests/aecp_behave/features/steps/packet_steps.py:17
behave-testing	Execute tests	2026-09-22T09:41:40.5145560Z     Given the interface "atdecc_aecp_start_operation::AECP_START_OPERATION::AECP_START_OPERATION_IF" # ../traffic-gen/tests/aecp_behave/features/steps/packet_steps.py:24
behave-testing	Execute tests	2026-09-22T09:41:40.5147938Z     When I generate 200 packets with seed 200                                                        # ../traffic-gen/tests/aecp_behave/features/steps/packet_steps.py:62
behave-testing	Execute tests	2026-09-22T09:41:40.5293334Z     Then the field "command_type" always equals 52                                                   # ../traffic-gen/tests/aecp_behave/features/steps/packet_steps.py:95
behave-testing	Execute tests	2026-09-22T09:41:40.5299206Z 
behave-testing	Execute tests	2026-09-22T09:41:40.5300068Z   Scenario: START_OPERATION control_data_length is always 28                                         # ../traffic-gen/tests/aecp_behave/features/aecp_operations.feature:22
behave-testing	Execute tests	2026-09-22T09:41:40.5301433Z     Given the AECP protocol directory is loaded                                                      # ../traffic-gen/tests/aecp_behave/features/steps/packet_steps.py:17
behave-testing	Execute tests	2026-09-22T09:41:40.5302734Z     Given the interface "atdecc_aecp_start_operation::AECP_START_OPERATION::AECP_START_OPERATION_IF" # ../traffic-gen/tests/aecp_behave/features/steps/packet_steps.py:24
behave-testing	Execute tests	2026-09-22T09:41:40.5304446Z     When I generate 100 packets with seed 201                                                        # ../traffic-gen/tests/aecp_behave/features/steps/packet_steps.py:62
behave-testing	Execute tests	2026-09-22T09:41:40.5437361Z     Then the field "control_data_length" always equals 28                                            # ../traffic-gen/tests/aecp_behave/features/steps/packet_steps.py:95
behave-testing	Execute tests	2026-09-22T09:41:40.5441583Z 
behave-testing	Execute tests	2026-09-22T09:41:40.5442767Z   Scenario: START_OPERATION descriptor_type is a valid IEEE 1722.1 descriptor                        # ../traffic-gen/tests/aecp_behave/features/aecp_operations.feature:27
behave-testing	Execute tests	2026-09-22T09:41:40.5444805Z     Given the AECP protocol directory is loaded                                                      # ../traffic-gen/tests/aecp_behave/features/steps/packet_steps.py:17
behave-testing	Execute tests	2026-09-22T09:41:40.5447044Z     Given the interface "atdecc_aecp_start_operation::AECP_START_OPERATION::AECP_START_OPERATION_IF" # ../traffic-gen/tests/aecp_behave/features/steps/packet_steps.py:24
behave-testing	Execute tests	2026-09-22T09:41:40.5448554Z     When I generate 500 packets with seed 202                                                        # ../traffic-gen/tests/aecp_behave/features/steps/packet_steps.py:62
behave-testing	Execute tests	2026-09-22T09:41:40.5679521Z     Then the field "descriptor_type" is always in range [0, 37]                                      # ../traffic-gen/tests/aecp_behave/features/steps/packet_steps.py:116
behave-testing	Execute tests	2026-09-22T09:41:40.5685405Z 
behave-testing	Execute tests	2026-09-22T09:41:40.5686688Z   Scenario: START_OPERATION packet is 31 bytes (244 bits padded)                                     # ../traffic-gen/tests/aecp_behave/features/aecp_operations.feature:32
behave-testing	Execute tests	2026-09-22T09:41:40.5689012Z     Given the AECP protocol directory is loaded                                                      # ../traffic-gen/tests/aecp_behave/features/steps/packet_steps.py:17
behave-testing	Execute tests	2026-09-22T09:41:40.5690924Z     Given the interface "atdecc_aecp_start_operation::AECP_START_OPERATION::AECP_START_OPERATION_IF" # ../traffic-gen/tests/aecp_behave/features/steps/packet_steps.py:24
behave-testing	Execute tests	2026-09-22T09:41:40.5692595Z     When I generate 50 packets with seed 203                                                         # ../traffic-gen/tests/aecp_behave/features/steps/packet_steps.py:62
behave-testing	Execute tests	2026-09-22T09:41:40.5802173Z     Then the packet size is always 31 bytes                                                          # ../traffic-gen/tests/aecp_behave/features/steps/packet_steps.py:148
behave-testing	Execute tests	2026-09-22T09:41:40.5807281Z 
behave-testing	Execute tests	2026-09-22T09:41:40.5808589Z   Scenario: ABORT_OPERATION command_type is always 53                                                # ../traffic-gen/tests/aecp_behave/features/aecp_operations.feature:41
behave-testing	Execute tests	2026-09-22T09:41:40.5810682Z     Given the AECP protocol directory is loaded                                                      # ../traffic-gen/tests/aecp_behave/features/steps/packet_steps.py:17
behave-testing	Execute tests	2026-09-22T09:41:40.5812762Z     Given the interface "atdecc_aecp_abort_operation::AECP_ABORT_OPERATION::AECP_ABORT_OPERATION_IF" # ../traffic-gen/tests/aecp_behave/features/steps/packet_steps.py:24
behave-testing	Execute tests	2026-09-22T09:41:40.5814882Z     When I generate 200 packets with seed 210                                                        # ../traffic-gen/tests/aecp_behave/features/steps/packet_steps.py:62
behave-testing	Execute tests	2026-09-22T09:41:40.5998521Z     Then the field "command_type" always equals 53                                                   # ../traffic-gen/tests/aecp_behave/features/steps/packet_steps.py:95
behave-testing	Execute tests	2026-09-22T09:41:40.6003125Z 
behave-testing	Execute tests	2026-09-22T09:41:40.6004181Z   Scenario: ABORT_OPERATION control_data_length is always 28                                         # ../traffic-gen/tests/aecp_behave/features/aecp_operations.feature:46
behave-testing	Execute tests	2026-09-22T09:41:40.6006337Z     Given the AECP protocol directory is loaded                                                      # ../traffic-gen/tests/aecp_behave/features/steps/packet_steps.py:17
behave-testing	Execute tests	2026-09-22T09:41:40.6008348Z     Given the interface "atdecc_aecp_abort_operation::AECP_ABORT_OPERATION::AECP_ABORT_OPERATION_IF" # ../traffic-gen/tests/aecp_behave/features/steps/packet_steps.py:24
behave-testing	Execute tests	2026-09-22T09:41:40.6010138Z     When I generate 100 packets with seed 211                                                        # ../traffic-gen/tests/aecp_behave/features/steps/packet_steps.py:62
behave-testing	Execute tests	2026-09-22T09:41:40.6134211Z     Then the field "control_data_length" always equals 28                                            # ../traffic-gen/tests/aecp_behave/features/steps/packet_steps.py:95
behave-testing	Execute tests	2026-09-22T09:41:40.6138772Z 
behave-testing	Execute tests	2026-09-22T09:41:40.6139930Z   Scenario: ABORT_OPERATION reserved field is always zero                                            # ../traffic-gen/tests/aecp_behave/features/aecp_operations.feature:51
behave-testing	Execute tests	2026-09-22T09:41:40.6141875Z     Given the AECP protocol directory is loaded                                                      # ../traffic-gen/tests/aecp_behave/features/steps/packet_steps.py:17
behave-testing	Execute tests	2026-09-22T09:41:40.6144022Z     Given the interface "atdecc_aecp_abort_operation::AECP_ABORT_OPERATION::AECP_ABORT_OPERATION_IF" # ../traffic-gen/tests/aecp_behave/features/steps/packet_steps.py:24
behave-testing	Execute tests	2026-09-22T09:41:40.6145681Z     When I generate 200 packets with seed 212                                                        # ../traffic-gen/tests/aecp_behave/features/steps/packet_steps.py:62
behave-testing	Execute tests	2026-09-22T09:41:40.6278224Z     Then the field "reserved" always equals 0                                                        # ../traffic-gen/tests/aecp_behave/features/steps/packet_steps.py:95
behave-testing	Execute tests	2026-09-22T09:41:40.6283021Z 
behave-testing	Execute tests	2026-09-22T09:41:40.6284019Z   Scenario: OPERATION_STATUS command_type is always 54                                                  # ../traffic-gen/tests/aecp_behave/features/aecp_operations.feature:60
behave-testing	Execute tests	2026-09-22T09:41:40.6286601Z     Given the AECP protocol directory is loaded                                                         # ../traffic-gen/tests/aecp_behave/features/steps/packet_steps.py:17
behave-testing	Execute tests	2026-09-22T09:41:40.6288557Z     Given the interface "atdecc_aecp_operation_status::AECP_OPERATION_STATUS::AECP_OPERATION_STATUS_IF" # ../traffic-gen/tests/aecp_behave/features/steps/packet_steps.py:24
behave-testing	Execute tests	2026-09-22T09:41:40.6289877Z     When I generate 200 packets with seed 220                                                           # ../traffic-gen/tests/aecp_behave/features/steps/packet_steps.py:62
behave-testing	Execute tests	2026-09-22T09:41:40.6421664Z     Then the field "command_type" always equals 54                                                      # ../traffic-gen/tests/aecp_behave/features/steps/packet_steps.py:95
behave-testing	Execute tests	2026-09-22T09:41:40.6426426Z 
behave-testing	Execute tests	2026-09-22T09:41:40.6427456Z   Scenario: OPERATION_STATUS percent_complete is always in [0, 100]                                     # ../traffic-gen/tests/aecp_behave/features/aecp_operations.feature:65
behave-testing	Execute tests	2026-09-22T09:41:40.6429350Z     Given the AECP protocol directory is loaded                                                         # ../traffic-gen/tests/aecp_behave/features/steps/packet_steps.py:17
behave-testing	Execute tests	2026-09-22T09:41:40.6431311Z     Given the interface "atdecc_aecp_operation_status::AECP_OPERATION_STATUS::AECP_OPERATION_STATUS_IF" # ../traffic-gen/tests/aecp_behave/features/steps/packet_steps.py:24
behave-testing	Execute tests	2026-09-22T09:41:40.6432842Z     When I generate 500 packets with seed 221                                                           # ../traffic-gen/tests/aecp_behave/features/steps/packet_steps.py:62
behave-testing	Execute tests	2026-09-22T09:41:40.6642929Z     Then the field "percent_complete" is always in range [0, 100]                                       # ../traffic-gen/tests/aecp_behave/features/steps/packet_steps.py:116
behave-testing	Execute tests	2026-09-22T09:41:40.6649048Z 
behave-testing	Execute tests	2026-09-22T09:41:40.6649925Z   Scenario: OPERATION_STATUS control_data_length is always 28                                           # ../traffic-gen/tests/aecp_behave/features/aecp_operations.feature:70
behave-testing	Execute tests	2026-09-22T09:41:40.6651436Z     Given the AECP protocol directory is loaded                                                         # ../traffic-gen/tests/aecp_behave/features/steps/packet_steps.py:17
behave-testing	Execute tests	2026-09-22T09:41:40.6652540Z     Given the interface "atdecc_aecp_operation_status::AECP_OPERATION_STATUS::AECP_OPERATION_STATUS_IF" # ../traffic-gen/tests/aecp_behave/features/steps/packet_steps.py:24
behave-testing	Execute tests	2026-09-22T09:41:40.6654037Z     When I generate 100 packets with seed 222                                                           # ../traffic-gen/tests/aecp_behave/features/steps/packet_steps.py:62
behave-testing	Execute tests	2026-09-22T09:41:40.6767195Z     Then the field "control_data_length" always equals 28                                               # ../traffic-gen/tests/aecp_behave/features/steps/packet_steps.py:95
behave-testing	Execute tests	2026-09-22T09:41:40.6771074Z 
behave-testing	Execute tests	2026-09-22T09:41:40.6771987Z   Scenario: No-payload command_type is one of the defined no-payload commands                     # ../traffic-gen/tests/aecp_behave/features/aecp_operations.feature:79
behave-testing	Execute tests	2026-09-22T09:41:40.6773670Z     Given the AECP protocol directory is loaded                                                   # ../traffic-gen/tests/aecp_behave/features/steps/packet_steps.py:17
behave-testing	Execute tests	2026-09-22T09:41:40.6775632Z     Given the interface "atdecc_aecp_aem_no_payload::AECP_AEM_NO_PAYLOAD::AECP_AEM_NO_PAYLOAD_IF" # ../traffic-gen/tests/aecp_behave/features/steps/packet_steps.py:24
behave-testing	Execute tests	2026-09-22T09:41:40.6776975Z     When I generate 500 packets with seed 230                                                     # ../traffic-gen/tests/aecp_behave/features/steps/packet_steps.py:62
behave-testing	Execute tests	2026-09-22T09:41:40.6956361Z     Then the field "command_type" is always one of [2, 3, 7, 36, 37]                              # ../traffic-gen/tests/aecp_behave/features/steps/packet_steps.py:137
behave-testing	Execute tests	2026-09-22T09:41:40.6963421Z 
behave-testing	Execute tests	2026-09-22T09:41:40.6964396Z   Scenario: No-payload control_data_length is always 20                                           # ../traffic-gen/tests/aecp_behave/features/aecp_operations.feature:84
behave-testing	Execute tests	2026-09-22T09:41:40.6966758Z     Given the AECP protocol directory is loaded                                                   # ../traffic-gen/tests/aecp_behave/features/steps/packet_steps.py:17
behave-testing	Execute tests	2026-09-22T09:41:40.6968635Z     Given the interface "atdecc_aecp_aem_no_payload::AECP_AEM_NO_PAYLOAD::AECP_AEM_NO_PAYLOAD_IF" # ../traffic-gen/tests/aecp_behave/features/steps/packet_steps.py:24
behave-testing	Execute tests	2026-09-22T09:41:40.6969979Z     When I generate 100 packets with seed 231                                                     # ../traffic-gen/tests/aecp_behave/features/steps/packet_steps.py:62
behave-testing	Execute tests	2026-09-22T09:41:40.7072291Z     Then the field "control_data_length" always equals 20                                         # ../traffic-gen/tests/aecp_behave/features/steps/packet_steps.py:95
behave-testing	Execute tests	2026-09-22T09:41:40.7075699Z 
behave-testing	Execute tests	2026-09-22T09:41:40.7076650Z   Scenario: No-payload packet is 23 bytes (180 bits padded)                                       # ../traffic-gen/tests/aecp_behave/features/aecp_operations.feature:89
behave-testing	Execute tests	2026-09-22T09:41:40.7078488Z     Given the AECP protocol directory is loaded                                                   # ../traffic-gen/tests/aecp_behave/features/steps/packet_steps.py:17
behave-testing	Execute tests	2026-09-22T09:41:40.7080347Z     Given the interface "atdecc_aecp_aem_no_payload::AECP_AEM_NO_PAYLOAD::AECP_AEM_NO_PAYLOAD_IF" # ../traffic-gen/tests/aecp_behave/features/steps/packet_steps.py:24
behave-testing	Execute tests	2026-09-22T09:41:40.7081740Z     When I generate 50 packets with seed 232                                                      # ../traffic-gen/tests/aecp_behave/features/steps/packet_steps.py:62
behave-testing	Execute tests	2026-09-22T09:41:40.7173038Z     Then the packet size is always 23 bytes                                                       # ../traffic-gen/tests/aecp_behave/features/steps/packet_steps.py:148
behave-testing	Execute tests	2026-09-22T09:41:40.7176698Z 
behave-testing	Execute tests	2026-09-22T09:41:40.7177707Z   Scenario: OPERATION_STATUS packets are captured to a pcap file                                        # ../traffic-gen/tests/aecp_behave/features/aecp_operations.feature:98
behave-testing	Execute tests	2026-09-22T09:41:40.7179619Z     Given the AECP protocol directory is loaded                                                         # ../traffic-gen/tests/aecp_behave/features/steps/packet_steps.py:17
behave-testing	Execute tests	2026-09-22T09:41:40.7181550Z     Given the interface "atdecc_aecp_operation_status::AECP_OPERATION_STATUS::AECP_OPERATION_STATUS_IF" # ../traffic-gen/tests/aecp_behave/features/steps/packet_steps.py:24
behave-testing	Execute tests	2026-09-22T09:41:40.7183065Z     When I generate 25 packets with seed 240 to pcap file "/tmp/aecp_op_status.pcap"                    # ../traffic-gen/tests/aecp_behave/features/steps/packet_steps.py:72
behave-testing	Execute tests	2026-09-22T09:41:40.7273920Z     Then the pcap file "/tmp/aecp_op_status.pcap" exists                                                # ../traffic-gen/tests/aecp_behave/features/steps/packet_steps.py:232
behave-testing	Execute tests	2026-09-22T09:41:40.7276234Z     And the pcap file "/tmp/aecp_op_status.pcap" contains 25 packets                                    # ../traffic-gen/tests/aecp_behave/features/steps/packet_steps.py:237
behave-testing	Execute tests	2026-09-22T09:41:40.7279032Z 
behave-testing	Execute tests	2026-09-22T09:41:40.7282798Z Feature: AECP AEM stream operation PDU generation # ../traffic-gen/tests/aecp_behave/features/aecp_stream_ops.feature:7
behave-testing	Execute tests	2026-09-22T09:41:40.7283571Z 
behave-testing	Execute tests	2026-09-22T09:41:40.7284058Z   Feature: AECP AEM stream operation PDU generation  # ../traffic-gen/tests/aecp_behave/features/aecp_stream_ops.feature:7
behave-testing	Execute tests	2026-09-22T09:41:40.7284765Z 
behave-testing	Execute tests	2026-09-22T09:41:40.7285892Z   Scenario: SET_STREAM_FORMAT command_type is always 8                                                     # ../traffic-gen/tests/aecp_behave/features/aecp_stream_ops.feature:16
behave-testing	Execute tests	2026-09-22T09:41:40.7287272Z     Given the AECP protocol directory is loaded                                                            # ../traffic-gen/tests/aecp_behave/features/steps/packet_steps.py:17
behave-testing	Execute tests	2026-09-22T09:41:40.7288778Z     Given the interface "atdecc_aecp_set_stream_format::AECP_SET_STREAM_FORMAT::AECP_SET_STREAM_FORMAT_IF" # ../traffic-gen/tests/aecp_behave/features/steps/packet_steps.py:24
behave-testing	Execute tests	2026-09-22T09:41:40.7290462Z     When I generate 200 packets with seed 70                                                               # ../traffic-gen/tests/aecp_behave/features/steps/packet_steps.py:62
behave-testing	Execute tests	2026-09-22T09:41:40.7425395Z     Then the field "command_type" always equals 8                                                          # ../traffic-gen/tests/aecp_behave/features/steps/packet_steps.py:95
behave-testing	Execute tests	2026-09-22T09:41:40.7430390Z 
behave-testing	Execute tests	2026-09-22T09:41:40.7431364Z   Scenario: SET_STREAM_FORMAT control_data_length is always 32                                             # ../traffic-gen/tests/aecp_behave/features/aecp_stream_ops.feature:21
behave-testing	Execute tests	2026-09-22T09:41:40.7433281Z     Given the AECP protocol directory is loaded                                                            # ../traffic-gen/tests/aecp_behave/features/steps/packet_steps.py:17
behave-testing	Execute tests	2026-09-22T09:41:40.7435425Z     Given the interface "atdecc_aecp_set_stream_format::AECP_SET_STREAM_FORMAT::AECP_SET_STREAM_FORMAT_IF" # ../traffic-gen/tests/aecp_behave/features/steps/packet_steps.py:24
behave-testing	Execute tests	2026-09-22T09:41:40.7436827Z     When I generate 100 packets with seed 71                                                               # ../traffic-gen/tests/aecp_behave/features/steps/packet_steps.py:62
behave-testing	Execute tests	2026-09-22T09:41:40.7545234Z     Then the field "control_data_length" always equals 32                                                  # ../traffic-gen/tests/aecp_behave/features/steps/packet_steps.py:95
behave-testing	Execute tests	2026-09-22T09:41:40.7548820Z 
behave-testing	Execute tests	2026-09-22T09:41:40.7550017Z   Scenario: SET_STREAM_FORMAT descriptor_type is a valid IEEE 1722.1 descriptor                            # ../traffic-gen/tests/aecp_behave/features/aecp_stream_ops.feature:26
behave-testing	Execute tests	2026-09-22T09:41:40.7552105Z     Given the AECP protocol directory is loaded                                                            # ../traffic-gen/tests/aecp_behave/features/steps/packet_steps.py:17
behave-testing	Execute tests	2026-09-22T09:41:40.7554396Z     Given the interface "atdecc_aecp_set_stream_format::AECP_SET_STREAM_FORMAT::AECP_SET_STREAM_FORMAT_IF" # ../traffic-gen/tests/aecp_behave/features/steps/packet_steps.py:24
behave-testing	Execute tests	2026-09-22T09:41:40.7556218Z     When I generate 500 packets with seed 72                                                               # ../traffic-gen/tests/aecp_behave/features/steps/packet_steps.py:62
behave-testing	Execute tests	2026-09-22T09:41:40.7763881Z     Then the field "descriptor_type" is always in range [0, 37]                                            # ../traffic-gen/tests/aecp_behave/features/steps/packet_steps.py:116
behave-testing	Execute tests	2026-09-22T09:41:40.7770757Z 
behave-testing	Execute tests	2026-09-22T09:41:40.7772026Z   Scenario: SET_STREAM_FORMAT packet is 35 bytes (276 bits padded)                                         # ../traffic-gen/tests/aecp_behave/features/aecp_stream_ops.feature:31
behave-testing	Execute tests	2026-09-22T09:41:40.7774034Z     Given the AECP protocol directory is loaded                                                            # ../traffic-gen/tests/aecp_behave/features/steps/packet_steps.py:17
behave-testing	Execute tests	2026-09-22T09:41:40.7776214Z     Given the interface "atdecc_aecp_set_stream_format::AECP_SET_STREAM_FORMAT::AECP_SET_STREAM_FORMAT_IF" # ../traffic-gen/tests/aecp_behave/features/steps/packet_steps.py:24
behave-testing	Execute tests	2026-09-22T09:41:40.7777638Z     When I generate 50 packets with seed 73                                                                # ../traffic-gen/tests/aecp_behave/features/steps/packet_steps.py:62
behave-testing	Execute tests	2026-09-22T09:41:40.7872652Z     Then the packet size is always 35 bytes                                                                # ../traffic-gen/tests/aecp_behave/features/steps/packet_steps.py:148
behave-testing	Execute tests	2026-09-22T09:41:40.7876308Z 
behave-testing	Execute tests	2026-09-22T09:41:40.7877236Z   Scenario: SET_STREAM_INFO command_type is always 14                                                # ../traffic-gen/tests/aecp_behave/features/aecp_stream_ops.feature:40
behave-testing	Execute tests	2026-09-22T09:41:40.7879003Z     Given the AECP protocol directory is loaded                                                      # ../traffic-gen/tests/aecp_behave/features/steps/packet_steps.py:17
behave-testing	Execute tests	2026-09-22T09:41:40.7880901Z     Given the interface "atdecc_aecp_set_stream_info::AECP_SET_STREAM_INFO::AECP_SET_STREAM_INFO_IF" # ../traffic-gen/tests/aecp_behave/features/steps/packet_steps.py:24
behave-testing	Execute tests	2026-09-22T09:41:40.7882664Z     When I generate 200 packets with seed 80                                                         # ../traffic-gen/tests/aecp_behave/features/steps/packet_steps.py:62
behave-testing	Execute tests	2026-09-22T09:41:40.8057543Z     Then the field "command_type" always equals 14                                                   # ../traffic-gen/tests/aecp_behave/features/steps/packet_steps.py:95
behave-testing	Execute tests	2026-09-22T09:41:40.8062454Z 
behave-testing	Execute tests	2026-09-22T09:41:40.8063404Z   Scenario: SET_STREAM_INFO control_data_length is always 68                                         # ../traffic-gen/tests/aecp_behave/features/aecp_stream_ops.feature:45
behave-testing	Execute tests	2026-09-22T09:41:40.8065430Z     Given the AECP protocol directory is loaded                                                      # ../traffic-gen/tests/aecp_behave/features/steps/packet_steps.py:17
behave-testing	Execute tests	2026-09-22T09:41:40.8067236Z     Given the interface "atdecc_aecp_set_stream_info::AECP_SET_STREAM_INFO::AECP_SET_STREAM_INFO_IF" # ../traffic-gen/tests/aecp_behave/features/steps/packet_steps.py:24
behave-testing	Execute tests	2026-09-22T09:41:40.8068733Z     When I generate 100 packets with seed 81                                                         # ../traffic-gen/tests/aecp_behave/features/steps/packet_steps.py:62
behave-testing	Execute tests	2026-09-22T09:41:40.8199100Z     Then the field "control_data_length" always equals 68                                            # ../traffic-gen/tests/aecp_behave/features/steps/packet_steps.py:95
behave-testing	Execute tests	2026-09-22T09:41:40.8203365Z 
behave-testing	Execute tests	2026-09-22T09:41:40.8204555Z   Scenario: SET_STREAM_INFO descriptor_type is a valid IEEE 1722.1 descriptor                        # ../traffic-gen/tests/aecp_behave/features/aecp_stream_ops.feature:50
behave-testing	Execute tests	2026-09-22T09:41:40.8206580Z     Given the AECP protocol directory is loaded                                                      # ../traffic-gen/tests/aecp_behave/features/steps/packet_steps.py:17
behave-testing	Execute tests	2026-09-22T09:41:40.8208881Z     Given the interface "atdecc_aecp_set_stream_info::AECP_SET_STREAM_INFO::AECP_SET_STREAM_INFO_IF" # ../traffic-gen/tests/aecp_behave/features/steps/packet_steps.py:24
behave-testing	Execute tests	2026-09-22T09:41:40.8210250Z     When I generate 500 packets with seed 82                                                         # ../traffic-gen/tests/aecp_behave/features/steps/packet_steps.py:62
behave-testing	Execute tests	2026-09-22T09:41:40.8525241Z     Then the field "descriptor_type" is always in range [0, 37]                                      # ../traffic-gen/tests/aecp_behave/features/steps/packet_steps.py:116
behave-testing	Execute tests	2026-09-22T09:41:40.8533660Z 
behave-testing	Execute tests	2026-09-22T09:41:40.8534782Z   Scenario: SET_STREAM_INFO reserved fields are always zero                                          # ../traffic-gen/tests/aecp_behave/features/aecp_stream_ops.feature:55
behave-testing	Execute tests	2026-09-22T09:41:40.8537005Z     Given the AECP protocol directory is loaded                                                      # ../traffic-gen/tests/aecp_behave/features/steps/packet_steps.py:17
behave-testing	Execute tests	2026-09-22T09:41:40.8538886Z     Given the interface "atdecc_aecp_set_stream_info::AECP_SET_STREAM_INFO::AECP_SET_STREAM_INFO_IF" # ../traffic-gen/tests/aecp_behave/features/steps/packet_steps.py:24
behave-testing	Execute tests	2026-09-22T09:41:40.8540284Z     When I generate 200 packets with seed 83                                                         # ../traffic-gen/tests/aecp_behave/features/steps/packet_steps.py:62
behave-testing	Execute tests	2026-09-22T09:41:40.8717923Z     Then the field "reserved0" always equals 0                                                       # ../traffic-gen/tests/aecp_behave/features/steps/packet_steps.py:95
behave-testing	Execute tests	2026-09-22T09:41:40.8719595Z     And the field "reserved1" always equals 0                                                        # ../traffic-gen/tests/aecp_behave/features/steps/packet_steps.py:95
behave-testing	Execute tests	2026-09-22T09:41:40.8725114Z 
behave-testing	Execute tests	2026-09-22T09:41:40.8726323Z   Scenario: SET_STREAM_INFO msrp_flags respects defined bit mask                                     # ../traffic-gen/tests/aecp_behave/features/aecp_stream_ops.feature:61
behave-testing	Execute tests	2026-09-22T09:41:40.8728178Z     Given the AECP protocol directory is loaded                                                      # ../traffic-gen/tests/aecp_behave/features/steps/packet_steps.py:17
behave-testing	Execute tests	2026-09-22T09:41:40.8730462Z     Given the interface "atdecc_aecp_set_stream_info::AECP_SET_STREAM_INFO::AECP_SET_STREAM_INFO_IF" # ../traffic-gen/tests/aecp_behave/features/steps/packet_steps.py:24
behave-testing	Execute tests	2026-09-22T09:41:40.8731808Z     When I generate 500 packets with seed 84                                                         # ../traffic-gen/tests/aecp_behave/features/steps/packet_steps.py:62
behave-testing	Execute tests	2026-09-22T09:41:40.9046098Z     Then the field "msrp_flags" always satisfies mask 0xF800000000000000                             # ../traffic-gen/tests/aecp_behave/features/steps/packet_steps.py:126
behave-testing	Execute tests	2026-09-22T09:41:40.9053645Z 
behave-testing	Execute tests	2026-09-22T09:41:40.9054701Z   Scenario: SET_STREAM_INFO packet is 75 bytes (596 bits padded)                                     # ../traffic-gen/tests/aecp_behave/features/aecp_stream_ops.feature:66
behave-testing	Execute tests	2026-09-22T09:41:40.9056901Z     Given the AECP protocol directory is loaded                                                      # ../traffic-gen/tests/aecp_behave/features/steps/packet_steps.py:17
behave-testing	Execute tests	2026-09-22T09:41:40.9058784Z     Given the interface "atdecc_aecp_set_stream_info::AECP_SET_STREAM_INFO::AECP_SET_STREAM_INFO_IF" # ../traffic-gen/tests/aecp_behave/features/steps/packet_steps.py:24
behave-testing	Execute tests	2026-09-22T09:41:40.9060152Z     When I generate 50 packets with seed 85                                                          # ../traffic-gen/tests/aecp_behave/features/steps/packet_steps.py:62
behave-testing	Execute tests	2026-09-22T09:41:40.9170677Z     Then the packet size is always 75 bytes                                                          # ../traffic-gen/tests/aecp_behave/features/steps/packet_steps.py:148
behave-testing	Execute tests	2026-09-22T09:41:40.9174501Z 
behave-testing	Execute tests	2026-09-22T09:41:40.9175988Z   Scenario: SET_STREAM_FORMAT packets are captured to a pcap file                                          # ../traffic-gen/tests/aecp_behave/features/aecp_stream_ops.feature:75
behave-testing	Execute tests	2026-09-22T09:41:40.9177785Z     Given the AECP protocol directory is loaded                                                            # ../traffic-gen/tests/aecp_behave/features/steps/packet_steps.py:17
behave-testing	Execute tests	2026-09-22T09:41:40.9179689Z     Given the interface "atdecc_aecp_set_stream_format::AECP_SET_STREAM_FORMAT::AECP_SET_STREAM_FORMAT_IF" # ../traffic-gen/tests/aecp_behave/features/steps/packet_steps.py:24
behave-testing	Execute tests	2026-09-22T09:41:40.9181190Z     When I generate 20 packets with seed 90 to pcap file "/tmp/aecp_stream_format.pcap"                    # ../traffic-gen/tests/aecp_behave/features/steps/packet_steps.py:72
behave-testing	Execute tests	2026-09-22T09:41:40.9271650Z     Then the pcap file "/tmp/aecp_stream_format.pcap" exists                                               # ../traffic-gen/tests/aecp_behave/features/steps/packet_steps.py:232
behave-testing	Execute tests	2026-09-22T09:41:40.9273776Z     And the pcap file "/tmp/aecp_stream_format.pcap" contains 20 packets                                   # ../traffic-gen/tests/aecp_behave/features/steps/packet_steps.py:237
behave-testing	Execute tests	2026-09-22T09:41:40.9276940Z 
behave-testing	Execute tests	2026-09-22T09:41:40.9280580Z Feature: Layer stacking — full on-wire frame assembly # ../traffic-gen/tests/aecp_behave/features/layer_stack.feature:16
behave-testing	Execute tests	2026-09-22T09:41:40.9281316Z 
behave-testing	Execute tests	2026-09-22T09:41:40.9282291Z   Feature: Layer stacking — full on-wire frame assembly  # ../traffic-gen/tests/aecp_behave/features/layer_stack.feature:16
behave-testing	Execute tests	2026-09-22T09:41:40.9283093Z 
behave-testing	Execute tests	2026-09-22T09:41:40.9284243Z   Scenario: Ethernet + AVTP + AECP_ACQUIRE_ENTITY stack produces 55-byte frame                                                                                                                                   # ../traffic-gen/tests/aecp_behave/features/layer_stack.feature:21
behave-testing	Execute tests	2026-09-22T09:41:40.9287012Z     Given the AECP protocol directory is loaded                                                                                                                                                                  # ../traffic-gen/tests/aecp_behave/features/steps/packet_steps.py:17
behave-testing	Execute tests	2026-09-22T09:41:40.9289089Z     Given the interface stack "ethernet_mac_frame::ETHERNET_FRAME::ETHERNET_FRAME_IF:avtp_control_header::AVTP_CONTROL::AVTP_CONTROL_IF:atdecc_aecp_acquire_entity::AECP_ACQUIRE_ENTITY::AECP_ACQUIRE_ENTITY_IF" # ../traffic-gen/tests/aecp_behave/features/steps/packet_steps.py:29
behave-testing	Execute tests	2026-09-22T09:41:40.9291477Z     When I generate 20 stacked packets with seed 1                                                                                                                                                               # ../traffic-gen/tests/aecp_behave/features/steps/packet_steps.py:183
behave-testing	Execute tests	2026-09-22T09:41:40.9420461Z     Then the stacked packet size is always 55 bytes                                                                                                                                                              # ../traffic-gen/tests/aecp_behave/features/steps/packet_steps.py:220
behave-testing	Execute tests	2026-09-22T09:41:40.9425045Z 
behave-testing	Execute tests	2026-09-22T09:41:40.9426723Z   Scenario: Ethernet MAC ethertype is always 0x22F0                                                                                                                                                              # ../traffic-gen/tests/aecp_behave/features/layer_stack.feature:26
behave-testing	Execute tests	2026-09-22T09:41:40.9428989Z     Given the AECP protocol directory is loaded                                                                                                                                                                  # ../traffic-gen/tests/aecp_behave/features/steps/packet_steps.py:17
behave-testing	Execute tests	2026-09-22T09:41:40.9431747Z     Given the interface stack "ethernet_mac_frame::ETHERNET_FRAME::ETHERNET_FRAME_IF:avtp_control_header::AVTP_CONTROL::AVTP_CONTROL_IF:atdecc_aecp_acquire_entity::AECP_ACQUIRE_ENTITY::AECP_ACQUIRE_ENTITY_IF" # ../traffic-gen/tests/aecp_behave/features/steps/packet_steps.py:29
behave-testing	Execute tests	2026-09-22T09:41:40.9433857Z     When I generate 50 stacked packets with seed 99                                                                                                                                                              # ../traffic-gen/tests/aecp_behave/features/steps/packet_steps.py:183
behave-testing	Execute tests	2026-09-22T09:41:40.9579634Z     Then layer 0 field "ethertype" always equals 8944                                                                                                                                                            # ../traffic-gen/tests/aecp_behave/features/steps/packet_steps.py:199
behave-testing	Execute tests	2026-09-22T09:41:40.9585330Z 
behave-testing	Execute tests	2026-09-22T09:41:40.9586422Z   Scenario: Ethernet MAC ethertype is always 0x22F0 (hex check)                                                                                                                                                  # ../traffic-gen/tests/aecp_behave/features/layer_stack.feature:31
behave-testing	Execute tests	2026-09-22T09:41:40.9588204Z     Given the AECP protocol directory is loaded                                                                                                                                                                  # ../traffic-gen/tests/aecp_behave/features/steps/packet_steps.py:17
behave-testing	Execute tests	2026-09-22T09:41:40.9590197Z     Given the interface stack "ethernet_mac_frame::ETHERNET_FRAME::ETHERNET_FRAME_IF:avtp_control_header::AVTP_CONTROL::AVTP_CONTROL_IF:atdecc_aecp_acquire_entity::AECP_ACQUIRE_ENTITY::AECP_ACQUIRE_ENTITY_IF" # ../traffic-gen/tests/aecp_behave/features/steps/packet_steps.py:29
behave-testing	Execute tests	2026-09-22T09:41:40.9591814Z     When I generate 20 stacked packets with seed 7                                                                                                                                                               # ../traffic-gen/tests/aecp_behave/features/steps/packet_steps.py:183
behave-testing	Execute tests	2026-09-22T09:41:40.9722070Z     Then layer 0 field "ethertype" always equals hex 22F0                                                                                                                                                        # ../traffic-gen/tests/aecp_behave/features/steps/packet_steps.py:209
behave-testing	Execute tests	2026-09-22T09:41:40.9726019Z 
behave-testing	Execute tests	2026-09-22T09:41:40.9726986Z   Scenario: AVTP subtype is always 0xFB (251 decimal)                                                                                                                                                            # ../traffic-gen/tests/aecp_behave/features/layer_stack.feature:36
behave-testing	Execute tests	2026-09-22T09:41:40.9729653Z     Given the AECP protocol directory is loaded                                                                                                                                                                  # ../traffic-gen/tests/aecp_behave/features/steps/packet_steps.py:17
behave-testing	Execute tests	2026-09-22T09:41:40.9732123Z     Given the interface stack "ethernet_mac_frame::ETHERNET_FRAME::ETHERNET_FRAME_IF:avtp_control_header::AVTP_CONTROL::AVTP_CONTROL_IF:atdecc_aecp_acquire_entity::AECP_ACQUIRE_ENTITY::AECP_ACQUIRE_ENTITY_IF" # ../traffic-gen/tests/aecp_behave/features/steps/packet_steps.py:29
behave-testing	Execute tests	2026-09-22T09:41:40.9734264Z     When I generate 20 stacked packets with seed 12                                                                                                                                                              # ../traffic-gen/tests/aecp_behave/features/steps/packet_steps.py:183
behave-testing	Execute tests	2026-09-22T09:41:40.9866849Z     Then layer 1 field "subtype" always equals 251                                                                                                                                                               # ../traffic-gen/tests/aecp_behave/features/steps/packet_steps.py:199
behave-testing	Execute tests	2026-09-22T09:41:40.9870832Z 
behave-testing	Execute tests	2026-09-22T09:41:40.9871815Z   Scenario: AVTP sv and version are always zero                                                                                                                                                                  # ../traffic-gen/tests/aecp_behave/features/layer_stack.feature:41
behave-testing	Execute tests	2026-09-22T09:41:40.9874110Z     Given the AECP protocol directory is loaded                                                                                                                                                                  # ../traffic-gen/tests/aecp_behave/features/steps/packet_steps.py:17
behave-testing	Execute tests	2026-09-22T09:41:40.9876763Z     Given the interface stack "ethernet_mac_frame::ETHERNET_FRAME::ETHERNET_FRAME_IF:avtp_control_header::AVTP_CONTROL::AVTP_CONTROL_IF:atdecc_aecp_acquire_entity::AECP_ACQUIRE_ENTITY::AECP_ACQUIRE_ENTITY_IF" # ../traffic-gen/tests/aecp_behave/features/steps/packet_steps.py:29
behave-testing	Execute tests	2026-09-22T09:41:40.9878920Z     When I generate 30 stacked packets with seed 5                                                                                                                                                               # ../traffic-gen/tests/aecp_behave/features/steps/packet_steps.py:183
behave-testing	Execute tests	2026-09-22T09:41:41.0015446Z     Then layer 1 field "sv" always equals 0                                                                                                                                                                      # ../traffic-gen/tests/aecp_behave/features/steps/packet_steps.py:199
behave-testing	Execute tests	2026-09-22T09:41:41.0018049Z     And layer 1 field "version" always equals 0                                                                                                                                                                  # ../traffic-gen/tests/aecp_behave/features/steps/packet_steps.py:199
behave-testing	Execute tests	2026-09-22T09:41:41.0021890Z 
behave-testing	Execute tests	2026-09-22T09:41:41.0022851Z   Scenario: AECP command_type is always ACQUIRE_ENTITY (0)                                                                                                                                                       # ../traffic-gen/tests/aecp_behave/features/layer_stack.feature:47
behave-testing	Execute tests	2026-09-22T09:41:41.0024775Z     Given the AECP protocol directory is loaded                                                                                                                                                                  # ../traffic-gen/tests/aecp_behave/features/steps/packet_steps.py:17
behave-testing	Execute tests	2026-09-22T09:41:41.0027871Z     Given the interface stack "ethernet_mac_frame::ETHERNET_FRAME::ETHERNET_FRAME_IF:avtp_control_header::AVTP_CONTROL::AVTP_CONTROL_IF:atdecc_aecp_acquire_entity::AECP_ACQUIRE_ENTITY::AECP_ACQUIRE_ENTITY_IF" # ../traffic-gen/tests/aecp_behave/features/steps/packet_steps.py:29
behave-testing	Execute tests	2026-09-22T09:41:41.0029913Z     When I generate 30 stacked packets with seed 77                                                                                                                                                              # ../traffic-gen/tests/aecp_behave/features/steps/packet_steps.py:183
behave-testing	Execute tests	2026-09-22T09:41:41.0164830Z     Then layer 2 field "command_type" always equals 0                                                                                                                                                            # ../traffic-gen/tests/aecp_behave/features/steps/packet_steps.py:199
behave-testing	Execute tests	2026-09-22T09:41:41.0169187Z 
behave-testing	Execute tests	2026-09-22T09:41:41.0170107Z   Scenario: Stacked frame can be captured to a pcap file                                                                                                                                                         # ../traffic-gen/tests/aecp_behave/features/layer_stack.feature:52
behave-testing	Execute tests	2026-09-22T09:41:41.0172039Z     Given the AECP protocol directory is loaded                                                                                                                                                                  # ../traffic-gen/tests/aecp_behave/features/steps/packet_steps.py:17
behave-testing	Execute tests	2026-09-22T09:41:41.0174461Z     Given the interface stack "ethernet_mac_frame::ETHERNET_FRAME::ETHERNET_FRAME_IF:avtp_control_header::AVTP_CONTROL::AVTP_CONTROL_IF:atdecc_aecp_acquire_entity::AECP_ACQUIRE_ENTITY::AECP_ACQUIRE_ENTITY_IF" # ../traffic-gen/tests/aecp_behave/features/steps/packet_steps.py:29
behave-testing	Execute tests	2026-09-22T09:41:41.0177585Z     When I generate 5 stacked packets with seed 42 to pcap file "/tmp/stack_aecp_test.pcap"                                                                                                                      # ../traffic-gen/tests/aecp_behave/features/steps/packet_steps.py:193
behave-testing	Execute tests	2026-09-22T09:41:41.0323696Z     Then the pcap file "/tmp/stack_aecp_test.pcap" exists                                                                                                                                                        # ../traffic-gen/tests/aecp_behave/features/steps/packet_steps.py:232
behave-testing	Execute tests	2026-09-22T09:41:41.0326494Z     And the pcap file "/tmp/stack_aecp_test.pcap" contains 5 packets                                                                                                                                             # ../traffic-gen/tests/aecp_behave/features/steps/packet_steps.py:237
behave-testing	Execute tests	2026-09-22T09:41:41.0329812Z 
behave-testing	Execute tests	2026-09-22T09:41:41.0330827Z   Scenario: Stack output is deterministic with a fixed seed                                                                                                                                                      # ../traffic-gen/tests/aecp_behave/features/layer_stack.feature:58
behave-testing	Execute tests	2026-09-22T09:41:41.0332703Z     Given the AECP protocol directory is loaded                                                                                                                                                                  # ../traffic-gen/tests/aecp_behave/features/steps/packet_steps.py:17
behave-testing	Execute tests	2026-09-22T09:41:41.0335942Z     Given the interface stack "ethernet_mac_frame::ETHERNET_FRAME::ETHERNET_FRAME_IF:avtp_control_header::AVTP_CONTROL::AVTP_CONTROL_IF:atdecc_aecp_acquire_entity::AECP_ACQUIRE_ENTITY::AECP_ACQUIRE_ENTITY_IF" # ../traffic-gen/tests/aecp_behave/features/steps/packet_steps.py:29
behave-testing	Execute tests	2026-09-22T09:41:41.0339229Z     When I generate 5 stacked packets with seed 42                                                                                                                                                               # ../traffic-gen/tests/aecp_behave/features/steps/packet_steps.py:183
behave-testing	Execute tests	2026-09-22T09:41:41.0457931Z     Then the stacked packet size is always 55 bytes                                                                                                                                                              # ../traffic-gen/tests/aecp_behave/features/steps/packet_steps.py:220
behave-testing	Execute tests	2026-09-22T09:41:41.0460182Z     And layer 0 field "ethertype" always equals 8944                                                                                                                                                             # ../traffic-gen/tests/aecp_behave/features/steps/packet_steps.py:199
behave-testing	Execute tests	2026-09-22T09:41:41.0462182Z     And layer 1 field "subtype" always equals 251                                                                                                                                                                # ../traffic-gen/tests/aecp_behave/features/steps/packet_steps.py:199
behave-testing	Execute tests	2026-09-22T09:41:41.0463442Z 
behave-testing	Execute tests	2026-09-22T09:41:41.0467204Z 8 features passed, 0 failed, 0 skipped
behave-testing	Execute tests	2026-09-22T09:41:41.0467781Z 96 scenarios passed, 0 failed, 2 skipped
behave-testing	Execute tests	2026-09-22T09:41:41.0468148Z 395 steps passed, 0 failed, 8 skipped
behave-testing	Execute tests	2026-09-22T09:41:41.0468481Z Took 0min 1.423s
behave-testing	Execute tests	2026-09-22T09:41:41.0659506Z *** behave: /home/runner/work/tsn-gen/tsn-gen/traffic-gen/tests/stack_behave/features
behave-testing	Execute tests	2026-09-22T09:41:41.1696835Z USING RUNNER: behave.runner:Runner
behave-testing	Execute tests	2026-09-22T09:41:41.1698404Z Feature: ADP — full on-wire frame assembly via layer stacking # ../traffic-gen/tests/stack_behave/features/adp_stack.feature:12
behave-testing	Execute tests	2026-09-22T09:41:41.1699533Z 
behave-testing	Execute tests	2026-09-22T09:41:41.1700463Z   Feature: ADP — full on-wire frame assembly via layer stacking  # ../traffic-gen/tests/stack_behave/features/adp_stack.feature:12
behave-testing	Execute tests	2026-09-22T09:41:41.1701410Z 
behave-testing	Execute tests	2026-09-22T09:41:41.1702164Z   Scenario: ADP_IF_DATA stacked frame has correct total size                         # ../traffic-gen/tests/stack_behave/features/adp_stack.feature:17
behave-testing	Execute tests	2026-09-22T09:41:41.1703810Z     Given the protocols root is loaded                                               # ../traffic-gen/tests/stack_behave/features/steps/stack_steps.py:46
behave-testing	Execute tests	2026-09-22T09:41:41.1706356Z     Given the application interface "atdecc_adp_service::ADP_INTERFACE::ADP_IF_DATA" # ../traffic-gen/tests/stack_behave/features/steps/stack_steps.py:52
behave-testing	Execute tests	2026-09-22T09:41:41.1708123Z     When I generate 20 stacked packets with seed 1                                   # ../traffic-gen/tests/stack_behave/features/steps/stack_steps.py:62
behave-testing	Execute tests	2026-09-22T09:41:41.1846345Z     Then the stacked packet size is always 83 bytes                                  # ../traffic-gen/tests/stack_behave/features/steps/stack_steps.py:83
behave-testing	Execute tests	2026-09-22T09:41:41.1851035Z 
behave-testing	Execute tests	2026-09-22T09:41:41.1852164Z   Scenario: ADP_IF_DATA — ethertype is always 0x22F0                                 # ../traffic-gen/tests/stack_behave/features/adp_stack.feature:22
behave-testing	Execute tests	2026-09-22T09:41:41.1853725Z     Given the protocols root is loaded                                               # ../traffic-gen/tests/stack_behave/features/steps/stack_steps.py:46
behave-testing	Execute tests	2026-09-22T09:41:41.1855364Z     Given the application interface "atdecc_adp_service::ADP_INTERFACE::ADP_IF_DATA" # ../traffic-gen/tests/stack_behave/features/steps/stack_steps.py:52
behave-testing	Execute tests	2026-09-22T09:41:41.1856868Z     When I generate 30 stacked packets with seed 5                                   # ../traffic-gen/tests/stack_behave/features/steps/stack_steps.py:62
behave-testing	Execute tests	2026-09-22T09:41:41.2002125Z     Then layer 0 field "ethertype" always equals hex 22F0                            # ../traffic-gen/tests/stack_behave/features/steps/stack_steps.py:101
behave-testing	Execute tests	2026-09-22T09:41:41.2007313Z 
behave-testing	Execute tests	2026-09-22T09:41:41.2008411Z   Scenario: ADP_IF_DATA — AVTP subtype is always 0xFB and version 0                  # ../traffic-gen/tests/stack_behave/features/adp_stack.feature:27
behave-testing	Execute tests	2026-09-22T09:41:41.2009820Z     Given the protocols root is loaded                                               # ../traffic-gen/tests/stack_behave/features/steps/stack_steps.py:46
behave-testing	Execute tests	2026-09-22T09:41:41.2011066Z     Given the application interface "atdecc_adp_service::ADP_INTERFACE::ADP_IF_DATA" # ../traffic-gen/tests/stack_behave/features/steps/stack_steps.py:52
behave-testing	Execute tests	2026-09-22T09:41:41.2012432Z     When I generate 30 stacked packets with seed 3                                   # ../traffic-gen/tests/stack_behave/features/steps/stack_steps.py:62
behave-testing	Execute tests	2026-09-22T09:41:41.2158219Z     Then layer 1 field "subtype" always equals 251                                   # ../traffic-gen/tests/stack_behave/features/steps/stack_steps.py:91
behave-testing	Execute tests	2026-09-22T09:41:41.2159886Z     And layer 1 field "sv" always equals 0                                           # ../traffic-gen/tests/stack_behave/features/steps/stack_steps.py:91
behave-testing	Execute tests	2026-09-22T09:41:41.2161666Z     And layer 1 field "version" always equals 0                                      # ../traffic-gen/tests/stack_behave/features/steps/stack_steps.py:91
behave-testing	Execute tests	2026-09-22T09:41:41.2165648Z 
behave-testing	Execute tests	2026-09-22T09:41:41.2167232Z   Scenario: ADP_IF_DATA — message_type is always 0 (ENTITY_AVAILABLE), 1 (ENTITY_DEPARTING), or 2 (ENTITY_DISCOVER)  # ../traffic-gen/tests/stack_behave/features/adp_stack.feature:34
behave-testing	Execute tests	2026-09-22T09:41:41.2169287Z     Given the protocols root is loaded                                                                               # ../traffic-gen/tests/stack_behave/features/steps/stack_steps.py:46
behave-testing	Execute tests	2026-09-22T09:41:41.2171257Z     Given the application interface "atdecc_adp_service::ADP_INTERFACE::ADP_IF_DATA"                                 # ../traffic-gen/tests/stack_behave/features/steps/stack_steps.py:52
behave-testing	Execute tests	2026-09-22T09:41:41.2172961Z     When I generate 50 stacked packets with seed 8                                                                   # ../traffic-gen/tests/stack_behave/features/steps/stack_steps.py:62
behave-testing	Execute tests	2026-09-22T09:41:41.2326129Z     Then layer 2 field "message_type" is always one of [0, 1, 2]                                                     # ../traffic-gen/tests/stack_behave/features/steps/stack_steps.py:122
behave-testing	Execute tests	2026-09-22T09:41:41.2329952Z 
behave-testing	Execute tests	2026-09-22T09:41:41.2331763Z   Scenario: ADP_IF_DATA — written to pcap                                                     # ../traffic-gen/tests/stack_behave/features/adp_stack.feature:39
behave-testing	Execute tests	2026-09-22T09:41:41.2333390Z     Given the protocols root is loaded                                                        # ../traffic-gen/tests/stack_behave/features/steps/stack_steps.py:46
behave-testing	Execute tests	2026-09-22T09:41:41.2335444Z     Given the application interface "atdecc_adp_service::ADP_INTERFACE::ADP_IF_DATA"          # ../traffic-gen/tests/stack_behave/features/steps/stack_steps.py:52
behave-testing	Execute tests	2026-09-22T09:41:41.2337385Z     When I generate 5 stacked packets with seed 42 to pcap file "/tmp/stack_ADP_IF_DATA.pcap" # ../traffic-gen/tests/stack_behave/features/steps/stack_steps.py:72
behave-testing	Execute tests	2026-09-22T09:41:41.2461874Z     Then the pcap file "/tmp/stack_ADP_IF_DATA.pcap" exists                                   # ../traffic-gen/tests/stack_behave/features/steps/stack_steps.py:137
behave-testing	Execute tests	2026-09-22T09:41:41.2463895Z     And the pcap file "/tmp/stack_ADP_IF_DATA.pcap" contains 5 packets                        # ../traffic-gen/tests/stack_behave/features/steps/stack_steps.py:142
behave-testing	Execute tests	2026-09-22T09:41:41.2468427Z 
behave-testing	Execute tests	2026-09-22T09:41:41.2472422Z Feature: AECP AEM — full on-wire frame assembly via layer stacking # ../traffic-gen/tests/stack_behave/features/aecp_aem_stack.feature:32
behave-testing	Execute tests	2026-09-22T09:41:41.2473229Z 
behave-testing	Execute tests	2026-09-22T09:41:41.2474492Z   Feature: AECP AEM — full on-wire frame assembly via layer stacking  # ../traffic-gen/tests/stack_behave/features/aecp_aem_stack.feature:32
behave-testing	Execute tests	2026-09-22T09:41:41.2508920Z 
behave-testing	Execute tests	2026-09-22T09:41:41.2509655Z   Scenario Outline: AEM_NO_PAYLOAD stacked frame has the correct total size -- @1.1 AECP AEM interfaces       # ../traffic-gen/tests/stack_behave/features/aecp_aem_stack.feature:48
behave-testing	Execute tests	2026-09-22T09:41:41.2510904Z     Given the protocols root is loaded                                                                        # ../traffic-gen/tests/stack_behave/features/steps/stack_steps.py:46
behave-testing	Execute tests	2026-09-22T09:41:41.2512411Z     Given the application interface "atdecc_aecp_aem_no_payload::AECP_AEM_NO_PAYLOAD::AECP_AEM_NO_PAYLOAD_IF" # ../traffic-gen/tests/stack_behave/features/steps/stack_steps.py:52
behave-testing	Execute tests	2026-09-22T09:41:41.2513774Z     When I generate 10 stacked packets with seed 1                                                            # ../traffic-gen/tests/stack_behave/features/steps/stack_steps.py:62
behave-testing	Execute tests	2026-09-22T09:41:41.2636376Z     Then the stacked packet size is always 39 bytes                                                           # ../traffic-gen/tests/stack_behave/features/steps/stack_steps.py:83
behave-testing	Execute tests	2026-09-22T09:41:41.2640296Z 
behave-testing	Execute tests	2026-09-22T09:41:41.2641267Z   Scenario Outline: SET_CONFIGURATION stacked frame has the correct total size -- @1.2 AECP AEM interfaces             # ../traffic-gen/tests/stack_behave/features/aecp_aem_stack.feature:49
behave-testing	Execute tests	2026-09-22T09:41:41.2642660Z     Given the protocols root is loaded                                                                                 # ../traffic-gen/tests/stack_behave/features/steps/stack_steps.py:46
behave-testing	Execute tests	2026-09-22T09:41:41.2643804Z     Given the application interface "atdecc_aecp_set_configuration::AECP_SET_CONFIGURATION::AECP_SET_CONFIGURATION_IF" # ../traffic-gen/tests/stack_behave/features/steps/stack_steps.py:52
behave-testing	Execute tests	2026-09-22T09:41:41.2645631Z     When I generate 10 stacked packets with seed 1                                                                     # ../traffic-gen/tests/stack_behave/features/steps/stack_steps.py:62
behave-testing	Execute tests	2026-09-22T09:41:41.2771074Z     Then the stacked packet size is always 43 bytes                                                                    # ../traffic-gen/tests/stack_behave/features/steps/stack_steps.py:83
behave-testing	Execute tests	2026-09-22T09:41:41.2775502Z 
behave-testing	Execute tests	2026-09-22T09:41:41.2776630Z   Scenario Outline: AEM_DESC_QUERY stacked frame has the correct total size -- @1.3 AECP AEM interfaces                   # ../traffic-gen/tests/stack_behave/features/aecp_aem_stack.feature:50
behave-testing	Execute tests	2026-09-22T09:41:41.2778444Z     Given the protocols root is loaded                                                                                    # ../traffic-gen/tests/stack_behave/features/steps/stack_steps.py:46
behave-testing	Execute tests	2026-09-22T09:41:41.2780752Z     Given the application interface "atdecc_aecp_aem_descriptor_query::AECP_AEM_DESCRIPTOR_QUERY::AECP_AEM_DESC_QUERY_IF" # ../traffic-gen/tests/stack_behave/features/steps/stack_steps.py:52
behave-testing	Execute tests	2026-09-22T09:41:41.2782219Z     When I generate 10 stacked packets with seed 1                                                                        # ../traffic-gen/tests/stack_behave/features/steps/stack_steps.py:62
behave-testing	Execute tests	2026-09-22T09:41:41.2909870Z     Then the stacked packet size is always 43 bytes                                                                       # ../traffic-gen/tests/stack_behave/features/steps/stack_steps.py:83
behave-testing	Execute tests	2026-09-22T09:41:41.2913960Z 
behave-testing	Execute tests	2026-09-22T09:41:41.2914859Z   Scenario Outline: ABORT_OPERATION stacked frame has the correct total size -- @1.4 AECP AEM interfaces         # ../traffic-gen/tests/stack_behave/features/aecp_aem_stack.feature:51
behave-testing	Execute tests	2026-09-22T09:41:41.2916780Z     Given the protocols root is loaded                                                                           # ../traffic-gen/tests/stack_behave/features/steps/stack_steps.py:46
behave-testing	Execute tests	2026-09-22T09:41:41.2918528Z     Given the application interface "atdecc_aecp_abort_operation::AECP_ABORT_OPERATION::AECP_ABORT_OPERATION_IF" # ../traffic-gen/tests/stack_behave/features/steps/stack_steps.py:52
behave-testing	Execute tests	2026-09-22T09:41:41.2920081Z     When I generate 10 stacked packets with seed 1                                                               # ../traffic-gen/tests/stack_behave/features/steps/stack_steps.py:62
behave-testing	Execute tests	2026-09-22T09:41:41.3048465Z     Then the stacked packet size is always 47 bytes                                                              # ../traffic-gen/tests/stack_behave/features/steps/stack_steps.py:83
behave-testing	Execute tests	2026-09-22T09:41:41.3052889Z 
behave-testing	Execute tests	2026-09-22T09:41:41.3054428Z   Scenario Outline: GET_AUDIO_MAP stacked frame has the correct total size -- @1.5 AECP AEM interfaces     # ../traffic-gen/tests/stack_behave/features/aecp_aem_stack.feature:52
behave-testing	Execute tests	2026-09-22T09:41:41.3056863Z     Given the protocols root is loaded                                                                     # ../traffic-gen/tests/stack_behave/features/steps/stack_steps.py:46
behave-testing	Execute tests	2026-09-22T09:41:41.3059295Z     Given the application interface "atdecc_aecp_get_audio_map::AECP_GET_AUDIO_MAP::AECP_GET_AUDIO_MAP_IF" # ../traffic-gen/tests/stack_behave/features/steps/stack_steps.py:52
behave-testing	Execute tests	2026-09-22T09:41:41.3060916Z     When I generate 10 stacked packets with seed 1                                                         # ../traffic-gen/tests/stack_behave/features/steps/stack_steps.py:62
behave-testing	Execute tests	2026-09-22T09:41:41.3187691Z     Then the stacked packet size is always 47 bytes                                                        # ../traffic-gen/tests/stack_behave/features/steps/stack_steps.py:83
behave-testing	Execute tests	2026-09-22T09:41:41.3192112Z 
behave-testing	Execute tests	2026-09-22T09:41:41.3193061Z   Scenario Outline: GET_NAME stacked frame has the correct total size -- @1.6 AECP AEM interfaces  # ../traffic-gen/tests/stack_behave/features/aecp_aem_stack.feature:53
behave-testing	Execute tests	2026-09-22T09:41:41.3194451Z     Given the protocols root is loaded                                                             # ../traffic-gen/tests/stack_behave/features/steps/stack_steps.py:46
behave-testing	Execute tests	2026-09-22T09:41:41.3195720Z     Given the application interface "atdecc_aecp_get_name::AECP_GET_NAME::AECP_GET_NAME_IF"        # ../traffic-gen/tests/stack_behave/features/steps/stack_steps.py:52
behave-testing	Execute tests	2026-09-22T09:41:41.3196952Z     When I generate 10 stacked packets with seed 1                                                 # ../traffic-gen/tests/stack_behave/features/steps/stack_steps.py:62
behave-testing	Execute tests	2026-09-22T09:41:41.3320031Z     Then the stacked packet size is always 47 bytes                                                # ../traffic-gen/tests/stack_behave/features/steps/stack_steps.py:83
behave-testing	Execute tests	2026-09-22T09:41:41.3323498Z 
behave-testing	Execute tests	2026-09-22T09:41:41.3324269Z   Scenario Outline: OPERATION_STATUS stacked frame has the correct total size -- @1.7 AECP AEM interfaces           # ../traffic-gen/tests/stack_behave/features/aecp_aem_stack.feature:54
behave-testing	Execute tests	2026-09-22T09:41:41.3326708Z     Given the protocols root is loaded                                                                              # ../traffic-gen/tests/stack_behave/features/steps/stack_steps.py:46
behave-testing	Execute tests	2026-09-22T09:41:41.3328049Z     Given the application interface "atdecc_aecp_operation_status::AECP_OPERATION_STATUS::AECP_OPERATION_STATUS_IF" # ../traffic-gen/tests/stack_behave/features/steps/stack_steps.py:52
behave-testing	Execute tests	2026-09-22T09:41:41.3329951Z     When I generate 10 stacked packets with seed 1                                                                  # ../traffic-gen/tests/stack_behave/features/steps/stack_steps.py:62
behave-testing	Execute tests	2026-09-22T09:41:41.3453033Z     Then the stacked packet size is always 47 bytes                                                                 # ../traffic-gen/tests/stack_behave/features/steps/stack_steps.py:83
behave-testing	Execute tests	2026-09-22T09:41:41.3457829Z 
behave-testing	Execute tests	2026-09-22T09:41:41.3459352Z   Scenario Outline: READ_DESCRIPTOR stacked frame has the correct total size -- @1.8 AECP AEM interfaces         # ../traffic-gen/tests/stack_behave/features/aecp_aem_stack.feature:55
behave-testing	Execute tests	2026-09-22T09:41:41.3462114Z     Given the protocols root is loaded                                                                           # ../traffic-gen/tests/stack_behave/features/steps/stack_steps.py:46
behave-testing	Execute tests	2026-09-22T09:41:41.3464499Z     Given the application interface "atdecc_aecp_read_descriptor::AECP_READ_DESCRIPTOR::AECP_READ_DESCRIPTOR_IF" # ../traffic-gen/tests/stack_behave/features/steps/stack_steps.py:52
behave-testing	Execute tests	2026-09-22T09:41:41.3466069Z     When I generate 10 stacked packets with seed 1                                                               # ../traffic-gen/tests/stack_behave/features/steps/stack_steps.py:62
behave-testing	Execute tests	2026-09-22T09:41:41.3589261Z     Then the stacked packet size is always 47 bytes                                                              # ../traffic-gen/tests/stack_behave/features/steps/stack_steps.py:83
behave-testing	Execute tests	2026-09-22T09:41:41.3593249Z 
behave-testing	Execute tests	2026-09-22T09:41:41.3594203Z   Scenario Outline: SET_CLOCK_SOURCE stacked frame has the correct total size -- @1.9 AECP AEM interfaces           # ../traffic-gen/tests/stack_behave/features/aecp_aem_stack.feature:56
behave-testing	Execute tests	2026-09-22T09:41:41.3596196Z     Given the protocols root is loaded                                                                              # ../traffic-gen/tests/stack_behave/features/steps/stack_steps.py:46
behave-testing	Execute tests	2026-09-22T09:41:41.3597288Z     Given the application interface "atdecc_aecp_set_clock_source::AECP_SET_CLOCK_SOURCE::AECP_SET_CLOCK_SOURCE_IF" # ../traffic-gen/tests/stack_behave/features/steps/stack_steps.py:52
behave-testing	Execute tests	2026-09-22T09:41:41.3598792Z     When I generate 10 stacked packets with seed 1                                                                  # ../traffic-gen/tests/stack_behave/features/steps/stack_steps.py:62
behave-testing	Execute tests	2026-09-22T09:41:41.3720670Z     Then the stacked packet size is always 47 bytes                                                                 # ../traffic-gen/tests/stack_behave/features/steps/stack_steps.py:83
behave-testing	Execute tests	2026-09-22T09:41:41.3724327Z 
behave-testing	Execute tests	2026-09-22T09:41:41.3725363Z   Scenario Outline: SET_SAMPLING_RATE stacked frame has the correct total size -- @1.10 AECP AEM interfaces            # ../traffic-gen/tests/stack_behave/features/aecp_aem_stack.feature:57
behave-testing	Execute tests	2026-09-22T09:41:41.3727081Z     Given the protocols root is loaded                                                                                 # ../traffic-gen/tests/stack_behave/features/steps/stack_steps.py:46
behave-testing	Execute tests	2026-09-22T09:41:41.3728910Z     Given the application interface "atdecc_aecp_set_sampling_rate::AECP_SET_SAMPLING_RATE::AECP_SET_SAMPLING_RATE_IF" # ../traffic-gen/tests/stack_behave/features/steps/stack_steps.py:52
behave-testing	Execute tests	2026-09-22T09:41:41.3730405Z     When I generate 10 stacked packets with seed 1                                                                     # ../traffic-gen/tests/stack_behave/features/steps/stack_steps.py:62
behave-testing	Execute tests	2026-09-22T09:41:41.3852636Z     Then the stacked packet size is always 47 bytes                                                                    # ../traffic-gen/tests/stack_behave/features/steps/stack_steps.py:83
behave-testing	Execute tests	2026-09-22T09:41:41.3857482Z 
behave-testing	Execute tests	2026-09-22T09:41:41.3858789Z   Scenario Outline: START_OPERATION stacked frame has the correct total size -- @1.11 AECP AEM interfaces        # ../traffic-gen/tests/stack_behave/features/aecp_aem_stack.feature:58
behave-testing	Execute tests	2026-09-22T09:41:41.3861218Z     Given the protocols root is loaded                                                                           # ../traffic-gen/tests/stack_behave/features/steps/stack_steps.py:46
behave-testing	Execute tests	2026-09-22T09:41:41.3863478Z     Given the application interface "atdecc_aecp_start_operation::AECP_START_OPERATION::AECP_START_OPERATION_IF" # ../traffic-gen/tests/stack_behave/features/steps/stack_steps.py:52
behave-testing	Execute tests	2026-09-22T09:41:41.3865391Z     When I generate 10 stacked packets with seed 1                                                               # ../traffic-gen/tests/stack_behave/features/steps/stack_steps.py:62
behave-testing	Execute tests	2026-09-22T09:41:41.3986836Z     Then the stacked packet size is always 47 bytes                                                              # ../traffic-gen/tests/stack_behave/features/steps/stack_steps.py:83
behave-testing	Execute tests	2026-09-22T09:41:41.3991234Z 
behave-testing	Execute tests	2026-09-22T09:41:41.3992162Z   Scenario Outline: SET_CONTROL stacked frame has the correct total size -- @1.12 AECP AEM interfaces  # ../traffic-gen/tests/stack_behave/features/aecp_aem_stack.feature:59
behave-testing	Execute tests	2026-09-22T09:41:41.3993662Z     Given the protocols root is loaded                                                                 # ../traffic-gen/tests/stack_behave/features/steps/stack_steps.py:46
behave-testing	Execute tests	2026-09-22T09:41:41.3994692Z     Given the application interface "atdecc_aecp_set_control::AECP_SET_CONTROL::AECP_SET_CONTROL_IF"   # ../traffic-gen/tests/stack_behave/features/steps/stack_steps.py:52
behave-testing	Execute tests	2026-09-22T09:41:41.3996508Z     When I generate 10 stacked packets with seed 1                                                     # ../traffic-gen/tests/stack_behave/features/steps/stack_steps.py:62
behave-testing	Execute tests	2026-09-22T09:41:41.4121437Z     Then the stacked packet size is always 51 bytes                                                    # ../traffic-gen/tests/stack_behave/features/steps/stack_steps.py:83
behave-testing	Execute tests	2026-09-22T09:41:41.4125800Z 
behave-testing	Execute tests	2026-09-22T09:41:41.4126681Z   Scenario Outline: SET_STREAM_FORMAT stacked frame has the correct total size -- @1.13 AECP AEM interfaces            # ../traffic-gen/tests/stack_behave/features/aecp_aem_stack.feature:60
behave-testing	Execute tests	2026-09-22T09:41:41.4128369Z     Given the protocols root is loaded                                                                                 # ../traffic-gen/tests/stack_behave/features/steps/stack_steps.py:46
behave-testing	Execute tests	2026-09-22T09:41:41.4130051Z     Given the application interface "atdecc_aecp_set_stream_format::AECP_SET_STREAM_FORMAT::AECP_SET_STREAM_FORMAT_IF" # ../traffic-gen/tests/stack_behave/features/steps/stack_steps.py:52
behave-testing	Execute tests	2026-09-22T09:41:41.4131538Z     When I generate 10 stacked packets with seed 1                                                                     # ../traffic-gen/tests/stack_behave/features/steps/stack_steps.py:62
behave-testing	Execute tests	2026-09-22T09:41:41.4252986Z     Then the stacked packet size is always 51 bytes                                                                    # ../traffic-gen/tests/stack_behave/features/steps/stack_steps.py:83
behave-testing	Execute tests	2026-09-22T09:41:41.4257155Z 
behave-testing	Execute tests	2026-09-22T09:41:41.4258725Z   Scenario Outline: ACQUIRE_ENTITY stacked frame has the correct total size -- @1.14 AECP AEM interfaces      # ../traffic-gen/tests/stack_behave/features/aecp_aem_stack.feature:61
behave-testing	Execute tests	2026-09-22T09:41:41.4261445Z     Given the protocols root is loaded                                                                        # ../traffic-gen/tests/stack_behave/features/steps/stack_steps.py:46
behave-testing	Execute tests	2026-09-22T09:41:41.4263819Z     Given the application interface "atdecc_aecp_acquire_entity::AECP_ACQUIRE_ENTITY::AECP_ACQUIRE_ENTITY_IF" # ../traffic-gen/tests/stack_behave/features/steps/stack_steps.py:52
behave-testing	Execute tests	2026-09-22T09:41:41.4265908Z     When I generate 10 stacked packets with seed 1                                                            # ../traffic-gen/tests/stack_behave/features/steps/stack_steps.py:62
behave-testing	Execute tests	2026-09-22T09:41:41.4384145Z     Then the stacked packet size is always 55 bytes                                                           # ../traffic-gen/tests/stack_behave/features/steps/stack_steps.py:83
behave-testing	Execute tests	2026-09-22T09:41:41.4388481Z 
behave-testing	Execute tests	2026-09-22T09:41:41.4389762Z   Scenario Outline: AUDIO_MAPPINGS stacked frame has the correct total size -- @1.15 AECP AEM interfaces      # ../traffic-gen/tests/stack_behave/features/aecp_aem_stack.feature:62
behave-testing	Execute tests	2026-09-22T09:41:41.4391922Z     Given the protocols root is loaded                                                                        # ../traffic-gen/tests/stack_behave/features/steps/stack_steps.py:46
behave-testing	Execute tests	2026-09-22T09:41:41.4394017Z     Given the application interface "atdecc_aecp_audio_mappings::AECP_AUDIO_MAPPINGS::AECP_AUDIO_MAPPINGS_IF" # ../traffic-gen/tests/stack_behave/features/steps/stack_steps.py:52
behave-testing	Execute tests	2026-09-22T09:41:41.4395791Z     When I generate 10 stacked packets with seed 1                                                            # ../traffic-gen/tests/stack_behave/features/steps/stack_steps.py:62
behave-testing	Execute tests	2026-09-22T09:41:41.4515262Z     Then the stacked packet size is always 55 bytes                                                           # ../traffic-gen/tests/stack_behave/features/steps/stack_steps.py:83
behave-testing	Execute tests	2026-09-22T09:41:41.4519513Z 
behave-testing	Execute tests	2026-09-22T09:41:41.4520692Z   Scenario Outline: LOCK_ENTITY stacked frame has the correct total size -- @1.16 AECP AEM interfaces  # ../traffic-gen/tests/stack_behave/features/aecp_aem_stack.feature:63
behave-testing	Execute tests	2026-09-22T09:41:41.4522692Z     Given the protocols root is loaded                                                                 # ../traffic-gen/tests/stack_behave/features/steps/stack_steps.py:46
behave-testing	Execute tests	2026-09-22T09:41:41.4524629Z     Given the application interface "atdecc_aecp_lock_entity::AECP_LOCK_ENTITY::AECP_LOCK_ENTITY_IF"   # ../traffic-gen/tests/stack_behave/features/steps/stack_steps.py:52
behave-testing	Execute tests	2026-09-22T09:41:41.4526483Z     When I generate 10 stacked packets with seed 1                                                     # ../traffic-gen/tests/stack_behave/features/steps/stack_steps.py:62
behave-testing	Execute tests	2026-09-22T09:41:41.4645411Z     Then the stacked packet size is always 55 bytes                                                    # ../traffic-gen/tests/stack_behave/features/steps/stack_steps.py:83
behave-testing	Execute tests	2026-09-22T09:41:41.4649537Z 
behave-testing	Execute tests	2026-09-22T09:41:41.4650763Z   Scenario Outline: SET_STREAM_INFO stacked frame has the correct total size -- @1.17 AECP AEM interfaces        # ../traffic-gen/tests/stack_behave/features/aecp_aem_stack.feature:64
behave-testing	Execute tests	2026-09-22T09:41:41.4652994Z     Given the protocols root is loaded                                                                           # ../traffic-gen/tests/stack_behave/features/steps/stack_steps.py:46
behave-testing	Execute tests	2026-09-22T09:41:41.4655401Z     Given the application interface "atdecc_aecp_set_stream_info::AECP_SET_STREAM_INFO::AECP_SET_STREAM_INFO_IF" # ../traffic-gen/tests/stack_behave/features/steps/stack_steps.py:52
behave-testing	Execute tests	2026-09-22T09:41:41.4656930Z     When I generate 10 stacked packets with seed 1                                                               # ../traffic-gen/tests/stack_behave/features/steps/stack_steps.py:62
behave-testing	Execute tests	2026-09-22T09:41:41.4779172Z     Then the stacked packet size is always 91 bytes                                                              # ../traffic-gen/tests/stack_behave/features/steps/stack_steps.py:83
behave-testing	Execute tests	2026-09-22T09:41:41.4783175Z 
behave-testing	Execute tests	2026-09-22T09:41:41.4784140Z   Scenario Outline: SET_NAME stacked frame has the correct total size -- @1.18 AECP AEM interfaces  # ../traffic-gen/tests/stack_behave/features/aecp_aem_stack.feature:65
behave-testing	Execute tests	2026-09-22T09:41:41.4785726Z     Given the protocols root is loaded                                                              # ../traffic-gen/tests/stack_behave/features/steps/stack_steps.py:46
behave-testing	Execute tests	2026-09-22T09:41:41.4786714Z     Given the application interface "atdecc_aecp_set_name::AECP_SET_NAME::AECP_SET_NAME_IF"         # ../traffic-gen/tests/stack_behave/features/steps/stack_steps.py:52
behave-testing	Execute tests	2026-09-22T09:41:41.4788465Z     When I generate 10 stacked packets with seed 1                                                  # ../traffic-gen/tests/stack_behave/features/steps/stack_steps.py:62
behave-testing	Execute tests	2026-09-22T09:41:41.4912013Z     Then the stacked packet size is always 111 bytes                                                # ../traffic-gen/tests/stack_behave/features/steps/stack_steps.py:83
behave-testing	Execute tests	2026-09-22T09:41:41.4946652Z 
behave-testing	Execute tests	2026-09-22T09:41:41.4947927Z   Scenario Outline: AEM_NO_PAYLOAD — ethertype is always 0x22F0 -- @1.1 AECP AEM interfaces                   # ../traffic-gen/tests/stack_behave/features/aecp_aem_stack.feature:78
behave-testing	Execute tests	2026-09-22T09:41:41.4949611Z     Given the protocols root is loaded                                                                        # ../traffic-gen/tests/stack_behave/features/steps/stack_steps.py:46
behave-testing	Execute tests	2026-09-22T09:41:41.4951082Z     Given the application interface "atdecc_aecp_aem_no_payload::AECP_AEM_NO_PAYLOAD::AECP_AEM_NO_PAYLOAD_IF" # ../traffic-gen/tests/stack_behave/features/steps/stack_steps.py:52
behave-testing	Execute tests	2026-09-22T09:41:41.4953119Z     When I generate 20 stacked packets with seed 7                                                            # ../traffic-gen/tests/stack_behave/features/steps/stack_steps.py:62
behave-testing	Execute tests	2026-09-22T09:41:41.5077724Z     Then layer 0 field "ethertype" always equals hex 22F0                                                     # ../traffic-gen/tests/stack_behave/features/steps/stack_steps.py:101
behave-testing	Execute tests	2026-09-22T09:41:41.5081632Z 
behave-testing	Execute tests	2026-09-22T09:41:41.5082961Z   Scenario Outline: SET_CONFIGURATION — ethertype is always 0x22F0 -- @1.2 AECP AEM interfaces                         # ../traffic-gen/tests/stack_behave/features/aecp_aem_stack.feature:79
behave-testing	Execute tests	2026-09-22T09:41:41.5084814Z     Given the protocols root is loaded                                                                                 # ../traffic-gen/tests/stack_behave/features/steps/stack_steps.py:46
behave-testing	Execute tests	2026-09-22T09:41:41.5086851Z     Given the application interface "atdecc_aecp_set_configuration::AECP_SET_CONFIGURATION::AECP_SET_CONFIGURATION_IF" # ../traffic-gen/tests/stack_behave/features/steps/stack_steps.py:52
behave-testing	Execute tests	2026-09-22T09:41:41.5088643Z     When I generate 20 stacked packets with seed 7                                                                     # ../traffic-gen/tests/stack_behave/features/steps/stack_steps.py:62
behave-testing	Execute tests	2026-09-22T09:41:41.5213840Z     Then layer 0 field "ethertype" always equals hex 22F0                                                              # ../traffic-gen/tests/stack_behave/features/steps/stack_steps.py:101
behave-testing	Execute tests	2026-09-22T09:41:41.5217926Z 
behave-testing	Execute tests	2026-09-22T09:41:41.5219150Z   Scenario Outline: AEM_DESC_QUERY — ethertype is always 0x22F0 -- @1.3 AECP AEM interfaces                               # ../traffic-gen/tests/stack_behave/features/aecp_aem_stack.feature:80
behave-testing	Execute tests	2026-09-22T09:41:41.5220892Z     Given the protocols root is loaded                                                                                    # ../traffic-gen/tests/stack_behave/features/steps/stack_steps.py:46
behave-testing	Execute tests	2026-09-22T09:41:41.5222881Z     Given the application interface "atdecc_aecp_aem_descriptor_query::AECP_AEM_DESCRIPTOR_QUERY::AECP_AEM_DESC_QUERY_IF" # ../traffic-gen/tests/stack_behave/features/steps/stack_steps.py:52
behave-testing	Execute tests	2026-09-22T09:41:41.5224594Z     When I generate 20 stacked packets with seed 7                                                                        # ../traffic-gen/tests/stack_behave/features/steps/stack_steps.py:62
behave-testing	Execute tests	2026-09-22T09:41:41.5348655Z     Then layer 0 field "ethertype" always equals hex 22F0                                                                 # ../traffic-gen/tests/stack_behave/features/steps/stack_steps.py:101
behave-testing	Execute tests	2026-09-22T09:41:41.5352247Z 
behave-testing	Execute tests	2026-09-22T09:41:41.5353424Z   Scenario Outline: ABORT_OPERATION — ethertype is always 0x22F0 -- @1.4 AECP AEM interfaces                     # ../traffic-gen/tests/stack_behave/features/aecp_aem_stack.feature:81
behave-testing	Execute tests	2026-09-22T09:41:41.5355339Z     Given the protocols root is loaded                                                                           # ../traffic-gen/tests/stack_behave/features/steps/stack_steps.py:46
behave-testing	Execute tests	2026-09-22T09:41:41.5357294Z     Given the application interface "atdecc_aecp_abort_operation::AECP_ABORT_OPERATION::AECP_ABORT_OPERATION_IF" # ../traffic-gen/tests/stack_behave/features/steps/stack_steps.py:52
behave-testing	Execute tests	2026-09-22T09:41:41.5358825Z     When I generate 20 stacked packets with seed 7                                                               # ../traffic-gen/tests/stack_behave/features/steps/stack_steps.py:62
behave-testing	Execute tests	2026-09-22T09:41:41.5484245Z     Then layer 0 field "ethertype" always equals hex 22F0                                                        # ../traffic-gen/tests/stack_behave/features/steps/stack_steps.py:101
behave-testing	Execute tests	2026-09-22T09:41:41.5488141Z 
behave-testing	Execute tests	2026-09-22T09:41:41.5489343Z   Scenario Outline: GET_AUDIO_MAP — ethertype is always 0x22F0 -- @1.5 AECP AEM interfaces                 # ../traffic-gen/tests/stack_behave/features/aecp_aem_stack.feature:82
behave-testing	Execute tests	2026-09-22T09:41:41.5490922Z     Given the protocols root is loaded                                                                     # ../traffic-gen/tests/stack_behave/features/steps/stack_steps.py:46
behave-testing	Execute tests	2026-09-22T09:41:41.5492096Z     Given the application interface "atdecc_aecp_get_audio_map::AECP_GET_AUDIO_MAP::AECP_GET_AUDIO_MAP_IF" # ../traffic-gen/tests/stack_behave/features/steps/stack_steps.py:52
behave-testing	Execute tests	2026-09-22T09:41:41.5493644Z     When I generate 20 stacked packets with seed 7                                                         # ../traffic-gen/tests/stack_behave/features/steps/stack_steps.py:62
behave-testing	Execute tests	2026-09-22T09:41:41.5618436Z     Then layer 0 field "ethertype" always equals hex 22F0                                                  # ../traffic-gen/tests/stack_behave/features/steps/stack_steps.py:101
behave-testing	Execute tests	2026-09-22T09:41:41.5621428Z 
behave-testing	Execute tests	2026-09-22T09:41:41.5622791Z   Scenario Outline: GET_NAME — ethertype is always 0x22F0 -- @1.6 AECP AEM interfaces       # ../traffic-gen/tests/stack_behave/features/aecp_aem_stack.feature:83
behave-testing	Execute tests	2026-09-22T09:41:41.5624584Z     Given the protocols root is loaded                                                      # ../traffic-gen/tests/stack_behave/features/steps/stack_steps.py:46
behave-testing	Execute tests	2026-09-22T09:41:41.5626917Z     Given the application interface "atdecc_aecp_get_name::AECP_GET_NAME::AECP_GET_NAME_IF" # ../traffic-gen/tests/stack_behave/features/steps/stack_steps.py:52
behave-testing	Execute tests	2026-09-22T09:41:41.5628235Z     When I generate 20 stacked packets with seed 7                                          # ../traffic-gen/tests/stack_behave/features/steps/stack_steps.py:62
behave-testing	Execute tests	2026-09-22T09:41:41.5752045Z     Then layer 0 field "ethertype" always equals hex 22F0                                   # ../traffic-gen/tests/stack_behave/features/steps/stack_steps.py:101
behave-testing	Execute tests	2026-09-22T09:41:41.5756599Z 
behave-testing	Execute tests	2026-09-22T09:41:41.5757616Z   Scenario Outline: OPERATION_STATUS — ethertype is always 0x22F0 -- @1.7 AECP AEM interfaces                       # ../traffic-gen/tests/stack_behave/features/aecp_aem_stack.feature:84
behave-testing	Execute tests	2026-09-22T09:41:41.5758976Z     Given the protocols root is loaded                                                                              # ../traffic-gen/tests/stack_behave/features/steps/stack_steps.py:46
behave-testing	Execute tests	2026-09-22T09:41:41.5760587Z     Given the application interface "atdecc_aecp_operation_status::AECP_OPERATION_STATUS::AECP_OPERATION_STATUS_IF" # ../traffic-gen/tests/stack_behave/features/steps/stack_steps.py:52
behave-testing	Execute tests	2026-09-22T09:41:41.5761911Z     When I generate 20 stacked packets with seed 7                                                                  # ../traffic-gen/tests/stack_behave/features/steps/stack_steps.py:62
behave-testing	Execute tests	2026-09-22T09:41:41.5885985Z     Then layer 0 field "ethertype" always equals hex 22F0                                                           # ../traffic-gen/tests/stack_behave/features/steps/stack_steps.py:101
behave-testing	Execute tests	2026-09-22T09:41:41.5889843Z 
behave-testing	Execute tests	2026-09-22T09:41:41.5891040Z   Scenario Outline: READ_DESCRIPTOR — ethertype is always 0x22F0 -- @1.8 AECP AEM interfaces                     # ../traffic-gen/tests/stack_behave/features/aecp_aem_stack.feature:85
behave-testing	Execute tests	2026-09-22T09:41:41.5893012Z     Given the protocols root is loaded                                                                           # ../traffic-gen/tests/stack_behave/features/steps/stack_steps.py:46
behave-testing	Execute tests	2026-09-22T09:41:41.5894752Z     Given the application interface "atdecc_aecp_read_descriptor::AECP_READ_DESCRIPTOR::AECP_READ_DESCRIPTOR_IF" # ../traffic-gen/tests/stack_behave/features/steps/stack_steps.py:52
behave-testing	Execute tests	2026-09-22T09:41:41.5896568Z     When I generate 20 stacked packets with seed 7                                                               # ../traffic-gen/tests/stack_behave/features/steps/stack_steps.py:62
behave-testing	Execute tests	2026-09-22T09:41:41.6020242Z     Then layer 0 field "ethertype" always equals hex 22F0                                                        # ../traffic-gen/tests/stack_behave/features/steps/stack_steps.py:101
behave-testing	Execute tests	2026-09-22T09:41:41.6023926Z 
behave-testing	Execute tests	2026-09-22T09:41:41.6025454Z   Scenario Outline: SET_CLOCK_SOURCE — ethertype is always 0x22F0 -- @1.9 AECP AEM interfaces                       # ../traffic-gen/tests/stack_behave/features/aecp_aem_stack.feature:86
behave-testing	Execute tests	2026-09-22T09:41:41.6027151Z     Given the protocols root is loaded                                                                              # ../traffic-gen/tests/stack_behave/features/steps/stack_steps.py:46
behave-testing	Execute tests	2026-09-22T09:41:41.6029027Z     Given the application interface "atdecc_aecp_set_clock_source::AECP_SET_CLOCK_SOURCE::AECP_SET_CLOCK_SOURCE_IF" # ../traffic-gen/tests/stack_behave/features/steps/stack_steps.py:52
behave-testing	Execute tests	2026-09-22T09:41:41.6030534Z     When I generate 20 stacked packets with seed 7                                                                  # ../traffic-gen/tests/stack_behave/features/steps/stack_steps.py:62
behave-testing	Execute tests	2026-09-22T09:41:41.6158046Z     Then layer 0 field "ethertype" always equals hex 22F0                                                           # ../traffic-gen/tests/stack_behave/features/steps/stack_steps.py:101
behave-testing	Execute tests	2026-09-22T09:41:41.6162674Z 
behave-testing	Execute tests	2026-09-22T09:41:41.6164141Z   Scenario Outline: SET_SAMPLING_RATE — ethertype is always 0x22F0 -- @1.10 AECP AEM interfaces                        # ../traffic-gen/tests/stack_behave/features/aecp_aem_stack.feature:87
behave-testing	Execute tests	2026-09-22T09:41:41.6166585Z     Given the protocols root is loaded                                                                                 # ../traffic-gen/tests/stack_behave/features/steps/stack_steps.py:46
behave-testing	Execute tests	2026-09-22T09:41:41.6168515Z     Given the application interface "atdecc_aecp_set_sampling_rate::AECP_SET_SAMPLING_RATE::AECP_SET_SAMPLING_RATE_IF" # ../traffic-gen/tests/stack_behave/features/steps/stack_steps.py:52
behave-testing	Execute tests	2026-09-22T09:41:41.6170118Z     When I generate 20 stacked packets with seed 7                                                                     # ../traffic-gen/tests/stack_behave/features/steps/stack_steps.py:62
behave-testing	Execute tests	2026-09-22T09:41:41.6302923Z     Then layer 0 field "ethertype" always equals hex 22F0                                                              # ../traffic-gen/tests/stack_behave/features/steps/stack_steps.py:101
behave-testing	Execute tests	2026-09-22T09:41:41.6307790Z 
behave-testing	Execute tests	2026-09-22T09:41:41.6309068Z   Scenario Outline: START_OPERATION — ethertype is always 0x22F0 -- @1.11 AECP AEM interfaces                    # ../traffic-gen/tests/stack_behave/features/aecp_aem_stack.feature:88
behave-testing	Execute tests	2026-09-22T09:41:41.6310800Z     Given the protocols root is loaded                                                                           # ../traffic-gen/tests/stack_behave/features/steps/stack_steps.py:46
behave-testing	Execute tests	2026-09-22T09:41:41.6312578Z     Given the application interface "atdecc_aecp_start_operation::AECP_START_OPERATION::AECP_START_OPERATION_IF" # ../traffic-gen/tests/stack_behave/features/steps/stack_steps.py:52
behave-testing	Execute tests	2026-09-22T09:41:41.6314034Z     When I generate 20 stacked packets with seed 7                                                               # ../traffic-gen/tests/stack_behave/features/steps/stack_steps.py:62
behave-testing	Execute tests	2026-09-22T09:41:41.6448338Z     Then layer 0 field "ethertype" always equals hex 22F0                                                        # ../traffic-gen/tests/stack_behave/features/steps/stack_steps.py:101
behave-testing	Execute tests	2026-09-22T09:41:41.6453183Z 
behave-testing	Execute tests	2026-09-22T09:41:41.6454568Z   Scenario Outline: SET_CONTROL — ethertype is always 0x22F0 -- @1.12 AECP AEM interfaces            # ../traffic-gen/tests/stack_behave/features/aecp_aem_stack.feature:89
behave-testing	Execute tests	2026-09-22T09:41:41.6456520Z     Given the protocols root is loaded                                                               # ../traffic-gen/tests/stack_behave/features/steps/stack_steps.py:46
behave-testing	Execute tests	2026-09-22T09:41:41.6458247Z     Given the application interface "atdecc_aecp_set_control::AECP_SET_CONTROL::AECP_SET_CONTROL_IF" # ../traffic-gen/tests/stack_behave/features/steps/stack_steps.py:52
behave-testing	Execute tests	2026-09-22T09:41:41.6459768Z     When I generate 20 stacked packets with seed 7                                                   # ../traffic-gen/tests/stack_behave/features/steps/stack_steps.py:62
behave-testing	Execute tests	2026-09-22T09:41:41.6590902Z     Then layer 0 field "ethertype" always equals hex 22F0                                            # ../traffic-gen/tests/stack_behave/features/steps/stack_steps.py:101
behave-testing	Execute tests	2026-09-22T09:41:41.6594919Z 
behave-testing	Execute tests	2026-09-22T09:41:41.6596320Z   Scenario Outline: SET_STREAM_FORMAT — ethertype is always 0x22F0 -- @1.13 AECP AEM interfaces                        # ../traffic-gen/tests/stack_behave/features/aecp_aem_stack.feature:90
behave-testing	Execute tests	2026-09-22T09:41:41.6598077Z     Given the protocols root is loaded                                                                                 # ../traffic-gen/tests/stack_behave/features/steps/stack_steps.py:46
behave-testing	Execute tests	2026-09-22T09:41:41.6599909Z     Given the application interface "atdecc_aecp_set_stream_format::AECP_SET_STREAM_FORMAT::AECP_SET_STREAM_FORMAT_IF" # ../traffic-gen/tests/stack_behave/features/steps/stack_steps.py:52
behave-testing	Execute tests	2026-09-22T09:41:41.6601702Z     When I generate 20 stacked packets with seed 7                                                                     # ../traffic-gen/tests/stack_behave/features/steps/stack_steps.py:62
behave-testing	Execute tests	2026-09-22T09:41:41.6732473Z     Then layer 0 field "ethertype" always equals hex 22F0                                                              # ../traffic-gen/tests/stack_behave/features/steps/stack_steps.py:101
behave-testing	Execute tests	2026-09-22T09:41:41.6737362Z 
behave-testing	Execute tests	2026-09-22T09:41:41.6738527Z   Scenario Outline: ACQUIRE_ENTITY — ethertype is always 0x22F0 -- @1.14 AECP AEM interfaces                  # ../traffic-gen/tests/stack_behave/features/aecp_aem_stack.feature:91
behave-testing	Execute tests	2026-09-22T09:41:41.6740198Z     Given the protocols root is loaded                                                                        # ../traffic-gen/tests/stack_behave/features/steps/stack_steps.py:46
behave-testing	Execute tests	2026-09-22T09:41:41.6742031Z     Given the application interface "atdecc_aecp_acquire_entity::AECP_ACQUIRE_ENTITY::AECP_ACQUIRE_ENTITY_IF" # ../traffic-gen/tests/stack_behave/features/steps/stack_steps.py:52
behave-testing	Execute tests	2026-09-22T09:41:41.6743487Z     When I generate 20 stacked packets with seed 7                                                            # ../traffic-gen/tests/stack_behave/features/steps/stack_steps.py:62
behave-testing	Execute tests	2026-09-22T09:41:41.6874720Z     Then layer 0 field "ethertype" always equals hex 22F0                                                     # ../traffic-gen/tests/stack_behave/features/steps/stack_steps.py:101
behave-testing	Execute tests	2026-09-22T09:41:41.6878949Z 
behave-testing	Execute tests	2026-09-22T09:41:41.6880115Z   Scenario Outline: AUDIO_MAPPINGS — ethertype is always 0x22F0 -- @1.15 AECP AEM interfaces                  # ../traffic-gen/tests/stack_behave/features/aecp_aem_stack.feature:92
behave-testing	Execute tests	2026-09-22T09:41:41.6882115Z     Given the protocols root is loaded                                                                        # ../traffic-gen/tests/stack_behave/features/steps/stack_steps.py:46
behave-testing	Execute tests	2026-09-22T09:41:41.6883901Z     Given the application interface "atdecc_aecp_audio_mappings::AECP_AUDIO_MAPPINGS::AECP_AUDIO_MAPPINGS_IF" # ../traffic-gen/tests/stack_behave/features/steps/stack_steps.py:52
behave-testing	Execute tests	2026-09-22T09:41:41.6885799Z     When I generate 20 stacked packets with seed 7                                                            # ../traffic-gen/tests/stack_behave/features/steps/stack_steps.py:62
behave-testing	Execute tests	2026-09-22T09:41:41.7018444Z     Then layer 0 field "ethertype" always equals hex 22F0                                                     # ../traffic-gen/tests/stack_behave/features/steps/stack_steps.py:101
behave-testing	Execute tests	2026-09-22T09:41:41.7022371Z 
behave-testing	Execute tests	2026-09-22T09:41:41.7023598Z   Scenario Outline: LOCK_ENTITY — ethertype is always 0x22F0 -- @1.16 AECP AEM interfaces            # ../traffic-gen/tests/stack_behave/features/aecp_aem_stack.feature:93
behave-testing	Execute tests	2026-09-22T09:41:41.7025306Z     Given the protocols root is loaded                                                               # ../traffic-gen/tests/stack_behave/features/steps/stack_steps.py:46
behave-testing	Execute tests	2026-09-22T09:41:41.7026645Z     Given the application interface "atdecc_aecp_lock_entity::AECP_LOCK_ENTITY::AECP_LOCK_ENTITY_IF" # ../traffic-gen/tests/stack_behave/features/steps/stack_steps.py:52
behave-testing	Execute tests	2026-09-22T09:41:41.7028421Z     When I generate 20 stacked packets with seed 7                                                   # ../traffic-gen/tests/stack_behave/features/steps/stack_steps.py:62
behave-testing	Execute tests	2026-09-22T09:41:41.7157511Z     Then layer 0 field "ethertype" always equals hex 22F0                                            # ../traffic-gen/tests/stack_behave/features/steps/stack_steps.py:101
behave-testing	Execute tests	2026-09-22T09:41:41.7161238Z 
behave-testing	Execute tests	2026-09-22T09:41:41.7162306Z   Scenario Outline: SET_STREAM_INFO — ethertype is always 0x22F0 -- @1.17 AECP AEM interfaces                    # ../traffic-gen/tests/stack_behave/features/aecp_aem_stack.feature:94
behave-testing	Execute tests	2026-09-22T09:41:41.7163810Z     Given the protocols root is loaded                                                                           # ../traffic-gen/tests/stack_behave/features/steps/stack_steps.py:46
behave-testing	Execute tests	2026-09-22T09:41:41.7165499Z     Given the application interface "atdecc_aecp_set_stream_info::AECP_SET_STREAM_INFO::AECP_SET_STREAM_INFO_IF" # ../traffic-gen/tests/stack_behave/features/steps/stack_steps.py:52
behave-testing	Execute tests	2026-09-22T09:41:41.7167209Z     When I generate 20 stacked packets with seed 7                                                               # ../traffic-gen/tests/stack_behave/features/steps/stack_steps.py:62
behave-testing	Execute tests	2026-09-22T09:41:41.7296024Z     Then layer 0 field "ethertype" always equals hex 22F0                                                        # ../traffic-gen/tests/stack_behave/features/steps/stack_steps.py:101
behave-testing	Execute tests	2026-09-22T09:41:41.7300009Z 
behave-testing	Execute tests	2026-09-22T09:41:41.7301243Z   Scenario Outline: SET_NAME — ethertype is always 0x22F0 -- @1.18 AECP AEM interfaces      # ../traffic-gen/tests/stack_behave/features/aecp_aem_stack.feature:95
behave-testing	Execute tests	2026-09-22T09:41:41.7302735Z     Given the protocols root is loaded                                                      # ../traffic-gen/tests/stack_behave/features/steps/stack_steps.py:46
behave-testing	Execute tests	2026-09-22T09:41:41.7304119Z     Given the application interface "atdecc_aecp_set_name::AECP_SET_NAME::AECP_SET_NAME_IF" # ../traffic-gen/tests/stack_behave/features/steps/stack_steps.py:52
behave-testing	Execute tests	2026-09-22T09:41:41.7305920Z     When I generate 20 stacked packets with seed 7                                          # ../traffic-gen/tests/stack_behave/features/steps/stack_steps.py:62
behave-testing	Execute tests	2026-09-22T09:41:41.7432317Z     Then layer 0 field "ethertype" always equals hex 22F0                                   # ../traffic-gen/tests/stack_behave/features/steps/stack_steps.py:101
behave-testing	Execute tests	2026-09-22T09:41:41.7478684Z 
behave-testing	Execute tests	2026-09-22T09:41:41.7479825Z   Scenario Outline: AEM_NO_PAYLOAD — AVTP subtype is always 0xFB and version 0 -- @1.1 AECP AEM interfaces    # ../traffic-gen/tests/stack_behave/features/aecp_aem_stack.feature:110
behave-testing	Execute tests	2026-09-22T09:41:41.7481590Z     Given the protocols root is loaded                                                                        # ../traffic-gen/tests/stack_behave/features/steps/stack_steps.py:46
behave-testing	Execute tests	2026-09-22T09:41:41.7483143Z     Given the application interface "atdecc_aecp_aem_no_payload::AECP_AEM_NO_PAYLOAD::AECP_AEM_NO_PAYLOAD_IF" # ../traffic-gen/tests/stack_behave/features/steps/stack_steps.py:52
behave-testing	Execute tests	2026-09-22T09:41:41.7484755Z     When I generate 20 stacked packets with seed 3                                                            # ../traffic-gen/tests/stack_behave/features/steps/stack_steps.py:62
behave-testing	Execute tests	2026-09-22T09:41:41.7610974Z     Then layer 1 field "subtype" always equals 251                                                            # ../traffic-gen/tests/stack_behave/features/steps/stack_steps.py:91
behave-testing	Execute tests	2026-09-22T09:41:41.7612923Z     And layer 1 field "sv" always equals 0                                                                    # ../traffic-gen/tests/stack_behave/features/steps/stack_steps.py:91
behave-testing	Execute tests	2026-09-22T09:41:41.7614896Z     And layer 1 field "version" always equals 0                                                               # ../traffic-gen/tests/stack_behave/features/steps/stack_steps.py:91
behave-testing	Execute tests	2026-09-22T09:41:41.7619333Z 
behave-testing	Execute tests	2026-09-22T09:41:41.7620436Z   Scenario Outline: SET_CONFIGURATION — AVTP subtype is always 0xFB and version 0 -- @1.2 AECP AEM interfaces          # ../traffic-gen/tests/stack_behave/features/aecp_aem_stack.feature:111
behave-testing	Execute tests	2026-09-22T09:41:41.7622209Z     Given the protocols root is loaded                                                                                 # ../traffic-gen/tests/stack_behave/features/steps/stack_steps.py:46
behave-testing	Execute tests	2026-09-22T09:41:41.7623833Z     Given the application interface "atdecc_aecp_set_configuration::AECP_SET_CONFIGURATION::AECP_SET_CONFIGURATION_IF" # ../traffic-gen/tests/stack_behave/features/steps/stack_steps.py:52
behave-testing	Execute tests	2026-09-22T09:41:41.7625418Z     When I generate 20 stacked packets with seed 3                                                                     # ../traffic-gen/tests/stack_behave/features/steps/stack_steps.py:62
behave-testing	Execute tests	2026-09-22T09:41:41.7754053Z     Then layer 1 field "subtype" always equals 251                                                                     # ../traffic-gen/tests/stack_behave/features/steps/stack_steps.py:91
behave-testing	Execute tests	2026-09-22T09:41:41.7755664Z     And layer 1 field "sv" always equals 0                                                                             # ../traffic-gen/tests/stack_behave/features/steps/stack_steps.py:91
behave-testing	Execute tests	2026-09-22T09:41:41.7757754Z     And layer 1 field "version" always equals 0                                                                        # ../traffic-gen/tests/stack_behave/features/steps/stack_steps.py:91
behave-testing	Execute tests	2026-09-22T09:41:41.7761634Z 
behave-testing	Execute tests	2026-09-22T09:41:41.7762563Z   Scenario Outline: AEM_DESC_QUERY — AVTP subtype is always 0xFB and version 0 -- @1.3 AECP AEM interfaces                # ../traffic-gen/tests/stack_behave/features/aecp_aem_stack.feature:112
behave-testing	Execute tests	2026-09-22T09:41:41.7763923Z     Given the protocols root is loaded                                                                                    # ../traffic-gen/tests/stack_behave/features/steps/stack_steps.py:46
behave-testing	Execute tests	2026-09-22T09:41:41.7765186Z     Given the application interface "atdecc_aecp_aem_descriptor_query::AECP_AEM_DESCRIPTOR_QUERY::AECP_AEM_DESC_QUERY_IF" # ../traffic-gen/tests/stack_behave/features/steps/stack_steps.py:52
behave-testing	Execute tests	2026-09-22T09:41:41.7766605Z     When I generate 20 stacked packets with seed 3                                                                        # ../traffic-gen/tests/stack_behave/features/steps/stack_steps.py:62
behave-testing	Execute tests	2026-09-22T09:41:41.7891711Z     Then layer 1 field "subtype" always equals 251                                                                        # ../traffic-gen/tests/stack_behave/features/steps/stack_steps.py:91
behave-testing	Execute tests	2026-09-22T09:41:41.7893529Z     And layer 1 field "sv" always equals 0                                                                                # ../traffic-gen/tests/stack_behave/features/steps/stack_steps.py:91
behave-testing	Execute tests	2026-09-22T09:41:41.7895749Z     And layer 1 field "version" always equals 0                                                                           # ../traffic-gen/tests/stack_behave/features/steps/stack_steps.py:91
behave-testing	Execute tests	2026-09-22T09:41:41.7899622Z 
behave-testing	Execute tests	2026-09-22T09:41:41.7900754Z   Scenario Outline: ABORT_OPERATION — AVTP subtype is always 0xFB and version 0 -- @1.4 AECP AEM interfaces      # ../traffic-gen/tests/stack_behave/features/aecp_aem_stack.feature:113
behave-testing	Execute tests	2026-09-22T09:41:41.7902723Z     Given the protocols root is loaded                                                                           # ../traffic-gen/tests/stack_behave/features/steps/stack_steps.py:46
behave-testing	Execute tests	2026-09-22T09:41:41.7904281Z     Given the application interface "atdecc_aecp_abort_operation::AECP_ABORT_OPERATION::AECP_ABORT_OPERATION_IF" # ../traffic-gen/tests/stack_behave/features/steps/stack_steps.py:52
behave-testing	Execute tests	2026-09-22T09:41:41.7905855Z     When I generate 20 stacked packets with seed 3                                                               # ../traffic-gen/tests/stack_behave/features/steps/stack_steps.py:62
behave-testing	Execute tests	2026-09-22T09:41:41.8029176Z     Then layer 1 field "subtype" always equals 251                                                               # ../traffic-gen/tests/stack_behave/features/steps/stack_steps.py:91
behave-testing	Execute tests	2026-09-22T09:41:41.8030919Z     And layer 1 field "sv" always equals 0                                                                       # ../traffic-gen/tests/stack_behave/features/steps/stack_steps.py:91
behave-testing	Execute tests	2026-09-22T09:41:41.8032841Z     And layer 1 field "version" always equals 0                                                                  # ../traffic-gen/tests/stack_behave/features/steps/stack_steps.py:91
behave-testing	Execute tests	2026-09-22T09:41:41.8036828Z 
behave-testing	Execute tests	2026-09-22T09:41:41.8037848Z   Scenario Outline: GET_AUDIO_MAP — AVTP subtype is always 0xFB and version 0 -- @1.5 AECP AEM interfaces  # ../traffic-gen/tests/stack_behave/features/aecp_aem_stack.feature:114
behave-testing	Execute tests	2026-09-22T09:41:41.8039292Z     Given the protocols root is loaded                                                                     # ../traffic-gen/tests/stack_behave/features/steps/stack_steps.py:46
behave-testing	Execute tests	2026-09-22T09:41:41.8040642Z     Given the application interface "atdecc_aecp_get_audio_map::AECP_GET_AUDIO_MAP::AECP_GET_AUDIO_MAP_IF" # ../traffic-gen/tests/stack_behave/features/steps/stack_steps.py:52
behave-testing	Execute tests	2026-09-22T09:41:41.8042064Z     When I generate 20 stacked packets with seed 3                                                         # ../traffic-gen/tests/stack_behave/features/steps/stack_steps.py:62
behave-testing	Execute tests	2026-09-22T09:41:41.8168410Z     Then layer 1 field "subtype" always equals 251                                                         # ../traffic-gen/tests/stack_behave/features/steps/stack_steps.py:91
behave-testing	Execute tests	2026-09-22T09:41:41.8170149Z     And layer 1 field "sv" always equals 0                                                                 # ../traffic-gen/tests/stack_behave/features/steps/stack_steps.py:91
behave-testing	Execute tests	2026-09-22T09:41:41.8172027Z     And layer 1 field "version" always equals 0                                                            # ../traffic-gen/tests/stack_behave/features/steps/stack_steps.py:91
behave-testing	Execute tests	2026-09-22T09:41:41.8176386Z 
behave-testing	Execute tests	2026-09-22T09:41:41.8177353Z   Scenario Outline: GET_NAME — AVTP subtype is always 0xFB and version 0 -- @1.6 AECP AEM interfaces  # ../traffic-gen/tests/stack_behave/features/aecp_aem_stack.feature:115
behave-testing	Execute tests	2026-09-22T09:41:41.8178847Z     Given the protocols root is loaded                                                                # ../traffic-gen/tests/stack_behave/features/steps/stack_steps.py:46
behave-testing	Execute tests	2026-09-22T09:41:41.8180138Z     Given the application interface "atdecc_aecp_get_name::AECP_GET_NAME::AECP_GET_NAME_IF"           # ../traffic-gen/tests/stack_behave/features/steps/stack_steps.py:52
behave-testing	Execute tests	2026-09-22T09:41:41.8181541Z     When I generate 20 stacked packets with seed 3                                                    # ../traffic-gen/tests/stack_behave/features/steps/stack_steps.py:62
behave-testing	Execute tests	2026-09-22T09:41:41.8308330Z     Then layer 1 field "subtype" always equals 251                                                    # ../traffic-gen/tests/stack_behave/features/steps/stack_steps.py:91
behave-testing	Execute tests	2026-09-22T09:41:41.8310059Z     And layer 1 field "sv" always equals 0                                                            # ../traffic-gen/tests/stack_behave/features/steps/stack_steps.py:91
behave-testing	Execute tests	2026-09-22T09:41:41.8311940Z     And layer 1 field "version" always equals 0                                                       # ../traffic-gen/tests/stack_behave/features/steps/stack_steps.py:91
behave-testing	Execute tests	2026-09-22T09:41:41.8316191Z 
behave-testing	Execute tests	2026-09-22T09:41:41.8317247Z   Scenario Outline: OPERATION_STATUS — AVTP subtype is always 0xFB and version 0 -- @1.7 AECP AEM interfaces        # ../traffic-gen/tests/stack_behave/features/aecp_aem_stack.feature:116
behave-testing	Execute tests	2026-09-22T09:41:41.8318809Z     Given the protocols root is loaded                                                                              # ../traffic-gen/tests/stack_behave/features/steps/stack_steps.py:46
behave-testing	Execute tests	2026-09-22T09:41:41.8320366Z     Given the application interface "atdecc_aecp_operation_status::AECP_OPERATION_STATUS::AECP_OPERATION_STATUS_IF" # ../traffic-gen/tests/stack_behave/features/steps/stack_steps.py:52
behave-testing	Execute tests	2026-09-22T09:41:41.8321734Z     When I generate 20 stacked packets with seed 3                                                                  # ../traffic-gen/tests/stack_behave/features/steps/stack_steps.py:62
behave-testing	Execute tests	2026-09-22T09:41:41.8447572Z     Then layer 1 field "subtype" always equals 251                                                                  # ../traffic-gen/tests/stack_behave/features/steps/stack_steps.py:91
behave-testing	Execute tests	2026-09-22T09:41:41.8449335Z     And layer 1 field "sv" always equals 0                                                                          # ../traffic-gen/tests/stack_behave/features/steps/stack_steps.py:91
behave-testing	Execute tests	2026-09-22T09:41:41.8451216Z     And layer 1 field "version" always equals 0                                                                     # ../traffic-gen/tests/stack_behave/features/steps/stack_steps.py:91
behave-testing	Execute tests	2026-09-22T09:41:41.8455186Z 
behave-testing	Execute tests	2026-09-22T09:41:41.8456251Z   Scenario Outline: READ_DESCRIPTOR — AVTP subtype is always 0xFB and version 0 -- @1.8 AECP AEM interfaces      # ../traffic-gen/tests/stack_behave/features/aecp_aem_stack.feature:117
behave-testing	Execute tests	2026-09-22T09:41:41.8457755Z     Given the protocols root is loaded                                                                           # ../traffic-gen/tests/stack_behave/features/steps/stack_steps.py:46
behave-testing	Execute tests	2026-09-22T09:41:41.8459121Z     Given the application interface "atdecc_aecp_read_descriptor::AECP_READ_DESCRIPTOR::AECP_READ_DESCRIPTOR_IF" # ../traffic-gen/tests/stack_behave/features/steps/stack_steps.py:52
behave-testing	Execute tests	2026-09-22T09:41:41.8460916Z     When I generate 20 stacked packets with seed 3                                                               # ../traffic-gen/tests/stack_behave/features/steps/stack_steps.py:62
behave-testing	Execute tests	2026-09-22T09:41:41.8585777Z     Then layer 1 field "subtype" always equals 251                                                               # ../traffic-gen/tests/stack_behave/features/steps/stack_steps.py:91
behave-testing	Execute tests	2026-09-22T09:41:41.8587839Z     And layer 1 field "sv" always equals 0                                                                       # ../traffic-gen/tests/stack_behave/features/steps/stack_steps.py:91
behave-testing	Execute tests	2026-09-22T09:41:41.8589758Z     And layer 1 field "version" always equals 0                                                                  # ../traffic-gen/tests/stack_behave/features/steps/stack_steps.py:91
behave-testing	Execute tests	2026-09-22T09:41:41.8593539Z 
behave-testing	Execute tests	2026-09-22T09:41:41.8594551Z   Scenario Outline: SET_CLOCK_SOURCE — AVTP subtype is always 0xFB and version 0 -- @1.9 AECP AEM interfaces        # ../traffic-gen/tests/stack_behave/features/aecp_aem_stack.feature:118
behave-testing	Execute tests	2026-09-22T09:41:41.8596247Z     Given the protocols root is loaded                                                                              # ../traffic-gen/tests/stack_behave/features/steps/stack_steps.py:46
behave-testing	Execute tests	2026-09-22T09:41:41.8597796Z     Given the application interface "atdecc_aecp_set_clock_source::AECP_SET_CLOCK_SOURCE::AECP_SET_CLOCK_SOURCE_IF" # ../traffic-gen/tests/stack_behave/features/steps/stack_steps.py:52
behave-testing	Execute tests	2026-09-22T09:41:41.8599158Z     When I generate 20 stacked packets with seed 3                                                                  # ../traffic-gen/tests/stack_behave/features/steps/stack_steps.py:62
behave-testing	Execute tests	2026-09-22T09:41:41.8725497Z     Then layer 1 field "subtype" always equals 251                                                                  # ../traffic-gen/tests/stack_behave/features/steps/stack_steps.py:91
behave-testing	Execute tests	2026-09-22T09:41:41.8727086Z     And layer 1 field "sv" always equals 0                                                                          # ../traffic-gen/tests/stack_behave/features/steps/stack_steps.py:91
behave-testing	Execute tests	2026-09-22T09:41:41.8728983Z     And layer 1 field "version" always equals 0                                                                     # ../traffic-gen/tests/stack_behave/features/steps/stack_steps.py:91
behave-testing	Execute tests	2026-09-22T09:41:41.8732968Z 
behave-testing	Execute tests	2026-09-22T09:41:41.8734543Z   Scenario Outline: SET_SAMPLING_RATE — AVTP subtype is always 0xFB and version 0 -- @1.10 AECP AEM interfaces         # ../traffic-gen/tests/stack_behave/features/aecp_aem_stack.feature:119
behave-testing	Execute tests	2026-09-22T09:41:41.8736289Z     Given the protocols root is loaded                                                                                 # ../traffic-gen/tests/stack_behave/features/steps/stack_steps.py:46
behave-testing	Execute tests	2026-09-22T09:41:41.8737856Z     Given the application interface "atdecc_aecp_set_sampling_rate::AECP_SET_SAMPLING_RATE::AECP_SET_SAMPLING_RATE_IF" # ../traffic-gen/tests/stack_behave/features/steps/stack_steps.py:52
behave-testing	Execute tests	2026-09-22T09:41:41.8739240Z     When I generate 20 stacked packets with seed 3                                                                     # ../traffic-gen/tests/stack_behave/features/steps/stack_steps.py:62
behave-testing	Execute tests	2026-09-22T09:41:41.8865580Z     Then layer 1 field "subtype" always equals 251                                                                     # ../traffic-gen/tests/stack_behave/features/steps/stack_steps.py:91
behave-testing	Execute tests	2026-09-22T09:41:41.8867341Z     And layer 1 field "sv" always equals 0                                                                             # ../traffic-gen/tests/stack_behave/features/steps/stack_steps.py:91
behave-testing	Execute tests	2026-09-22T09:41:41.8869242Z     And layer 1 field "version" always equals 0                                                                        # ../traffic-gen/tests/stack_behave/features/steps/stack_steps.py:91
behave-testing	Execute tests	2026-09-22T09:41:41.8873156Z 
behave-testing	Execute tests	2026-09-22T09:41:41.8874318Z   Scenario Outline: START_OPERATION — AVTP subtype is always 0xFB and version 0 -- @1.11 AECP AEM interfaces     # ../traffic-gen/tests/stack_behave/features/aecp_aem_stack.feature:120
behave-testing	Execute tests	2026-09-22T09:41:41.8876616Z     Given the protocols root is loaded                                                                           # ../traffic-gen/tests/stack_behave/features/steps/stack_steps.py:46
behave-testing	Execute tests	2026-09-22T09:41:41.8878238Z     Given the application interface "atdecc_aecp_start_operation::AECP_START_OPERATION::AECP_START_OPERATION_IF" # ../traffic-gen/tests/stack_behave/features/steps/stack_steps.py:52
behave-testing	Execute tests	2026-09-22T09:41:41.8879888Z     When I generate 20 stacked packets with seed 3                                                               # ../traffic-gen/tests/stack_behave/features/steps/stack_steps.py:62
behave-testing	Execute tests	2026-09-22T09:41:41.9007451Z     Then layer 1 field "subtype" always equals 251                                                               # ../traffic-gen/tests/stack_behave/features/steps/stack_steps.py:91
behave-testing	Execute tests	2026-09-22T09:41:41.9009052Z     And layer 1 field "sv" always equals 0                                                                       # ../traffic-gen/tests/stack_behave/features/steps/stack_steps.py:91
behave-testing	Execute tests	2026-09-22T09:41:41.9010773Z     And layer 1 field "version" always equals 0                                                                  # ../traffic-gen/tests/stack_behave/features/steps/stack_steps.py:91
behave-testing	Execute tests	2026-09-22T09:41:41.9014733Z 
behave-testing	Execute tests	2026-09-22T09:41:41.9016018Z   Scenario Outline: SET_CONTROL — AVTP subtype is always 0xFB and version 0 -- @1.12 AECP AEM interfaces  # ../traffic-gen/tests/stack_behave/features/aecp_aem_stack.feature:121
behave-testing	Execute tests	2026-09-22T09:41:41.9017580Z     Given the protocols root is loaded                                                                    # ../traffic-gen/tests/stack_behave/features/steps/stack_steps.py:46
behave-testing	Execute tests	2026-09-22T09:41:41.9019451Z     Given the application interface "atdecc_aecp_set_control::AECP_SET_CONTROL::AECP_SET_CONTROL_IF"      # ../traffic-gen/tests/stack_behave/features/steps/stack_steps.py:52
behave-testing	Execute tests	2026-09-22T09:41:41.9020850Z     When I generate 20 stacked packets with seed 3                                                        # ../traffic-gen/tests/stack_behave/features/steps/stack_steps.py:62
behave-testing	Execute tests	2026-09-22T09:41:41.9147493Z     Then layer 1 field "subtype" always equals 251                                                        # ../traffic-gen/tests/stack_behave/features/steps/stack_steps.py:91
behave-testing	Execute tests	2026-09-22T09:41:41.9149106Z     And layer 1 field "sv" always equals 0                                                                # ../traffic-gen/tests/stack_behave/features/steps/stack_steps.py:91
behave-testing	Execute tests	2026-09-22T09:41:41.9150950Z     And layer 1 field "version" always equals 0                                                           # ../traffic-gen/tests/stack_behave/features/steps/stack_steps.py:91
behave-testing	Execute tests	2026-09-22T09:41:41.9154983Z 
behave-testing	Execute tests	2026-09-22T09:41:41.9156560Z   Scenario Outline: SET_STREAM_FORMAT — AVTP subtype is always 0xFB and version 0 -- @1.13 AECP AEM interfaces         # ../traffic-gen/tests/stack_behave/features/aecp_aem_stack.feature:122
behave-testing	Execute tests	2026-09-22T09:41:41.9158256Z     Given the protocols root is loaded                                                                                 # ../traffic-gen/tests/stack_behave/features/steps/stack_steps.py:46
behave-testing	Execute tests	2026-09-22T09:41:41.9159984Z     Given the application interface "atdecc_aecp_set_stream_format::AECP_SET_STREAM_FORMAT::AECP_SET_STREAM_FORMAT_IF" # ../traffic-gen/tests/stack_behave/features/steps/stack_steps.py:52
behave-testing	Execute tests	2026-09-22T09:41:41.9161498Z     When I generate 20 stacked packets with seed 3                                                                     # ../traffic-gen/tests/stack_behave/features/steps/stack_steps.py:62
behave-testing	Execute tests	2026-09-22T09:41:41.9288189Z     Then layer 1 field "subtype" always equals 251                                                                     # ../traffic-gen/tests/stack_behave/features/steps/stack_steps.py:91
behave-testing	Execute tests	2026-09-22T09:41:41.9289868Z     And layer 1 field "sv" always equals 0                                                                             # ../traffic-gen/tests/stack_behave/features/steps/stack_steps.py:91
behave-testing	Execute tests	2026-09-22T09:41:41.9291753Z     And layer 1 field "version" always equals 0                                                                        # ../traffic-gen/tests/stack_behave/features/steps/stack_steps.py:91
behave-testing	Execute tests	2026-09-22T09:41:41.9295810Z 
behave-testing	Execute tests	2026-09-22T09:41:41.9296952Z   Scenario Outline: ACQUIRE_ENTITY — AVTP subtype is always 0xFB and version 0 -- @1.14 AECP AEM interfaces   # ../traffic-gen/tests/stack_behave/features/aecp_aem_stack.feature:123
behave-testing	Execute tests	2026-09-22T09:41:41.9298536Z     Given the protocols root is loaded                                                                        # ../traffic-gen/tests/stack_behave/features/steps/stack_steps.py:46
behave-testing	Execute tests	2026-09-22T09:41:41.9300212Z     Given the application interface "atdecc_aecp_acquire_entity::AECP_ACQUIRE_ENTITY::AECP_ACQUIRE_ENTITY_IF" # ../traffic-gen/tests/stack_behave/features/steps/stack_steps.py:52
behave-testing	Execute tests	2026-09-22T09:41:41.9301661Z     When I generate 20 stacked packets with seed 3                                                            # ../traffic-gen/tests/stack_behave/features/steps/stack_steps.py:62
behave-testing	Execute tests	2026-09-22T09:41:41.9428660Z     Then layer 1 field "subtype" always equals 251                                                            # ../traffic-gen/tests/stack_behave/features/steps/stack_steps.py:91
behave-testing	Execute tests	2026-09-22T09:41:41.9430092Z     And layer 1 field "sv" always equals 0                                                                    # ../traffic-gen/tests/stack_behave/features/steps/stack_steps.py:91
behave-testing	Execute tests	2026-09-22T09:41:41.9432008Z     And layer 1 field "version" always equals 0                                                               # ../traffic-gen/tests/stack_behave/features/steps/stack_steps.py:91
behave-testing	Execute tests	2026-09-22T09:41:41.9436342Z 
behave-testing	Execute tests	2026-09-22T09:41:41.9437433Z   Scenario Outline: AUDIO_MAPPINGS — AVTP subtype is always 0xFB and version 0 -- @1.15 AECP AEM interfaces   # ../traffic-gen/tests/stack_behave/features/aecp_aem_stack.feature:124
behave-testing	Execute tests	2026-09-22T09:41:41.9439035Z     Given the protocols root is loaded                                                                        # ../traffic-gen/tests/stack_behave/features/steps/stack_steps.py:46
behave-testing	Execute tests	2026-09-22T09:41:41.9440666Z     Given the application interface "atdecc_aecp_audio_mappings::AECP_AUDIO_MAPPINGS::AECP_AUDIO_MAPPINGS_IF" # ../traffic-gen/tests/stack_behave/features/steps/stack_steps.py:52
behave-testing	Execute tests	2026-09-22T09:41:41.9442113Z     When I generate 20 stacked packets with seed 3                                                            # ../traffic-gen/tests/stack_behave/features/steps/stack_steps.py:62
behave-testing	Execute tests	2026-09-22T09:41:41.9569645Z     Then layer 1 field "subtype" always equals 251                                                            # ../traffic-gen/tests/stack_behave/features/steps/stack_steps.py:91
behave-testing	Execute tests	2026-09-22T09:41:41.9571222Z     And layer 1 field "sv" always equals 0                                                                    # ../traffic-gen/tests/stack_behave/features/steps/stack_steps.py:91
behave-testing	Execute tests	2026-09-22T09:41:41.9573164Z     And layer 1 field "version" always equals 0                                                               # ../traffic-gen/tests/stack_behave/features/steps/stack_steps.py:91
behave-testing	Execute tests	2026-09-22T09:41:41.9577261Z 
behave-testing	Execute tests	2026-09-22T09:41:41.9578321Z   Scenario Outline: LOCK_ENTITY — AVTP subtype is always 0xFB and version 0 -- @1.16 AECP AEM interfaces  # ../traffic-gen/tests/stack_behave/features/aecp_aem_stack.feature:125
behave-testing	Execute tests	2026-09-22T09:41:41.9579944Z     Given the protocols root is loaded                                                                    # ../traffic-gen/tests/stack_behave/features/steps/stack_steps.py:46
behave-testing	Execute tests	2026-09-22T09:41:41.9581593Z     Given the application interface "atdecc_aecp_lock_entity::AECP_LOCK_ENTITY::AECP_LOCK_ENTITY_IF"      # ../traffic-gen/tests/stack_behave/features/steps/stack_steps.py:52
behave-testing	Execute tests	2026-09-22T09:41:41.9583386Z     When I generate 20 stacked packets with seed 3                                                        # ../traffic-gen/tests/stack_behave/features/steps/stack_steps.py:62
behave-testing	Execute tests	2026-09-22T09:41:41.9710027Z     Then layer 1 field "subtype" always equals 251                                                        # ../traffic-gen/tests/stack_behave/features/steps/stack_steps.py:91
behave-testing	Execute tests	2026-09-22T09:41:41.9712203Z     And layer 1 field "sv" always equals 0                                                                # ../traffic-gen/tests/stack_behave/features/steps/stack_steps.py:91
behave-testing	Execute tests	2026-09-22T09:41:41.9714190Z     And layer 1 field "version" always equals 0                                                           # ../traffic-gen/tests/stack_behave/features/steps/stack_steps.py:91
behave-testing	Execute tests	2026-09-22T09:41:41.9718535Z 
behave-testing	Execute tests	2026-09-22T09:41:41.9720121Z   Scenario Outline: SET_STREAM_INFO — AVTP subtype is always 0xFB and version 0 -- @1.17 AECP AEM interfaces     # ../traffic-gen/tests/stack_behave/features/aecp_aem_stack.feature:126
behave-testing	Execute tests	2026-09-22T09:41:41.9722496Z     Given the protocols root is loaded                                                                           # ../traffic-gen/tests/stack_behave/features/steps/stack_steps.py:46
behave-testing	Execute tests	2026-09-22T09:41:41.9724734Z     Given the application interface "atdecc_aecp_set_stream_info::AECP_SET_STREAM_INFO::AECP_SET_STREAM_INFO_IF" # ../traffic-gen/tests/stack_behave/features/steps/stack_steps.py:52
behave-testing	Execute tests	2026-09-22T09:41:41.9780008Z     When I generate 20 stacked packets with seed 3                                                               # ../traffic-gen/tests/stack_behave/features/steps/stack_steps.py:62
behave-testing	Execute tests	2026-09-22T09:41:41.9860530Z     Then layer 1 field "subtype" always equals 251                                                               # ../traffic-gen/tests/stack_behave/features/steps/stack_steps.py:91
behave-testing	Execute tests	2026-09-22T09:41:41.9862405Z     And layer 1 field "sv" always equals 0                                                                       # ../traffic-gen/tests/stack_behave/features/steps/stack_steps.py:91
behave-testing	Execute tests	2026-09-22T09:41:41.9864618Z     And layer 1 field "version" always equals 0                                                                  # ../traffic-gen/tests/stack_behave/features/steps/stack_steps.py:91
behave-testing	Execute tests	2026-09-22T09:41:41.9869579Z 
behave-testing	Execute tests	2026-09-22T09:41:41.9871335Z   Scenario Outline: SET_NAME — AVTP subtype is always 0xFB and version 0 -- @1.18 AECP AEM interfaces  # ../traffic-gen/tests/stack_behave/features/aecp_aem_stack.feature:127
behave-testing	Execute tests	2026-09-22T09:41:41.9873272Z     Given the protocols root is loaded                                                                 # ../traffic-gen/tests/stack_behave/features/steps/stack_steps.py:46
behave-testing	Execute tests	2026-09-22T09:41:41.9875351Z     Given the application interface "atdecc_aecp_set_name::AECP_SET_NAME::AECP_SET_NAME_IF"            # ../traffic-gen/tests/stack_behave/features/steps/stack_steps.py:52
behave-testing	Execute tests	2026-09-22T09:41:41.9876752Z     When I generate 20 stacked packets with seed 3                                                     # ../traffic-gen/tests/stack_behave/features/steps/stack_steps.py:62
behave-testing	Execute tests	2026-09-22T09:41:42.0009774Z     Then layer 1 field "subtype" always equals 251                                                     # ../traffic-gen/tests/stack_behave/features/steps/stack_steps.py:91
behave-testing	Execute tests	2026-09-22T09:41:42.0011838Z     And layer 1 field "sv" always equals 0                                                             # ../traffic-gen/tests/stack_behave/features/steps/stack_steps.py:91
behave-testing	Execute tests	2026-09-22T09:41:42.0013584Z     And layer 1 field "version" always equals 0                                                        # ../traffic-gen/tests/stack_behave/features/steps/stack_steps.py:91
behave-testing	Execute tests	2026-09-22T09:41:42.0033195Z 
behave-testing	Execute tests	2026-09-22T09:41:42.0035201Z   Scenario Outline: AEM_NO_PAYLOAD — control_data_length is always fixed -- @1.1 AECP interfaces with fixed control_data_length  # ../traffic-gen/tests/stack_behave/features/aecp_aem_stack.feature:140
behave-testing	Execute tests	2026-09-22T09:41:42.0037433Z     Given the protocols root is loaded                                                                                           # ../traffic-gen/tests/stack_behave/features/steps/stack_steps.py:46
behave-testing	Execute tests	2026-09-22T09:41:42.0039864Z     Given the application interface "atdecc_aecp_aem_no_payload::AECP_AEM_NO_PAYLOAD::AECP_AEM_NO_PAYLOAD_IF"                    # ../traffic-gen/tests/stack_behave/features/steps/stack_steps.py:52
behave-testing	Execute tests	2026-09-22T09:41:42.0041130Z     When I generate 20 stacked packets with seed 9                                                                               # ../traffic-gen/tests/stack_behave/features/steps/stack_steps.py:62
behave-testing	Execute tests	2026-09-22T09:41:42.0168848Z     Then layer 2 field "control_data_length" always equals 20                                                                    # ../traffic-gen/tests/stack_behave/features/steps/stack_steps.py:91
behave-testing	Execute tests	2026-09-22T09:41:42.0172913Z 
behave-testing	Execute tests	2026-09-22T09:41:42.0174837Z   Scenario Outline: SET_CONFIGURATION — control_data_length is always fixed -- @1.2 AECP interfaces with fixed control_data_length  # ../traffic-gen/tests/stack_behave/features/aecp_aem_stack.feature:141
behave-testing	Execute tests	2026-09-22T09:41:42.0177357Z     Given the protocols root is loaded                                                                                              # ../traffic-gen/tests/stack_behave/features/steps/stack_steps.py:46
behave-testing	Execute tests	2026-09-22T09:41:42.0179426Z     Given the application interface "atdecc_aecp_set_configuration::AECP_SET_CONFIGURATION::AECP_SET_CONFIGURATION_IF"              # ../traffic-gen/tests/stack_behave/features/steps/stack_steps.py:52
behave-testing	Execute tests	2026-09-22T09:41:42.0180632Z     When I generate 20 stacked packets with seed 9                                                                                  # ../traffic-gen/tests/stack_behave/features/steps/stack_steps.py:62
behave-testing	Execute tests	2026-09-22T09:41:42.0303312Z     Then layer 2 field "control_data_length" always equals 24                                                                       # ../traffic-gen/tests/stack_behave/features/steps/stack_steps.py:91
behave-testing	Execute tests	2026-09-22T09:41:42.0307513Z 
behave-testing	Execute tests	2026-09-22T09:41:42.0309232Z   Scenario Outline: ABORT_OPERATION — control_data_length is always fixed -- @1.3 AECP interfaces with fixed control_data_length  # ../traffic-gen/tests/stack_behave/features/aecp_aem_stack.feature:142
behave-testing	Execute tests	2026-09-22T09:41:42.0311494Z     Given the protocols root is loaded                                                                                            # ../traffic-gen/tests/stack_behave/features/steps/stack_steps.py:46
behave-testing	Execute tests	2026-09-22T09:41:42.0313545Z     Given the application interface "atdecc_aecp_abort_operation::AECP_ABORT_OPERATION::AECP_ABORT_OPERATION_IF"                  # ../traffic-gen/tests/stack_behave/features/steps/stack_steps.py:52
behave-testing	Execute tests	2026-09-22T09:41:42.0314725Z     When I generate 20 stacked packets with seed 9                                                                                # ../traffic-gen/tests/stack_behave/features/steps/stack_steps.py:62
behave-testing	Execute tests	2026-09-22T09:41:42.0439981Z     Then layer 2 field "control_data_length" always equals 28                                                                     # ../traffic-gen/tests/stack_behave/features/steps/stack_steps.py:91
behave-testing	Execute tests	2026-09-22T09:41:42.0444040Z 
behave-testing	Execute tests	2026-09-22T09:41:42.0446022Z   Scenario Outline: GET_AUDIO_MAP — control_data_length is always fixed -- @1.4 AECP interfaces with fixed control_data_length  # ../traffic-gen/tests/stack_behave/features/aecp_aem_stack.feature:143
behave-testing	Execute tests	2026-09-22T09:41:42.0448215Z     Given the protocols root is loaded                                                                                          # ../traffic-gen/tests/stack_behave/features/steps/stack_steps.py:46
behave-testing	Execute tests	2026-09-22T09:41:42.0450187Z     Given the application interface "atdecc_aecp_get_audio_map::AECP_GET_AUDIO_MAP::AECP_GET_AUDIO_MAP_IF"                      # ../traffic-gen/tests/stack_behave/features/steps/stack_steps.py:52
behave-testing	Execute tests	2026-09-22T09:41:42.0451524Z     When I generate 20 stacked packets with seed 9                                                                              # ../traffic-gen/tests/stack_behave/features/steps/stack_steps.py:62
behave-testing	Execute tests	2026-09-22T09:41:42.0576404Z     Then layer 2 field "control_data_length" always equals 28                                                                   # ../traffic-gen/tests/stack_behave/features/steps/stack_steps.py:91
behave-testing	Execute tests	2026-09-22T09:41:42.0580504Z 
behave-testing	Execute tests	2026-09-22T09:41:42.0582493Z   Scenario Outline: READ_DESCRIPTOR — control_data_length is always fixed -- @1.5 AECP interfaces with fixed control_data_length  # ../traffic-gen/tests/stack_behave/features/aecp_aem_stack.feature:144
behave-testing	Execute tests	2026-09-22T09:41:42.0584728Z     Given the protocols root is loaded                                                                                            # ../traffic-gen/tests/stack_behave/features/steps/stack_steps.py:46
behave-testing	Execute tests	2026-09-22T09:41:42.0587081Z     Given the application interface "atdecc_aecp_read_descriptor::AECP_READ_DESCRIPTOR::AECP_READ_DESCRIPTOR_IF"                  # ../traffic-gen/tests/stack_behave/features/steps/stack_steps.py:52
behave-testing	Execute tests	2026-09-22T09:41:42.0588285Z     When I generate 20 stacked packets with seed 9                                                                                # ../traffic-gen/tests/stack_behave/features/steps/stack_steps.py:62
behave-testing	Execute tests	2026-09-22T09:41:42.0711236Z     Then layer 2 field "control_data_length" always equals 28                                                                     # ../traffic-gen/tests/stack_behave/features/steps/stack_steps.py:91
behave-testing	Execute tests	2026-09-22T09:41:42.0715112Z 
behave-testing	Execute tests	2026-09-22T09:41:42.0717307Z   Scenario Outline: SET_CLOCK_SOURCE — control_data_length is always fixed -- @1.6 AECP interfaces with fixed control_data_length  # ../traffic-gen/tests/stack_behave/features/aecp_aem_stack.feature:145
behave-testing	Execute tests	2026-09-22T09:41:42.0719572Z     Given the protocols root is loaded                                                                                             # ../traffic-gen/tests/stack_behave/features/steps/stack_steps.py:46
behave-testing	Execute tests	2026-09-22T09:41:42.0721746Z     Given the application interface "atdecc_aecp_set_clock_source::AECP_SET_CLOCK_SOURCE::AECP_SET_CLOCK_SOURCE_IF"                # ../traffic-gen/tests/stack_behave/features/steps/stack_steps.py:52
behave-testing	Execute tests	2026-09-22T09:41:42.0723001Z     When I generate 20 stacked packets with seed 9                                                                                 # ../traffic-gen/tests/stack_behave/features/steps/stack_steps.py:62
behave-testing	Execute tests	2026-09-22T09:41:42.0849434Z     Then layer 2 field "control_data_length" always equals 28                                                                      # ../traffic-gen/tests/stack_behave/features/steps/stack_steps.py:91
behave-testing	Execute tests	2026-09-22T09:41:42.0853293Z 
behave-testing	Execute tests	2026-09-22T09:41:42.0855439Z   Scenario Outline: SET_SAMPLING_RATE — control_data_length is always fixed -- @1.7 AECP interfaces with fixed control_data_length  # ../traffic-gen/tests/stack_behave/features/aecp_aem_stack.feature:146
behave-testing	Execute tests	2026-09-22T09:41:42.0857652Z     Given the protocols root is loaded                                                                                              # ../traffic-gen/tests/stack_behave/features/steps/stack_steps.py:46
behave-testing	Execute tests	2026-09-22T09:41:42.0859707Z     Given the application interface "atdecc_aecp_set_sampling_rate::AECP_SET_SAMPLING_RATE::AECP_SET_SAMPLING_RATE_IF"              # ../traffic-gen/tests/stack_behave/features/steps/stack_steps.py:52
behave-testing	Execute tests	2026-09-22T09:41:42.0861000Z     When I generate 20 stacked packets with seed 9                                                                                  # ../traffic-gen/tests/stack_behave/features/steps/stack_steps.py:62
behave-testing	Execute tests	2026-09-22T09:41:42.0986755Z     Then layer 2 field "control_data_length" always equals 28                                                                       # ../traffic-gen/tests/stack_behave/features/steps/stack_steps.py:91
behave-testing	Execute tests	2026-09-22T09:41:42.0990788Z 
behave-testing	Execute tests	2026-09-22T09:41:42.0992810Z   Scenario Outline: ACQUIRE_ENTITY — control_data_length is always fixed -- @1.8 AECP interfaces with fixed control_data_length  # ../traffic-gen/tests/stack_behave/features/aecp_aem_stack.feature:147
behave-testing	Execute tests	2026-09-22T09:41:42.0995393Z     Given the protocols root is loaded                                                                                           # ../traffic-gen/tests/stack_behave/features/steps/stack_steps.py:46
behave-testing	Execute tests	2026-09-22T09:41:42.0997576Z     Given the application interface "atdecc_aecp_acquire_entity::AECP_ACQUIRE_ENTITY::AECP_ACQUIRE_ENTITY_IF"                    # ../traffic-gen/tests/stack_behave/features/steps/stack_steps.py:52
behave-testing	Execute tests	2026-09-22T09:41:42.0999099Z     When I generate 20 stacked packets with seed 9                                                                               # ../traffic-gen/tests/stack_behave/features/steps/stack_steps.py:62
behave-testing	Execute tests	2026-09-22T09:41:42.1122784Z     Then layer 2 field "control_data_length" always equals 36                                                                    # ../traffic-gen/tests/stack_behave/features/steps/stack_steps.py:91
behave-testing	Execute tests	2026-09-22T09:41:42.1126914Z 
behave-testing	Execute tests	2026-09-22T09:41:42.1128672Z   Scenario Outline: LOCK_ENTITY — control_data_length is always fixed -- @1.9 AECP interfaces with fixed control_data_length  # ../traffic-gen/tests/stack_behave/features/aecp_aem_stack.feature:148
behave-testing	Execute tests	2026-09-22T09:41:42.1130923Z     Given the protocols root is loaded                                                                                        # ../traffic-gen/tests/stack_behave/features/steps/stack_steps.py:46
behave-testing	Execute tests	2026-09-22T09:41:42.1132841Z     Given the application interface "atdecc_aecp_lock_entity::AECP_LOCK_ENTITY::AECP_LOCK_ENTITY_IF"                          # ../traffic-gen/tests/stack_behave/features/steps/stack_steps.py:52
behave-testing	Execute tests	2026-09-22T09:41:42.1134024Z     When I generate 20 stacked packets with seed 9                                                                            # ../traffic-gen/tests/stack_behave/features/steps/stack_steps.py:62
behave-testing	Execute tests	2026-09-22T09:41:42.1259935Z     Then layer 2 field "control_data_length" always equals 36                                                                 # ../traffic-gen/tests/stack_behave/features/steps/stack_steps.py:91
behave-testing	Execute tests	2026-09-22T09:41:42.1282406Z 
behave-testing	Execute tests	2026-09-22T09:41:42.1284320Z   Scenario Outline: AEM_NO_PAYLOAD — message_type is always a command (0) or response (1) -- @1.1 AECP AEM interfaces  # ../traffic-gen/tests/stack_behave/features/aecp_aem_stack.feature:157
behave-testing	Execute tests	2026-09-22T09:41:42.1286675Z     Given the protocols root is loaded                                                                                 # ../traffic-gen/tests/stack_behave/features/steps/stack_steps.py:46
behave-testing	Execute tests	2026-09-22T09:41:42.1288640Z     Given the application interface "atdecc_aecp_aem_no_payload::AECP_AEM_NO_PAYLOAD::AECP_AEM_NO_PAYLOAD_IF"          # ../traffic-gen/tests/stack_behave/features/steps/stack_steps.py:52
behave-testing	Execute tests	2026-09-22T09:41:42.1289953Z     When I generate 30 stacked packets with seed 11                                                                    # ../traffic-gen/tests/stack_behave/features/steps/stack_steps.py:62
behave-testing	Execute tests	2026-09-22T09:41:42.1423025Z     Then layer 2 field "message_type" is always one of [0, 1]                                                          # ../traffic-gen/tests/stack_behave/features/steps/stack_steps.py:122
behave-testing	Execute tests	2026-09-22T09:41:42.1427504Z 
behave-testing	Execute tests	2026-09-22T09:41:42.1429399Z   Scenario Outline: SET_CONFIGURATION — message_type is always a command (0) or response (1) -- @1.2 AECP AEM interfaces  # ../traffic-gen/tests/stack_behave/features/aecp_aem_stack.feature:158
behave-testing	Execute tests	2026-09-22T09:41:42.1431523Z     Given the protocols root is loaded                                                                                    # ../traffic-gen/tests/stack_behave/features/steps/stack_steps.py:46
behave-testing	Execute tests	2026-09-22T09:41:42.1433514Z     Given the application interface "atdecc_aecp_set_configuration::AECP_SET_CONFIGURATION::AECP_SET_CONFIGURATION_IF"    # ../traffic-gen/tests/stack_behave/features/steps/stack_steps.py:52
behave-testing	Execute tests	2026-09-22T09:41:42.1434873Z     When I generate 30 stacked packets with seed 11                                                                       # ../traffic-gen/tests/stack_behave/features/steps/stack_steps.py:62
behave-testing	Execute tests	2026-09-22T09:41:42.1572121Z     Then layer 2 field "message_type" is always one of [0, 1]                                                             # ../traffic-gen/tests/stack_behave/features/steps/stack_steps.py:122
behave-testing	Execute tests	2026-09-22T09:41:42.1576562Z 
behave-testing	Execute tests	2026-09-22T09:41:42.1578604Z   Scenario Outline: ABORT_OPERATION — message_type is always a command (0) or response (1) -- @1.3 AECP AEM interfaces  # ../traffic-gen/tests/stack_behave/features/aecp_aem_stack.feature:159
behave-testing	Execute tests	2026-09-22T09:41:42.1580744Z     Given the protocols root is loaded                                                                                  # ../traffic-gen/tests/stack_behave/features/steps/stack_steps.py:46
behave-testing	Execute tests	2026-09-22T09:41:42.1582690Z     Given the application interface "atdecc_aecp_abort_operation::AECP_ABORT_OPERATION::AECP_ABORT_OPERATION_IF"        # ../traffic-gen/tests/stack_behave/features/steps/stack_steps.py:52
behave-testing	Execute tests	2026-09-22T09:41:42.1583977Z     When I generate 30 stacked packets with seed 11                                                                     # ../traffic-gen/tests/stack_behave/features/steps/stack_steps.py:62
behave-testing	Execute tests	2026-09-22T09:41:42.1721521Z     Then layer 2 field "message_type" is always one of [0, 1]                                                           # ../traffic-gen/tests/stack_behave/features/steps/stack_steps.py:122
behave-testing	Execute tests	2026-09-22T09:41:42.1726220Z 
behave-testing	Execute tests	2026-09-22T09:41:42.1727899Z   Scenario Outline: GET_AUDIO_MAP — message_type is always a command (0) or response (1) -- @1.4 AECP AEM interfaces  # ../traffic-gen/tests/stack_behave/features/aecp_aem_stack.feature:160
behave-testing	Execute tests	2026-09-22T09:41:42.1729966Z     Given the protocols root is loaded                                                                                # ../traffic-gen/tests/stack_behave/features/steps/stack_steps.py:46
behave-testing	Execute tests	2026-09-22T09:41:42.1731893Z     Given the application interface "atdecc_aecp_get_audio_map::AECP_GET_AUDIO_MAP::AECP_GET_AUDIO_MAP_IF"            # ../traffic-gen/tests/stack_behave/features/steps/stack_steps.py:52
behave-testing	Execute tests	2026-09-22T09:41:42.1733590Z     When I generate 30 stacked packets with seed 11                                                                   # ../traffic-gen/tests/stack_behave/features/steps/stack_steps.py:62
behave-testing	Execute tests	2026-09-22T09:41:42.1885301Z     Then layer 2 field "message_type" is always one of [0, 1]                                                         # ../traffic-gen/tests/stack_behave/features/steps/stack_steps.py:122
behave-testing	Execute tests	2026-09-22T09:41:42.1889788Z 
behave-testing	Execute tests	2026-09-22T09:41:42.1891073Z   Scenario Outline: GET_NAME — message_type is always a command (0) or response (1) -- @1.5 AECP AEM interfaces  # ../traffic-gen/tests/stack_behave/features/aecp_aem_stack.feature:161
behave-testing	Execute tests	2026-09-22T09:41:42.1892637Z     Given the protocols root is loaded                                                                           # ../traffic-gen/tests/stack_behave/features/steps/stack_steps.py:46
behave-testing	Execute tests	2026-09-22T09:41:42.1893666Z     Given the application interface "atdecc_aecp_get_name::AECP_GET_NAME::AECP_GET_NAME_IF"                      # ../traffic-gen/tests/stack_behave/features/steps/stack_steps.py:52
behave-testing	Execute tests	2026-09-22T09:41:42.1895773Z     When I generate 30 stacked packets with seed 11                                                              # ../traffic-gen/tests/stack_behave/features/steps/stack_steps.py:62
behave-testing	Execute tests	2026-09-22T09:41:42.2033999Z     Then layer 2 field "message_type" is always one of [0, 1]                                                    # ../traffic-gen/tests/stack_behave/features/steps/stack_steps.py:122
behave-testing	Execute tests	2026-09-22T09:41:42.2037900Z 
behave-testing	Execute tests	2026-09-22T09:41:42.2039399Z   Scenario Outline: READ_DESCRIPTOR — message_type is always a command (0) or response (1) -- @1.6 AECP AEM interfaces  # ../traffic-gen/tests/stack_behave/features/aecp_aem_stack.feature:162
behave-testing	Execute tests	2026-09-22T09:41:42.2041442Z     Given the protocols root is loaded                                                                                  # ../traffic-gen/tests/stack_behave/features/steps/stack_steps.py:46
behave-testing	Execute tests	2026-09-22T09:41:42.2043487Z     Given the application interface "atdecc_aecp_read_descriptor::AECP_READ_DESCRIPTOR::AECP_READ_DESCRIPTOR_IF"        # ../traffic-gen/tests/stack_behave/features/steps/stack_steps.py:52
behave-testing	Execute tests	2026-09-22T09:41:42.2044840Z     When I generate 30 stacked packets with seed 11                                                                     # ../traffic-gen/tests/stack_behave/features/steps/stack_steps.py:62
behave-testing	Execute tests	2026-09-22T09:41:42.2179979Z     Then layer 2 field "message_type" is always one of [0, 1]                                                           # ../traffic-gen/tests/stack_behave/features/steps/stack_steps.py:122
behave-testing	Execute tests	2026-09-22T09:41:42.2183138Z 
behave-testing	Execute tests	2026-09-22T09:41:42.2184569Z   Scenario Outline: SET_CLOCK_SOURCE — message_type is always a command (0) or response (1) -- @1.7 AECP AEM interfaces  # ../traffic-gen/tests/stack_behave/features/aecp_aem_stack.feature:163
behave-testing	Execute tests	2026-09-22T09:41:42.2186558Z     Given the protocols root is loaded                                                                                   # ../traffic-gen/tests/stack_behave/features/steps/stack_steps.py:46
behave-testing	Execute tests	2026-09-22T09:41:42.2188411Z     Given the application interface "atdecc_aecp_set_clock_source::AECP_SET_CLOCK_SOURCE::AECP_SET_CLOCK_SOURCE_IF"      # ../traffic-gen/tests/stack_behave/features/steps/stack_steps.py:52
behave-testing	Execute tests	2026-09-22T09:41:42.2189788Z     When I generate 30 stacked packets with seed 11                                                                      # ../traffic-gen/tests/stack_behave/features/steps/stack_steps.py:62
behave-testing	Execute tests	2026-09-22T09:41:42.2326263Z     Then layer 2 field "message_type" is always one of [0, 1]                                                            # ../traffic-gen/tests/stack_behave/features/steps/stack_steps.py:122
behave-testing	Execute tests	2026-09-22T09:41:42.2329937Z 
behave-testing	Execute tests	2026-09-22T09:41:42.2331368Z   Scenario Outline: SET_SAMPLING_RATE — message_type is always a command (0) or response (1) -- @1.8 AECP AEM interfaces  # ../traffic-gen/tests/stack_behave/features/aecp_aem_stack.feature:164
behave-testing	Execute tests	2026-09-22T09:41:42.2333189Z     Given the protocols root is loaded                                                                                    # ../traffic-gen/tests/stack_behave/features/steps/stack_steps.py:46
behave-testing	Execute tests	2026-09-22T09:41:42.2335571Z     Given the application interface "atdecc_aecp_set_sampling_rate::AECP_SET_SAMPLING_RATE::AECP_SET_SAMPLING_RATE_IF"    # ../traffic-gen/tests/stack_behave/features/steps/stack_steps.py:52
behave-testing	Execute tests	2026-09-22T09:41:42.2336980Z     When I generate 30 stacked packets with seed 11                                                                       # ../traffic-gen/tests/stack_behave/features/steps/stack_steps.py:62
behave-testing	Execute tests	2026-09-22T09:41:42.2469394Z     Then layer 2 field "message_type" is always one of [0, 1]                                                             # ../traffic-gen/tests/stack_behave/features/steps/stack_steps.py:122
behave-testing	Execute tests	2026-09-22T09:41:42.2472825Z 
behave-testing	Execute tests	2026-09-22T09:41:42.2474295Z   Scenario Outline: ACQUIRE_ENTITY — message_type is always a command (0) or response (1) -- @1.9 AECP AEM interfaces  # ../traffic-gen/tests/stack_behave/features/aecp_aem_stack.feature:165
behave-testing	Execute tests	2026-09-22T09:41:42.2476166Z     Given the protocols root is loaded                                                                                 # ../traffic-gen/tests/stack_behave/features/steps/stack_steps.py:46
behave-testing	Execute tests	2026-09-22T09:41:42.2477977Z     Given the application interface "atdecc_aecp_acquire_entity::AECP_ACQUIRE_ENTITY::AECP_ACQUIRE_ENTITY_IF"          # ../traffic-gen/tests/stack_behave/features/steps/stack_steps.py:52
behave-testing	Execute tests	2026-09-22T09:41:42.2479320Z     When I generate 30 stacked packets with seed 11                                                                    # ../traffic-gen/tests/stack_behave/features/steps/stack_steps.py:62
behave-testing	Execute tests	2026-09-22T09:41:42.2611323Z     Then layer 2 field "message_type" is always one of [0, 1]                                                          # ../traffic-gen/tests/stack_behave/features/steps/stack_steps.py:122
behave-testing	Execute tests	2026-09-22T09:41:42.2614289Z 
behave-testing	Execute tests	2026-09-22T09:41:42.2615866Z   Scenario Outline: LOCK_ENTITY — message_type is always a command (0) or response (1) -- @1.10 AECP AEM interfaces  # ../traffic-gen/tests/stack_behave/features/aecp_aem_stack.feature:166
behave-testing	Execute tests	2026-09-22T09:41:42.2617689Z     Given the protocols root is loaded                                                                               # ../traffic-gen/tests/stack_behave/features/steps/stack_steps.py:46
behave-testing	Execute tests	2026-09-22T09:41:42.2619773Z     Given the application interface "atdecc_aecp_lock_entity::AECP_LOCK_ENTITY::AECP_LOCK_ENTITY_IF"                 # ../traffic-gen/tests/stack_behave/features/steps/stack_steps.py:52
behave-testing	Execute tests	2026-09-22T09:41:42.2621093Z     When I generate 30 stacked packets with seed 11                                                                  # ../traffic-gen/tests/stack_behave/features/steps/stack_steps.py:62
behave-testing	Execute tests	2026-09-22T09:41:42.2752179Z     Then layer 2 field "message_type" is always one of [0, 1]                                                        # ../traffic-gen/tests/stack_behave/features/steps/stack_steps.py:122
behave-testing	Execute tests	2026-09-22T09:41:42.2755563Z 
behave-testing	Execute tests	2026-09-22T09:41:42.2757158Z   Scenario Outline: SET_STREAM_FORMAT — message_type is always a command (0) or response (1) -- @1.11 AECP AEM interfaces  # ../traffic-gen/tests/stack_behave/features/aecp_aem_stack.feature:167
behave-testing	Execute tests	2026-09-22T09:41:42.2759111Z     Given the protocols root is loaded                                                                                     # ../traffic-gen/tests/stack_behave/features/steps/stack_steps.py:46
behave-testing	Execute tests	2026-09-22T09:41:42.2761050Z     Given the application interface "atdecc_aecp_set_stream_format::AECP_SET_STREAM_FORMAT::AECP_SET_STREAM_FORMAT_IF"     # ../traffic-gen/tests/stack_behave/features/steps/stack_steps.py:52
behave-testing	Execute tests	2026-09-22T09:41:42.2762566Z     When I generate 30 stacked packets with seed 11                                                                        # ../traffic-gen/tests/stack_behave/features/steps/stack_steps.py:62
behave-testing	Execute tests	2026-09-22T09:41:42.2896952Z     Then layer 2 field "message_type" is always one of [0, 1]                                                              # ../traffic-gen/tests/stack_behave/features/steps/stack_steps.py:122
behave-testing	Execute tests	2026-09-22T09:41:42.2913393Z 
behave-testing	Execute tests	2026-09-22T09:41:42.2915274Z   Scenario Outline: AEM_NO_PAYLOAD — stacked frame can be written to pcap -- @1.1 AECP AEM interfaces         # ../traffic-gen/tests/stack_behave/features/aecp_aem_stack.feature:181
behave-testing	Execute tests	2026-09-22T09:41:42.2917123Z     Given the protocols root is loaded                                                                        # ../traffic-gen/tests/stack_behave/features/steps/stack_steps.py:46
behave-testing	Execute tests	2026-09-22T09:41:42.2919042Z     Given the application interface "atdecc_aecp_aem_no_payload::AECP_AEM_NO_PAYLOAD::AECP_AEM_NO_PAYLOAD_IF" # ../traffic-gen/tests/stack_behave/features/steps/stack_steps.py:52
behave-testing	Execute tests	2026-09-22T09:41:42.2920605Z     When I generate 5 stacked packets with seed 42 to pcap file "/tmp/stack_AEM_NO_PAYLOAD.pcap"              # ../traffic-gen/tests/stack_behave/features/steps/stack_steps.py:72
behave-testing	Execute tests	2026-09-22T09:41:42.3044161Z     Then the pcap file "/tmp/stack_AEM_NO_PAYLOAD.pcap" exists                                                # ../traffic-gen/tests/stack_behave/features/steps/stack_steps.py:137
behave-testing	Execute tests	2026-09-22T09:41:42.3046195Z     And the pcap file "/tmp/stack_AEM_NO_PAYLOAD.pcap" contains 5 packets                                     # ../traffic-gen/tests/stack_behave/features/steps/stack_steps.py:142
behave-testing	Execute tests	2026-09-22T09:41:42.3050439Z 
behave-testing	Execute tests	2026-09-22T09:41:42.3051785Z   Scenario Outline: ACQUIRE_ENTITY — stacked frame can be written to pcap -- @1.2 AECP AEM interfaces         # ../traffic-gen/tests/stack_behave/features/aecp_aem_stack.feature:182
behave-testing	Execute tests	2026-09-22T09:41:42.3053531Z     Given the protocols root is loaded                                                                        # ../traffic-gen/tests/stack_behave/features/steps/stack_steps.py:46
behave-testing	Execute tests	2026-09-22T09:41:42.3055507Z     Given the application interface "atdecc_aecp_acquire_entity::AECP_ACQUIRE_ENTITY::AECP_ACQUIRE_ENTITY_IF" # ../traffic-gen/tests/stack_behave/features/steps/stack_steps.py:52
behave-testing	Execute tests	2026-09-22T09:41:42.3056985Z     When I generate 5 stacked packets with seed 42 to pcap file "/tmp/stack_ACQUIRE_ENTITY.pcap"              # ../traffic-gen/tests/stack_behave/features/steps/stack_steps.py:72
behave-testing	Execute tests	2026-09-22T09:41:42.3184564Z     Then the pcap file "/tmp/stack_ACQUIRE_ENTITY.pcap" exists                                                # ../traffic-gen/tests/stack_behave/features/steps/stack_steps.py:137
behave-testing	Execute tests	2026-09-22T09:41:42.3186669Z     And the pcap file "/tmp/stack_ACQUIRE_ENTITY.pcap" contains 5 packets                                     # ../traffic-gen/tests/stack_behave/features/steps/stack_steps.py:142
behave-testing	Execute tests	2026-09-22T09:41:42.3190556Z 
behave-testing	Execute tests	2026-09-22T09:41:42.3191914Z   Scenario Outline: LOCK_ENTITY — stacked frame can be written to pcap -- @1.3 AECP AEM interfaces   # ../traffic-gen/tests/stack_behave/features/aecp_aem_stack.feature:183
behave-testing	Execute tests	2026-09-22T09:41:42.3193693Z     Given the protocols root is loaded                                                               # ../traffic-gen/tests/stack_behave/features/steps/stack_steps.py:46
behave-testing	Execute tests	2026-09-22T09:41:42.3195694Z     Given the application interface "atdecc_aecp_lock_entity::AECP_LOCK_ENTITY::AECP_LOCK_ENTITY_IF" # ../traffic-gen/tests/stack_behave/features/steps/stack_steps.py:52
behave-testing	Execute tests	2026-09-22T09:41:42.3197120Z     When I generate 5 stacked packets with seed 42 to pcap file "/tmp/stack_LOCK_ENTITY.pcap"        # ../traffic-gen/tests/stack_behave/features/steps/stack_steps.py:72
behave-testing	Execute tests	2026-09-22T09:41:42.3321478Z     Then the pcap file "/tmp/stack_LOCK_ENTITY.pcap" exists                                          # ../traffic-gen/tests/stack_behave/features/steps/stack_steps.py:137
behave-testing	Execute tests	2026-09-22T09:41:42.3323320Z     And the pcap file "/tmp/stack_LOCK_ENTITY.pcap" contains 5 packets                               # ../traffic-gen/tests/stack_behave/features/steps/stack_steps.py:142
behave-testing	Execute tests	2026-09-22T09:41:42.3327483Z 
behave-testing	Execute tests	2026-09-22T09:41:42.3328843Z   Scenario Outline: SET_STREAM_FORMAT — stacked frame can be written to pcap -- @1.4 AECP AEM interfaces               # ../traffic-gen/tests/stack_behave/features/aecp_aem_stack.feature:184
behave-testing	Execute tests	2026-09-22T09:41:42.3331045Z     Given the protocols root is loaded                                                                                 # ../traffic-gen/tests/stack_behave/features/steps/stack_steps.py:46
behave-testing	Execute tests	2026-09-22T09:41:42.3332750Z     Given the application interface "atdecc_aecp_set_stream_format::AECP_SET_STREAM_FORMAT::AECP_SET_STREAM_FORMAT_IF" # ../traffic-gen/tests/stack_behave/features/steps/stack_steps.py:52
behave-testing	Execute tests	2026-09-22T09:41:42.3334077Z     When I generate 5 stacked packets with seed 42 to pcap file "/tmp/stack_SET_STREAM_FORMAT.pcap"                    # ../traffic-gen/tests/stack_behave/features/steps/stack_steps.py:72
behave-testing	Execute tests	2026-09-22T09:41:42.3463378Z     Then the pcap file "/tmp/stack_SET_STREAM_FORMAT.pcap" exists                                                      # ../traffic-gen/tests/stack_behave/features/steps/stack_steps.py:137
behave-testing	Execute tests	2026-09-22T09:41:42.3465550Z     And the pcap file "/tmp/stack_SET_STREAM_FORMAT.pcap" contains 5 packets                                           # ../traffic-gen/tests/stack_behave/features/steps/stack_steps.py:142
behave-testing	Execute tests	2026-09-22T09:41:42.3469159Z 
behave-testing	Execute tests	2026-09-22T09:41:42.3470634Z   Scenario Outline: SET_STREAM_INFO — stacked frame can be written to pcap -- @1.5 AECP AEM interfaces           # ../traffic-gen/tests/stack_behave/features/aecp_aem_stack.feature:185
behave-testing	Execute tests	2026-09-22T09:41:42.3472514Z     Given the protocols root is loaded                                                                           # ../traffic-gen/tests/stack_behave/features/steps/stack_steps.py:46
behave-testing	Execute tests	2026-09-22T09:41:42.3474385Z     Given the application interface "atdecc_aecp_set_stream_info::AECP_SET_STREAM_INFO::AECP_SET_STREAM_INFO_IF" # ../traffic-gen/tests/stack_behave/features/steps/stack_steps.py:52
behave-testing	Execute tests	2026-09-22T09:41:42.3476271Z     When I generate 5 stacked packets with seed 42 to pcap file "/tmp/stack_SET_STREAM_INFO.pcap"                # ../traffic-gen/tests/stack_behave/features/steps/stack_steps.py:72
behave-testing	Execute tests	2026-09-22T09:41:42.3604380Z     Then the pcap file "/tmp/stack_SET_STREAM_INFO.pcap" exists                                                  # ../traffic-gen/tests/stack_behave/features/steps/stack_steps.py:137
behave-testing	Execute tests	2026-09-22T09:41:42.3606719Z     And the pcap file "/tmp/stack_SET_STREAM_INFO.pcap" contains 5 packets                                       # ../traffic-gen/tests/stack_behave/features/steps/stack_steps.py:142
behave-testing	Execute tests	2026-09-22T09:41:42.3610404Z 
behave-testing	Execute tests	2026-09-22T09:41:42.3611979Z   Scenario Outline: SET_NAME — stacked frame can be written to pcap -- @1.6 AECP AEM interfaces  # ../traffic-gen/tests/stack_behave/features/aecp_aem_stack.feature:186
behave-testing	Execute tests	2026-09-22T09:41:42.3613844Z     Given the protocols root is loaded                                                           # ../traffic-gen/tests/stack_behave/features/steps/stack_steps.py:46
behave-testing	Execute tests	2026-09-22T09:41:42.3615878Z     Given the application interface "atdecc_aecp_set_name::AECP_SET_NAME::AECP_SET_NAME_IF"      # ../traffic-gen/tests/stack_behave/features/steps/stack_steps.py:52
behave-testing	Execute tests	2026-09-22T09:41:42.3617366Z     When I generate 5 stacked packets with seed 42 to pcap file "/tmp/stack_SET_NAME.pcap"       # ../traffic-gen/tests/stack_behave/features/steps/stack_steps.py:72
behave-testing	Execute tests	2026-09-22T09:41:42.3744687Z     Then the pcap file "/tmp/stack_SET_NAME.pcap" exists                                         # ../traffic-gen/tests/stack_behave/features/steps/stack_steps.py:137
behave-testing	Execute tests	2026-09-22T09:41:42.3746806Z     And the pcap file "/tmp/stack_SET_NAME.pcap" contains 5 packets                              # ../traffic-gen/tests/stack_behave/features/steps/stack_steps.py:142
behave-testing	Execute tests	2026-09-22T09:41:42.3749463Z 
behave-testing	Execute tests	2026-09-22T09:41:42.3765310Z Feature: AECP non-AEM — full on-wire frame assembly via layer stacking # ../traffic-gen/tests/stack_behave/features/aecp_non_aem_stack.feature:13
behave-testing	Execute tests	2026-09-22T09:41:42.3766322Z 
behave-testing	Execute tests	2026-09-22T09:41:42.3767340Z   Feature: AECP non-AEM — full on-wire frame assembly via layer stacking  # ../traffic-gen/tests/stack_behave/features/aecp_non_aem_stack.feature:13
behave-testing	Execute tests	2026-09-22T09:41:42.3768797Z 
behave-testing	Execute tests	2026-09-22T09:41:42.3769802Z   Scenario: ADDRESS_ACCESS stacked frame has correct total size                                               # ../traffic-gen/tests/stack_behave/features/aecp_non_aem_stack.feature:22
behave-testing	Execute tests	2026-09-22T09:41:42.3771886Z     Given the protocols root is loaded                                                                        # ../traffic-gen/tests/stack_behave/features/steps/stack_steps.py:46
behave-testing	Execute tests	2026-09-22T09:41:42.3773970Z     Given the application interface "atdecc_aecp_address_access::AECP_ADDRESS_ACCESS::AECP_ADDRESS_ACCESS_IF" # ../traffic-gen/tests/stack_behave/features/steps/stack_steps.py:52
behave-testing	Execute tests	2026-09-22T09:41:42.3775517Z     When I generate 20 stacked packets with seed 1                                                            # ../traffic-gen/tests/stack_behave/features/steps/stack_steps.py:62
behave-testing	Execute tests	2026-09-22T09:41:42.3901226Z     Then the stacked packet size is always 57 bytes                                                           # ../traffic-gen/tests/stack_behave/features/steps/stack_steps.py:83
behave-testing	Execute tests	2026-09-22T09:41:42.3904363Z 
behave-testing	Execute tests	2026-09-22T09:41:42.3905920Z   Scenario: ADDRESS_ACCESS — ethertype is always 0x22F0                                                       # ../traffic-gen/tests/stack_behave/features/aecp_non_aem_stack.feature:27
behave-testing	Execute tests	2026-09-22T09:41:42.3907961Z     Given the protocols root is loaded                                                                        # ../traffic-gen/tests/stack_behave/features/steps/stack_steps.py:46
behave-testing	Execute tests	2026-09-22T09:41:42.3910183Z     Given the application interface "atdecc_aecp_address_access::AECP_ADDRESS_ACCESS::AECP_ADDRESS_ACCESS_IF" # ../traffic-gen/tests/stack_behave/features/steps/stack_steps.py:52
behave-testing	Execute tests	2026-09-22T09:41:42.3912330Z     When I generate 20 stacked packets with seed 5                                                            # ../traffic-gen/tests/stack_behave/features/steps/stack_steps.py:62
behave-testing	Execute tests	2026-09-22T09:41:42.4037958Z     Then layer 0 field "ethertype" always equals hex 22F0                                                     # ../traffic-gen/tests/stack_behave/features/steps/stack_steps.py:101
behave-testing	Execute tests	2026-09-22T09:41:42.4041145Z 
behave-testing	Execute tests	2026-09-22T09:41:42.4042458Z   Scenario: ADDRESS_ACCESS — message_type is always 2 (command) or 3 (response)                               # ../traffic-gen/tests/stack_behave/features/aecp_non_aem_stack.feature:32
behave-testing	Execute tests	2026-09-22T09:41:42.4044540Z     Given the protocols root is loaded                                                                        # ../traffic-gen/tests/stack_behave/features/steps/stack_steps.py:46
behave-testing	Execute tests	2026-09-22T09:41:42.4046424Z     Given the application interface "atdecc_aecp_address_access::AECP_ADDRESS_ACCESS::AECP_ADDRESS_ACCESS_IF" # ../traffic-gen/tests/stack_behave/features/steps/stack_steps.py:52
behave-testing	Execute tests	2026-09-22T09:41:42.4047815Z     When I generate 30 stacked packets with seed 13                                                           # ../traffic-gen/tests/stack_behave/features/steps/stack_steps.py:62
behave-testing	Execute tests	2026-09-22T09:41:42.4179466Z     Then layer 2 field "message_type" is always one of [2, 3]                                                 # ../traffic-gen/tests/stack_behave/features/steps/stack_steps.py:122
behave-testing	Execute tests	2026-09-22T09:41:42.4183176Z 
behave-testing	Execute tests	2026-09-22T09:41:42.4184899Z   Scenario: ADDRESS_ACCESS — AVTP subtype and version are fixed                                               # ../traffic-gen/tests/stack_behave/features/aecp_non_aem_stack.feature:37
behave-testing	Execute tests	2026-09-22T09:41:42.4186700Z     Given the protocols root is loaded                                                                        # ../traffic-gen/tests/stack_behave/features/steps/stack_steps.py:46
behave-testing	Execute tests	2026-09-22T09:41:42.4188636Z     Given the application interface "atdecc_aecp_address_access::AECP_ADDRESS_ACCESS::AECP_ADDRESS_ACCESS_IF" # ../traffic-gen/tests/stack_behave/features/steps/stack_steps.py:52
behave-testing	Execute tests	2026-09-22T09:41:42.4190086Z     When I generate 20 stacked packets with seed 2                                                            # ../traffic-gen/tests/stack_behave/features/steps/stack_steps.py:62
behave-testing	Execute tests	2026-09-22T09:41:42.4322698Z     Then layer 1 field "subtype" always equals 251                                                            # ../traffic-gen/tests/stack_behave/features/steps/stack_steps.py:91
behave-testing	Execute tests	2026-09-22T09:41:42.4324482Z     And layer 1 field "sv" always equals 0                                                                    # ../traffic-gen/tests/stack_behave/features/steps/stack_steps.py:91
behave-testing	Execute tests	2026-09-22T09:41:42.4326488Z     And layer 1 field "version" always equals 0                                                               # ../traffic-gen/tests/stack_behave/features/steps/stack_steps.py:91
behave-testing	Execute tests	2026-09-22T09:41:42.4329923Z 
behave-testing	Execute tests	2026-09-22T09:41:42.4331278Z   Scenario: ADDRESS_ACCESS — written to pcap                                                                  # ../traffic-gen/tests/stack_behave/features/aecp_non_aem_stack.feature:44
behave-testing	Execute tests	2026-09-22T09:41:42.4333050Z     Given the protocols root is loaded                                                                        # ../traffic-gen/tests/stack_behave/features/steps/stack_steps.py:46
behave-testing	Execute tests	2026-09-22T09:41:42.4335234Z     Given the application interface "atdecc_aecp_address_access::AECP_ADDRESS_ACCESS::AECP_ADDRESS_ACCESS_IF" # ../traffic-gen/tests/stack_behave/features/steps/stack_steps.py:52
behave-testing	Execute tests	2026-09-22T09:41:42.4336441Z     When I generate 5 stacked packets with seed 42 to pcap file "/tmp/stack_ADDRESS_ACCESS.pcap"              # ../traffic-gen/tests/stack_behave/features/steps/stack_steps.py:72
behave-testing	Execute tests	2026-09-22T09:41:42.4461553Z     Then the pcap file "/tmp/stack_ADDRESS_ACCESS.pcap" exists                                                # ../traffic-gen/tests/stack_behave/features/steps/stack_steps.py:137
behave-testing	Execute tests	2026-09-22T09:41:42.4463711Z     And the pcap file "/tmp/stack_ADDRESS_ACCESS.pcap" contains 5 packets                                     # ../traffic-gen/tests/stack_behave/features/steps/stack_steps.py:142
behave-testing	Execute tests	2026-09-22T09:41:42.4467268Z 
behave-testing	Execute tests	2026-09-22T09:41:42.4468289Z   Scenario: VENDOR_UNIQUE stacked frame has correct total size                                             # ../traffic-gen/tests/stack_behave/features/aecp_non_aem_stack.feature:54
behave-testing	Execute tests	2026-09-22T09:41:42.4470188Z     Given the protocols root is loaded                                                                     # ../traffic-gen/tests/stack_behave/features/steps/stack_steps.py:46
behave-testing	Execute tests	2026-09-22T09:41:42.4472367Z     Given the application interface "atdecc_aecp_vendor_unique::AECP_VENDOR_UNIQUE::AECP_VENDOR_UNIQUE_IF" # ../traffic-gen/tests/stack_behave/features/steps/stack_steps.py:52
behave-testing	Execute tests	2026-09-22T09:41:42.4473782Z     When I generate 20 stacked packets with seed 1                                                         # ../traffic-gen/tests/stack_behave/features/steps/stack_steps.py:62
behave-testing	Execute tests	2026-09-22T09:41:42.4600728Z     Then the stacked packet size is always 51 bytes                                                        # ../traffic-gen/tests/stack_behave/features/steps/stack_steps.py:83
behave-testing	Execute tests	2026-09-22T09:41:42.4604059Z 
behave-testing	Execute tests	2026-09-22T09:41:42.4605674Z   Scenario: VENDOR_UNIQUE — ethertype is always 0x22F0                                                     # ../traffic-gen/tests/stack_behave/features/aecp_non_aem_stack.feature:59
behave-testing	Execute tests	2026-09-22T09:41:42.4607502Z     Given the protocols root is loaded                                                                     # ../traffic-gen/tests/stack_behave/features/steps/stack_steps.py:46
behave-testing	Execute tests	2026-09-22T09:41:42.4609333Z     Given the application interface "atdecc_aecp_vendor_unique::AECP_VENDOR_UNIQUE::AECP_VENDOR_UNIQUE_IF" # ../traffic-gen/tests/stack_behave/features/steps/stack_steps.py:52
behave-testing	Execute tests	2026-09-22T09:41:42.4610828Z     When I generate 20 stacked packets with seed 5                                                         # ../traffic-gen/tests/stack_behave/features/steps/stack_steps.py:62
behave-testing	Execute tests	2026-09-22T09:41:42.4737056Z     Then layer 0 field "ethertype" always equals hex 22F0                                                  # ../traffic-gen/tests/stack_behave/features/steps/stack_steps.py:101
behave-testing	Execute tests	2026-09-22T09:41:42.4740188Z 
behave-testing	Execute tests	2026-09-22T09:41:42.4741950Z   Scenario: VENDOR_UNIQUE — message_type is always 6 (command) or 7 (response)                             # ../traffic-gen/tests/stack_behave/features/aecp_non_aem_stack.feature:64
behave-testing	Execute tests	2026-09-22T09:41:42.4744570Z     Given the protocols root is loaded                                                                     # ../traffic-gen/tests/stack_behave/features/steps/stack_steps.py:46
behave-testing	Execute tests	2026-09-22T09:41:42.4746874Z     Given the application interface "atdecc_aecp_vendor_unique::AECP_VENDOR_UNIQUE::AECP_VENDOR_UNIQUE_IF" # ../traffic-gen/tests/stack_behave/features/steps/stack_steps.py:52
behave-testing	Execute tests	2026-09-22T09:41:42.4748514Z     When I generate 30 stacked packets with seed 17                                                        # ../traffic-gen/tests/stack_behave/features/steps/stack_steps.py:62
behave-testing	Execute tests	2026-09-22T09:41:42.4874516Z     Then layer 2 field "message_type" is always one of [6, 7]                                              # ../traffic-gen/tests/stack_behave/features/steps/stack_steps.py:122
behave-testing	Execute tests	2026-09-22T09:41:42.4878379Z 
behave-testing	Execute tests	2026-09-22T09:41:42.4879947Z   Scenario: VENDOR_UNIQUE — AVTP subtype and version are fixed                                             # ../traffic-gen/tests/stack_behave/features/aecp_non_aem_stack.feature:69
behave-testing	Execute tests	2026-09-22T09:41:42.4882133Z     Given the protocols root is loaded                                                                     # ../traffic-gen/tests/stack_behave/features/steps/stack_steps.py:46
behave-testing	Execute tests	2026-09-22T09:41:42.4884453Z     Given the application interface "atdecc_aecp_vendor_unique::AECP_VENDOR_UNIQUE::AECP_VENDOR_UNIQUE_IF" # ../traffic-gen/tests/stack_behave/features/steps/stack_steps.py:52
behave-testing	Execute tests	2026-09-22T09:41:42.4886898Z     When I generate 20 stacked packets with seed 2                                                         # ../traffic-gen/tests/stack_behave/features/steps/stack_steps.py:62
behave-testing	Execute tests	2026-09-22T09:41:42.5008795Z     Then layer 1 field "subtype" always equals 251                                                         # ../traffic-gen/tests/stack_behave/features/steps/stack_steps.py:91
behave-testing	Execute tests	2026-09-22T09:41:42.5010614Z     And layer 1 field "sv" always equals 0                                                                 # ../traffic-gen/tests/stack_behave/features/steps/stack_steps.py:91
behave-testing	Execute tests	2026-09-22T09:41:42.5012486Z     And layer 1 field "version" always equals 0                                                            # ../traffic-gen/tests/stack_behave/features/steps/stack_steps.py:91
behave-testing	Execute tests	2026-09-22T09:41:42.5015725Z 
behave-testing	Execute tests	2026-09-22T09:41:42.5017041Z   Scenario: VENDOR_UNIQUE — written to pcap                                                                # ../traffic-gen/tests/stack_behave/features/aecp_non_aem_stack.feature:76
behave-testing	Execute tests	2026-09-22T09:41:42.5018816Z     Given the protocols root is loaded                                                                     # ../traffic-gen/tests/stack_behave/features/steps/stack_steps.py:46
behave-testing	Execute tests	2026-09-22T09:41:42.5020785Z     Given the application interface "atdecc_aecp_vendor_unique::AECP_VENDOR_UNIQUE::AECP_VENDOR_UNIQUE_IF" # ../traffic-gen/tests/stack_behave/features/steps/stack_steps.py:52
behave-testing	Execute tests	2026-09-22T09:41:42.5022354Z     When I generate 5 stacked packets with seed 42 to pcap file "/tmp/stack_VENDOR_UNIQUE.pcap"            # ../traffic-gen/tests/stack_behave/features/steps/stack_steps.py:72
behave-testing	Execute tests	2026-09-22T09:41:42.5143065Z     Then the pcap file "/tmp/stack_VENDOR_UNIQUE.pcap" exists                                              # ../traffic-gen/tests/stack_behave/features/steps/stack_steps.py:137
behave-testing	Execute tests	2026-09-22T09:41:42.5145283Z     And the pcap file "/tmp/stack_VENDOR_UNIQUE.pcap" contains 5 packets                                   # ../traffic-gen/tests/stack_behave/features/steps/stack_steps.py:142
behave-testing	Execute tests	2026-09-22T09:41:42.5147608Z 
behave-testing	Execute tests	2026-09-22T09:41:42.5151082Z Feature: Packet decode — DUT output verification # ../traffic-gen/tests/stack_behave/features/dut_decode.feature:5
behave-testing	Execute tests	2026-09-22T09:41:42.5152096Z   Verify that PacketDecoder correctly reconstructs field values from raw byte
behave-testing	Execute tests	2026-09-22T09:41:42.5153270Z   buffers, and that the generate → capture → decode round-trip is lossless.
behave-testing	Execute tests	2026-09-22T09:41:42.5154875Z   Feature: Packet decode — DUT output verification  # ../traffic-gen/tests/stack_behave/features/dut_decode.feature:5
behave-testing	Execute tests	2026-09-22T09:41:42.5155762Z 
behave-testing	Execute tests	2026-09-22T09:41:42.5156400Z   Scenario: Generate-decode round-trip via pcap preserves hex (ACQUIRE_ENTITY)                              # ../traffic-gen/tests/stack_behave/features/dut_decode.feature:18
behave-testing	Execute tests	2026-09-22T09:41:42.5157963Z     Given the protocols root is loaded                                                                      # ../traffic-gen/tests/stack_behave/features/steps/stack_steps.py:46
behave-testing	Execute tests	2026-09-22T09:41:42.5159087Z     And the application interface "atdecc_aecp_acquire_entity::AECP_ACQUIRE_ENTITY::AECP_ACQUIRE_ENTITY_IF" # ../traffic-gen/tests/stack_behave/features/steps/stack_steps.py:52
behave-testing	Execute tests	2026-09-22T09:41:42.5160364Z     When I generate 5 stacked packets with seed 1 to pcap file "/tmp/rt_acquire.pcap"                       # ../traffic-gen/tests/stack_behave/features/steps/stack_steps.py:72
behave-testing	Execute tests	2026-09-22T09:41:42.5282001Z     And I decode the pcap file "/tmp/rt_acquire.pcap" against the stack                                     # ../traffic-gen/tests/stack_behave/features/steps/stack_steps.py:199
behave-testing	Execute tests	2026-09-22T09:41:42.5404463Z     Then the decoded packet count is 5                                                                      # ../traffic-gen/tests/stack_behave/features/steps/stack_steps.py:246
behave-testing	Execute tests	2026-09-22T09:41:42.5406451Z     And the generated and decoded hex match                                                                 # ../traffic-gen/tests/stack_behave/features/steps/stack_steps.py:262
behave-testing	Execute tests	2026-09-22T09:41:42.5409953Z 
behave-testing	Execute tests	2026-09-22T09:41:42.5410931Z   Scenario: Decoded Ethernet ethertype round-trips correctly                                                # ../traffic-gen/tests/stack_behave/features/dut_decode.feature:24
behave-testing	Execute tests	2026-09-22T09:41:42.5412788Z     Given the protocols root is loaded                                                                      # ../traffic-gen/tests/stack_behave/features/steps/stack_steps.py:46
behave-testing	Execute tests	2026-09-22T09:41:42.5414878Z     And the application interface "atdecc_aecp_acquire_entity::AECP_ACQUIRE_ENTITY::AECP_ACQUIRE_ENTITY_IF" # ../traffic-gen/tests/stack_behave/features/steps/stack_steps.py:52
behave-testing	Execute tests	2026-09-22T09:41:42.5417030Z     When I generate 10 stacked packets with seed 7 to pcap file "/tmp/rt_eth.pcap"                          # ../traffic-gen/tests/stack_behave/features/steps/stack_steps.py:72
behave-testing	Execute tests	2026-09-22T09:41:42.5542999Z     And I decode the pcap file "/tmp/rt_eth.pcap" against the stack                                         # ../traffic-gen/tests/stack_behave/features/steps/stack_steps.py:199
behave-testing	Execute tests	2026-09-22T09:41:42.5672261Z     Then decoded layer 0 field "ethertype" always equals hex 22F0                                           # ../traffic-gen/tests/stack_behave/features/steps/stack_steps.py:235
behave-testing	Execute tests	2026-09-22T09:41:42.5676441Z 
behave-testing	Execute tests	2026-09-22T09:41:42.5677264Z   Scenario: Decoded AVTP subtype round-trips correctly                                                      # ../traffic-gen/tests/stack_behave/features/dut_decode.feature:29
behave-testing	Execute tests	2026-09-22T09:41:42.5678563Z     Given the protocols root is loaded                                                                      # ../traffic-gen/tests/stack_behave/features/steps/stack_steps.py:46
behave-testing	Execute tests	2026-09-22T09:41:42.5679948Z     And the application interface "atdecc_aecp_acquire_entity::AECP_ACQUIRE_ENTITY::AECP_ACQUIRE_ENTITY_IF" # ../traffic-gen/tests/stack_behave/features/steps/stack_steps.py:52
behave-testing	Execute tests	2026-09-22T09:41:42.5681587Z     When I generate 10 stacked packets with seed 13 to pcap file "/tmp/rt_avtp.pcap"                        # ../traffic-gen/tests/stack_behave/features/steps/stack_steps.py:72
behave-testing	Execute tests	2026-09-22T09:41:42.5808018Z     And I decode the pcap file "/tmp/rt_avtp.pcap" against the stack                                        # ../traffic-gen/tests/stack_behave/features/steps/stack_steps.py:199
behave-testing	Execute tests	2026-09-22T09:41:42.5930096Z     Then decoded layer 1 field "subtype" always equals 251                                                  # ../traffic-gen/tests/stack_behave/features/steps/stack_steps.py:225
behave-testing	Execute tests	2026-09-22T09:41:42.5933670Z 
behave-testing	Execute tests	2026-09-22T09:41:42.5935444Z   Scenario: Decode a fixed hex string — ethertype field is 0x22F0                                                                                        # ../traffic-gen/tests/stack_behave/features/dut_decode.feature:38
behave-testing	Execute tests	2026-09-22T09:41:42.5937163Z     Given the protocols root is loaded                                                                                                                   # ../traffic-gen/tests/stack_behave/features/steps/stack_steps.py:46
behave-testing	Execute tests	2026-09-22T09:41:42.5938911Z     And the application interface "atdecc_aecp_acquire_entity::AECP_ACQUIRE_ENTITY::AECP_ACQUIRE_ENTITY_IF"                                              # ../traffic-gen/tests/stack_behave/features/steps/stack_steps.py:52
behave-testing	Execute tests	2026-09-22T09:41:42.5941441Z     When I decode hex "2245bd5fbb6822eb9250231822f0fb000382416e6678d39feef008e61bd8674b6331bca260000000000004ab7a473d29376c1001e797e0" against the stack # ../traffic-gen/tests/stack_behave/features/steps/stack_steps.py:210
behave-testing	Execute tests	2026-09-22T09:41:42.6057686Z     Then decoded layer 0 field "ethertype" always equals hex 22F0                                                                                        # ../traffic-gen/tests/stack_behave/features/steps/stack_steps.py:235
behave-testing	Execute tests	2026-09-22T09:41:42.6109098Z 
behave-testing	Execute tests	2026-09-22T09:41:42.6109897Z   Scenario Outline: Round-trip preserves frame size for all AEM PDUs -- @1.1                                  # ../traffic-gen/tests/stack_behave/features/dut_decode.feature:55
behave-testing	Execute tests	2026-09-22T09:41:42.6111163Z     Given the protocols root is loaded                                                                        # ../traffic-gen/tests/stack_behave/features/steps/stack_steps.py:46
behave-testing	Execute tests	2026-09-22T09:41:42.6112328Z     And the application interface "atdecc_aecp_acquire_entity::AECP_ACQUIRE_ENTITY::AECP_ACQUIRE_ENTITY_IF"   # ../traffic-gen/tests/stack_behave/features/steps/stack_steps.py:52
behave-testing	Execute tests	2026-09-22T09:41:42.6113827Z     Given the application interface "atdecc_aecp_aem_no_payload::AECP_AEM_NO_PAYLOAD::AECP_AEM_NO_PAYLOAD_IF" # ../traffic-gen/tests/stack_behave/features/steps/stack_steps.py:52
behave-testing	Execute tests	2026-09-22T09:41:42.6116961Z     When I generate 3 stacked packets with seed 42 to pcap file "/tmp/rt_no_payload.pcap"                     # ../traffic-gen/tests/stack_behave/features/steps/stack_steps.py:72
behave-testing	Execute tests	2026-09-22T09:41:42.6241238Z     And I decode the pcap file "/tmp/rt_no_payload.pcap" against the stack                                    # ../traffic-gen/tests/stack_behave/features/steps/stack_steps.py:199
behave-testing	Execute tests	2026-09-22T09:41:42.6360926Z     Then the decoded packet count is 3                                                                        # ../traffic-gen/tests/stack_behave/features/steps/stack_steps.py:246
behave-testing	Execute tests	2026-09-22T09:41:42.6363061Z     And the generated and decoded hex match                                                                   # ../traffic-gen/tests/stack_behave/features/steps/stack_steps.py:262
behave-testing	Execute tests	2026-09-22T09:41:42.6367681Z 
behave-testing	Execute tests	2026-09-22T09:41:42.6368604Z   Scenario Outline: Round-trip preserves frame size for all AEM PDUs -- @1.2                                           # ../traffic-gen/tests/stack_behave/features/dut_decode.feature:56
behave-testing	Execute tests	2026-09-22T09:41:42.6369813Z     Given the protocols root is loaded                                                                                 # ../traffic-gen/tests/stack_behave/features/steps/stack_steps.py:46
behave-testing	Execute tests	2026-09-22T09:41:42.6370935Z     And the application interface "atdecc_aecp_acquire_entity::AECP_ACQUIRE_ENTITY::AECP_ACQUIRE_ENTITY_IF"            # ../traffic-gen/tests/stack_behave/features/steps/stack_steps.py:52
behave-testing	Execute tests	2026-09-22T09:41:42.6372316Z     Given the application interface "atdecc_aecp_set_configuration::AECP_SET_CONFIGURATION::AECP_SET_CONFIGURATION_IF" # ../traffic-gen/tests/stack_behave/features/steps/stack_steps.py:52
behave-testing	Execute tests	2026-09-22T09:41:42.6374919Z     When I generate 3 stacked packets with seed 42 to pcap file "/tmp/rt_set_config.pcap"                              # ../traffic-gen/tests/stack_behave/features/steps/stack_steps.py:72
behave-testing	Execute tests	2026-09-22T09:41:42.6499046Z     And I decode the pcap file "/tmp/rt_set_config.pcap" against the stack                                             # ../traffic-gen/tests/stack_behave/features/steps/stack_steps.py:199
behave-testing	Execute tests	2026-09-22T09:41:42.6622045Z     Then the decoded packet count is 3                                                                                 # ../traffic-gen/tests/stack_behave/features/steps/stack_steps.py:246
behave-testing	Execute tests	2026-09-22T09:41:42.6624189Z     And the generated and decoded hex match                                                                            # ../traffic-gen/tests/stack_behave/features/steps/stack_steps.py:262
behave-testing	Execute tests	2026-09-22T09:41:42.6628723Z 
behave-testing	Execute tests	2026-09-22T09:41:42.6629826Z   Scenario Outline: Round-trip preserves frame size for all AEM PDUs -- @1.3                                # ../traffic-gen/tests/stack_behave/features/dut_decode.feature:57
behave-testing	Execute tests	2026-09-22T09:41:42.6631627Z     Given the protocols root is loaded                                                                      # ../traffic-gen/tests/stack_behave/features/steps/stack_steps.py:46
behave-testing	Execute tests	2026-09-22T09:41:42.6633654Z     And the application interface "atdecc_aecp_acquire_entity::AECP_ACQUIRE_ENTITY::AECP_ACQUIRE_ENTITY_IF" # ../traffic-gen/tests/stack_behave/features/steps/stack_steps.py:52
behave-testing	Execute tests	2026-09-22T09:41:42.6636083Z     Given the application interface "atdecc_aecp_lock_entity::AECP_LOCK_ENTITY::AECP_LOCK_ENTITY_IF"        # ../traffic-gen/tests/stack_behave/features/steps/stack_steps.py:52
behave-testing	Execute tests	2026-09-22T09:41:42.6637861Z     When I generate 3 stacked packets with seed 42 to pcap file "/tmp/rt_lock.pcap"                         # ../traffic-gen/tests/stack_behave/features/steps/stack_steps.py:72
behave-testing	Execute tests	2026-09-22T09:41:42.6762281Z     And I decode the pcap file "/tmp/rt_lock.pcap" against the stack                                        # ../traffic-gen/tests/stack_behave/features/steps/stack_steps.py:199
behave-testing	Execute tests	2026-09-22T09:41:42.6884105Z     Then the decoded packet count is 3                                                                      # ../traffic-gen/tests/stack_behave/features/steps/stack_steps.py:246
behave-testing	Execute tests	2026-09-22T09:41:42.6886492Z     And the generated and decoded hex match                                                                 # ../traffic-gen/tests/stack_behave/features/steps/stack_steps.py:262
behave-testing	Execute tests	2026-09-22T09:41:42.6890964Z 
behave-testing	Execute tests	2026-09-22T09:41:42.6892080Z   Scenario Outline: Round-trip preserves frame size for all AEM PDUs -- @1.4                                     # ../traffic-gen/tests/stack_behave/features/dut_decode.feature:58
behave-testing	Execute tests	2026-09-22T09:41:42.6894139Z     Given the protocols root is loaded                                                                           # ../traffic-gen/tests/stack_behave/features/steps/stack_steps.py:46
behave-testing	Execute tests	2026-09-22T09:41:42.6896647Z     And the application interface "atdecc_aecp_acquire_entity::AECP_ACQUIRE_ENTITY::AECP_ACQUIRE_ENTITY_IF"      # ../traffic-gen/tests/stack_behave/features/steps/stack_steps.py:52
behave-testing	Execute tests	2026-09-22T09:41:42.6899030Z     Given the application interface "atdecc_aecp_read_descriptor::AECP_READ_DESCRIPTOR::AECP_READ_DESCRIPTOR_IF" # ../traffic-gen/tests/stack_behave/features/steps/stack_steps.py:52
behave-testing	Execute tests	2026-09-22T09:41:42.6900625Z     When I generate 3 stacked packets with seed 42 to pcap file "/tmp/rt_read_desc.pcap"                         # ../traffic-gen/tests/stack_behave/features/steps/stack_steps.py:72
behave-testing	Execute tests	2026-09-22T09:41:42.7024319Z     And I decode the pcap file "/tmp/rt_read_desc.pcap" against the stack                                        # ../traffic-gen/tests/stack_behave/features/steps/stack_steps.py:199
behave-testing	Execute tests	2026-09-22T09:41:42.7147737Z     Then the decoded packet count is 3                                                                           # ../traffic-gen/tests/stack_behave/features/steps/stack_steps.py:246
behave-testing	Execute tests	2026-09-22T09:41:42.7149842Z     And the generated and decoded hex match                                                                      # ../traffic-gen/tests/stack_behave/features/steps/stack_steps.py:262
behave-testing	Execute tests	2026-09-22T09:41:42.7154485Z 
behave-testing	Execute tests	2026-09-22T09:41:42.7155395Z   Scenario Outline: Round-trip preserves frame size for all AEM PDUs -- @1.5                                # ../traffic-gen/tests/stack_behave/features/dut_decode.feature:59
behave-testing	Execute tests	2026-09-22T09:41:42.7156796Z     Given the protocols root is loaded                                                                      # ../traffic-gen/tests/stack_behave/features/steps/stack_steps.py:46
behave-testing	Execute tests	2026-09-22T09:41:42.7158465Z     And the application interface "atdecc_aecp_acquire_entity::AECP_ACQUIRE_ENTITY::AECP_ACQUIRE_ENTITY_IF" # ../traffic-gen/tests/stack_behave/features/steps/stack_steps.py:52
behave-testing	Execute tests	2026-09-22T09:41:42.7159927Z     Given the application interface "atdecc_aecp_set_name::AECP_SET_NAME::AECP_SET_NAME_IF"                 # ../traffic-gen/tests/stack_behave/features/steps/stack_steps.py:52
behave-testing	Execute tests	2026-09-22T09:41:42.7161429Z     When I generate 3 stacked packets with seed 42 to pcap file "/tmp/rt_set_name.pcap"                     # ../traffic-gen/tests/stack_behave/features/steps/stack_steps.py:72
behave-testing	Execute tests	2026-09-22T09:41:42.7284878Z     And I decode the pcap file "/tmp/rt_set_name.pcap" against the stack                                    # ../traffic-gen/tests/stack_behave/features/steps/stack_steps.py:199
behave-testing	Execute tests	2026-09-22T09:41:42.7404357Z     Then the decoded packet count is 3                                                                      # ../traffic-gen/tests/stack_behave/features/steps/stack_steps.py:246
behave-testing	Execute tests	2026-09-22T09:41:42.7406421Z     And the generated and decoded hex match                                                                 # ../traffic-gen/tests/stack_behave/features/steps/stack_steps.py:262
behave-testing	Execute tests	2026-09-22T09:41:42.7410545Z 
behave-testing	Execute tests	2026-09-22T09:41:42.7411363Z   Scenario Outline: Round-trip preserves frame size for all AEM PDUs -- @1.6                                # ../traffic-gen/tests/stack_behave/features/dut_decode.feature:60
behave-testing	Execute tests	2026-09-22T09:41:42.7412921Z     Given the protocols root is loaded                                                                      # ../traffic-gen/tests/stack_behave/features/steps/stack_steps.py:46
behave-testing	Execute tests	2026-09-22T09:41:42.7414417Z     And the application interface "atdecc_aecp_acquire_entity::AECP_ACQUIRE_ENTITY::AECP_ACQUIRE_ENTITY_IF" # ../traffic-gen/tests/stack_behave/features/steps/stack_steps.py:52
behave-testing	Execute tests	2026-09-22T09:41:42.7416738Z     Given the application interface "atdecc_aecp_get_name::AECP_GET_NAME::AECP_GET_NAME_IF"                 # ../traffic-gen/tests/stack_behave/features/steps/stack_steps.py:52
behave-testing	Execute tests	2026-09-22T09:41:42.7418523Z     When I generate 3 stacked packets with seed 42 to pcap file "/tmp/rt_get_name.pcap"                     # ../traffic-gen/tests/stack_behave/features/steps/stack_steps.py:72
behave-testing	Execute tests	2026-09-22T09:41:42.7538449Z     And I decode the pcap file "/tmp/rt_get_name.pcap" against the stack                                    # ../traffic-gen/tests/stack_behave/features/steps/stack_steps.py:199
behave-testing	Execute tests	2026-09-22T09:41:42.7657676Z     Then the decoded packet count is 3                                                                      # ../traffic-gen/tests/stack_behave/features/steps/stack_steps.py:246
behave-testing	Execute tests	2026-09-22T09:41:42.7659671Z     And the generated and decoded hex match                                                                 # ../traffic-gen/tests/stack_behave/features/steps/stack_steps.py:262
behave-testing	Execute tests	2026-09-22T09:41:42.7663088Z 
behave-testing	Execute tests	2026-09-22T09:41:42.7664077Z   Scenario Outline: Round-trip preserves frame size for all AEM PDUs -- @1.7                                           # ../traffic-gen/tests/stack_behave/features/dut_decode.feature:61
behave-testing	Execute tests	2026-09-22T09:41:42.7665978Z     Given the protocols root is loaded                                                                                 # ../traffic-gen/tests/stack_behave/features/steps/stack_steps.py:46
behave-testing	Execute tests	2026-09-22T09:41:42.7667646Z     And the application interface "atdecc_aecp_acquire_entity::AECP_ACQUIRE_ENTITY::AECP_ACQUIRE_ENTITY_IF"            # ../traffic-gen/tests/stack_behave/features/steps/stack_steps.py:52
behave-testing	Execute tests	2026-09-22T09:41:42.7669602Z     Given the application interface "atdecc_aecp_set_sampling_rate::AECP_SET_SAMPLING_RATE::AECP_SET_SAMPLING_RATE_IF" # ../traffic-gen/tests/stack_behave/features/steps/stack_steps.py:52
behave-testing	Execute tests	2026-09-22T09:41:42.7671629Z     When I generate 3 stacked packets with seed 42 to pcap file "/tmp/rt_set_srate.pcap"                               # ../traffic-gen/tests/stack_behave/features/steps/stack_steps.py:72
behave-testing	Execute tests	2026-09-22T09:41:42.7789772Z     And I decode the pcap file "/tmp/rt_set_srate.pcap" against the stack                                              # ../traffic-gen/tests/stack_behave/features/steps/stack_steps.py:199
behave-testing	Execute tests	2026-09-22T09:41:42.7908171Z     Then the decoded packet count is 3                                                                                 # ../traffic-gen/tests/stack_behave/features/steps/stack_steps.py:246
behave-testing	Execute tests	2026-09-22T09:41:42.7910252Z     And the generated and decoded hex match                                                                            # ../traffic-gen/tests/stack_behave/features/steps/stack_steps.py:262
behave-testing	Execute tests	2026-09-22T09:41:42.7913516Z 
behave-testing	Execute tests	2026-09-22T09:41:42.7914566Z   Scenario Outline: Round-trip preserves frame size for all AEM PDUs -- @1.8                                           # ../traffic-gen/tests/stack_behave/features/dut_decode.feature:62
behave-testing	Execute tests	2026-09-22T09:41:42.7916708Z     Given the protocols root is loaded                                                                                 # ../traffic-gen/tests/stack_behave/features/steps/stack_steps.py:46
behave-testing	Execute tests	2026-09-22T09:41:42.7919006Z     And the application interface "atdecc_aecp_acquire_entity::AECP_ACQUIRE_ENTITY::AECP_ACQUIRE_ENTITY_IF"            # ../traffic-gen/tests/stack_behave/features/steps/stack_steps.py:52
behave-testing	Execute tests	2026-09-22T09:41:42.7921619Z     Given the application interface "atdecc_aecp_set_stream_format::AECP_SET_STREAM_FORMAT::AECP_SET_STREAM_FORMAT_IF" # ../traffic-gen/tests/stack_behave/features/steps/stack_steps.py:52
behave-testing	Execute tests	2026-09-22T09:41:42.7923514Z     When I generate 3 stacked packets with seed 42 to pcap file "/tmp/rt_set_format.pcap"                              # ../traffic-gen/tests/stack_behave/features/steps/stack_steps.py:72
behave-testing	Execute tests	2026-09-22T09:41:42.8040539Z     And I decode the pcap file "/tmp/rt_set_format.pcap" against the stack                                             # ../traffic-gen/tests/stack_behave/features/steps/stack_steps.py:199
behave-testing	Execute tests	2026-09-22T09:41:42.8159186Z     Then the decoded packet count is 3                                                                                 # ../traffic-gen/tests/stack_behave/features/steps/stack_steps.py:246
behave-testing	Execute tests	2026-09-22T09:41:42.8161058Z     And the generated and decoded hex match                                                                            # ../traffic-gen/tests/stack_behave/features/steps/stack_steps.py:262
behave-testing	Execute tests	2026-09-22T09:41:42.8164479Z 
behave-testing	Execute tests	2026-09-22T09:41:42.8165720Z   Scenario Outline: Round-trip preserves frame size for all AEM PDUs -- @1.9                                     # ../traffic-gen/tests/stack_behave/features/dut_decode.feature:63
behave-testing	Execute tests	2026-09-22T09:41:42.8167500Z     Given the protocols root is loaded                                                                           # ../traffic-gen/tests/stack_behave/features/steps/stack_steps.py:46
behave-testing	Execute tests	2026-09-22T09:41:42.8169406Z     And the application interface "atdecc_aecp_acquire_entity::AECP_ACQUIRE_ENTITY::AECP_ACQUIRE_ENTITY_IF"      # ../traffic-gen/tests/stack_behave/features/steps/stack_steps.py:52
behave-testing	Execute tests	2026-09-22T09:41:42.8171537Z     Given the application interface "atdecc_aecp_set_stream_info::AECP_SET_STREAM_INFO::AECP_SET_STREAM_INFO_IF" # ../traffic-gen/tests/stack_behave/features/steps/stack_steps.py:52
behave-testing	Execute tests	2026-09-22T09:41:42.8172910Z     When I generate 3 stacked packets with seed 42 to pcap file "/tmp/rt_set_info.pcap"                          # ../traffic-gen/tests/stack_behave/features/steps/stack_steps.py:72
behave-testing	Execute tests	2026-09-22T09:41:42.8292174Z     And I decode the pcap file "/tmp/rt_set_info.pcap" against the stack                                         # ../traffic-gen/tests/stack_behave/features/steps/stack_steps.py:199
behave-testing	Execute tests	2026-09-22T09:41:42.8411108Z     Then the decoded packet count is 3                                                                           # ../traffic-gen/tests/stack_behave/features/steps/stack_steps.py:246
behave-testing	Execute tests	2026-09-22T09:41:42.8413115Z     And the generated and decoded hex match                                                                      # ../traffic-gen/tests/stack_behave/features/steps/stack_steps.py:262
behave-testing	Execute tests	2026-09-22T09:41:42.8416971Z 
behave-testing	Execute tests	2026-09-22T09:41:42.8418055Z   Scenario Outline: Round-trip preserves frame size for all AEM PDUs -- @1.10                                       # ../traffic-gen/tests/stack_behave/features/dut_decode.feature:64
behave-testing	Execute tests	2026-09-22T09:41:42.8420151Z     Given the protocols root is loaded                                                                              # ../traffic-gen/tests/stack_behave/features/steps/stack_steps.py:46
behave-testing	Execute tests	2026-09-22T09:41:42.8422432Z     And the application interface "atdecc_aecp_acquire_entity::AECP_ACQUIRE_ENTITY::AECP_ACQUIRE_ENTITY_IF"         # ../traffic-gen/tests/stack_behave/features/steps/stack_steps.py:52
behave-testing	Execute tests	2026-09-22T09:41:42.8424759Z     Given the application interface "atdecc_aecp_set_clock_source::AECP_SET_CLOCK_SOURCE::AECP_SET_CLOCK_SOURCE_IF" # ../traffic-gen/tests/stack_behave/features/steps/stack_steps.py:52
behave-testing	Execute tests	2026-09-22T09:41:42.8426797Z     When I generate 3 stacked packets with seed 42 to pcap file "/tmp/rt_set_clock.pcap"                            # ../traffic-gen/tests/stack_behave/features/steps/stack_steps.py:72
behave-testing	Execute tests	2026-09-22T09:41:42.8543552Z     And I decode the pcap file "/tmp/rt_set_clock.pcap" against the stack                                           # ../traffic-gen/tests/stack_behave/features/steps/stack_steps.py:199
behave-testing	Execute tests	2026-09-22T09:41:42.8662398Z     Then the decoded packet count is 3                                                                              # ../traffic-gen/tests/stack_behave/features/steps/stack_steps.py:246
behave-testing	Execute tests	2026-09-22T09:41:42.8664209Z     And the generated and decoded hex match                                                                         # ../traffic-gen/tests/stack_behave/features/steps/stack_steps.py:262
behave-testing	Execute tests	2026-09-22T09:41:42.8667810Z 
behave-testing	Execute tests	2026-09-22T09:41:42.8668832Z   Scenario Outline: Round-trip preserves frame size for all AEM PDUs -- @1.11                               # ../traffic-gen/tests/stack_behave/features/dut_decode.feature:65
behave-testing	Execute tests	2026-09-22T09:41:42.8670897Z     Given the protocols root is loaded                                                                      # ../traffic-gen/tests/stack_behave/features/steps/stack_steps.py:46
behave-testing	Execute tests	2026-09-22T09:41:42.8672782Z     And the application interface "atdecc_aecp_acquire_entity::AECP_ACQUIRE_ENTITY::AECP_ACQUIRE_ENTITY_IF" # ../traffic-gen/tests/stack_behave/features/steps/stack_steps.py:52
behave-testing	Execute tests	2026-09-22T09:41:42.8674835Z     Given the application interface "atdecc_aecp_set_control::AECP_SET_CONTROL::AECP_SET_CONTROL_IF"        # ../traffic-gen/tests/stack_behave/features/steps/stack_steps.py:52
behave-testing	Execute tests	2026-09-22T09:41:42.8676568Z     When I generate 3 stacked packets with seed 42 to pcap file "/tmp/rt_set_control.pcap"                  # ../traffic-gen/tests/stack_behave/features/steps/stack_steps.py:72
behave-testing	Execute tests	2026-09-22T09:41:42.8796153Z     And I decode the pcap file "/tmp/rt_set_control.pcap" against the stack                                 # ../traffic-gen/tests/stack_behave/features/steps/stack_steps.py:199
behave-testing	Execute tests	2026-09-22T09:41:42.8915378Z     Then the decoded packet count is 3                                                                      # ../traffic-gen/tests/stack_behave/features/steps/stack_steps.py:246
behave-testing	Execute tests	2026-09-22T09:41:42.8917313Z     And the generated and decoded hex match                                                                 # ../traffic-gen/tests/stack_behave/features/steps/stack_steps.py:262
behave-testing	Execute tests	2026-09-22T09:41:42.8920654Z 
behave-testing	Execute tests	2026-09-22T09:41:42.8921764Z   Scenario Outline: Round-trip preserves frame size for all AEM PDUs -- @1.12                                    # ../traffic-gen/tests/stack_behave/features/dut_decode.feature:66
behave-testing	Execute tests	2026-09-22T09:41:42.8923920Z     Given the protocols root is loaded                                                                           # ../traffic-gen/tests/stack_behave/features/steps/stack_steps.py:46
behave-testing	Execute tests	2026-09-22T09:41:42.8925848Z     And the application interface "atdecc_aecp_acquire_entity::AECP_ACQUIRE_ENTITY::AECP_ACQUIRE_ENTITY_IF"      # ../traffic-gen/tests/stack_behave/features/steps/stack_steps.py:52
behave-testing	Execute tests	2026-09-22T09:41:42.8927798Z     Given the application interface "atdecc_aecp_start_operation::AECP_START_OPERATION::AECP_START_OPERATION_IF" # ../traffic-gen/tests/stack_behave/features/steps/stack_steps.py:52
behave-testing	Execute tests	2026-09-22T09:41:42.8929220Z     When I generate 3 stacked packets with seed 42 to pcap file "/tmp/rt_start_op.pcap"                          # ../traffic-gen/tests/stack_behave/features/steps/stack_steps.py:72
behave-testing	Execute tests	2026-09-22T09:41:42.9048850Z     And I decode the pcap file "/tmp/rt_start_op.pcap" against the stack                                         # ../traffic-gen/tests/stack_behave/features/steps/stack_steps.py:199
behave-testing	Execute tests	2026-09-22T09:41:42.9167637Z     Then the decoded packet count is 3                                                                           # ../traffic-gen/tests/stack_behave/features/steps/stack_steps.py:246
behave-testing	Execute tests	2026-09-22T09:41:42.9169589Z     And the generated and decoded hex match                                                                      # ../traffic-gen/tests/stack_behave/features/steps/stack_steps.py:262
behave-testing	Execute tests	2026-09-22T09:41:42.9172947Z 
behave-testing	Execute tests	2026-09-22T09:41:42.9174097Z   Scenario Outline: Round-trip preserves frame size for all AEM PDUs -- @1.13                                    # ../traffic-gen/tests/stack_behave/features/dut_decode.feature:67
behave-testing	Execute tests	2026-09-22T09:41:42.9176110Z     Given the protocols root is loaded                                                                           # ../traffic-gen/tests/stack_behave/features/steps/stack_steps.py:46
behave-testing	Execute tests	2026-09-22T09:41:42.9177846Z     And the application interface "atdecc_aecp_acquire_entity::AECP_ACQUIRE_ENTITY::AECP_ACQUIRE_ENTITY_IF"      # ../traffic-gen/tests/stack_behave/features/steps/stack_steps.py:52
behave-testing	Execute tests	2026-09-22T09:41:42.9180064Z     Given the application interface "atdecc_aecp_abort_operation::AECP_ABORT_OPERATION::AECP_ABORT_OPERATION_IF" # ../traffic-gen/tests/stack_behave/features/steps/stack_steps.py:52
behave-testing	Execute tests	2026-09-22T09:41:42.9181932Z     When I generate 3 stacked packets with seed 42 to pcap file "/tmp/rt_abort_op.pcap"                          # ../traffic-gen/tests/stack_behave/features/steps/stack_steps.py:72
behave-testing	Execute tests	2026-09-22T09:41:42.9302467Z     And I decode the pcap file "/tmp/rt_abort_op.pcap" against the stack                                         # ../traffic-gen/tests/stack_behave/features/steps/stack_steps.py:199
behave-testing	Execute tests	2026-09-22T09:41:42.9420606Z     Then the decoded packet count is 3                                                                           # ../traffic-gen/tests/stack_behave/features/steps/stack_steps.py:246
behave-testing	Execute tests	2026-09-22T09:41:42.9422387Z     And the generated and decoded hex match                                                                      # ../traffic-gen/tests/stack_behave/features/steps/stack_steps.py:262
behave-testing	Execute tests	2026-09-22T09:41:42.9426039Z 
behave-testing	Execute tests	2026-09-22T09:41:42.9427061Z   Scenario Outline: Round-trip preserves frame size for all AEM PDUs -- @1.14                                       # ../traffic-gen/tests/stack_behave/features/dut_decode.feature:68
behave-testing	Execute tests	2026-09-22T09:41:42.9428891Z     Given the protocols root is loaded                                                                              # ../traffic-gen/tests/stack_behave/features/steps/stack_steps.py:46
behave-testing	Execute tests	2026-09-22T09:41:42.9430801Z     And the application interface "atdecc_aecp_acquire_entity::AECP_ACQUIRE_ENTITY::AECP_ACQUIRE_ENTITY_IF"         # ../traffic-gen/tests/stack_behave/features/steps/stack_steps.py:52
behave-testing	Execute tests	2026-09-22T09:41:42.9432906Z     Given the application interface "atdecc_aecp_operation_status::AECP_OPERATION_STATUS::AECP_OPERATION_STATUS_IF" # ../traffic-gen/tests/stack_behave/features/steps/stack_steps.py:52
behave-testing	Execute tests	2026-09-22T09:41:42.9434735Z     When I generate 3 stacked packets with seed 42 to pcap file "/tmp/rt_op_status.pcap"                            # ../traffic-gen/tests/stack_behave/features/steps/stack_steps.py:72
behave-testing	Execute tests	2026-09-22T09:41:42.9552722Z     And I decode the pcap file "/tmp/rt_op_status.pcap" against the stack                                           # ../traffic-gen/tests/stack_behave/features/steps/stack_steps.py:199
behave-testing	Execute tests	2026-09-22T09:41:42.9672770Z     Then the decoded packet count is 3                                                                              # ../traffic-gen/tests/stack_behave/features/steps/stack_steps.py:246
behave-testing	Execute tests	2026-09-22T09:41:42.9674502Z     And the generated and decoded hex match                                                                         # ../traffic-gen/tests/stack_behave/features/steps/stack_steps.py:262
behave-testing	Execute tests	2026-09-22T09:41:42.9678256Z 
behave-testing	Execute tests	2026-09-22T09:41:42.9679258Z   Scenario Outline: Round-trip preserves frame size for all AEM PDUs -- @1.15                               # ../traffic-gen/tests/stack_behave/features/dut_decode.feature:69
behave-testing	Execute tests	2026-09-22T09:41:42.9681076Z     Given the protocols root is loaded                                                                      # ../traffic-gen/tests/stack_behave/features/steps/stack_steps.py:46
behave-testing	Execute tests	2026-09-22T09:41:42.9682942Z     And the application interface "atdecc_aecp_acquire_entity::AECP_ACQUIRE_ENTITY::AECP_ACQUIRE_ENTITY_IF" # ../traffic-gen/tests/stack_behave/features/steps/stack_steps.py:52
behave-testing	Execute tests	2026-09-22T09:41:42.9685277Z     Given the application interface "atdecc_aecp_get_audio_map::AECP_GET_AUDIO_MAP::AECP_GET_AUDIO_MAP_IF"  # ../traffic-gen/tests/stack_behave/features/steps/stack_steps.py:52
behave-testing	Execute tests	2026-09-22T09:41:42.9686549Z     When I generate 3 stacked packets with seed 42 to pcap file "/tmp/rt_get_audio.pcap"                    # ../traffic-gen/tests/stack_behave/features/steps/stack_steps.py:72
behave-testing	Execute tests	2026-09-22T09:41:42.9806577Z     And I decode the pcap file "/tmp/rt_get_audio.pcap" against the stack                                   # ../traffic-gen/tests/stack_behave/features/steps/stack_steps.py:199
behave-testing	Execute tests	2026-09-22T09:41:42.9926276Z     Then the decoded packet count is 3                                                                      # ../traffic-gen/tests/stack_behave/features/steps/stack_steps.py:246
behave-testing	Execute tests	2026-09-22T09:41:42.9928607Z     And the generated and decoded hex match                                                                 # ../traffic-gen/tests/stack_behave/features/steps/stack_steps.py:262
behave-testing	Execute tests	2026-09-22T09:41:42.9932301Z 
behave-testing	Execute tests	2026-09-22T09:41:42.9933486Z   Scenario Outline: Round-trip preserves frame size for all AEM PDUs -- @1.16                                 # ../traffic-gen/tests/stack_behave/features/dut_decode.feature:70
behave-testing	Execute tests	2026-09-22T09:41:42.9935693Z     Given the protocols root is loaded                                                                        # ../traffic-gen/tests/stack_behave/features/steps/stack_steps.py:46
behave-testing	Execute tests	2026-09-22T09:41:42.9937453Z     And the application interface "atdecc_aecp_acquire_entity::AECP_ACQUIRE_ENTITY::AECP_ACQUIRE_ENTITY_IF"   # ../traffic-gen/tests/stack_behave/features/steps/stack_steps.py:52
behave-testing	Execute tests	2026-09-22T09:41:42.9939423Z     Given the application interface "atdecc_aecp_audio_mappings::AECP_AUDIO_MAPPINGS::AECP_AUDIO_MAPPINGS_IF" # ../traffic-gen/tests/stack_behave/features/steps/stack_steps.py:52
behave-testing	Execute tests	2026-09-22T09:41:42.9940984Z     When I generate 3 stacked packets with seed 42 to pcap file "/tmp/rt_audio_maps.pcap"                     # ../traffic-gen/tests/stack_behave/features/steps/stack_steps.py:72
behave-testing	Execute tests	2026-09-22T09:41:43.0064324Z     And I decode the pcap file "/tmp/rt_audio_maps.pcap" against the stack                                    # ../traffic-gen/tests/stack_behave/features/steps/stack_steps.py:199
behave-testing	Execute tests	2026-09-22T09:41:43.0189168Z     Then the decoded packet count is 3                                                                        # ../traffic-gen/tests/stack_behave/features/steps/stack_steps.py:246
behave-testing	Execute tests	2026-09-22T09:41:43.0191041Z     And the generated and decoded hex match                                                                   # ../traffic-gen/tests/stack_behave/features/steps/stack_steps.py:262
behave-testing	Execute tests	2026-09-22T09:41:43.0192590Z 
behave-testing	Execute tests	2026-09-22T09:41:43.0198555Z 4 features passed, 0 failed, 0 skipped
behave-testing	Execute tests	2026-09-22T09:41:43.0199158Z 115 scenarios passed, 0 failed, 0 skipped
behave-testing	Execute tests	2026-09-22T09:41:43.0199638Z 563 steps passed, 0 failed, 0 skipped
behave-testing	Execute tests	2026-09-22T09:41:43.0199970Z Took 0min 1.727s
behave-testing	Post Run actions/checkout@v4	﻿2026-09-22T09:41:43.0517560Z Node 20 is being deprecated. This workflow is running with Node 24 by default. If you need to temporarily use Node 20, you can set the ACTIONS_ALLOW_USE_UNSECURE_NODE_VERSION=true environment variable. For more information see: https://github.blog/changelog/2025-09-19-deprecation-of-node-20-on-github-actions-runners/
behave-testing	Post Run actions/checkout@v4	2026-09-22T09:41:43.0519195Z Post job cleanup.
behave-testing	Post Run actions/checkout@v4	2026-09-22T09:41:43.1437795Z [command]/usr/bin/git version
behave-testing	Post Run actions/checkout@v4	2026-09-22T09:41:43.1483874Z git version 2.55.0
behave-testing	Post Run actions/checkout@v4	2026-09-22T09:41:43.1531868Z Temporarily overriding HOME='/home/runner/work/_temp/ff056895-0c6a-45c4-b6b1-6471af6f2bb1' before making global git config changes
behave-testing	Post Run actions/checkout@v4	2026-09-22T09:41:43.1533099Z Adding repository directory to the temporary git global config as a safe directory
behave-testing	Post Run actions/checkout@v4	2026-09-22T09:41:43.1539187Z [command]/usr/bin/git config --global --add safe.directory /home/runner/work/tsn-gen/tsn-gen
behave-testing	Post Run actions/checkout@v4	2026-09-22T09:41:43.1586775Z [command]/usr/bin/git config --local --name-only --get-regexp core\.sshCommand
behave-testing	Post Run actions/checkout@v4	2026-09-22T09:41:43.1625755Z [command]/usr/bin/git submodule foreach --recursive sh -c "git config --local --name-only --get-regexp 'core\.sshCommand' && git config --local --unset-all 'core.sshCommand' || :"
behave-testing	Post Run actions/checkout@v4	2026-09-22T09:41:43.1869843Z Entering 'external/FTXUI'
behave-testing	Post Run actions/checkout@v4	2026-09-22T09:41:43.1931837Z Entering 'external/PcapPlusPlus'
behave-testing	Post Run actions/checkout@v4	2026-09-22T09:41:43.1977191Z Entering 'external/googletest'
behave-testing	Post Run actions/checkout@v4	2026-09-22T09:41:43.2034662Z Entering 'external/mininet'
behave-testing	Post Run actions/checkout@v4	2026-09-22T09:41:43.2086083Z Entering 'external/protobuf-c'
behave-testing	Post Run actions/checkout@v4	2026-09-22T09:41:43.2139136Z Entering 'external/rapidyaml'
behave-testing	Post Run actions/checkout@v4	2026-09-22T09:41:43.2183571Z Entering 'external/rapidyaml/ext/c4core'
behave-testing	Post Run actions/checkout@v4	2026-09-22T09:41:43.2247957Z Entering 'external/rapidyaml/ext/c4core/cmake'
behave-testing	Post Run actions/checkout@v4	2026-09-22T09:41:43.2288489Z Entering 'external/rapidyaml/ext/c4core/src/c4/ext/debugbreak'
behave-testing	Post Run actions/checkout@v4	2026-09-22T09:41:43.2335205Z Entering 'external/rapidyaml/ext/c4core/src/c4/ext/fast_float'
behave-testing	Post Run actions/checkout@v4	2026-09-22T09:41:43.2389032Z Entering 'tests/act'
behave-testing	Post Run actions/checkout@v4	2026-09-22T09:41:43.2475495Z [command]/usr/bin/git config --local --name-only --get-regexp http\.https\:\/\/github\.com\/\.extraheader
behave-testing	Post Run actions/checkout@v4	2026-09-22T09:41:43.2499450Z http.https://github.com/.extraheader
behave-testing	Post Run actions/checkout@v4	2026-09-22T09:41:43.2522153Z [command]/usr/bin/git config --local --unset-all http.https://github.com/.extraheader
behave-testing	Post Run actions/checkout@v4	2026-09-22T09:41:43.2556258Z [command]/usr/bin/git submodule foreach --recursive sh -c "git config --local --name-only --get-regexp 'http\.https\:\/\/github\.com\/\.extraheader' && git config --local --unset-all 'http.https://github.com/.extraheader' || :"
behave-testing	Post Run actions/checkout@v4	2026-09-22T09:41:43.2802679Z Entering 'external/FTXUI'
behave-testing	Post Run actions/checkout@v4	2026-09-22T09:41:43.2856852Z Entering 'external/PcapPlusPlus'
behave-testing	Post Run actions/checkout@v4	2026-09-22T09:41:43.2897953Z Entering 'external/googletest'
behave-testing	Post Run actions/checkout@v4	2026-09-22T09:41:43.2944453Z Entering 'external/mininet'
behave-testing	Post Run actions/checkout@v4	2026-09-22T09:41:43.2991496Z Entering 'external/protobuf-c'
behave-testing	Post Run actions/checkout@v4	2026-09-22T09:41:43.3037703Z Entering 'external/rapidyaml'
behave-testing	Post Run actions/checkout@v4	2026-09-22T09:41:43.3083912Z Entering 'external/rapidyaml/ext/c4core'
behave-testing	Post Run actions/checkout@v4	2026-09-22T09:41:43.3126801Z Entering 'external/rapidyaml/ext/c4core/cmake'
behave-testing	Post Run actions/checkout@v4	2026-09-22T09:41:43.3171656Z Entering 'external/rapidyaml/ext/c4core/src/c4/ext/debugbreak'
behave-testing	Post Run actions/checkout@v4	2026-09-22T09:41:43.3216748Z Entering 'external/rapidyaml/ext/c4core/src/c4/ext/fast_float'
behave-testing	Post Run actions/checkout@v4	2026-09-22T09:41:43.3266023Z Entering 'tests/act'
behave-testing	Post Run actions/checkout@v4	2026-09-22T09:41:43.3330997Z [command]/usr/bin/git config --local --name-only --get-regexp ^includeIf\.gitdir:
behave-testing	Post Run actions/checkout@v4	2026-09-22T09:41:43.3372900Z [command]/usr/bin/git submodule foreach --recursive git config --local --show-origin --name-only --get-regexp remote.origin.url
behave-testing	Post Run actions/checkout@v4	2026-09-22T09:41:43.3593086Z Entering 'external/FTXUI'
behave-testing	Post Run actions/checkout@v4	2026-09-22T09:41:43.3615614Z file:/home/runner/work/tsn-gen/tsn-gen/.git/modules/external/FTXUI/config	remote.origin.url
behave-testing	Post Run actions/checkout@v4	2026-09-22T09:41:43.3633814Z Entering 'external/PcapPlusPlus'
behave-testing	Post Run actions/checkout@v4	2026-09-22T09:41:43.3654171Z file:/home/runner/work/tsn-gen/tsn-gen/.git/modules/external/PcapPlusPlus/config	remote.origin.url
behave-testing	Post Run actions/checkout@v4	2026-09-22T09:41:43.3674089Z Entering 'external/googletest'
behave-testing	Post Run actions/checkout@v4	2026-09-22T09:41:43.3693398Z file:/home/runner/work/tsn-gen/tsn-gen/.git/modules/external/googletest/config	remote.origin.url
behave-testing	Post Run actions/checkout@v4	2026-09-22T09:41:43.3715914Z Entering 'external/mininet'
behave-testing	Post Run actions/checkout@v4	2026-09-22T09:41:43.3736026Z file:/home/runner/work/tsn-gen/tsn-gen/.git/modules/external/mininet/config	remote.origin.url
behave-testing	Post Run actions/checkout@v4	2026-09-22T09:41:43.3754729Z Entering 'external/protobuf-c'
behave-testing	Post Run actions/checkout@v4	2026-09-22T09:41:43.3774461Z file:/home/runner/work/tsn-gen/tsn-gen/.git/modules/external/protobuf-c/config	remote.origin.url
behave-testing	Post Run actions/checkout@v4	2026-09-22T09:41:43.3793018Z Entering 'external/rapidyaml'
behave-testing	Post Run actions/checkout@v4	2026-09-22T09:41:43.3812208Z file:/home/runner/work/tsn-gen/tsn-gen/.git/modules/external/rapidyaml/config	remote.origin.url
behave-testing	Post Run actions/checkout@v4	2026-09-22T09:41:43.3830222Z Entering 'external/rapidyaml/ext/c4core'
behave-testing	Post Run actions/checkout@v4	2026-09-22T09:41:43.3850024Z file:/home/runner/work/tsn-gen/tsn-gen/.git/modules/external/rapidyaml/modules/extern/c4core/config	remote.origin.url
behave-testing	Post Run actions/checkout@v4	2026-09-22T09:41:43.3867315Z Entering 'external/rapidyaml/ext/c4core/cmake'
behave-testing	Post Run actions/checkout@v4	2026-09-22T09:41:43.3906332Z file:/home/runner/work/tsn-gen/tsn-gen/.git/modules/external/rapidyaml/modules/extern/c4core/modules/cmake/config	remote.origin.url
behave-testing	Post Run actions/checkout@v4	2026-09-22T09:41:43.3910806Z Entering 'external/rapidyaml/ext/c4core/src/c4/ext/debugbreak'
behave-testing	Post Run actions/checkout@v4	2026-09-22T09:41:43.3931776Z file:/home/runner/work/tsn-gen/tsn-gen/.git/modules/external/rapidyaml/modules/extern/c4core/modules/extern/debugbreak/config	remote.origin.url
behave-testing	Post Run actions/checkout@v4	2026-09-22T09:41:43.3951302Z Entering 'external/rapidyaml/ext/c4core/src/c4/ext/fast_float'
behave-testing	Post Run actions/checkout@v4	2026-09-22T09:41:43.3972616Z file:/home/runner/work/tsn-gen/tsn-gen/.git/modules/external/rapidyaml/modules/extern/c4core/modules/src/c4/ext/fast_float/config	remote.origin.url
behave-testing	Post Run actions/checkout@v4	2026-09-22T09:41:43.3995777Z Entering 'tests/act'
behave-testing	Post Run actions/checkout@v4	2026-09-22T09:41:43.4016121Z file:/home/runner/work/tsn-gen/tsn-gen/.git/modules/tests/act/config	remote.origin.url
behave-testing	Post Run actions/checkout@v4	2026-09-22T09:41:43.4054804Z [command]/usr/bin/git config --file /home/runner/work/tsn-gen/tsn-gen/.git/modules/external/FTXUI/config --name-only --get-regexp ^includeIf\.gitdir:
behave-testing	Post Run actions/checkout@v4	2026-09-22T09:41:43.4093520Z [command]/usr/bin/git config --file /home/runner/work/tsn-gen/tsn-gen/.git/modules/external/PcapPlusPlus/config --name-only --get-regexp ^includeIf\.gitdir:
behave-testing	Post Run actions/checkout@v4	2026-09-22T09:41:43.4127585Z [command]/usr/bin/git config --file /home/runner/work/tsn-gen/tsn-gen/.git/modules/external/googletest/config --name-only --get-regexp ^includeIf\.gitdir:
behave-testing	Post Run actions/checkout@v4	2026-09-22T09:41:43.4161317Z [command]/usr/bin/git config --file /home/runner/work/tsn-gen/tsn-gen/.git/modules/external/mininet/config --name-only --get-regexp ^includeIf\.gitdir:
behave-testing	Post Run actions/checkout@v4	2026-09-22T09:41:43.4196261Z [command]/usr/bin/git config --file /home/runner/work/tsn-gen/tsn-gen/.git/modules/external/protobuf-c/config --name-only --get-regexp ^includeIf\.gitdir:
behave-testing	Post Run actions/checkout@v4	2026-09-22T09:41:43.4230754Z [command]/usr/bin/git config --file /home/runner/work/tsn-gen/tsn-gen/.git/modules/external/rapidyaml/config --name-only --get-regexp ^includeIf\.gitdir:
behave-testing	Post Run actions/checkout@v4	2026-09-22T09:41:43.4266570Z [command]/usr/bin/git config --file /home/runner/work/tsn-gen/tsn-gen/.git/modules/external/rapidyaml/modules/extern/c4core/config --name-only --get-regexp ^includeIf\.gitdir:
behave-testing	Post Run actions/checkout@v4	2026-09-22T09:41:43.4302217Z [command]/usr/bin/git config --file /home/runner/work/tsn-gen/tsn-gen/.git/modules/external/rapidyaml/modules/extern/c4core/modules/cmake/config --name-only --get-regexp ^includeIf\.gitdir:
behave-testing	Post Run actions/checkout@v4	2026-09-22T09:41:43.4334206Z [command]/usr/bin/git config --file /home/runner/work/tsn-gen/tsn-gen/.git/modules/external/rapidyaml/modules/extern/c4core/modules/extern/debugbreak/config --name-only --get-regexp ^includeIf\.gitdir:
behave-testing	Post Run actions/checkout@v4	2026-09-22T09:41:43.4366123Z [command]/usr/bin/git config --file /home/runner/work/tsn-gen/tsn-gen/.git/modules/external/rapidyaml/modules/extern/c4core/modules/src/c4/ext/fast_float/config --name-only --get-regexp ^includeIf\.gitdir:
behave-testing	Post Run actions/checkout@v4	2026-09-22T09:41:43.4400490Z [command]/usr/bin/git config --file /home/runner/work/tsn-gen/tsn-gen/.git/modules/tests/act/config --name-only --get-regexp ^includeIf\.gitdir:
behave-testing	Complete job	﻿2026-09-22T09:41:43.4581826Z Cleaning up orphan processes
behave-testing	Complete job	2026-09-22T09:41:43.4874649Z ##[warning]Node.js 20 is deprecated. The following actions target Node.js 20 but are being forced to run on Node.js 24: actions/checkout@v4. For more information see: https://github.blog/changelog/2025-09-19-deprecation-of-node-20-on-github-actions-runners/
