unit-tests	Set up job	﻿2026-09-22T09:40:23.7554281Z Current runner version: '2.337.0'
unit-tests	Set up job	2026-09-22T09:40:23.7580700Z ##[group]Runner Image Provisioner
unit-tests	Set up job	2026-09-22T09:40:23.7581635Z Hosted Compute Agent
unit-tests	Set up job	2026-09-22T09:40:23.7582352Z Version: 20260828.587
unit-tests	Set up job	2026-09-22T09:40:23.7583021Z Commit: abac92662cab4cc7352de4f9f9d2e2419aad9c29
unit-tests	Set up job	2026-09-22T09:40:23.7583772Z Build Date: 2026-08-28T16:44:25Z
unit-tests	Set up job	2026-09-22T09:40:23.7584642Z Worker ID: {b91ce634-ea8a-4f13-8d13-e3aa57f500ce}
unit-tests	Set up job	2026-09-22T09:40:23.7585724Z Azure Region: northcentralus
unit-tests	Set up job	2026-09-22T09:40:23.7586403Z ##[endgroup]
unit-tests	Set up job	2026-09-22T09:40:23.7587951Z ##[group]Operating System
unit-tests	Set up job	2026-09-22T09:40:23.7588716Z Ubuntu
unit-tests	Set up job	2026-09-22T09:40:23.7589393Z 24.04.5
unit-tests	Set up job	2026-09-22T09:40:23.7589982Z LTS
unit-tests	Set up job	2026-09-22T09:40:23.7590566Z ##[endgroup]
unit-tests	Set up job	2026-09-22T09:40:23.7591164Z ##[group]Runner Image
unit-tests	Set up job	2026-09-22T09:40:23.7591798Z Image: ubuntu-24.04
unit-tests	Set up job	2026-09-22T09:40:23.7592476Z Version: 20260907.300.1
unit-tests	Set up job	2026-09-22T09:40:23.7593570Z Included Software: https://github.com/actions/runner-images/blob/ubuntu24/20260907.300/images/ubuntu/Ubuntu2404-Readme.md
unit-tests	Set up job	2026-09-22T09:40:23.7595568Z Image Release: https://github.com/actions/runner-images/releases/tag/ubuntu24%2F20260907.300
unit-tests	Set up job	2026-09-22T09:40:23.7596571Z ##[endgroup]
unit-tests	Set up job	2026-09-22T09:40:23.7598295Z ##[group]GITHUB_TOKEN Permissions
unit-tests	Set up job	2026-09-22T09:40:23.7600475Z Contents: read
unit-tests	Set up job	2026-09-22T09:40:23.7601189Z Metadata: read
unit-tests	Set up job	2026-09-22T09:40:23.7601792Z Packages: read
unit-tests	Set up job	2026-09-22T09:40:23.7602388Z ##[endgroup]
unit-tests	Set up job	2026-09-22T09:40:23.7604608Z Secret source: Actions
unit-tests	Set up job	2026-09-22T09:40:23.7605781Z Cache mode: write
unit-tests	Set up job	2026-09-22T09:40:23.7606801Z Prepare workflow directory
unit-tests	Set up job	2026-09-22T09:40:23.7955736Z Prepare all required actions
unit-tests	Set up job	2026-09-22T09:40:23.8003819Z Getting action download info
unit-tests	Set up job	2026-09-22T09:40:24.0622962Z Download action repository 'actions/checkout@v4' (SHA:11d5960a326750d5838078e36cf38b85af677262)
unit-tests	Set up job	2026-09-22T09:40:24.2743504Z Complete job name: unit-tests
unit-tests	Run actions/checkout@v4	﻿2026-09-22T09:40:24.3600309Z Node 20 is being deprecated. This workflow is running with Node 24 by default. If you need to temporarily use Node 20, you can set the ACTIONS_ALLOW_USE_UNSECURE_NODE_VERSION=true environment variable. For more information see: https://github.blog/changelog/2025-09-19-deprecation-of-node-20-on-github-actions-runners/
unit-tests	Run actions/checkout@v4	2026-09-22T09:40:24.3609498Z ##[group]Run actions/checkout@v4
unit-tests	Run actions/checkout@v4	2026-09-22T09:40:24.3610222Z with:
unit-tests	Run actions/checkout@v4	2026-09-22T09:40:24.3610680Z   repository: kebag-logic/tsn-gen
unit-tests	Run actions/checkout@v4	2026-09-22T09:40:24.3614544Z   token: ***
unit-tests	Run actions/checkout@v4	2026-09-22T09:40:24.3615315Z   ssh-strict: true
unit-tests	Run actions/checkout@v4	2026-09-22T09:40:24.3615838Z   ssh-user: git
unit-tests	Run actions/checkout@v4	2026-09-22T09:40:24.3616304Z   persist-credentials: true
unit-tests	Run actions/checkout@v4	2026-09-22T09:40:24.3616800Z   clean: true
unit-tests	Run actions/checkout@v4	2026-09-22T09:40:24.3617262Z   sparse-checkout-cone-mode: true
unit-tests	Run actions/checkout@v4	2026-09-22T09:40:24.3617795Z   fetch-depth: 1
unit-tests	Run actions/checkout@v4	2026-09-22T09:40:24.3618245Z   fetch-tags: false
unit-tests	Run actions/checkout@v4	2026-09-22T09:40:24.3618704Z   show-progress: true
unit-tests	Run actions/checkout@v4	2026-09-22T09:40:24.3619160Z   lfs: false
unit-tests	Run actions/checkout@v4	2026-09-22T09:40:24.3619586Z   submodules: false
unit-tests	Run actions/checkout@v4	2026-09-22T09:40:24.3620108Z   set-safe-directory: true
unit-tests	Run actions/checkout@v4	2026-09-22T09:40:24.3620624Z   allow-unsafe-pr-checkout: false
unit-tests	Run actions/checkout@v4	2026-09-22T09:40:24.3621469Z ##[endgroup]
unit-tests	Run actions/checkout@v4	2026-09-22T09:40:24.4647685Z Syncing repository: kebag-logic/tsn-gen
unit-tests	Run actions/checkout@v4	2026-09-22T09:40:24.4649638Z ##[group]Getting Git version info
unit-tests	Run actions/checkout@v4	2026-09-22T09:40:24.4650340Z Working directory is '/home/runner/work/tsn-gen/tsn-gen'
unit-tests	Run actions/checkout@v4	2026-09-22T09:40:24.4657248Z [command]/usr/bin/git version
unit-tests	Run actions/checkout@v4	2026-09-22T09:40:24.4750737Z git version 2.55.0
unit-tests	Run actions/checkout@v4	2026-09-22T09:40:24.4773500Z ##[endgroup]
unit-tests	Run actions/checkout@v4	2026-09-22T09:40:24.4798546Z Temporarily overriding HOME='/home/runner/work/_temp/eea80511-c50c-4369-8a23-cdf5940bd30e' before making global git config changes
unit-tests	Run actions/checkout@v4	2026-09-22T09:40:24.4800643Z Adding repository directory to the temporary git global config as a safe directory
unit-tests	Run actions/checkout@v4	2026-09-22T09:40:24.4806332Z [command]/usr/bin/git config --global --add safe.directory /home/runner/work/tsn-gen/tsn-gen
unit-tests	Run actions/checkout@v4	2026-09-22T09:40:24.4855968Z Deleting the contents of '/home/runner/work/tsn-gen/tsn-gen'
unit-tests	Run actions/checkout@v4	2026-09-22T09:40:24.4861243Z ##[group]Initializing the repository
unit-tests	Run actions/checkout@v4	2026-09-22T09:40:24.4865607Z [command]/usr/bin/git init /home/runner/work/tsn-gen/tsn-gen
unit-tests	Run actions/checkout@v4	2026-09-22T09:40:24.4948504Z hint: Using 'master' as the name for the initial branch. This default branch name
unit-tests	Run actions/checkout@v4	2026-09-22T09:40:24.4950373Z hint: will change to "main" in Git 3.0. To configure the initial branch name
unit-tests	Run actions/checkout@v4	2026-09-22T09:40:24.4952073Z hint: to use in all of your new repositories, which will suppress this warning,
unit-tests	Run actions/checkout@v4	2026-09-22T09:40:24.4953364Z hint: call:
unit-tests	Run actions/checkout@v4	2026-09-22T09:40:24.4954199Z hint:
unit-tests	Run actions/checkout@v4	2026-09-22T09:40:24.4955358Z hint: 	git config --global init.defaultBranch <name>
unit-tests	Run actions/checkout@v4	2026-09-22T09:40:24.4956594Z hint:
unit-tests	Run actions/checkout@v4	2026-09-22T09:40:24.4957529Z hint: Names commonly chosen instead of 'master' are 'main', 'trunk' and
unit-tests	Run actions/checkout@v4	2026-09-22T09:40:24.4958571Z hint: 'development'. The just-created branch can be renamed via this command:
unit-tests	Run actions/checkout@v4	2026-09-22T09:40:24.4959310Z hint:
unit-tests	Run actions/checkout@v4	2026-09-22T09:40:24.4959748Z hint: 	git branch -m <name>
unit-tests	Run actions/checkout@v4	2026-09-22T09:40:24.4960244Z hint:
unit-tests	Run actions/checkout@v4	2026-09-22T09:40:24.4961064Z hint: Disable this message with "git config set advice.defaultBranchName false"
unit-tests	Run actions/checkout@v4	2026-09-22T09:40:24.4962106Z Initialized empty Git repository in /home/runner/work/tsn-gen/tsn-gen/.git/
unit-tests	Run actions/checkout@v4	2026-09-22T09:40:24.4964339Z [command]/usr/bin/git remote add origin https://github.com/kebag-logic/tsn-gen
unit-tests	Run actions/checkout@v4	2026-09-22T09:40:24.5009245Z ##[endgroup]
unit-tests	Run actions/checkout@v4	2026-09-22T09:40:24.5010101Z ##[group]Disabling automatic garbage collection
unit-tests	Run actions/checkout@v4	2026-09-22T09:40:24.5014243Z [command]/usr/bin/git config --local gc.auto 0
unit-tests	Run actions/checkout@v4	2026-09-22T09:40:24.5050175Z ##[endgroup]
unit-tests	Run actions/checkout@v4	2026-09-22T09:40:24.5050944Z ##[group]Setting up auth
unit-tests	Run actions/checkout@v4	2026-09-22T09:40:24.5058812Z [command]/usr/bin/git config --local --name-only --get-regexp core\.sshCommand
unit-tests	Run actions/checkout@v4	2026-09-22T09:40:24.5095911Z [command]/usr/bin/git submodule foreach --recursive sh -c "git config --local --name-only --get-regexp 'core\.sshCommand' && git config --local --unset-all 'core.sshCommand' || :"
unit-tests	Run actions/checkout@v4	2026-09-22T09:40:24.5455763Z [command]/usr/bin/git config --local --name-only --get-regexp http\.https\:\/\/github\.com\/\.extraheader
unit-tests	Run actions/checkout@v4	2026-09-22T09:40:24.5498132Z [command]/usr/bin/git submodule foreach --recursive sh -c "git config --local --name-only --get-regexp 'http\.https\:\/\/github\.com\/\.extraheader' && git config --local --unset-all 'http.https://github.com/.extraheader' || :"
unit-tests	Run actions/checkout@v4	2026-09-22T09:40:24.5756496Z [command]/usr/bin/git config --local --name-only --get-regexp ^includeIf\.gitdir:
unit-tests	Run actions/checkout@v4	2026-09-22T09:40:24.5799040Z [command]/usr/bin/git submodule foreach --recursive git config --local --show-origin --name-only --get-regexp remote.origin.url
unit-tests	Run actions/checkout@v4	2026-09-22T09:40:24.6050109Z [command]/usr/bin/git config --local http.https://github.com/.extraheader AUTHORIZATION: basic ***
unit-tests	Run actions/checkout@v4	2026-09-22T09:40:24.6092971Z ##[endgroup]
unit-tests	Run actions/checkout@v4	2026-09-22T09:40:24.6093878Z ##[group]Fetching the repository
unit-tests	Run actions/checkout@v4	2026-09-22T09:40:24.6102682Z [command]/usr/bin/git -c protocol.version=2 fetch --no-tags --prune --no-recurse-submodules --depth=1 origin +6a93f63d76339b269fe172aff9171d935a045bf6:refs/remotes/origin/main
unit-tests	Run actions/checkout@v4	2026-09-22T09:40:24.9989491Z From https://github.com/kebag-logic/tsn-gen
unit-tests	Run actions/checkout@v4	2026-09-22T09:40:24.9990743Z  * [new ref]         6a93f63d76339b269fe172aff9171d935a045bf6 -> origin/main
unit-tests	Run actions/checkout@v4	2026-09-22T09:40:24.9994230Z ##[endgroup]
unit-tests	Run actions/checkout@v4	2026-09-22T09:40:24.9995743Z ##[group]Determining the checkout info
unit-tests	Run actions/checkout@v4	2026-09-22T09:40:24.9997304Z ##[endgroup]
unit-tests	Run actions/checkout@v4	2026-09-22T09:40:25.0003724Z [command]/usr/bin/git sparse-checkout disable
unit-tests	Run actions/checkout@v4	2026-09-22T09:40:25.0056007Z [command]/usr/bin/git config --local --unset-all extensions.worktreeConfig
unit-tests	Run actions/checkout@v4	2026-09-22T09:40:25.0091164Z ##[group]Checking out the ref
unit-tests	Run actions/checkout@v4	2026-09-22T09:40:25.0095446Z [command]/usr/bin/git checkout --progress --force -B main refs/remotes/origin/main
unit-tests	Run actions/checkout@v4	2026-09-22T09:40:25.0290479Z Switched to a new branch 'main'
unit-tests	Run actions/checkout@v4	2026-09-22T09:40:25.0294517Z branch 'main' set up to track 'origin/main'.
unit-tests	Run actions/checkout@v4	2026-09-22T09:40:25.0301800Z ##[endgroup]
unit-tests	Run actions/checkout@v4	2026-09-22T09:40:25.0348387Z [command]/usr/bin/git log -1 --format=%H
unit-tests	Run actions/checkout@v4	2026-09-22T09:40:25.0377542Z 6a93f63d76339b269fe172aff9171d935a045bf6
unit-tests	Retrieve Submodules	﻿2026-09-22T09:40:25.0609173Z ##[group]Run git submodule update --init --recursive
unit-tests	Retrieve Submodules	2026-09-22T09:40:25.0610118Z ^[[36;1mgit submodule update --init --recursive^[[0m
unit-tests	Retrieve Submodules	2026-09-22T09:40:25.0654803Z shell: /usr/bin/bash -e {0}
unit-tests	Retrieve Submodules	2026-09-22T09:40:25.0655855Z ##[endgroup]
unit-tests	Retrieve Submodules	2026-09-22T09:40:25.0967553Z Submodule 'external/FTXUI' (https://github.com/ArthurSonzogni/FTXUI.git) registered for path 'external/FTXUI'
unit-tests	Retrieve Submodules	2026-09-22T09:40:25.0971322Z Submodule 'external/PcapPlusPlus' (https://github.com/seladb/PcapPlusPlus.git) registered for path 'external/PcapPlusPlus'
unit-tests	Retrieve Submodules	2026-09-22T09:40:25.0976316Z Submodule 'external/googletest' (https://github.com/google/googletest.git) registered for path 'external/googletest'
unit-tests	Retrieve Submodules	2026-09-22T09:40:25.0981900Z Submodule 'external/mininet' (https://github.com/mininet/mininet.git) registered for path 'external/mininet'
unit-tests	Retrieve Submodules	2026-09-22T09:40:25.0987510Z Submodule 'external/protobuf-c' (https://github.com/protobuf-c/protobuf-c.git) registered for path 'external/protobuf-c'
unit-tests	Retrieve Submodules	2026-09-22T09:40:25.0992411Z Submodule 'external/rapidyaml' (https://github.com/biojppm/rapidyaml.git) registered for path 'external/rapidyaml'
unit-tests	Retrieve Submodules	2026-09-22T09:40:25.0996669Z Submodule 'tests/act' (https://github.com/nektos/act.git) registered for path 'tests/act'
unit-tests	Retrieve Submodules	2026-09-22T09:40:25.1025550Z Cloning into '/home/runner/work/tsn-gen/tsn-gen/external/FTXUI'...
unit-tests	Retrieve Submodules	2026-09-22T09:40:29.5981927Z Cloning into '/home/runner/work/tsn-gen/tsn-gen/external/PcapPlusPlus'...
unit-tests	Retrieve Submodules	2026-09-22T09:40:32.7042042Z Cloning into '/home/runner/work/tsn-gen/tsn-gen/external/googletest'...
unit-tests	Retrieve Submodules	2026-09-22T09:40:34.5297541Z Cloning into '/home/runner/work/tsn-gen/tsn-gen/external/mininet'...
unit-tests	Retrieve Submodules	2026-09-22T09:40:35.2114508Z Cloning into '/home/runner/work/tsn-gen/tsn-gen/external/protobuf-c'...
unit-tests	Retrieve Submodules	2026-09-22T09:40:35.8416969Z Cloning into '/home/runner/work/tsn-gen/tsn-gen/external/rapidyaml'...
unit-tests	Retrieve Submodules	2026-09-22T09:40:37.6764559Z Cloning into '/home/runner/work/tsn-gen/tsn-gen/tests/act'...
unit-tests	Retrieve Submodules	2026-09-22T09:40:39.1071463Z Submodule path 'external/FTXUI': checked out 'd75108e96058b6e00da6306a7d99c9555f645434'
unit-tests	Retrieve Submodules	2026-09-22T09:40:39.5656689Z Submodule path 'external/PcapPlusPlus': checked out 'bc5c08d3df37e9d725656c345d3991ab0c982717'
unit-tests	Retrieve Submodules	2026-09-22T09:40:39.6170891Z Submodule path 'external/googletest': checked out '0bdccf4aa2f5c67af967193caf31d42d5c49bde2'
unit-tests	Retrieve Submodules	2026-09-22T09:40:39.6386181Z Submodule path 'external/mininet': checked out '88f14e946a05cd0895e1a127bf89da9b3fb1d98b'
unit-tests	Retrieve Submodules	2026-09-22T09:40:39.6554005Z Submodule path 'external/protobuf-c': checked out '8c201f6e47a53feaab773922a743091eb6c8972a'
unit-tests	Retrieve Submodules	2026-09-22T09:40:39.7862287Z Submodule path 'external/rapidyaml': checked out 'e65999dc4d65368e1b3eb770e28d775885b0f525'
unit-tests	Retrieve Submodules	2026-09-22T09:40:39.7885175Z Submodule 'extern/c4core' (https://github.com/biojppm/c4core) registered for path 'external/rapidyaml/ext/c4core'
unit-tests	Retrieve Submodules	2026-09-22T09:40:39.7914833Z Cloning into '/home/runner/work/tsn-gen/tsn-gen/external/rapidyaml/ext/c4core'...
unit-tests	Retrieve Submodules	2026-09-22T09:40:40.6090092Z Submodule path 'external/rapidyaml/ext/c4core': checked out '6c876ec05a4387c25068cdbd58724828dad1d217'
unit-tests	Retrieve Submodules	2026-09-22T09:40:40.6119413Z Submodule 'cmake' (https://github.com/biojppm/cmake) registered for path 'external/rapidyaml/ext/c4core/cmake'
unit-tests	Retrieve Submodules	2026-09-22T09:40:40.6124329Z Submodule 'extern/debugbreak' (https://github.com/biojppm/debugbreak) registered for path 'external/rapidyaml/ext/c4core/src/c4/ext/debugbreak'
unit-tests	Retrieve Submodules	2026-09-22T09:40:40.6130110Z Submodule 'src/c4/ext/fast_float' (https://github.com/fastfloat/fast_float) registered for path 'external/rapidyaml/ext/c4core/src/c4/ext/fast_float'
unit-tests	Retrieve Submodules	2026-09-22T09:40:40.6162291Z Cloning into '/home/runner/work/tsn-gen/tsn-gen/external/rapidyaml/ext/c4core/cmake'...
unit-tests	Retrieve Submodules	2026-09-22T09:40:41.1177987Z Cloning into '/home/runner/work/tsn-gen/tsn-gen/external/rapidyaml/ext/c4core/src/c4/ext/debugbreak'...
unit-tests	Retrieve Submodules	2026-09-22T09:40:41.4375905Z Cloning into '/home/runner/work/tsn-gen/tsn-gen/external/rapidyaml/ext/c4core/src/c4/ext/fast_float'...
unit-tests	Retrieve Submodules	2026-09-22T09:40:42.0208017Z Submodule path 'external/rapidyaml/ext/c4core/cmake': checked out 'b8e95acb1bdd564e47ac57d903a483604d90cbfa'
unit-tests	Retrieve Submodules	2026-09-22T09:40:42.0317325Z Submodule path 'external/rapidyaml/ext/c4core/src/c4/ext/debugbreak': checked out '328e4abca3384cbd0a69e70f263cc7b2794bff09'
unit-tests	Retrieve Submodules	2026-09-22T09:40:42.0550258Z Submodule path 'external/rapidyaml/ext/c4core/src/c4/ext/fast_float': checked out 'd28a3320c2de0963b6e469b8ca3bbc36496de684'
unit-tests	Retrieve Submodules	2026-09-22T09:40:42.2936054Z Submodule path 'tests/act': checked out 'eb46e8aa5a23f99c76be4a53413a856d6b236145'
unit-tests	Setup, Configure and Build	﻿2026-09-22T09:40:42.3012358Z ##[group]Run ./setup.sh d
unit-tests	Setup, Configure and Build	2026-09-22T09:40:42.3012689Z ^[[36;1m./setup.sh d^[[0m
unit-tests	Setup, Configure and Build	2026-09-22T09:40:42.3054149Z shell: /usr/bin/bash -e {0}
unit-tests	Setup, Configure and Build	2026-09-22T09:40:42.3054427Z ##[endgroup]
unit-tests	Setup, Configure and Build	2026-09-22T09:40:42.3167729Z rm: cannot remove './build': No such file or directory
unit-tests	Setup, Configure and Build	2026-09-22T09:40:43.3200743Z -- The CXX compiler identification is GNU 13.3.0
unit-tests	Setup, Configure and Build	2026-09-22T09:40:43.4746222Z -- Detecting CXX compiler ABI info
unit-tests	Setup, Configure and Build	2026-09-22T09:40:43.7574316Z -- Detecting CXX compiler ABI info - done
unit-tests	Setup, Configure and Build	2026-09-22T09:40:43.7754171Z -- Check for working CXX compiler: /usr/bin/c++ - skipped
unit-tests	Setup, Configure and Build	2026-09-22T09:40:43.7859807Z -- Detecting CXX compile features
unit-tests	Setup, Configure and Build	2026-09-22T09:40:43.7868292Z -- Detecting CXX compile features - done
unit-tests	Setup, Configure and Build	2026-09-22T09:40:43.8438214Z -- ryml: using C++ standard: C++17
unit-tests	Setup, Configure and Build	2026-09-22T09:40:43.8460155Z -- ryml: importing subproject c4core (SUBDIRECTORY)... /home/runner/work/tsn-gen/tsn-gen/external/rapidyaml/ext/c4core
unit-tests	Setup, Configure and Build	2026-09-22T09:40:43.8513890Z -- c4core: using C++ standard: C++17
unit-tests	Setup, Configure and Build	2026-09-22T09:40:43.8739145Z CMake Warning (dev) at external/rapidyaml/ext/c4core/cmake/c4Project.cmake:2694 (install):
unit-tests	Setup, Configure and Build	2026-09-22T09:40:43.8740272Z   Policy CMP0177 is not set: install() DESTINATION paths are normalized.  Run
unit-tests	Setup, Configure and Build	2026-09-22T09:40:43.8740963Z   "cmake --help-policy CMP0177" for policy details.  Use the cmake_policy
unit-tests	Setup, Configure and Build	2026-09-22T09:40:43.8741567Z   command to set the policy and suppress this warning.
unit-tests	Setup, Configure and Build	2026-09-22T09:40:43.8742045Z Call Stack (most recent call first):
unit-tests	Setup, Configure and Build	2026-09-22T09:40:43.8742618Z   external/rapidyaml/ext/c4core/cmake/c4Project.cmake:2777 (__c4_install_exports)
unit-tests	Setup, Configure and Build	2026-09-22T09:40:43.8743363Z   external/rapidyaml/ext/c4core/CMakeLists.txt:112 (c4_install_exports)
unit-tests	Setup, Configure and Build	2026-09-22T09:40:43.8744074Z This warning is for project developers.  Use -Wno-dev to suppress it.
unit-tests	Setup, Configure and Build	2026-09-22T09:40:43.8744467Z 
unit-tests	Setup, Configure and Build	2026-09-22T09:40:43.8860529Z CMake Warning (dev) at external/rapidyaml/ext/c4core/cmake/c4Project.cmake:2746 (install):
unit-tests	Setup, Configure and Build	2026-09-22T09:40:43.8861648Z   Policy CMP0177 is not set: install() DESTINATION paths are normalized.  Run
unit-tests	Setup, Configure and Build	2026-09-22T09:40:43.8862186Z   "cmake --help-policy CMP0177" for policy details.  Use the cmake_policy
unit-tests	Setup, Configure and Build	2026-09-22T09:40:43.8862880Z   command to set the policy and suppress this warning.
unit-tests	Setup, Configure and Build	2026-09-22T09:40:43.8863347Z Call Stack (most recent call first):
unit-tests	Setup, Configure and Build	2026-09-22T09:40:43.8863956Z   external/rapidyaml/ext/c4core/cmake/c4Project.cmake:2777 (__c4_install_exports)
unit-tests	Setup, Configure and Build	2026-09-22T09:40:43.8864770Z   external/rapidyaml/ext/c4core/CMakeLists.txt:112 (c4_install_exports)
unit-tests	Setup, Configure and Build	2026-09-22T09:40:43.8865672Z This warning is for project developers.  Use -Wno-dev to suppress it.
unit-tests	Setup, Configure and Build	2026-09-22T09:40:43.8866108Z 
unit-tests	Setup, Configure and Build	2026-09-22T09:40:43.8932566Z -- ryml: -----> target ryml PUBLIC incorporating lib c4core
unit-tests	Setup, Configure and Build	2026-09-22T09:40:43.9043640Z CMake Warning (dev) at external/rapidyaml/ext/c4core/cmake/c4Project.cmake:2694 (install):
unit-tests	Setup, Configure and Build	2026-09-22T09:40:43.9044572Z   Policy CMP0177 is not set: install() DESTINATION paths are normalized.  Run
unit-tests	Setup, Configure and Build	2026-09-22T09:40:43.9045546Z   "cmake --help-policy CMP0177" for policy details.  Use the cmake_policy
unit-tests	Setup, Configure and Build	2026-09-22T09:40:43.9046210Z   command to set the policy and suppress this warning.
unit-tests	Setup, Configure and Build	2026-09-22T09:40:43.9046728Z Call Stack (most recent call first):
unit-tests	Setup, Configure and Build	2026-09-22T09:40:43.9047351Z   external/rapidyaml/ext/c4core/cmake/c4Project.cmake:2777 (__c4_install_exports)
unit-tests	Setup, Configure and Build	2026-09-22T09:40:43.9047870Z   external/rapidyaml/CMakeLists.txt:118 (c4_install_exports)
unit-tests	Setup, Configure and Build	2026-09-22T09:40:43.9048299Z This warning is for project developers.  Use -Wno-dev to suppress it.
unit-tests	Setup, Configure and Build	2026-09-22T09:40:43.9048575Z 
unit-tests	Setup, Configure and Build	2026-09-22T09:40:43.9057018Z CMake Warning (dev) at external/rapidyaml/ext/c4core/cmake/c4Project.cmake:2746 (install):
unit-tests	Setup, Configure and Build	2026-09-22T09:40:43.9057869Z   Policy CMP0177 is not set: install() DESTINATION paths are normalized.  Run
unit-tests	Setup, Configure and Build	2026-09-22T09:40:43.9058866Z   "cmake --help-policy CMP0177" for policy details.  Use the cmake_policy
unit-tests	Setup, Configure and Build	2026-09-22T09:40:43.9059650Z   command to set the policy and suppress this warning.
unit-tests	Setup, Configure and Build	2026-09-22T09:40:43.9060695Z Call Stack (most recent call first):
unit-tests	Setup, Configure and Build	2026-09-22T09:40:43.9061308Z   external/rapidyaml/ext/c4core/cmake/c4Project.cmake:2777 (__c4_install_exports)
unit-tests	Setup, Configure and Build	2026-09-22T09:40:43.9062277Z   external/rapidyaml/CMakeLists.txt:118 (c4_install_exports)
unit-tests	Setup, Configure and Build	2026-09-22T09:40:43.9062949Z This warning is for project developers.  Use -Wno-dev to suppress it.
unit-tests	Setup, Configure and Build	2026-09-22T09:40:43.9063308Z 
unit-tests	Setup, Configure and Build	2026-09-22T09:40:43.9986682Z -- The C compiler identification is GNU 13.3.0
unit-tests	Setup, Configure and Build	2026-09-22T09:40:44.0222706Z -- Detecting C compiler ABI info
unit-tests	Setup, Configure and Build	2026-09-22T09:40:44.0944170Z -- Detecting C compiler ABI info - done
unit-tests	Setup, Configure and Build	2026-09-22T09:40:44.1121319Z -- Check for working C compiler: /usr/bin/cc - skipped
unit-tests	Setup, Configure and Build	2026-09-22T09:40:44.1125259Z -- Detecting C compile features
unit-tests	Setup, Configure and Build	2026-09-22T09:40:44.1130353Z -- Detecting C compile features - done
unit-tests	Setup, Configure and Build	2026-09-22T09:40:44.1530282Z -- Performing Test CMAKE_HAVE_LIBC_PTHREAD
unit-tests	Setup, Configure and Build	2026-09-22T09:40:44.2287181Z -- Performing Test CMAKE_HAVE_LIBC_PTHREAD - Success
unit-tests	Setup, Configure and Build	2026-09-22T09:40:44.2400848Z -- Found Threads: TRUE
unit-tests	Setup, Configure and Build	2026-09-22T09:40:44.2443122Z -- Generating Multi-library -fsanitize=undefined
unit-tests	Setup, Configure and Build	2026-09-22T09:40:44.2569953Z -- tshark not found — skipping stack_codec_tshark validation
unit-tests	Setup, Configure and Build	2026-09-22T09:40:44.2577486Z -- Generating Multi-library -fsanitize=undefined
unit-tests	Setup, Configure and Build	2026-09-22T09:40:44.2626911Z -- Generating Multi-library -fsanitize=undefined
unit-tests	Setup, Configure and Build	2026-09-22T09:40:44.2705122Z -- Configuring done (1.4s)
unit-tests	Setup, Configure and Build	2026-09-22T09:40:44.4027963Z -- Generating done (0.1s)
unit-tests	Setup, Configure and Build	2026-09-22T09:40:44.4032954Z -- Build files have been written to: /home/runner/work/tsn-gen/tsn-gen/build
unit-tests	Setup, Configure and Build	2026-09-22T09:40:44.4408988Z [  1%] Building CXX object external/rapidyaml/subprojects/c4core/build/CMakeFiles/c4core.dir/src/c4/base64.cpp.o
unit-tests	Setup, Configure and Build	2026-09-22T09:40:44.4610501Z [  1%] Building CXX object external/googletest/googletest/CMakeFiles/gtest.dir/src/gtest-all.cc.o
unit-tests	Setup, Configure and Build	2026-09-22T09:40:44.4625971Z [  1%] Building CXX object external/rapidyaml/CMakeFiles/ryml.dir/src/c4/yml/common.cpp.o
unit-tests	Setup, Configure and Build	2026-09-22T09:40:44.4646490Z [  2%] Building CXX object tests/sanitizer/CMakeFiles/sanitizer_probe.dir/sanitizer_probe_lib.cpp.o
unit-tests	Setup, Configure and Build	2026-09-22T09:40:44.4824206Z [  2%] Linking CXX shared library libsanitizer_probe.so
unit-tests	Setup, Configure and Build	2026-09-22T09:40:44.5180147Z [  2%] Built target sanitizer_probe
unit-tests	Setup, Configure and Build	2026-09-22T09:40:44.5260254Z [  2%] Building CXX object tests/sanitizer/CMakeFiles/sanitizer_probe_ubsan.dir/sanitizer_probe_lib.cpp.o
unit-tests	Setup, Configure and Build	2026-09-22T09:40:44.5952990Z [  3%] Linking CXX shared library libsanitizer_probe_ubsan.so
unit-tests	Setup, Configure and Build	2026-09-22T09:40:44.6431516Z [  3%] Built target sanitizer_probe_ubsan
unit-tests	Setup, Configure and Build	2026-09-22T09:40:44.6559395Z [  3%] Building CXX object tests/sanitizer/CMakeFiles/sanitizer_probe_asan.dir/sanitizer_probe_lib.cpp.o
unit-tests	Setup, Configure and Build	2026-09-22T09:40:44.7107326Z [  4%] Linking CXX shared library libsanitizer_probe_asan.so
unit-tests	Setup, Configure and Build	2026-09-22T09:40:44.7536108Z [  4%] Built target sanitizer_probe_asan
unit-tests	Setup, Configure and Build	2026-09-22T09:40:44.7576253Z [  5%] Building CXX object external/rapidyaml/CMakeFiles/ryml.dir/src/c4/yml/node.cpp.o
unit-tests	Setup, Configure and Build	2026-09-22T09:40:45.1126448Z [  5%] Building CXX object external/rapidyaml/CMakeFiles/ryml.dir/src/c4/yml/node_type.cpp.o
unit-tests	Setup, Configure and Build	2026-09-22T09:40:45.1174557Z [  6%] Building CXX object external/rapidyaml/subprojects/c4core/build/CMakeFiles/c4core.dir/src/c4/char_traits.cpp.o
unit-tests	Setup, Configure and Build	2026-09-22T09:40:45.3535913Z [  7%] Building CXX object external/rapidyaml/subprojects/c4core/build/CMakeFiles/c4core.dir/src/c4/error.cpp.o
unit-tests	Setup, Configure and Build	2026-09-22T09:40:45.4413658Z [  7%] Building CXX object external/rapidyaml/subprojects/c4core/build/CMakeFiles/c4core.dir/src/c4/format.cpp.o
unit-tests	Setup, Configure and Build	2026-09-22T09:40:45.6286530Z [  7%] Building CXX object tests/sanitizer/CMakeFiles/sanitizer_probe-test_UBSAN.dir/sanitizer_probe_test.cpp.o
unit-tests	Setup, Configure and Build	2026-09-22T09:40:45.8702427Z [  8%] Linking CXX executable sanitizer_probe-test_UBSAN
unit-tests	Setup, Configure and Build	2026-09-22T09:40:46.0686765Z [  9%] Building CXX object external/rapidyaml/CMakeFiles/ryml.dir/src/c4/yml/parse.cpp.o
unit-tests	Setup, Configure and Build	2026-09-22T09:40:46.0886018Z [  9%] Built target sanitizer_probe-test_UBSAN
unit-tests	Setup, Configure and Build	2026-09-22T09:40:46.0916113Z [  9%] Building CXX object external/rapidyaml/CMakeFiles/ryml.dir/src/c4/yml/preprocess.cpp.o
unit-tests	Setup, Configure and Build	2026-09-22T09:40:46.0917542Z [ 10%] Building CXX object external/rapidyaml/subprojects/c4core/build/CMakeFiles/c4core.dir/src/c4/language.cpp.o
unit-tests	Setup, Configure and Build	2026-09-22T09:40:46.1156364Z [ 10%] Building CXX object external/rapidyaml/subprojects/c4core/build/CMakeFiles/c4core.dir/src/c4/memory_resource.cpp.o
unit-tests	Setup, Configure and Build	2026-09-22T09:40:46.3506378Z [ 11%] Building CXX object external/rapidyaml/subprojects/c4core/build/CMakeFiles/c4core.dir/src/c4/memory_util.cpp.o
unit-tests	Setup, Configure and Build	2026-09-22T09:40:46.4126548Z [ 11%] Building CXX object external/rapidyaml/subprojects/c4core/build/CMakeFiles/c4core.dir/src/c4/utf.cpp.o
unit-tests	Setup, Configure and Build	2026-09-22T09:40:46.7946704Z [ 12%] Building CXX object external/rapidyaml/CMakeFiles/ryml.dir/src/c4/yml/reference_resolver.cpp.o
unit-tests	Setup, Configure and Build	2026-09-22T09:40:47.0853925Z [ 13%] Building CXX object external/rapidyaml/subprojects/c4core/build/CMakeFiles/c4core.dir/src/c4/version.cpp.o
unit-tests	Setup, Configure and Build	2026-09-22T09:40:47.1096219Z [ 13%] Linking CXX shared library libc4core.so
unit-tests	Setup, Configure and Build	2026-09-22T09:40:47.1936385Z [ 13%] Built target c4core
unit-tests	Setup, Configure and Build	2026-09-22T09:40:47.2036436Z [ 14%] Building CXX object tests/sanitizer/CMakeFiles/sanitizer_probe-test_ASAN.dir/sanitizer_probe_test.cpp.o
unit-tests	Setup, Configure and Build	2026-09-22T09:40:47.4196083Z [ 15%] Linking CXX executable sanitizer_probe-test_ASAN
unit-tests	Setup, Configure and Build	2026-09-22T09:40:47.6197222Z [ 15%] Built target sanitizer_probe-test_ASAN
unit-tests	Setup, Configure and Build	2026-09-22T09:40:47.6302993Z [ 16%] Building CXX object tests/sanitizer/CMakeFiles/sanitizer_probe-test.dir/sanitizer_probe_test.cpp.o
unit-tests	Setup, Configure and Build	2026-09-22T09:40:47.7411636Z [ 16%] Building CXX object external/rapidyaml/CMakeFiles/ryml.dir/src/c4/yml/tag.cpp.o
unit-tests	Setup, Configure and Build	2026-09-22T09:40:47.8386049Z [ 16%] Linking CXX executable sanitizer_probe-test
unit-tests	Setup, Configure and Build	2026-09-22T09:40:47.9136026Z [ 16%] Built target sanitizer_probe-test
unit-tests	Setup, Configure and Build	2026-09-22T09:40:47.9156208Z [ 17%] Building CXX object external/rapidyaml/CMakeFiles/ryml.dir/src/c4/yml/tree.cpp.o
unit-tests	Setup, Configure and Build	2026-09-22T09:40:48.5886206Z [ 18%] Building CXX object external/rapidyaml/CMakeFiles/ryml.dir/src/c4/yml/version.cpp.o
unit-tests	Setup, Configure and Build	2026-09-22T09:40:48.6746459Z [ 18%] Building CXX object external/rapidyaml/CMakeFiles/ryml.dir/ext/c4core/src/c4/base64.cpp.o
unit-tests	Setup, Configure and Build	2026-09-22T09:40:49.2998320Z [ 19%] Building CXX object external/rapidyaml/CMakeFiles/ryml.dir/ext/c4core/src/c4/char_traits.cpp.o
unit-tests	Setup, Configure and Build	2026-09-22T09:40:49.3336366Z [ 19%] Building CXX object external/rapidyaml/CMakeFiles/ryml.dir/ext/c4core/src/c4/error.cpp.o
unit-tests	Setup, Configure and Build	2026-09-22T09:40:49.4176207Z [ 20%] Building CXX object external/rapidyaml/CMakeFiles/ryml.dir/ext/c4core/src/c4/format.cpp.o
unit-tests	Setup, Configure and Build	2026-09-22T09:40:49.5026547Z [ 20%] Building CXX object external/rapidyaml/CMakeFiles/ryml.dir/ext/c4core/src/c4/language.cpp.o
unit-tests	Setup, Configure and Build	2026-09-22T09:40:49.5256330Z [ 21%] Building CXX object external/rapidyaml/CMakeFiles/ryml.dir/ext/c4core/src/c4/memory_resource.cpp.o
unit-tests	Setup, Configure and Build	2026-09-22T09:40:49.7616673Z [ 22%] Building CXX object external/rapidyaml/CMakeFiles/ryml.dir/ext/c4core/src/c4/memory_util.cpp.o
unit-tests	Setup, Configure and Build	2026-09-22T09:40:49.8256394Z [ 22%] Building CXX object external/rapidyaml/CMakeFiles/ryml.dir/ext/c4core/src/c4/utf.cpp.o
unit-tests	Setup, Configure and Build	2026-09-22T09:40:50.0326538Z [ 23%] Building CXX object external/rapidyaml/CMakeFiles/ryml.dir/ext/c4core/src/c4/version.cpp.o
unit-tests	Setup, Configure and Build	2026-09-22T09:40:50.3596393Z [ 23%] Linking CXX shared library ../../../lib/libgtest.so
unit-tests	Setup, Configure and Build	2026-09-22T09:40:50.4516180Z [ 23%] Linking CXX shared library libryml.so
unit-tests	Setup, Configure and Build	2026-09-22T09:40:50.4927936Z [ 23%] Built target gtest
unit-tests	Setup, Configure and Build	2026-09-22T09:40:50.5034885Z [ 25%] Building CXX object external/googletest/googletest/CMakeFiles/gtest_main.dir/src/gtest_main.cc.o
unit-tests	Setup, Configure and Build	2026-09-22T09:40:50.5062543Z [ 25%] Building CXX object external/googletest/googlemock/CMakeFiles/gmock.dir/src/gmock-all.cc.o
unit-tests	Setup, Configure and Build	2026-09-22T09:40:50.5379727Z [ 25%] Built target ryml
unit-tests	Setup, Configure and Build	2026-09-22T09:40:50.5525939Z [ 25%] Building CXX object parser/CMakeFiles/protocol_parser.dir/src/log.cpp.o
unit-tests	Setup, Configure and Build	2026-09-22T09:40:50.5555647Z [ 25%] Building CXX object parser/CMakeFiles/protocol_parser_ubsan.dir/src/log.cpp.o
unit-tests	Setup, Configure and Build	2026-09-22T09:40:50.8596213Z [ 26%] Building CXX object parser/CMakeFiles/protocol_parser.dir/src/validator.cpp.o
unit-tests	Setup, Configure and Build	2026-09-22T09:40:50.9220138Z [ 27%] Building CXX object parser/CMakeFiles/protocol_parser_ubsan.dir/src/validator.cpp.o
unit-tests	Setup, Configure and Build	2026-09-22T09:40:51.6036249Z [ 28%] Linking CXX shared library ../../../lib/libgtest_main.so
unit-tests	Setup, Configure and Build	2026-09-22T09:40:51.6936235Z [ 28%] Built target gtest_main
unit-tests	Setup, Configure and Build	2026-09-22T09:40:51.7036256Z [ 28%] Building CXX object parser/CMakeFiles/protocol_parser_asan.dir/src/log.cpp.o
unit-tests	Setup, Configure and Build	2026-09-22T09:40:52.0310098Z [ 29%] Building CXX object parser/CMakeFiles/protocol_parser_asan.dir/src/validator.cpp.o
unit-tests	Setup, Configure and Build	2026-09-22T09:40:52.7997446Z [ 29%] Building CXX object parser/CMakeFiles/protocol_parser.dir/src/protocol_parser.cpp.o
unit-tests	Setup, Configure and Build	2026-09-22T09:40:52.9316246Z [ 29%] Linking CXX shared library ../../../lib/libgmock.so
unit-tests	Setup, Configure and Build	2026-09-22T09:40:53.0422268Z [ 29%] Built target gmock
unit-tests	Setup, Configure and Build	2026-09-22T09:40:53.0466007Z [ 30%] Building CXX object parser/CMakeFiles/protocol_parser.dir/src/protocol.cpp.o
unit-tests	Setup, Configure and Build	2026-09-22T09:40:53.5886434Z [ 30%] Building CXX object parser/CMakeFiles/protocol_parser_ubsan.dir/src/protocol_parser.cpp.o
unit-tests	Setup, Configure and Build	2026-09-22T09:40:54.3462983Z [ 31%] Building CXX object parser/CMakeFiles/protocol_parser_ubsan.dir/src/protocol.cpp.o
unit-tests	Setup, Configure and Build	2026-09-22T09:40:54.7616316Z [ 31%] Building CXX object parser/CMakeFiles/protocol_parser_asan.dir/src/protocol_parser.cpp.o
unit-tests	Setup, Configure and Build	2026-09-22T09:40:55.0650261Z [ 32%] Building CXX object parser/CMakeFiles/protocol_parser.dir/src/db_proto_if_impl.cpp.o
unit-tests	Setup, Configure and Build	2026-09-22T09:40:55.4656477Z [ 32%] Building CXX object parser/CMakeFiles/protocol_parser.dir/src/db_proto_impl.cpp.o
unit-tests	Setup, Configure and Build	2026-09-22T09:40:55.5966220Z [ 33%] Building CXX object parser/CMakeFiles/protocol_parser_asan.dir/src/protocol.cpp.o
unit-tests	Setup, Configure and Build	2026-09-22T09:40:56.4366402Z [ 33%] Building CXX object parser/tests/CMakeFiles/gtest_parser-test.dir/gtest.cpp.o
unit-tests	Setup, Configure and Build	2026-09-22T09:40:56.6016535Z [ 34%] Building CXX object parser/CMakeFiles/protocol_parser.dir/src/db_proto_service_impl.cpp.o
unit-tests	Setup, Configure and Build	2026-09-22T09:40:57.1393694Z [ 34%] Building CXX object parser/CMakeFiles/protocol_parser.dir/src/db_var_impl.cpp.o
unit-tests	Setup, Configure and Build	2026-09-22T09:40:57.2696464Z [ 34%] Building CXX object parser/CMakeFiles/protocol_parser_ubsan.dir/src/db_proto_if_impl.cpp.o
unit-tests	Setup, Configure and Build	2026-09-22T09:40:57.5395975Z [ 35%] Linking CXX executable gtest_parser-test
unit-tests	Setup, Configure and Build	2026-09-22T09:40:57.6586243Z [ 35%] Built target gtest_parser-test
unit-tests	Setup, Configure and Build	2026-09-22T09:40:57.6596627Z [ 36%] Building CXX object parser/CMakeFiles/protocol_parser.dir/src/logic_registry.cpp.o
unit-tests	Setup, Configure and Build	2026-09-22T09:40:57.7206412Z [ 37%] Building CXX object parser/CMakeFiles/protocol_parser_asan.dir/src/db_proto_if_impl.cpp.o
unit-tests	Setup, Configure and Build	2026-09-22T09:40:57.9546481Z [ 38%] Building CXX object parser/CMakeFiles/protocol_parser_ubsan.dir/src/db_proto_impl.cpp.o
unit-tests	Setup, Configure and Build	2026-09-22T09:40:58.2016362Z [ 38%] Building CXX object parser/CMakeFiles/protocol_parser.dir/src/stack.cpp.o
unit-tests	Setup, Configure and Build	2026-09-22T09:40:58.3047177Z [ 39%] Building CXX object parser/CMakeFiles/protocol_parser.dir/src/stack_builder.cpp.o
unit-tests	Setup, Configure and Build	2026-09-22T09:40:58.4464227Z [ 39%] Building CXX object parser/CMakeFiles/protocol_parser_asan.dir/src/db_proto_impl.cpp.o
unit-tests	Setup, Configure and Build	2026-09-22T09:40:58.5446595Z [ 40%] Building CXX object parser/CMakeFiles/protocol_parser_asan.dir/src/db_proto_service_impl.cpp.o
unit-tests	Setup, Configure and Build	2026-09-22T09:40:59.1708690Z [ 41%] Building CXX object external/googletest/googlemock/CMakeFiles/gmock_main.dir/src/gmock_main.cc.o
unit-tests	Setup, Configure and Build	2026-09-22T09:40:59.1755082Z [ 41%] Building CXX object parser/CMakeFiles/protocol_parser_ubsan.dir/src/db_proto_service_impl.cpp.o
unit-tests	Setup, Configure and Build	2026-09-22T09:40:59.5936382Z [ 41%] Building CXX object parser/CMakeFiles/protocol_parser_asan.dir/src/db_var_impl.cpp.o
unit-tests	Setup, Configure and Build	2026-09-22T09:40:59.8463086Z [ 42%] Building CXX object parser/CMakeFiles/protocol_parser_ubsan.dir/src/db_var_impl.cpp.o
unit-tests	Setup, Configure and Build	2026-09-22T09:40:59.8770155Z [ 42%] Linking CXX shared library libprotocol_parser.so
unit-tests	Setup, Configure and Build	2026-09-22T09:40:59.9936155Z [ 42%] Built target protocol_parser
unit-tests	Setup, Configure and Build	2026-09-22T09:40:59.9948493Z [ 43%] Building CXX object parser/CMakeFiles/protocol_parser_asan.dir/src/logic_registry.cpp.o
unit-tests	Setup, Configure and Build	2026-09-22T09:41:00.2789347Z [ 43%] Building CXX object parser/CMakeFiles/protocol_parser_asan.dir/src/stack.cpp.o
unit-tests	Setup, Configure and Build	2026-09-22T09:41:00.5506273Z [ 43%] Linking CXX shared library ../../../lib/libgmock_main.so
unit-tests	Setup, Configure and Build	2026-09-22T09:41:00.5768945Z [ 44%] Building CXX object parser/tests/CMakeFiles/protocol_parser-test.dir/protocol_parser_test.cpp.o
unit-tests	Setup, Configure and Build	2026-09-22T09:41:00.6136443Z [ 45%] Building CXX object parser/CMakeFiles/protocol_parser_ubsan.dir/src/logic_registry.cpp.o
unit-tests	Setup, Configure and Build	2026-09-22T09:41:00.6255242Z [ 45%] Built target gmock_main
unit-tests	Setup, Configure and Build	2026-09-22T09:41:00.6346201Z [ 46%] Building CXX object parser/tests/CMakeFiles/object_serializer-test.dir/object_serializer_test.cpp.o
unit-tests	Setup, Configure and Build	2026-09-22T09:41:00.6376056Z [ 47%] Building CXX object parser/CMakeFiles/protocol_parser_asan.dir/src/stack_builder.cpp.o
unit-tests	Setup, Configure and Build	2026-09-22T09:41:01.2602704Z [ 47%] Building CXX object parser/CMakeFiles/protocol_parser_ubsan.dir/src/stack.cpp.o
unit-tests	Setup, Configure and Build	2026-09-22T09:41:01.6346518Z [ 48%] Building CXX object parser/CMakeFiles/protocol_parser_ubsan.dir/src/stack_builder.cpp.o
unit-tests	Setup, Configure and Build	2026-09-22T09:41:02.4965643Z [ 49%] Linking CXX shared library libprotocol_parser_asan.so
unit-tests	Setup, Configure and Build	2026-09-22T09:41:02.5945822Z [ 50%] Linking CXX executable protocol_parser-test
unit-tests	Setup, Configure and Build	2026-09-22T09:41:02.6186053Z [ 50%] Built target protocol_parser_asan
unit-tests	Setup, Configure and Build	2026-09-22T09:41:02.6306356Z [ 50%] Building CXX object parser/tests/CMakeFiles/logic_registry-test.dir/logic_registry_test.cpp.o
unit-tests	Setup, Configure and Build	2026-09-22T09:41:02.7195134Z [ 50%] Built target protocol_parser-test
unit-tests	Setup, Configure and Build	2026-09-22T09:41:02.7333600Z [ 51%] Building CXX object parser/tests/CMakeFiles/stack_builder-test_ASAN.dir/stack_builder_test.cpp.o
unit-tests	Setup, Configure and Build	2026-09-22T09:41:02.8399075Z [ 51%] Linking CXX executable object_serializer-test
unit-tests	Setup, Configure and Build	2026-09-22T09:41:02.9669540Z [ 51%] Built target object_serializer-test
unit-tests	Setup, Configure and Build	2026-09-22T09:41:02.9806633Z [ 51%] Building CXX object parser/tests/CMakeFiles/stack_builder-test.dir/stack_builder_test.cpp.o
unit-tests	Setup, Configure and Build	2026-09-22T09:41:03.7036268Z [ 51%] Linking CXX shared library libprotocol_parser_ubsan.so
unit-tests	Setup, Configure and Build	2026-09-22T09:41:03.8366226Z [ 51%] Built target protocol_parser_ubsan
unit-tests	Setup, Configure and Build	2026-09-22T09:41:03.8466127Z [ 52%] Building CXX object parser/tests/CMakeFiles/validator-test_ASAN.dir/validator_test.cpp.o
unit-tests	Setup, Configure and Build	2026-09-22T09:41:04.1346032Z [ 53%] Linking CXX executable logic_registry-test
unit-tests	Setup, Configure and Build	2026-09-22T09:41:04.2496211Z [ 53%] Built target logic_registry-test
unit-tests	Setup, Configure and Build	2026-09-22T09:41:04.2585719Z [ 54%] Building CXX object parser/tests/CMakeFiles/validator-test.dir/validator_test.cpp.o
unit-tests	Setup, Configure and Build	2026-09-22T09:41:05.2396197Z [ 54%] Linking CXX executable validator-test_ASAN
unit-tests	Setup, Configure and Build	2026-09-22T09:41:05.2876032Z [ 54%] Linking CXX executable stack_builder-test_ASAN
unit-tests	Setup, Configure and Build	2026-09-22T09:41:05.3638955Z [ 55%] Linking CXX executable stack_builder-test
unit-tests	Setup, Configure and Build	2026-09-22T09:41:05.4506179Z [ 55%] Built target validator-test_ASAN
unit-tests	Setup, Configure and Build	2026-09-22T09:41:05.4575968Z [ 55%] Built target stack_builder-test_ASAN
unit-tests	Setup, Configure and Build	2026-09-22T09:41:05.4606001Z [ 55%] Building CXX object logic/CMakeFiles/protocol_logic.dir/src/ethernet_frame_logic.cpp.o
unit-tests	Setup, Configure and Build	2026-09-22T09:41:05.4662246Z [ 56%] Building CXX object traffic-gen/CMakeFiles/traffic_gen.dir/src/packet_builder.cpp.o
unit-tests	Setup, Configure and Build	2026-09-22T09:41:05.4845911Z [ 56%] Built target stack_builder-test
unit-tests	Setup, Configure and Build	2026-09-22T09:41:05.4946020Z [ 57%] Building CXX object traffic-gen/CMakeFiles/traffic_gen_ubsan.dir/src/packet_builder.cpp.o
unit-tests	Setup, Configure and Build	2026-09-22T09:41:05.5466062Z [ 57%] Linking CXX executable validator-test
unit-tests	Setup, Configure and Build	2026-09-22T09:41:05.6565431Z [ 57%] Built target validator-test
unit-tests	Setup, Configure and Build	2026-09-22T09:41:05.6596016Z [ 57%] Building CXX object traffic-gen/CMakeFiles/traffic_gen_ubsan.dir/src/packet_decoder.cpp.o
unit-tests	Setup, Configure and Build	2026-09-22T09:41:05.9662386Z [ 58%] Building CXX object logic/CMakeFiles/protocol_logic.dir/src/avtp_control_logic.cpp.o
unit-tests	Setup, Configure and Build	2026-09-22T09:41:06.3286887Z [ 58%] Building CXX object traffic-gen/CMakeFiles/traffic_gen.dir/src/packet_decoder.cpp.o
unit-tests	Setup, Configure and Build	2026-09-22T09:41:06.4842034Z [ 58%] Building CXX object logic/CMakeFiles/protocol_logic.dir/src/aecp_aem_logic.cpp.o
unit-tests	Setup, Configure and Build	2026-09-22T09:41:06.5236325Z [ 59%] Building CXX object traffic-gen/CMakeFiles/traffic_gen.dir/src/pcap_sender.cpp.o
unit-tests	Setup, Configure and Build	2026-09-22T09:41:06.5266976Z [ 60%] Building CXX object traffic-gen/CMakeFiles/traffic_gen_ubsan.dir/src/pcap_sender.cpp.o
unit-tests	Setup, Configure and Build	2026-09-22T09:41:06.8426434Z [ 60%] Building CXX object traffic-gen/CMakeFiles/traffic_gen_asan.dir/src/packet_builder.cpp.o
unit-tests	Setup, Configure and Build	2026-09-22T09:41:06.8930099Z [ 60%] Building CXX object traffic-gen/CMakeFiles/traffic_gen_ubsan.dir/src/pcap_receiver.cpp.o
unit-tests	Setup, Configure and Build	2026-09-22T09:41:07.0060757Z [ 61%] Linking CXX shared library libprotocol_logic.so
unit-tests	Setup, Configure and Build	2026-09-22T09:41:07.0726215Z [ 62%] Building CXX object traffic-gen/CMakeFiles/traffic_gen.dir/src/pcap_receiver.cpp.o
unit-tests	Setup, Configure and Build	2026-09-22T09:41:07.0996017Z [ 62%] Built target protocol_logic
unit-tests	Setup, Configure and Build	2026-09-22T09:41:07.1030690Z [ 63%] Building CXX object traffic-gen/CMakeFiles/traffic_gen_ubsan.dir/src/raw_socket_sender.cpp.o
unit-tests	Setup, Configure and Build	2026-09-22T09:41:07.4126466Z [ 63%] Building CXX object parser/tests/CMakeFiles/protocol_parser-test_UBSAN.dir/protocol_parser_test.cpp.o
unit-tests	Setup, Configure and Build	2026-09-22T09:41:07.5030143Z [ 63%] Building CXX object traffic-gen/CMakeFiles/traffic_gen.dir/src/raw_socket_sender.cpp.o
unit-tests	Setup, Configure and Build	2026-09-22T09:41:07.6046313Z [ 63%] Building CXX object traffic-gen/CMakeFiles/traffic_gen_ubsan.dir/src/raw_socket_receiver.cpp.o
unit-tests	Setup, Configure and Build	2026-09-22T09:41:07.7796187Z [ 64%] Building CXX object traffic-gen/CMakeFiles/traffic_gen_asan.dir/src/packet_decoder.cpp.o
unit-tests	Setup, Configure and Build	2026-09-22T09:41:07.9116533Z [ 65%] Building CXX object traffic-gen/CMakeFiles/traffic_gen.dir/src/raw_socket_receiver.cpp.o
unit-tests	Setup, Configure and Build	2026-09-22T09:41:08.1355109Z [ 66%] Building CXX object traffic-gen/CMakeFiles/traffic_gen_ubsan.dir/src/verilator_sender.cpp.o
unit-tests	Setup, Configure and Build	2026-09-22T09:41:08.3456667Z [ 66%] Building CXX object traffic-gen/CMakeFiles/traffic_gen.dir/src/verilator_sender.cpp.o
unit-tests	Setup, Configure and Build	2026-09-22T09:41:08.5866474Z [ 67%] Building CXX object traffic-gen/CMakeFiles/traffic_gen_asan.dir/src/pcap_sender.cpp.o
unit-tests	Setup, Configure and Build	2026-09-22T09:41:08.6595579Z [ 67%] Building CXX object traffic-gen/CMakeFiles/traffic_gen_ubsan.dir/src/verilator_receiver.cpp.o
unit-tests	Setup, Configure and Build	2026-09-22T09:41:08.7766593Z [ 68%] Building CXX object traffic-gen/CMakeFiles/traffic_gen.dir/src/verilator_receiver.cpp.o
unit-tests	Setup, Configure and Build	2026-09-22T09:41:08.9206513Z [ 68%] Building CXX object traffic-gen/CMakeFiles/traffic_gen_asan.dir/src/pcap_receiver.cpp.o
unit-tests	Setup, Configure and Build	2026-09-22T09:41:09.2306307Z [ 69%] Building CXX object traffic-gen/CMakeFiles/traffic_gen.dir/src/traffic_generator.cpp.o
unit-tests	Setup, Configure and Build	2026-09-22T09:41:09.2336311Z [ 69%] Building CXX object traffic-gen/CMakeFiles/traffic_gen_ubsan.dir/src/traffic_generator.cpp.o
unit-tests	Setup, Configure and Build	2026-09-22T09:41:09.3857492Z [ 70%] Building CXX object traffic-gen/CMakeFiles/traffic_gen_asan.dir/src/raw_socket_sender.cpp.o
unit-tests	Setup, Configure and Build	2026-09-22T09:41:09.7826385Z [ 71%] Linking CXX executable protocol_parser-test_UBSAN
unit-tests	Setup, Configure and Build	2026-09-22T09:41:09.8256463Z [ 71%] Building CXX object traffic-gen/CMakeFiles/traffic_gen_asan.dir/src/raw_socket_receiver.cpp.o
unit-tests	Setup, Configure and Build	2026-09-22T09:41:09.9607118Z [ 71%] Built target protocol_parser-test_UBSAN
unit-tests	Setup, Configure and Build	2026-09-22T09:41:09.9650056Z [ 72%] Building CXX object traffic-gen/CMakeFiles/traffic_gen.dir/src/session.cpp.o
unit-tests	Setup, Configure and Build	2026-09-22T09:41:10.2976246Z [ 73%] Building CXX object traffic-gen/CMakeFiles/traffic_gen_asan.dir/src/verilator_sender.cpp.o
unit-tests	Setup, Configure and Build	2026-09-22T09:41:10.6806639Z [ 73%] Building CXX object parser/tests/CMakeFiles/protocol_parser-test_ASAN.dir/protocol_parser_test.cpp.o
unit-tests	Setup, Configure and Build	2026-09-22T09:41:10.7606242Z [ 73%] Building CXX object traffic-gen/CMakeFiles/traffic_gen_asan.dir/src/verilator_receiver.cpp.o
unit-tests	Setup, Configure and Build	2026-09-22T09:41:10.8236462Z [ 74%] Building CXX object traffic-gen/CMakeFiles/traffic_gen_ubsan.dir/src/session.cpp.o
unit-tests	Setup, Configure and Build	2026-09-22T09:41:11.2556460Z [ 75%] Building CXX object traffic-gen/CMakeFiles/traffic_gen_asan.dir/src/traffic_generator.cpp.o
unit-tests	Setup, Configure and Build	2026-09-22T09:41:11.9246288Z [ 76%] Linking CXX shared library libtraffic_gen.so
unit-tests	Setup, Configure and Build	2026-09-22T09:41:12.0320289Z [ 76%] Built target traffic_gen
unit-tests	Setup, Configure and Build	2026-09-22T09:41:12.0381962Z [ 76%] Building CXX object traffic-gen/CMakeFiles/traffic_gen_asan.dir/src/session.cpp.o
unit-tests	Setup, Configure and Build	2026-09-22T09:41:12.7356492Z [ 77%] Building CXX object parser/tests/CMakeFiles/object_serializer-test_UBSAN.dir/object_serializer_test.cpp.o
unit-tests	Setup, Configure and Build	2026-09-22T09:41:12.7866109Z [ 78%] Linking CXX executable protocol_parser-test_ASAN
unit-tests	Setup, Configure and Build	2026-09-22T09:41:12.9726041Z [ 78%] Built target protocol_parser-test_ASAN
unit-tests	Setup, Configure and Build	2026-09-22T09:41:13.0027569Z [ 79%] Building CXX object parser/tests/CMakeFiles/object_serializer-test_ASAN.dir/object_serializer_test.cpp.o
unit-tests	Setup, Configure and Build	2026-09-22T09:41:13.4406080Z [ 79%] Linking CXX shared library libtraffic_gen_ubsan.so
unit-tests	Setup, Configure and Build	2026-09-22T09:41:13.5575919Z [ 79%] Built target traffic_gen_ubsan
unit-tests	Setup, Configure and Build	2026-09-22T09:41:13.5676688Z [ 79%] Building CXX object parser/tests/CMakeFiles/logic_registry-test_UBSAN.dir/logic_registry_test.cpp.o
unit-tests	Setup, Configure and Build	2026-09-22T09:41:14.1846077Z [ 80%] Linking CXX shared library libtraffic_gen_asan.so
unit-tests	Setup, Configure and Build	2026-09-22T09:41:14.2865916Z [ 80%] Built target traffic_gen_asan
unit-tests	Setup, Configure and Build	2026-09-22T09:41:14.2996517Z [ 80%] Building CXX object parser/tests/CMakeFiles/logic_registry-test_ASAN.dir/logic_registry_test.cpp.o
unit-tests	Setup, Configure and Build	2026-09-22T09:41:15.3956222Z [ 81%] Linking CXX executable logic_registry-test_UBSAN
unit-tests	Setup, Configure and Build	2026-09-22T09:41:15.3975759Z [ 81%] Linking CXX executable object_serializer-test_ASAN
unit-tests	Setup, Configure and Build	2026-09-22T09:41:15.4376029Z [ 81%] Linking CXX executable object_serializer-test_UBSAN
unit-tests	Setup, Configure and Build	2026-09-22T09:41:15.5136303Z [ 81%] Built target logic_registry-test_UBSAN
unit-tests	Setup, Configure and Build	2026-09-22T09:41:15.5287008Z [ 82%] Building CXX object parser/tests/CMakeFiles/stack_builder-test_UBSAN.dir/stack_builder_test.cpp.o
unit-tests	Setup, Configure and Build	2026-09-22T09:41:15.5386070Z [ 82%] Built target object_serializer-test_ASAN
unit-tests	Setup, Configure and Build	2026-09-22T09:41:15.5510344Z [ 83%] Building CXX object parser/tests/CMakeFiles/validator-test_UBSAN.dir/validator_test.cpp.o
unit-tests	Setup, Configure and Build	2026-09-22T09:41:15.5613349Z [ 83%] Built target object_serializer-test_UBSAN
unit-tests	Setup, Configure and Build	2026-09-22T09:41:15.5734583Z [ 84%] Building CXX object logic/tests/CMakeFiles/ethernet_frame_logic-test.dir/ethernet_frame_logic_test.cpp.o
unit-tests	Setup, Configure and Build	2026-09-22T09:41:15.9436255Z [ 85%] Linking CXX executable logic_registry-test_ASAN
unit-tests	Setup, Configure and Build	2026-09-22T09:41:16.1006422Z [ 85%] Built target logic_registry-test_ASAN
unit-tests	Setup, Configure and Build	2026-09-22T09:41:16.1216920Z [ 86%] Building CXX object logic/tests/CMakeFiles/stack_codec-test.dir/stack_codec_test.cpp.o
unit-tests	Setup, Configure and Build	2026-09-22T09:41:17.0666270Z [ 87%] Linking CXX executable validator-test_UBSAN
unit-tests	Setup, Configure and Build	2026-09-22T09:41:17.1771452Z [ 87%] Built target validator-test_UBSAN
unit-tests	Setup, Configure and Build	2026-09-22T09:41:17.1896037Z [ 88%] Building CXX object traffic-gen/CMakeFiles/packet_gen.dir/tools/packet_gen_main.cpp.o
unit-tests	Setup, Configure and Build	2026-09-22T09:41:17.7986350Z [ 88%] Linking CXX executable ethernet_frame_logic-test
unit-tests	Setup, Configure and Build	2026-09-22T09:41:17.9106328Z [ 88%] Built target ethernet_frame_logic-test
unit-tests	Setup, Configure and Build	2026-09-22T09:41:17.9226274Z [ 88%] Building CXX object traffic-gen/tests/CMakeFiles/traffic_gen-test_UBSAN.dir/traffic_gen_test.cpp.o
unit-tests	Setup, Configure and Build	2026-09-22T09:41:18.4126224Z [ 88%] Linking CXX executable stack_builder-test_UBSAN
unit-tests	Setup, Configure and Build	2026-09-22T09:41:18.5489653Z [ 88%] Built target stack_builder-test_UBSAN
unit-tests	Setup, Configure and Build	2026-09-22T09:41:18.5596324Z [ 88%] Building CXX object traffic-gen/tests/CMakeFiles/traffic_gen-test_ASAN.dir/traffic_gen_test.cpp.o
unit-tests	Setup, Configure and Build	2026-09-22T09:41:18.6310621Z [ 88%] Linking CXX executable stack_codec-test
unit-tests	Setup, Configure and Build	2026-09-22T09:41:18.7636520Z [ 88%] Built target stack_codec-test
unit-tests	Setup, Configure and Build	2026-09-22T09:41:18.7742425Z [ 88%] Building CXX object traffic-gen/tests/CMakeFiles/traffic_gen-test.dir/traffic_gen_test.cpp.o
unit-tests	Setup, Configure and Build	2026-09-22T09:41:19.2506277Z [ 89%] Linking CXX executable packet_gen
unit-tests	Setup, Configure and Build	2026-09-22T09:41:19.3525993Z [ 89%] Built target packet_gen
unit-tests	Setup, Configure and Build	2026-09-22T09:41:19.3646151Z [ 89%] Building CXX object traffic-gen/tests/CMakeFiles/adp_fuzz-test_UBSAN.dir/adp_fuzz_test.cpp.o
unit-tests	Setup, Configure and Build	2026-09-22T09:41:21.0735975Z [ 90%] Linking CXX executable traffic_gen-test_UBSAN
unit-tests	Setup, Configure and Build	2026-09-22T09:41:21.2045214Z [ 90%] Built target traffic_gen-test_UBSAN
unit-tests	Setup, Configure and Build	2026-09-22T09:41:21.2152920Z [ 90%] Building CXX object traffic-gen/tests/CMakeFiles/adp_fuzz-test_ASAN.dir/adp_fuzz_test.cpp.o
unit-tests	Setup, Configure and Build	2026-09-22T09:41:21.2555927Z [ 91%] Linking CXX executable traffic_gen-test
unit-tests	Setup, Configure and Build	2026-09-22T09:41:21.2956410Z [ 92%] Linking CXX executable traffic_gen-test_ASAN
unit-tests	Setup, Configure and Build	2026-09-22T09:41:21.3920104Z [ 92%] Built target traffic_gen-test
unit-tests	Setup, Configure and Build	2026-09-22T09:41:21.4047383Z [ 92%] Building CXX object traffic-gen/tests/CMakeFiles/adp_fuzz-test.dir/adp_fuzz_test.cpp.o
unit-tests	Setup, Configure and Build	2026-09-22T09:41:21.4445781Z [ 92%] Built target traffic_gen-test_ASAN
unit-tests	Setup, Configure and Build	2026-09-22T09:41:21.4565984Z [ 93%] Building CXX object traffic-gen/tests/CMakeFiles/ptp_flags-test_UBSAN.dir/ptp_flags_test.cpp.o
unit-tests	Setup, Configure and Build	2026-09-22T09:41:22.4146029Z [ 94%] Linking CXX executable adp_fuzz-test_UBSAN
unit-tests	Setup, Configure and Build	2026-09-22T09:41:22.5565969Z [ 94%] Built target adp_fuzz-test_UBSAN
unit-tests	Setup, Configure and Build	2026-09-22T09:41:22.5686361Z [ 95%] Building CXX object traffic-gen/tests/CMakeFiles/ptp_flags-test_ASAN.dir/ptp_flags_test.cpp.o
unit-tests	Setup, Configure and Build	2026-09-22T09:41:23.9176170Z [ 96%] Linking CXX executable adp_fuzz-test
unit-tests	Setup, Configure and Build	2026-09-22T09:41:23.9655966Z [ 97%] Linking CXX executable adp_fuzz-test_ASAN
unit-tests	Setup, Configure and Build	2026-09-22T09:41:24.0515961Z [ 97%] Built target adp_fuzz-test
unit-tests	Setup, Configure and Build	2026-09-22T09:41:24.0636234Z [ 98%] Building CXX object traffic-gen/tests/CMakeFiles/ptp_flags-test.dir/ptp_flags_test.cpp.o
unit-tests	Setup, Configure and Build	2026-09-22T09:41:24.1284022Z [ 98%] Built target adp_fuzz-test_ASAN
unit-tests	Setup, Configure and Build	2026-09-22T09:41:24.2795159Z [100%] Linking CXX executable ptp_flags-test_UBSAN
unit-tests	Setup, Configure and Build	2026-09-22T09:41:24.3625555Z [100%] Built target ptp_flags-test_UBSAN
unit-tests	Setup, Configure and Build	2026-09-22T09:41:24.9008566Z [100%] Linking CXX executable ptp_flags-test_ASAN
unit-tests	Setup, Configure and Build	2026-09-22T09:41:24.9924707Z [100%] Built target ptp_flags-test_ASAN
unit-tests	Setup, Configure and Build	2026-09-22T09:41:25.7187062Z [100%] Linking CXX executable ptp_flags-test
unit-tests	Setup, Configure and Build	2026-09-22T09:41:25.8019522Z [100%] Built target ptp_flags-test
unit-tests	Setup, Configure and Build	2026-09-22T09:41:25.9841521Z Executing software test suite
unit-tests	Setup, Configure and Build	2026-09-22T09:41:25.9842221Z Test location: /home/runner/work/tsn-gen/tsn-gen/tests/../build
unit-tests	Setup, Configure and Build	2026-09-22T09:41:26.4352100Z Test project /home/runner/work/tsn-gen/tsn-gen/build
unit-tests	Setup, Configure and Build	2026-09-22T09:41:26.5052058Z         Start   1: ParserUsingTest.Version
unit-tests	Setup, Configure and Build	2026-09-22T09:41:26.5151383Z   1/292 Test   #1: ParserUsingTest.Version .................................   Passed    0.00 sec
unit-tests	Setup, Configure and Build	2026-09-22T09:41:26.5207160Z         Start   2: ParserUsingTest.BasePath
unit-tests	Setup, Configure and Build	2026-09-22T09:41:26.5248404Z   2/292 Test   #2: ParserUsingTest.BasePath ................................   Passed    0.00 sec
unit-tests	Setup, Configure and Build	2026-09-22T09:41:26.5250046Z         Start   3: Parser.InvalidPathInt
unit-tests	Setup, Configure and Build	2026-09-22T09:41:26.5289634Z   3/292 Test   #3: Parser.InvalidPathInt ...................................   Passed    0.00 sec
unit-tests	Setup, Configure and Build	2026-09-22T09:41:26.5290950Z         Start   4: Parser.VarCreation
unit-tests	Setup, Configure and Build	2026-09-22T09:41:26.5330904Z   4/292 Test   #4: Parser.VarCreation ......................................   Passed    0.00 sec
unit-tests	Setup, Configure and Build	2026-09-22T09:41:26.5332539Z         Start   5: Parser.VarCreationTooSmall
unit-tests	Setup, Configure and Build	2026-09-22T09:41:26.5371314Z   5/292 Test   #5: Parser.VarCreationTooSmall ..............................   Passed    0.00 sec
unit-tests	Setup, Configure and Build	2026-09-22T09:41:26.5372546Z         Start   6: Parser.listFiles
unit-tests	Setup, Configure and Build	2026-09-22T09:41:26.5418029Z   6/292 Test   #6: Parser.listFiles ........................................   Passed    0.00 sec
unit-tests	Setup, Configure and Build	2026-09-22T09:41:26.5419379Z         Start   7: Parser.VerifyDepth
unit-tests	Setup, Configure and Build	2026-09-22T09:41:26.5466206Z   7/292 Test   #7: Parser.VerifyDepth ......................................   Passed    0.00 sec
unit-tests	Setup, Configure and Build	2026-09-22T09:41:26.5467848Z         Start   8: Parser.DivergingPath
unit-tests	Setup, Configure and Build	2026-09-22T09:41:26.5533603Z   8/292 Test   #8: Parser.DivergingPath ....................................   Passed    0.01 sec
unit-tests	Setup, Configure and Build	2026-09-22T09:41:26.5535243Z         Start   9: Parser.ParsingProtocolNameInvalid
unit-tests	Setup, Configure and Build	2026-09-22T09:41:26.5579031Z   9/292 Test   #9: Parser.ParsingProtocolNameInvalid .......................   Passed    0.00 sec
unit-tests	Setup, Configure and Build	2026-09-22T09:41:26.5580473Z         Start  10: ParserUsingTest.Version
unit-tests	Setup, Configure and Build	2026-09-22T09:41:26.5713031Z  10/292 Test  #10: ParserUsingTest.Version .................................   Passed    0.01 sec
unit-tests	Setup, Configure and Build	2026-09-22T09:41:26.5714593Z         Start  11: ParserUsingTest.BasePath
unit-tests	Setup, Configure and Build	2026-09-22T09:41:26.5836862Z  11/292 Test  #11: ParserUsingTest.BasePath ................................   Passed    0.01 sec
unit-tests	Setup, Configure and Build	2026-09-22T09:41:26.5838137Z         Start  12: Parser.InvalidPathInt
unit-tests	Setup, Configure and Build	2026-09-22T09:41:26.5981482Z  12/292 Test  #12: Parser.InvalidPathInt ...................................   Passed    0.01 sec
unit-tests	Setup, Configure and Build	2026-09-22T09:41:26.5982330Z         Start  13: Parser.VarCreation
unit-tests	Setup, Configure and Build	2026-09-22T09:41:26.6115735Z  13/292 Test  #13: Parser.VarCreation ......................................   Passed    0.01 sec
unit-tests	Setup, Configure and Build	2026-09-22T09:41:26.6117062Z         Start  14: Parser.VarCreationTooSmall
unit-tests	Setup, Configure and Build	2026-09-22T09:41:26.6254530Z  14/292 Test  #14: Parser.VarCreationTooSmall ..............................   Passed    0.01 sec
unit-tests	Setup, Configure and Build	2026-09-22T09:41:26.6255895Z         Start  15: Parser.listFiles
unit-tests	Setup, Configure and Build	2026-09-22T09:41:26.6410879Z  15/292 Test  #15: Parser.listFiles ........................................   Passed    0.02 sec
unit-tests	Setup, Configure and Build	2026-09-22T09:41:26.6412778Z         Start  16: Parser.VerifyDepth
unit-tests	Setup, Configure and Build	2026-09-22T09:41:26.6582516Z  16/292 Test  #16: Parser.VerifyDepth ......................................   Passed    0.02 sec
unit-tests	Setup, Configure and Build	2026-09-22T09:41:26.6584521Z         Start  17: Parser.DivergingPath
unit-tests	Setup, Configure and Build	2026-09-22T09:41:26.6807003Z  17/292 Test  #17: Parser.DivergingPath ....................................   Passed    0.02 sec
unit-tests	Setup, Configure and Build	2026-09-22T09:41:26.6811062Z         Start  18: Parser.ParsingProtocolNameInvalid
unit-tests	Setup, Configure and Build	2026-09-22T09:41:26.6979448Z  18/292 Test  #18: Parser.ParsingProtocolNameInvalid .......................   Passed    0.02 sec
unit-tests	Setup, Configure and Build	2026-09-22T09:41:26.6980518Z         Start  19: ParserUsingTest.Version
unit-tests	Setup, Configure and Build	2026-09-22T09:41:26.7023093Z  19/292 Test  #19: ParserUsingTest.Version .................................   Passed    0.00 sec
unit-tests	Setup, Configure and Build	2026-09-22T09:41:26.7025128Z         Start  20: ParserUsingTest.BasePath
unit-tests	Setup, Configure and Build	2026-09-22T09:41:26.7079347Z  20/292 Test  #20: ParserUsingTest.BasePath ................................   Passed    0.01 sec
unit-tests	Setup, Configure and Build	2026-09-22T09:41:26.7080758Z         Start  21: Parser.InvalidPathInt
unit-tests	Setup, Configure and Build	2026-09-22T09:41:26.7116653Z  21/292 Test  #21: Parser.InvalidPathInt ...................................   Passed    0.00 sec
unit-tests	Setup, Configure and Build	2026-09-22T09:41:26.7118022Z         Start  22: Parser.VarCreation
unit-tests	Setup, Configure and Build	2026-09-22T09:41:26.7149870Z  22/292 Test  #22: Parser.VarCreation ......................................   Passed    0.00 sec
unit-tests	Setup, Configure and Build	2026-09-22T09:41:26.7151600Z         Start  23: Parser.VarCreationTooSmall
unit-tests	Setup, Configure and Build	2026-09-22T09:41:26.7181750Z  23/292 Test  #23: Parser.VarCreationTooSmall ..............................   Passed    0.00 sec
unit-tests	Setup, Configure and Build	2026-09-22T09:41:26.7183241Z         Start  24: Parser.listFiles
unit-tests	Setup, Configure and Build	2026-09-22T09:41:26.7217522Z  24/292 Test  #24: Parser.listFiles ........................................   Passed    0.00 sec
unit-tests	Setup, Configure and Build	2026-09-22T09:41:26.7219162Z         Start  25: Parser.VerifyDepth
unit-tests	Setup, Configure and Build	2026-09-22T09:41:26.7254111Z  25/292 Test  #25: Parser.VerifyDepth ......................................   Passed    0.00 sec
unit-tests	Setup, Configure and Build	2026-09-22T09:41:26.7255803Z         Start  26: Parser.DivergingPath
unit-tests	Setup, Configure and Build	2026-09-22T09:41:26.7311274Z  26/292 Test  #26: Parser.DivergingPath ....................................   Passed    0.01 sec
unit-tests	Setup, Configure and Build	2026-09-22T09:41:26.7312708Z         Start  27: Parser.ParsingProtocolNameInvalid
unit-tests	Setup, Configure and Build	2026-09-22T09:41:26.7347881Z  27/292 Test  #27: Parser.ParsingProtocolNameInvalid .......................   Passed    0.00 sec
unit-tests	Setup, Configure and Build	2026-09-22T09:41:26.7349261Z         Start  28: ObjectSerializer.ParseSimpleProtocol
unit-tests	Setup, Configure and Build	2026-09-22T09:41:26.7396272Z  28/292 Test  #28: ObjectSerializer.ParseSimpleProtocol ....................   Passed    0.00 sec
unit-tests	Setup, Configure and Build	2026-09-22T09:41:26.7397737Z         Start  29: ObjectSerializer.ParseSimpleProtocolVarCount
unit-tests	Setup, Configure and Build	2026-09-22T09:41:26.7441853Z  29/292 Test  #29: ObjectSerializer.ParseSimpleProtocolVarCount ............   Passed    0.00 sec
unit-tests	Setup, Configure and Build	2026-09-22T09:41:26.7443202Z         Start  30: ObjectSerializer.ParseSimpleProtocolVarName
unit-tests	Setup, Configure and Build	2026-09-22T09:41:26.7486061Z  30/292 Test  #30: ObjectSerializer.ParseSimpleProtocolVarName .............   Passed    0.00 sec
unit-tests	Setup, Configure and Build	2026-09-22T09:41:26.7487506Z         Start  31: ObjectSerializer.ParseSimpleProtocolVarSize
unit-tests	Setup, Configure and Build	2026-09-22T09:41:26.7531004Z  31/292 Test  #31: ObjectSerializer.ParseSimpleProtocolVarSize .............   Passed    0.00 sec
unit-tests	Setup, Configure and Build	2026-09-22T09:41:26.7532383Z         Start  32: ObjectSerializer.ParseSimpleProtocolVarExpectedValues
unit-tests	Setup, Configure and Build	2026-09-22T09:41:26.7578425Z  32/292 Test  #32: ObjectSerializer.ParseSimpleProtocolVarExpectedValues ...   Passed    0.00 sec
unit-tests	Setup, Configure and Build	2026-09-22T09:41:26.7579806Z         Start  33: ObjectSerializer.ParseSimpleProtocolIfaceCount
unit-tests	Setup, Configure and Build	2026-09-22T09:41:26.7625562Z  33/292 Test  #33: ObjectSerializer.ParseSimpleProtocolIfaceCount ..........   Passed    0.00 sec
unit-tests	Setup, Configure and Build	2026-09-22T09:41:26.7627134Z         Start  34: ObjectSerializer.ParseSimpleProtocolIfaceName
unit-tests	Setup, Configure and Build	2026-09-22T09:41:26.7672130Z  34/292 Test  #34: ObjectSerializer.ParseSimpleProtocolIfaceName ...........   Passed    0.00 sec
unit-tests	Setup, Configure and Build	2026-09-22T09:41:26.7673720Z         Start  35: ObjectSerializer.ParseSimpleProtocolIfaceDirection
unit-tests	Setup, Configure and Build	2026-09-22T09:41:26.7718530Z  35/292 Test  #35: ObjectSerializer.ParseSimpleProtocolIfaceDirection ......   Passed    0.00 sec
unit-tests	Setup, Configure and Build	2026-09-22T09:41:26.7720021Z         Start  36: ObjectSerializer.ParseSimpleProtocolIfaceVarRef
unit-tests	Setup, Configure and Build	2026-09-22T09:41:26.7762720Z  36/292 Test  #36: ObjectSerializer.ParseSimpleProtocolIfaceVarRef .........   Passed    0.00 sec
unit-tests	Setup, Configure and Build	2026-09-22T09:41:26.7764191Z         Start  37: ObjectSerializer.ParseSimpleProtocolServiceNoLogic
unit-tests	Setup, Configure and Build	2026-09-22T09:41:26.7808529Z  37/292 Test  #37: ObjectSerializer.ParseSimpleProtocolServiceNoLogic ......   Passed    0.00 sec
unit-tests	Setup, Configure and Build	2026-09-22T09:41:26.7810050Z         Start  38: ObjectSerializer.ParseProtocolWithLogicName
unit-tests	Setup, Configure and Build	2026-09-22T09:41:26.7856042Z  38/292 Test  #38: ObjectSerializer.ParseProtocolWithLogicName .............   Passed    0.00 sec
unit-tests	Setup, Configure and Build	2026-09-22T09:41:26.7857522Z         Start  39: ObjectSerializer.ParseSimpleProtocol
unit-tests	Setup, Configure and Build	2026-09-22T09:41:26.8000770Z  39/292 Test  #39: ObjectSerializer.ParseSimpleProtocol ....................   Passed    0.01 sec
unit-tests	Setup, Configure and Build	2026-09-22T09:41:26.8016378Z         Start  40: ObjectSerializer.ParseSimpleProtocolVarCount
unit-tests	Setup, Configure and Build	2026-09-22T09:41:26.8162446Z  40/292 Test  #40: ObjectSerializer.ParseSimpleProtocolVarCount ............   Passed    0.02 sec
unit-tests	Setup, Configure and Build	2026-09-22T09:41:26.8163814Z         Start  41: ObjectSerializer.ParseSimpleProtocolVarName
unit-tests	Setup, Configure and Build	2026-09-22T09:41:26.8321466Z  41/292 Test  #41: ObjectSerializer.ParseSimpleProtocolVarName .............   Passed    0.02 sec
unit-tests	Setup, Configure and Build	2026-09-22T09:41:26.8322841Z         Start  42: ObjectSerializer.ParseSimpleProtocolVarSize
unit-tests	Setup, Configure and Build	2026-09-22T09:41:26.8481117Z  42/292 Test  #42: ObjectSerializer.ParseSimpleProtocolVarSize .............   Passed    0.02 sec
unit-tests	Setup, Configure and Build	2026-09-22T09:41:26.8482171Z         Start  43: ObjectSerializer.ParseSimpleProtocolVarExpectedValues
unit-tests	Setup, Configure and Build	2026-09-22T09:41:26.8643825Z  43/292 Test  #43: ObjectSerializer.ParseSimpleProtocolVarExpectedValues ...   Passed    0.02 sec
unit-tests	Setup, Configure and Build	2026-09-22T09:41:26.8645579Z         Start  44: ObjectSerializer.ParseSimpleProtocolIfaceCount
unit-tests	Setup, Configure and Build	2026-09-22T09:41:26.8804280Z  44/292 Test  #44: ObjectSerializer.ParseSimpleProtocolIfaceCount ..........   Passed    0.01 sec
unit-tests	Setup, Configure and Build	2026-09-22T09:41:26.8805965Z         Start  45: ObjectSerializer.ParseSimpleProtocolIfaceName
unit-tests	Setup, Configure and Build	2026-09-22T09:41:26.8952764Z  45/292 Test  #45: ObjectSerializer.ParseSimpleProtocolIfaceName ...........   Passed    0.01 sec
unit-tests	Setup, Configure and Build	2026-09-22T09:41:26.8953842Z         Start  46: ObjectSerializer.ParseSimpleProtocolIfaceDirection
unit-tests	Setup, Configure and Build	2026-09-22T09:41:26.9116305Z  46/292 Test  #46: ObjectSerializer.ParseSimpleProtocolIfaceDirection ......   Passed    0.02 sec
unit-tests	Setup, Configure and Build	2026-09-22T09:41:26.9126074Z         Start  47: ObjectSerializer.ParseSimpleProtocolIfaceVarRef
unit-tests	Setup, Configure and Build	2026-09-22T09:41:26.9293801Z  47/292 Test  #47: ObjectSerializer.ParseSimpleProtocolIfaceVarRef .........   Passed    0.02 sec
unit-tests	Setup, Configure and Build	2026-09-22T09:41:26.9295249Z         Start  48: ObjectSerializer.ParseSimpleProtocolServiceNoLogic
unit-tests	Setup, Configure and Build	2026-09-22T09:41:26.9475550Z  48/292 Test  #48: ObjectSerializer.ParseSimpleProtocolServiceNoLogic ......   Passed    0.02 sec
unit-tests	Setup, Configure and Build	2026-09-22T09:41:26.9477050Z         Start  49: ObjectSerializer.ParseProtocolWithLogicName
unit-tests	Setup, Configure and Build	2026-09-22T09:41:26.9650295Z  49/292 Test  #49: ObjectSerializer.ParseProtocolWithLogicName .............   Passed    0.02 sec
unit-tests	Setup, Configure and Build	2026-09-22T09:41:26.9651814Z         Start  50: ObjectSerializer.ParseSimpleProtocol
unit-tests	Setup, Configure and Build	2026-09-22T09:41:26.9706381Z  50/292 Test  #50: ObjectSerializer.ParseSimpleProtocol ....................   Passed    0.00 sec
unit-tests	Setup, Configure and Build	2026-09-22T09:41:26.9707860Z         Start  51: ObjectSerializer.ParseSimpleProtocolVarCount
unit-tests	Setup, Configure and Build	2026-09-22T09:41:26.9753415Z  51/292 Test  #51: ObjectSerializer.ParseSimpleProtocolVarCount ............   Passed    0.01 sec
unit-tests	Setup, Configure and Build	2026-09-22T09:41:26.9755731Z         Start  52: ObjectSerializer.ParseSimpleProtocolVarName
unit-tests	Setup, Configure and Build	2026-09-22T09:41:26.9791949Z  52/292 Test  #52: ObjectSerializer.ParseSimpleProtocolVarName .............   Passed    0.00 sec
unit-tests	Setup, Configure and Build	2026-09-22T09:41:26.9793355Z         Start  53: ObjectSerializer.ParseSimpleProtocolVarSize
unit-tests	Setup, Configure and Build	2026-09-22T09:41:26.9829603Z  53/292 Test  #53: ObjectSerializer.ParseSimpleProtocolVarSize .............   Passed    0.00 sec
unit-tests	Setup, Configure and Build	2026-09-22T09:41:26.9830800Z         Start  54: ObjectSerializer.ParseSimpleProtocolVarExpectedValues
unit-tests	Setup, Configure and Build	2026-09-22T09:41:26.9867678Z  54/292 Test  #54: ObjectSerializer.ParseSimpleProtocolVarExpectedValues ...   Passed    0.00 sec
unit-tests	Setup, Configure and Build	2026-09-22T09:41:26.9868972Z         Start  55: ObjectSerializer.ParseSimpleProtocolIfaceCount
unit-tests	Setup, Configure and Build	2026-09-22T09:41:26.9904773Z  55/292 Test  #55: ObjectSerializer.ParseSimpleProtocolIfaceCount ..........   Passed    0.00 sec
unit-tests	Setup, Configure and Build	2026-09-22T09:41:26.9906291Z         Start  56: ObjectSerializer.ParseSimpleProtocolIfaceName
unit-tests	Setup, Configure and Build	2026-09-22T09:41:26.9942192Z  56/292 Test  #56: ObjectSerializer.ParseSimpleProtocolIfaceName ...........   Passed    0.00 sec
unit-tests	Setup, Configure and Build	2026-09-22T09:41:26.9943571Z         Start  57: ObjectSerializer.ParseSimpleProtocolIfaceDirection
unit-tests	Setup, Configure and Build	2026-09-22T09:41:26.9979661Z  57/292 Test  #57: ObjectSerializer.ParseSimpleProtocolIfaceDirection ......   Passed    0.00 sec
unit-tests	Setup, Configure and Build	2026-09-22T09:41:26.9980974Z         Start  58: ObjectSerializer.ParseSimpleProtocolIfaceVarRef
unit-tests	Setup, Configure and Build	2026-09-22T09:41:27.0017120Z  58/292 Test  #58: ObjectSerializer.ParseSimpleProtocolIfaceVarRef .........   Passed    0.00 sec
unit-tests	Setup, Configure and Build	2026-09-22T09:41:27.0018464Z         Start  59: ObjectSerializer.ParseSimpleProtocolServiceNoLogic
unit-tests	Setup, Configure and Build	2026-09-22T09:41:27.0053673Z  59/292 Test  #59: ObjectSerializer.ParseSimpleProtocolServiceNoLogic ......   Passed    0.00 sec
unit-tests	Setup, Configure and Build	2026-09-22T09:41:27.0055095Z         Start  60: ObjectSerializer.ParseProtocolWithLogicName
unit-tests	Setup, Configure and Build	2026-09-22T09:41:27.0090154Z  60/292 Test  #60: ObjectSerializer.ParseProtocolWithLogicName .............   Passed    0.00 sec
unit-tests	Setup, Configure and Build	2026-09-22T09:41:27.0091348Z         Start  61: LogicRegistry.RegisterAndCreate
unit-tests	Setup, Configure and Build	2026-09-22T09:41:27.0132755Z  61/292 Test  #61: LogicRegistry.RegisterAndCreate .........................   Passed    0.00 sec
unit-tests	Setup, Configure and Build	2026-09-22T09:41:27.0134143Z         Start  62: LogicRegistry.UnknownNameReturnsNull
unit-tests	Setup, Configure and Build	2026-09-22T09:41:27.0172326Z  62/292 Test  #62: LogicRegistry.UnknownNameReturnsNull ....................   Passed    0.00 sec
unit-tests	Setup, Configure and Build	2026-09-22T09:41:27.0173622Z         Start  63: LogicRegistry.DuplicateRegistrationRejected
unit-tests	Setup, Configure and Build	2026-09-22T09:41:27.0213119Z  63/292 Test  #63: LogicRegistry.DuplicateRegistrationRejected .............   Passed    0.00 sec
unit-tests	Setup, Configure and Build	2026-09-22T09:41:27.0214373Z         Start  64: LogicRegistry.EmptyNameRejected
unit-tests	Setup, Configure and Build	2026-09-22T09:41:27.0255099Z  64/292 Test  #64: LogicRegistry.EmptyNameRejected .........................   Passed    0.00 sec
unit-tests	Setup, Configure and Build	2026-09-22T09:41:27.0256461Z         Start  65: LogicRegistry.NullFactoryRejected
unit-tests	Setup, Configure and Build	2026-09-22T09:41:27.0295824Z  65/292 Test  #65: LogicRegistry.NullFactoryRejected .......................   Passed    0.00 sec
unit-tests	Setup, Configure and Build	2026-09-22T09:41:27.0297092Z         Start  66: PassthroughLogic.IsNoOp
unit-tests	Setup, Configure and Build	2026-09-22T09:41:27.0334075Z  66/292 Test  #66: PassthroughLogic.IsNoOp .................................   Passed    0.00 sec
unit-tests	Setup, Configure and Build	2026-09-22T09:41:27.0335512Z         Start  67: LayerContext.AdjacencyAndDefaults
unit-tests	Setup, Configure and Build	2026-09-22T09:41:27.0372844Z  67/292 Test  #67: LayerContext.AdjacencyAndDefaults .......................   Passed    0.00 sec
unit-tests	Setup, Configure and Build	2026-09-22T09:41:27.0374088Z         Start  68: LogicRegistry.RegisterAndCreate
unit-tests	Setup, Configure and Build	2026-09-22T09:41:27.0498660Z  68/292 Test  #68: LogicRegistry.RegisterAndCreate .........................   Passed    0.01 sec
unit-tests	Setup, Configure and Build	2026-09-22T09:41:27.0499940Z         Start  69: LogicRegistry.UnknownNameReturnsNull
unit-tests	Setup, Configure and Build	2026-09-22T09:41:27.0659766Z  69/292 Test  #69: LogicRegistry.UnknownNameReturnsNull ....................   Passed    0.02 sec
unit-tests	Setup, Configure and Build	2026-09-22T09:41:27.0663621Z         Start  70: LogicRegistry.DuplicateRegistrationRejected
unit-tests	Setup, Configure and Build	2026-09-22T09:41:27.0793264Z  70/292 Test  #70: LogicRegistry.DuplicateRegistrationRejected .............   Passed    0.01 sec
unit-tests	Setup, Configure and Build	2026-09-22T09:41:27.0794550Z         Start  71: LogicRegistry.EmptyNameRejected
unit-tests	Setup, Configure and Build	2026-09-22T09:41:27.0934478Z  71/292 Test  #71: LogicRegistry.EmptyNameRejected .........................   Passed    0.01 sec
unit-tests	Setup, Configure and Build	2026-09-22T09:41:27.0950731Z         Start  72: LogicRegistry.NullFactoryRejected
unit-tests	Setup, Configure and Build	2026-09-22T09:41:27.1084848Z  72/292 Test  #72: LogicRegistry.NullFactoryRejected .......................   Passed    0.01 sec
unit-tests	Setup, Configure and Build	2026-09-22T09:41:27.1086576Z         Start  73: PassthroughLogic.IsNoOp
unit-tests	Setup, Configure and Build	2026-09-22T09:41:27.1242833Z  73/292 Test  #73: PassthroughLogic.IsNoOp .................................   Passed    0.02 sec
unit-tests	Setup, Configure and Build	2026-09-22T09:41:27.1244666Z         Start  74: LayerContext.AdjacencyAndDefaults
unit-tests	Setup, Configure and Build	2026-09-22T09:41:27.1388026Z  74/292 Test  #74: LayerContext.AdjacencyAndDefaults .......................   Passed    0.01 sec
unit-tests	Setup, Configure and Build	2026-09-22T09:41:27.1389492Z         Start  75: LogicRegistry.RegisterAndCreate
unit-tests	Setup, Configure and Build	2026-09-22T09:41:27.1435383Z  75/292 Test  #75: LogicRegistry.RegisterAndCreate .........................   Passed    0.00 sec
unit-tests	Setup, Configure and Build	2026-09-22T09:41:27.1437400Z         Start  76: LogicRegistry.UnknownNameReturnsNull
unit-tests	Setup, Configure and Build	2026-09-22T09:41:27.1478908Z  76/292 Test  #76: LogicRegistry.UnknownNameReturnsNull ....................   Passed    0.00 sec
unit-tests	Setup, Configure and Build	2026-09-22T09:41:27.1480415Z         Start  77: LogicRegistry.DuplicateRegistrationRejected
unit-tests	Setup, Configure and Build	2026-09-22T09:41:27.1513019Z  77/292 Test  #77: LogicRegistry.DuplicateRegistrationRejected .............   Passed    0.00 sec
unit-tests	Setup, Configure and Build	2026-09-22T09:41:27.1514376Z         Start  78: LogicRegistry.EmptyNameRejected
unit-tests	Setup, Configure and Build	2026-09-22T09:41:27.1545961Z  78/292 Test  #78: LogicRegistry.EmptyNameRejected .........................   Passed    0.00 sec
unit-tests	Setup, Configure and Build	2026-09-22T09:41:27.1547326Z         Start  79: LogicRegistry.NullFactoryRejected
unit-tests	Setup, Configure and Build	2026-09-22T09:41:27.1579600Z  79/292 Test  #79: LogicRegistry.NullFactoryRejected .......................   Passed    0.00 sec
unit-tests	Setup, Configure and Build	2026-09-22T09:41:27.1580817Z         Start  80: PassthroughLogic.IsNoOp
unit-tests	Setup, Configure and Build	2026-09-22T09:41:27.1610858Z  80/292 Test  #80: PassthroughLogic.IsNoOp .................................   Passed    0.00 sec
unit-tests	Setup, Configure and Build	2026-09-22T09:41:27.1612151Z         Start  81: LayerContext.AdjacencyAndDefaults
unit-tests	Setup, Configure and Build	2026-09-22T09:41:27.1642458Z  81/292 Test  #81: LayerContext.AdjacencyAndDefaults .......................   Passed    0.00 sec
unit-tests	Setup, Configure and Build	2026-09-22T09:41:27.1643753Z         Start  82: StackBuilder.BuildsAllPassthroughStack
unit-tests	Setup, Configure and Build	2026-09-22T09:41:27.1697142Z  82/292 Test  #82: StackBuilder.BuildsAllPassthroughStack ..................   Passed    0.01 sec
unit-tests	Setup, Configure and Build	2026-09-22T09:41:27.1698479Z         Start  83: StackBuilder.ResolvesRegisteredLogic
unit-tests	Setup, Configure and Build	2026-09-22T09:41:27.1754830Z  83/292 Test  #83: StackBuilder.ResolvesRegisteredLogic ....................   Passed    0.01 sec
unit-tests	Setup, Configure and Build	2026-09-22T09:41:27.1756026Z         Start  84: StackBuilder.AdjacencyWiredBottomUp
unit-tests	Setup, Configure and Build	2026-09-22T09:41:27.1812441Z  84/292 Test  #84: StackBuilder.AdjacencyWiredBottomUp .....................   Passed    0.01 sec
unit-tests	Setup, Configure and Build	2026-09-22T09:41:27.1813643Z         Start  85: StackBuilder.UnknownLogicFailsBuild
unit-tests	Setup, Configure and Build	2026-09-22T09:41:27.1866242Z  85/292 Test  #85: StackBuilder.UnknownLogicFailsBuild .....................   Passed    0.01 sec
unit-tests	Setup, Configure and Build	2026-09-22T09:41:27.1867450Z         Start  86: StackBuilder.UnknownServiceFailsBuild
unit-tests	Setup, Configure and Build	2026-09-22T09:41:27.1920433Z  86/292 Test  #86: StackBuilder.UnknownServiceFailsBuild ...................   Passed    0.01 sec
unit-tests	Setup, Configure and Build	2026-09-22T09:41:27.1921944Z         Start  87: StackBuilder.BypassLogicForcesPassthrough
unit-tests	Setup, Configure and Build	2026-09-22T09:41:27.1973853Z  87/292 Test  #87: StackBuilder.BypassLogicForcesPassthrough ...............   Passed    0.01 sec
unit-tests	Setup, Configure and Build	2026-09-22T09:41:27.1974810Z         Start  88: StackBuilder.BypassLogicSkipsRegistryLookup
unit-tests	Setup, Configure and Build	2026-09-22T09:41:27.2027504Z  88/292 Test  #88: StackBuilder.BypassLogicSkipsRegistryLookup .............   Passed    0.01 sec
unit-tests	Setup, Configure and Build	2026-09-22T09:41:27.2028776Z         Start  89: StackBuilder.InvalidPathFailsBuild
unit-tests	Setup, Configure and Build	2026-09-22T09:41:27.2077601Z  89/292 Test  #89: StackBuilder.InvalidPathFailsBuild ......................   Passed    0.00 sec
unit-tests	Setup, Configure and Build	2026-09-22T09:41:27.2078909Z         Start  90: StackBuilder.BuildsAllPassthroughStack
unit-tests	Setup, Configure and Build	2026-09-22T09:41:27.2235992Z  90/292 Test  #90: StackBuilder.BuildsAllPassthroughStack ..................   Passed    0.02 sec
unit-tests	Setup, Configure and Build	2026-09-22T09:41:27.2237084Z         Start  91: StackBuilder.ResolvesRegisteredLogic
unit-tests	Setup, Configure and Build	2026-09-22T09:41:27.2404078Z  91/292 Test  #91: StackBuilder.ResolvesRegisteredLogic ....................   Passed    0.02 sec
unit-tests	Setup, Configure and Build	2026-09-22T09:41:27.2405402Z         Start  92: StackBuilder.AdjacencyWiredBottomUp
unit-tests	Setup, Configure and Build	2026-09-22T09:41:27.2601887Z  92/292 Test  #92: StackBuilder.AdjacencyWiredBottomUp .....................   Passed    0.02 sec
unit-tests	Setup, Configure and Build	2026-09-22T09:41:27.2603139Z         Start  93: StackBuilder.UnknownLogicFailsBuild
unit-tests	Setup, Configure and Build	2026-09-22T09:41:27.2783191Z  93/292 Test  #93: StackBuilder.UnknownLogicFailsBuild .....................   Passed    0.02 sec
unit-tests	Setup, Configure and Build	2026-09-22T09:41:27.2784620Z         Start  94: StackBuilder.UnknownServiceFailsBuild
unit-tests	Setup, Configure and Build	2026-09-22T09:41:27.2956721Z  94/292 Test  #94: StackBuilder.UnknownServiceFailsBuild ...................   Passed    0.02 sec
unit-tests	Setup, Configure and Build	2026-09-22T09:41:27.2958340Z         Start  95: StackBuilder.BypassLogicForcesPassthrough
unit-tests	Setup, Configure and Build	2026-09-22T09:41:27.3157448Z  95/292 Test  #95: StackBuilder.BypassLogicForcesPassthrough ...............   Passed    0.02 sec
unit-tests	Setup, Configure and Build	2026-09-22T09:41:27.3158921Z         Start  96: StackBuilder.BypassLogicSkipsRegistryLookup
unit-tests	Setup, Configure and Build	2026-09-22T09:41:27.3326855Z  96/292 Test  #96: StackBuilder.BypassLogicSkipsRegistryLookup .............   Passed    0.02 sec
unit-tests	Setup, Configure and Build	2026-09-22T09:41:27.3329918Z         Start  97: StackBuilder.InvalidPathFailsBuild
unit-tests	Setup, Configure and Build	2026-09-22T09:41:27.3484628Z  97/292 Test  #97: StackBuilder.InvalidPathFailsBuild ......................   Passed    0.02 sec
unit-tests	Setup, Configure and Build	2026-09-22T09:41:27.3485953Z         Start  98: StackBuilder.BuildsAllPassthroughStack
unit-tests	Setup, Configure and Build	2026-09-22T09:41:27.3539340Z  98/292 Test  #98: StackBuilder.BuildsAllPassthroughStack ..................   Passed    0.01 sec
unit-tests	Setup, Configure and Build	2026-09-22T09:41:27.3540703Z         Start  99: StackBuilder.ResolvesRegisteredLogic
unit-tests	Setup, Configure and Build	2026-09-22T09:41:27.3583722Z  99/292 Test  #99: StackBuilder.ResolvesRegisteredLogic ....................   Passed    0.00 sec
unit-tests	Setup, Configure and Build	2026-09-22T09:41:27.3585322Z         Start 100: StackBuilder.AdjacencyWiredBottomUp
unit-tests	Setup, Configure and Build	2026-09-22T09:41:27.3625713Z 100/292 Test #100: StackBuilder.AdjacencyWiredBottomUp .....................   Passed    0.00 sec
unit-tests	Setup, Configure and Build	2026-09-22T09:41:27.3626793Z         Start 101: StackBuilder.UnknownLogicFailsBuild
unit-tests	Setup, Configure and Build	2026-09-22T09:41:27.3667924Z 101/292 Test #101: StackBuilder.UnknownLogicFailsBuild .....................   Passed    0.00 sec
unit-tests	Setup, Configure and Build	2026-09-22T09:41:27.3669571Z         Start 102: StackBuilder.UnknownServiceFailsBuild
unit-tests	Setup, Configure and Build	2026-09-22T09:41:27.3708548Z 102/292 Test #102: StackBuilder.UnknownServiceFailsBuild ...................   Passed    0.00 sec
unit-tests	Setup, Configure and Build	2026-09-22T09:41:27.3709849Z         Start 103: StackBuilder.BypassLogicForcesPassthrough
unit-tests	Setup, Configure and Build	2026-09-22T09:41:27.3748595Z 103/292 Test #103: StackBuilder.BypassLogicForcesPassthrough ...............   Passed    0.00 sec
unit-tests	Setup, Configure and Build	2026-09-22T09:41:27.3749808Z         Start 104: StackBuilder.BypassLogicSkipsRegistryLookup
unit-tests	Setup, Configure and Build	2026-09-22T09:41:27.3788818Z 104/292 Test #104: StackBuilder.BypassLogicSkipsRegistryLookup .............   Passed    0.00 sec
unit-tests	Setup, Configure and Build	2026-09-22T09:41:27.3790026Z         Start 105: StackBuilder.InvalidPathFailsBuild
unit-tests	Setup, Configure and Build	2026-09-22T09:41:27.3827808Z 105/292 Test #105: StackBuilder.InvalidPathFailsBuild ......................   Passed    0.00 sec
unit-tests	Setup, Configure and Build	2026-09-22T09:41:27.3828985Z         Start 106: Validator.ConformingFilePasses
unit-tests	Setup, Configure and Build	2026-09-22T09:41:27.3870963Z 106/292 Test #106: Validator.ConformingFilePasses ..........................   Passed    0.00 sec
unit-tests	Setup, Configure and Build	2026-09-22T09:41:27.3872157Z         Start 107: Validator.ForeignTopLevelKeyRejected
unit-tests	Setup, Configure and Build	2026-09-22T09:41:27.3912779Z 107/292 Test #107: Validator.ForeignTopLevelKeyRejected ....................   Passed    0.00 sec
unit-tests	Setup, Configure and Build	2026-09-22T09:41:27.3914054Z         Start 108: Validator.MissingServiceRejected
unit-tests	Setup, Configure and Build	2026-09-22T09:41:27.3954247Z 108/292 Test #108: Validator.MissingServiceRejected ........................   Passed    0.00 sec
unit-tests	Setup, Configure and Build	2026-09-22T09:41:27.3955734Z         Start 109: Validator.OversizeFieldRejected
unit-tests	Setup, Configure and Build	2026-09-22T09:41:27.3997910Z 109/292 Test #109: Validator.OversizeFieldRejected .........................   Passed    0.00 sec
unit-tests	Setup, Configure and Build	2026-09-22T09:41:27.3999098Z         Start 110: Validator.BadDirectionRejected
unit-tests	Setup, Configure and Build	2026-09-22T09:41:27.4039607Z 110/292 Test #110: Validator.BadDirectionRejected ..........................   Passed    0.00 sec
unit-tests	Setup, Configure and Build	2026-09-22T09:41:27.4040698Z         Start 111: Validator.ServiceWithoutVarsOrEntitiesRejected
unit-tests	Setup, Configure and Build	2026-09-22T09:41:27.4082182Z 111/292 Test #111: Validator.ServiceWithoutVarsOrEntitiesRejected ..........   Passed    0.00 sec
unit-tests	Setup, Configure and Build	2026-09-22T09:41:27.4083281Z         Start 112: Validator.FindingsCarryLineNumbers
unit-tests	Setup, Configure and Build	2026-09-22T09:41:27.4124059Z 112/292 Test #112: Validator.FindingsCarryLineNumbers ......................   Passed    0.00 sec
unit-tests	Setup, Configure and Build	2026-09-22T09:41:27.4125922Z         Start 113: Validator.MissingDirectoryReported
unit-tests	Setup, Configure and Build	2026-09-22T09:41:27.4163429Z 113/292 Test #113: Validator.MissingDirectoryReported ......................   Passed    0.00 sec
unit-tests	Setup, Configure and Build	2026-09-22T09:41:27.4164596Z         Start 114: Validator.ConformingFilePasses
unit-tests	Setup, Configure and Build	2026-09-22T09:41:27.4306407Z 114/292 Test #114: Validator.ConformingFilePasses ..........................   Passed    0.01 sec
unit-tests	Setup, Configure and Build	2026-09-22T09:41:27.4307545Z         Start 115: Validator.ForeignTopLevelKeyRejected
unit-tests	Setup, Configure and Build	2026-09-22T09:41:27.4455291Z 115/292 Test #115: Validator.ForeignTopLevelKeyRejected ....................   Passed    0.01 sec
unit-tests	Setup, Configure and Build	2026-09-22T09:41:27.4456372Z         Start 116: Validator.MissingServiceRejected
unit-tests	Setup, Configure and Build	2026-09-22T09:41:27.4621302Z 116/292 Test #116: Validator.MissingServiceRejected ........................   Passed    0.02 sec
unit-tests	Setup, Configure and Build	2026-09-22T09:41:27.4622441Z         Start 117: Validator.OversizeFieldRejected
unit-tests	Setup, Configure and Build	2026-09-22T09:41:27.4786397Z 117/292 Test #117: Validator.OversizeFieldRejected .........................   Passed    0.02 sec
unit-tests	Setup, Configure and Build	2026-09-22T09:41:27.4799643Z         Start 118: Validator.BadDirectionRejected
unit-tests	Setup, Configure and Build	2026-09-22T09:41:27.4957639Z 118/292 Test #118: Validator.BadDirectionRejected ..........................   Passed    0.02 sec
unit-tests	Setup, Configure and Build	2026-09-22T09:41:27.4958848Z         Start 119: Validator.ServiceWithoutVarsOrEntitiesRejected
unit-tests	Setup, Configure and Build	2026-09-22T09:41:27.5114152Z 119/292 Test #119: Validator.ServiceWithoutVarsOrEntitiesRejected ..........   Passed    0.02 sec
unit-tests	Setup, Configure and Build	2026-09-22T09:41:27.5115483Z         Start 120: Validator.FindingsCarryLineNumbers
unit-tests	Setup, Configure and Build	2026-09-22T09:41:27.5291922Z 120/292 Test #120: Validator.FindingsCarryLineNumbers ......................   Passed    0.02 sec
unit-tests	Setup, Configure and Build	2026-09-22T09:41:27.5292909Z         Start 121: Validator.MissingDirectoryReported
unit-tests	Setup, Configure and Build	2026-09-22T09:41:27.5441168Z 121/292 Test #121: Validator.MissingDirectoryReported ......................   Passed    0.01 sec
unit-tests	Setup, Configure and Build	2026-09-22T09:41:27.5442180Z         Start 122: Validator.ConformingFilePasses
unit-tests	Setup, Configure and Build	2026-09-22T09:41:27.5486623Z 122/292 Test #122: Validator.ConformingFilePasses ..........................   Passed    0.00 sec
unit-tests	Setup, Configure and Build	2026-09-22T09:41:27.5487559Z         Start 123: Validator.ForeignTopLevelKeyRejected
unit-tests	Setup, Configure and Build	2026-09-22T09:41:27.5533766Z 123/292 Test #123: Validator.ForeignTopLevelKeyRejected ....................   Passed    0.00 sec
unit-tests	Setup, Configure and Build	2026-09-22T09:41:27.5534700Z         Start 124: Validator.MissingServiceRejected
unit-tests	Setup, Configure and Build	2026-09-22T09:41:27.5576746Z 124/292 Test #124: Validator.MissingServiceRejected ........................   Passed    0.00 sec
unit-tests	Setup, Configure and Build	2026-09-22T09:41:27.5577596Z         Start 125: Validator.OversizeFieldRejected
unit-tests	Setup, Configure and Build	2026-09-22T09:41:27.5611925Z 125/292 Test #125: Validator.OversizeFieldRejected .........................   Passed    0.00 sec
unit-tests	Setup, Configure and Build	2026-09-22T09:41:27.5613072Z         Start 126: Validator.BadDirectionRejected
unit-tests	Setup, Configure and Build	2026-09-22T09:41:27.5646418Z 126/292 Test #126: Validator.BadDirectionRejected ..........................   Passed    0.00 sec
unit-tests	Setup, Configure and Build	2026-09-22T09:41:27.5647684Z         Start 127: Validator.ServiceWithoutVarsOrEntitiesRejected
unit-tests	Setup, Configure and Build	2026-09-22T09:41:27.5681287Z 127/292 Test #127: Validator.ServiceWithoutVarsOrEntitiesRejected ..........   Passed    0.00 sec
unit-tests	Setup, Configure and Build	2026-09-22T09:41:27.5682403Z         Start 128: Validator.FindingsCarryLineNumbers
unit-tests	Setup, Configure and Build	2026-09-22T09:41:27.5715890Z 128/292 Test #128: Validator.FindingsCarryLineNumbers ......................   Passed    0.00 sec
unit-tests	Setup, Configure and Build	2026-09-22T09:41:27.5717005Z         Start 129: Validator.MissingDirectoryReported
unit-tests	Setup, Configure and Build	2026-09-22T09:41:27.5747746Z 129/292 Test #129: Validator.MissingDirectoryReported ......................   Passed    0.00 sec
unit-tests	Setup, Configure and Build	2026-09-22T09:41:27.5749045Z         Start 130: HelloTest.BasicAssertions
unit-tests	Setup, Configure and Build	2026-09-22T09:41:27.5775673Z 130/292 Test #130: HelloTest.BasicAssertions ...............................   Passed    0.00 sec
unit-tests	Setup, Configure and Build	2026-09-22T09:41:27.5776606Z         Start 131: EthernetFrameLogic.RegisteredUnderExpectedName
unit-tests	Setup, Configure and Build	2026-09-22T09:41:27.5810597Z 131/292 Test #131: EthernetFrameLogic.RegisteredUnderExpectedName ..........   Passed    0.00 sec
unit-tests	Setup, Configure and Build	2026-09-22T09:41:27.5811774Z         Start 132: EthernetFrameLogic.BoundByStackBuilder
unit-tests	Setup, Configure and Build	2026-09-22T09:41:27.5853471Z 132/292 Test #132: EthernetFrameLogic.BoundByStackBuilder ..................   Passed    0.00 sec
unit-tests	Setup, Configure and Build	2026-09-22T09:41:27.5854597Z         Start 133: EthernetFrameLogic.BypassLogicSwapsInPassthrough
unit-tests	Setup, Configure and Build	2026-09-22T09:41:27.5893967Z 133/292 Test #133: EthernetFrameLogic.BypassLogicSwapsInPassthrough ........   Passed    0.00 sec
unit-tests	Setup, Configure and Build	2026-09-22T09:41:27.5895202Z         Start 134: EthernetFrameLogic.EncodeDecodeCountersAdvance
unit-tests	Setup, Configure and Build	2026-09-22T09:41:27.5927616Z 134/292 Test #134: EthernetFrameLogic.EncodeDecodeCountersAdvance ..........   Passed    0.00 sec
unit-tests	Setup, Configure and Build	2026-09-22T09:41:27.5928744Z         Start 135: EthernetFrameLogic.NextLayerDefaults1722
unit-tests	Setup, Configure and Build	2026-09-22T09:41:27.5961592Z 135/292 Test #135: EthernetFrameLogic.NextLayerDefaults1722 ................   Passed    0.00 sec
unit-tests	Setup, Configure and Build	2026-09-22T09:41:27.5962751Z         Start 136: StackCodec.FrameHasExpectedSize
unit-tests	Setup, Configure and Build	2026-09-22T09:41:27.6091396Z 136/292 Test #136: StackCodec.FrameHasExpectedSize .........................   Passed    0.01 sec
unit-tests	Setup, Configure and Build	2026-09-22T09:41:27.6092576Z         Start 137: StackCodec.DerivedFieldsAreValid
unit-tests	Setup, Configure and Build	2026-09-22T09:41:27.6220377Z 137/292 Test #137: StackCodec.DerivedFieldsAreValid ........................   Passed    0.01 sec
unit-tests	Setup, Configure and Build	2026-09-22T09:41:27.6221338Z         Start 138: StackCodec.CommandStatusForcedToZero
unit-tests	Setup, Configure and Build	2026-09-22T09:41:27.6524257Z 138/292 Test #138: StackCodec.CommandStatusForcedToZero ....................   Passed    0.03 sec
unit-tests	Setup, Configure and Build	2026-09-22T09:41:27.6525392Z         Start 139: StackCodec.DecodeRoundTripsFields
unit-tests	Setup, Configure and Build	2026-09-22T09:41:27.6657171Z 139/292 Test #139: StackCodec.DecodeRoundTripsFields .......................   Passed    0.01 sec
unit-tests	Setup, Configure and Build	2026-09-22T09:41:27.6657975Z         Start 140: StackCodec.DeterministicForFixedSeed
unit-tests	Setup, Configure and Build	2026-09-22T09:41:27.6789624Z 140/292 Test #140: StackCodec.DeterministicForFixedSeed ....................   Passed    0.01 sec
unit-tests	Setup, Configure and Build	2026-09-22T09:41:27.6790581Z         Start 141: TrafficGenTest.EmptyInterfaceProducesEmptyPacket
unit-tests	Setup, Configure and Build	2026-09-22T09:41:27.6849292Z 141/292 Test #141: TrafficGenTest.EmptyInterfaceProducesEmptyPacket ........   Passed    0.01 sec
unit-tests	Setup, Configure and Build	2026-09-22T09:41:27.6850256Z         Start 142: TrafficGenTest.SimpleVarProducesOneByte
unit-tests	Setup, Configure and Build	2026-09-22T09:41:27.6906195Z 142/292 Test #142: TrafficGenTest.SimpleVarProducesOneByte .................   Passed    0.01 sec
unit-tests	Setup, Configure and Build	2026-09-22T09:41:27.6907487Z         Start 143: TrafficGenTest.SimpleVarValueInExpectedSet
unit-tests	Setup, Configure and Build	2026-09-22T09:41:27.6963604Z 143/292 Test #143: TrafficGenTest.SimpleVarValueInExpectedSet ..............   Passed    0.01 sec
unit-tests	Setup, Configure and Build	2026-09-22T09:41:27.6964817Z         Start 144: TrafficGenTest.DeterministicWithSameSeed
unit-tests	Setup, Configure and Build	2026-09-22T09:41:27.7018447Z 144/292 Test #144: TrafficGenTest.DeterministicWithSameSeed ................   Passed    0.01 sec
unit-tests	Setup, Configure and Build	2026-09-22T09:41:27.7019624Z         Start 145: TrafficGenTest.DifferentSeedsDifferentPackets
unit-tests	Setup, Configure and Build	2026-09-22T09:41:27.7071540Z 145/292 Test #145: TrafficGenTest.DifferentSeedsDifferentPackets ...........   Passed    0.01 sec
unit-tests	Setup, Configure and Build	2026-09-22T09:41:27.7072578Z         Start 146: TrafficGenTest.OpenClose
unit-tests	Setup, Configure and Build	2026-09-22T09:41:27.7122297Z 146/292 Test #146: TrafficGenTest.OpenClose ................................   Passed    0.00 sec
unit-tests	Setup, Configure and Build	2026-09-22T09:41:27.7123361Z         Start 147: TrafficGenTest.SendNamedInterface
unit-tests	Setup, Configure and Build	2026-09-22T09:41:27.7174642Z 147/292 Test #147: TrafficGenTest.SendNamedInterface .......................   Passed    0.00 sec
unit-tests	Setup, Configure and Build	2026-09-22T09:41:27.7176156Z         Start 148: TrafficGenTest.SendUnknownInterfaceReturnsError
unit-tests	Setup, Configure and Build	2026-09-22T09:41:27.7227827Z 148/292 Test #148: TrafficGenTest.SendUnknownInterfaceReturnsError .........   Passed    0.01 sec
unit-tests	Setup, Configure and Build	2026-09-22T09:41:27.7229126Z         Start 149: TrafficGenTest.SendAllSendsOnePacketPerInterface
unit-tests	Setup, Configure and Build	2026-09-22T09:41:27.7280088Z 149/292 Test #149: TrafficGenTest.SendAllSendsOnePacketPerInterface ........   Passed    0.00 sec
unit-tests	Setup, Configure and Build	2026-09-22T09:41:27.7281293Z         Start 150: TrafficGenTest.SendFilteredInDirection
unit-tests	Setup, Configure and Build	2026-09-22T09:41:27.7332526Z 150/292 Test #150: TrafficGenTest.SendFilteredInDirection ..................   Passed    0.00 sec
unit-tests	Setup, Configure and Build	2026-09-22T09:41:27.7333988Z         Start 151: TrafficGenTest.SendFilteredOutDirectionProducesNone
unit-tests	Setup, Configure and Build	2026-09-22T09:41:27.7392639Z 151/292 Test #151: TrafficGenTest.SendFilteredOutDirectionProducesNone .....   Passed    0.01 sec
unit-tests	Setup, Configure and Build	2026-09-22T09:41:27.7393758Z         Start 152: TrafficGenTest.SendLoopProducesNPackets
unit-tests	Setup, Configure and Build	2026-09-22T09:41:27.7448764Z 152/292 Test #152: TrafficGenTest.SendLoopProducesNPackets .................   Passed    0.01 sec
unit-tests	Setup, Configure and Build	2026-09-22T09:41:27.7450053Z         Start 153: TrafficGenTest.SendWithoutOpenReturnsNotOpen
unit-tests	Setup, Configure and Build	2026-09-22T09:41:27.7502675Z 153/292 Test #153: TrafficGenTest.SendWithoutOpenReturnsNotOpen ............   Passed    0.01 sec
unit-tests	Setup, Configure and Build	2026-09-22T09:41:27.7503872Z         Start 154: VerilatorSenderBeat.FullBeat
unit-tests	Setup, Configure and Build	2026-09-22T09:41:27.7547444Z 154/292 Test #154: VerilatorSenderBeat.FullBeat ............................   Passed    0.00 sec
unit-tests	Setup, Configure and Build	2026-09-22T09:41:27.7548669Z         Start 155: VerilatorSenderBeat.PartialLastBeat
unit-tests	Setup, Configure and Build	2026-09-22T09:41:27.7589977Z 155/292 Test #155: VerilatorSenderBeat.PartialLastBeat .....................   Passed    0.00 sec
unit-tests	Setup, Configure and Build	2026-09-22T09:41:27.7591234Z         Start 156: WideField.Emits512BitFieldWithoutUB
unit-tests	Setup, Configure and Build	2026-09-22T09:41:27.7634065Z 156/292 Test #156: WideField.Emits512BitFieldWithoutUB .....................   Passed    0.00 sec
unit-tests	Setup, Configure and Build	2026-09-22T09:41:27.7635395Z         Start 157: TrafficGenTest.EmptyInterfaceProducesEmptyPacket
unit-tests	Setup, Configure and Build	2026-09-22T09:41:27.7798225Z 157/292 Test #157: TrafficGenTest.EmptyInterfaceProducesEmptyPacket ........   Passed    0.02 sec
unit-tests	Setup, Configure and Build	2026-09-22T09:41:27.7799291Z         Start 158: TrafficGenTest.SimpleVarProducesOneByte
unit-tests	Setup, Configure and Build	2026-09-22T09:41:27.7961521Z 158/292 Test #158: TrafficGenTest.SimpleVarProducesOneByte .................   Passed    0.02 sec
unit-tests	Setup, Configure and Build	2026-09-22T09:41:27.7962601Z         Start 159: TrafficGenTest.SimpleVarValueInExpectedSet
unit-tests	Setup, Configure and Build	2026-09-22T09:41:27.8153331Z 159/292 Test #159: TrafficGenTest.SimpleVarValueInExpectedSet ..............   Passed    0.02 sec
unit-tests	Setup, Configure and Build	2026-09-22T09:41:27.8154356Z         Start 160: TrafficGenTest.DeterministicWithSameSeed
unit-tests	Setup, Configure and Build	2026-09-22T09:41:27.8324732Z 160/292 Test #160: TrafficGenTest.DeterministicWithSameSeed ................   Passed    0.02 sec
unit-tests	Setup, Configure and Build	2026-09-22T09:41:27.8326241Z         Start 161: TrafficGenTest.DifferentSeedsDifferentPackets
unit-tests	Setup, Configure and Build	2026-09-22T09:41:27.8493569Z 161/292 Test #161: TrafficGenTest.DifferentSeedsDifferentPackets ...........   Passed    0.02 sec
unit-tests	Setup, Configure and Build	2026-09-22T09:41:27.8494744Z         Start 162: TrafficGenTest.OpenClose
unit-tests	Setup, Configure and Build	2026-09-22T09:41:27.8676813Z 162/292 Test #162: TrafficGenTest.OpenClose ................................   Passed    0.02 sec
unit-tests	Setup, Configure and Build	2026-09-22T09:41:27.8677883Z         Start 163: TrafficGenTest.SendNamedInterface
unit-tests	Setup, Configure and Build	2026-09-22T09:41:27.8844189Z 163/292 Test #163: TrafficGenTest.SendNamedInterface .......................   Passed    0.02 sec
unit-tests	Setup, Configure and Build	2026-09-22T09:41:27.8845438Z         Start 164: TrafficGenTest.SendUnknownInterfaceReturnsError
unit-tests	Setup, Configure and Build	2026-09-22T09:41:27.9048511Z 164/292 Test #164: TrafficGenTest.SendUnknownInterfaceReturnsError .........   Passed    0.02 sec
unit-tests	Setup, Configure and Build	2026-09-22T09:41:27.9056096Z         Start 165: TrafficGenTest.SendAllSendsOnePacketPerInterface
unit-tests	Setup, Configure and Build	2026-09-22T09:41:27.9188810Z 165/292 Test #165: TrafficGenTest.SendAllSendsOnePacketPerInterface ........   Passed    0.02 sec
unit-tests	Setup, Configure and Build	2026-09-22T09:41:27.9190058Z         Start 166: TrafficGenTest.SendFilteredInDirection
unit-tests	Setup, Configure and Build	2026-09-22T09:41:27.9376643Z 166/292 Test #166: TrafficGenTest.SendFilteredInDirection ..................   Passed    0.02 sec
unit-tests	Setup, Configure and Build	2026-09-22T09:41:27.9377499Z         Start 167: TrafficGenTest.SendFilteredOutDirectionProducesNone
unit-tests	Setup, Configure and Build	2026-09-22T09:41:27.9528048Z 167/292 Test #167: TrafficGenTest.SendFilteredOutDirectionProducesNone .....   Passed    0.02 sec
unit-tests	Setup, Configure and Build	2026-09-22T09:41:27.9549838Z         Start 168: TrafficGenTest.SendLoopProducesNPackets
unit-tests	Setup, Configure and Build	2026-09-22T09:41:27.9714517Z 168/292 Test #168: TrafficGenTest.SendLoopProducesNPackets .................   Passed    0.02 sec
unit-tests	Setup, Configure and Build	2026-09-22T09:41:27.9716897Z         Start 169: TrafficGenTest.SendWithoutOpenReturnsNotOpen
unit-tests	Setup, Configure and Build	2026-09-22T09:41:27.9890107Z 169/292 Test #169: TrafficGenTest.SendWithoutOpenReturnsNotOpen ............   Passed    0.02 sec
unit-tests	Setup, Configure and Build	2026-09-22T09:41:27.9895421Z         Start 170: VerilatorSenderBeat.FullBeat
unit-tests	Setup, Configure and Build	2026-09-22T09:41:28.0029807Z 170/292 Test #170: VerilatorSenderBeat.FullBeat ............................   Passed    0.01 sec
unit-tests	Setup, Configure and Build	2026-09-22T09:41:28.0031165Z         Start 171: VerilatorSenderBeat.PartialLastBeat
unit-tests	Setup, Configure and Build	2026-09-22T09:41:28.0175078Z 171/292 Test #171: VerilatorSenderBeat.PartialLastBeat .....................   Passed    0.01 sec
unit-tests	Setup, Configure and Build	2026-09-22T09:41:28.0176439Z         Start 172: WideField.Emits512BitFieldWithoutUB
unit-tests	Setup, Configure and Build	2026-09-22T09:41:28.0348297Z 172/292 Test #172: WideField.Emits512BitFieldWithoutUB .....................   Passed    0.02 sec
unit-tests	Setup, Configure and Build	2026-09-22T09:41:28.0349398Z         Start 173: TrafficGenTest.EmptyInterfaceProducesEmptyPacket
unit-tests	Setup, Configure and Build	2026-09-22T09:41:28.0411746Z 173/292 Test #173: TrafficGenTest.EmptyInterfaceProducesEmptyPacket ........   Passed    0.01 sec
unit-tests	Setup, Configure and Build	2026-09-22T09:41:28.0413604Z         Start 174: TrafficGenTest.SimpleVarProducesOneByte
unit-tests	Setup, Configure and Build	2026-09-22T09:41:28.0468814Z 174/292 Test #174: TrafficGenTest.SimpleVarProducesOneByte .................   Passed    0.01 sec
unit-tests	Setup, Configure and Build	2026-09-22T09:41:28.0469963Z         Start 175: TrafficGenTest.SimpleVarValueInExpectedSet
unit-tests	Setup, Configure and Build	2026-09-22T09:41:28.0514826Z 175/292 Test #175: TrafficGenTest.SimpleVarValueInExpectedSet ..............   Passed    0.00 sec
unit-tests	Setup, Configure and Build	2026-09-22T09:41:28.0516113Z         Start 176: TrafficGenTest.DeterministicWithSameSeed
unit-tests	Setup, Configure and Build	2026-09-22T09:41:28.0557058Z 176/292 Test #176: TrafficGenTest.DeterministicWithSameSeed ................   Passed    0.00 sec
unit-tests	Setup, Configure and Build	2026-09-22T09:41:28.0558225Z         Start 177: TrafficGenTest.DifferentSeedsDifferentPackets
unit-tests	Setup, Configure and Build	2026-09-22T09:41:28.0596738Z 177/292 Test #177: TrafficGenTest.DifferentSeedsDifferentPackets ...........   Passed    0.00 sec
unit-tests	Setup, Configure and Build	2026-09-22T09:41:28.0597872Z         Start 178: TrafficGenTest.OpenClose
unit-tests	Setup, Configure and Build	2026-09-22T09:41:28.0635918Z 178/292 Test #178: TrafficGenTest.OpenClose ................................   Passed    0.00 sec
unit-tests	Setup, Configure and Build	2026-09-22T09:41:28.0637031Z         Start 179: TrafficGenTest.SendNamedInterface
unit-tests	Setup, Configure and Build	2026-09-22T09:41:28.0675711Z 179/292 Test #179: TrafficGenTest.SendNamedInterface .......................   Passed    0.00 sec
unit-tests	Setup, Configure and Build	2026-09-22T09:41:28.0676899Z         Start 180: TrafficGenTest.SendUnknownInterfaceReturnsError
unit-tests	Setup, Configure and Build	2026-09-22T09:41:28.0715128Z 180/292 Test #180: TrafficGenTest.SendUnknownInterfaceReturnsError .........   Passed    0.00 sec
unit-tests	Setup, Configure and Build	2026-09-22T09:41:28.0716283Z         Start 181: TrafficGenTest.SendAllSendsOnePacketPerInterface
unit-tests	Setup, Configure and Build	2026-09-22T09:41:28.0754847Z 181/292 Test #181: TrafficGenTest.SendAllSendsOnePacketPerInterface ........   Passed    0.00 sec
unit-tests	Setup, Configure and Build	2026-09-22T09:41:28.0756302Z         Start 182: TrafficGenTest.SendFilteredInDirection
unit-tests	Setup, Configure and Build	2026-09-22T09:41:28.0796461Z 182/292 Test #182: TrafficGenTest.SendFilteredInDirection ..................   Passed    0.00 sec
unit-tests	Setup, Configure and Build	2026-09-22T09:41:28.0797909Z         Start 183: TrafficGenTest.SendFilteredOutDirectionProducesNone
unit-tests	Setup, Configure and Build	2026-09-22T09:41:28.0835457Z 183/292 Test #183: TrafficGenTest.SendFilteredOutDirectionProducesNone .....   Passed    0.00 sec
unit-tests	Setup, Configure and Build	2026-09-22T09:41:28.0836489Z         Start 184: TrafficGenTest.SendLoopProducesNPackets
unit-tests	Setup, Configure and Build	2026-09-22T09:41:28.0874289Z 184/292 Test #184: TrafficGenTest.SendLoopProducesNPackets .................   Passed    0.00 sec
unit-tests	Setup, Configure and Build	2026-09-22T09:41:28.0875752Z         Start 185: TrafficGenTest.SendWithoutOpenReturnsNotOpen
unit-tests	Setup, Configure and Build	2026-09-22T09:41:28.0912541Z 185/292 Test #185: TrafficGenTest.SendWithoutOpenReturnsNotOpen ............   Passed    0.00 sec
unit-tests	Setup, Configure and Build	2026-09-22T09:41:28.0913596Z         Start 186: VerilatorSenderBeat.FullBeat
unit-tests	Setup, Configure and Build	2026-09-22T09:41:28.0945497Z 186/292 Test #186: VerilatorSenderBeat.FullBeat ............................   Passed    0.00 sec
unit-tests	Setup, Configure and Build	2026-09-22T09:41:28.0946722Z         Start 187: VerilatorSenderBeat.PartialLastBeat
unit-tests	Setup, Configure and Build	2026-09-22T09:41:28.0977548Z 187/292 Test #187: VerilatorSenderBeat.PartialLastBeat .....................   Passed    0.00 sec
unit-tests	Setup, Configure and Build	2026-09-22T09:41:28.0978692Z         Start 188: WideField.Emits512BitFieldWithoutUB
unit-tests	Setup, Configure and Build	2026-09-22T09:41:28.1012580Z 188/292 Test #188: WideField.Emits512BitFieldWithoutUB .....................   Passed    0.00 sec
unit-tests	Setup, Configure and Build	2026-09-22T09:41:28.1013665Z         Start 189: AdpFuzzTest.VarCount
unit-tests	Setup, Configure and Build	2026-09-22T09:41:28.1077044Z 189/292 Test #189: AdpFuzzTest.VarCount ....................................   Passed    0.01 sec
unit-tests	Setup, Configure and Build	2026-09-22T09:41:28.1078214Z         Start 190: AdpFuzzTest.MessageTypeConstraints
unit-tests	Setup, Configure and Build	2026-09-22T09:41:28.1136726Z 190/292 Test #190: AdpFuzzTest.MessageTypeConstraints ......................   Passed    0.01 sec
unit-tests	Setup, Configure and Build	2026-09-22T09:41:28.1138114Z         Start 191: AdpFuzzTest.ValidTimeRangeConstraint
unit-tests	Setup, Configure and Build	2026-09-22T09:41:28.1194059Z 191/292 Test #191: AdpFuzzTest.ValidTimeRangeConstraint ....................   Passed    0.01 sec
unit-tests	Setup, Configure and Build	2026-09-22T09:41:28.1195307Z         Start 192: AdpFuzzTest.ControlDataLengthFixed
unit-tests	Setup, Configure and Build	2026-09-22T09:41:28.1249232Z 192/292 Test #192: AdpFuzzTest.ControlDataLengthFixed ......................   Passed    0.01 sec
unit-tests	Setup, Configure and Build	2026-09-22T09:41:28.1250336Z         Start 193: AdpFuzzTest.TalkerCapabilitiesMask
unit-tests	Setup, Configure and Build	2026-09-22T09:41:28.1303670Z 193/292 Test #193: AdpFuzzTest.TalkerCapabilitiesMask ......................   Passed    0.01 sec
unit-tests	Setup, Configure and Build	2026-09-22T09:41:28.1304787Z         Start 194: AdpFuzzTest.ListenerCapabilitiesMask
unit-tests	Setup, Configure and Build	2026-09-22T09:41:28.1358062Z 194/292 Test #194: AdpFuzzTest.ListenerCapabilitiesMask ....................   Passed    0.01 sec
unit-tests	Setup, Configure and Build	2026-09-22T09:41:28.1359163Z         Start 195: AdpFuzzTest.ControllerCapabilitiesMask
unit-tests	Setup, Configure and Build	2026-09-22T09:41:28.1411772Z 195/292 Test #195: AdpFuzzTest.ControllerCapabilitiesMask ..................   Passed    0.01 sec
unit-tests	Setup, Configure and Build	2026-09-22T09:41:28.1412874Z         Start 196: AdpFuzzTest.ReservedFieldsAreFixed
unit-tests	Setup, Configure and Build	2026-09-22T09:41:28.1466655Z 196/292 Test #196: AdpFuzzTest.ReservedFieldsAreFixed ......................   Passed    0.01 sec
unit-tests	Setup, Configure and Build	2026-09-22T09:41:28.1467583Z         Start 197: AdpFuzzTest.InterfaceCount
unit-tests	Setup, Configure and Build	2026-09-22T09:41:28.1520972Z 197/292 Test #197: AdpFuzzTest.InterfaceCount ..............................   Passed    0.01 sec
unit-tests	Setup, Configure and Build	2026-09-22T09:41:28.1522033Z         Start 198: AdpFuzzTest.IfDataDirection
unit-tests	Setup, Configure and Build	2026-09-22T09:41:28.1575548Z 198/292 Test #198: AdpFuzzTest.IfDataDirection .............................   Passed    0.01 sec
unit-tests	Setup, Configure and Build	2026-09-22T09:41:28.1576615Z         Start 199: AdpFuzzTest.IfDataHas20VarRefs
unit-tests	Setup, Configure and Build	2026-09-22T09:41:28.1629908Z 199/292 Test #199: AdpFuzzTest.IfDataHas20VarRefs ..........................   Passed    0.01 sec
unit-tests	Setup, Configure and Build	2026-09-22T09:41:28.1631072Z         Start 200: AdpFuzzTest.IfDataFirstVarRefIsMessageType
unit-tests	Setup, Configure and Build	2026-09-22T09:41:28.1683981Z 200/292 Test #200: AdpFuzzTest.IfDataFirstVarRefIsMessageType ..............   Passed    0.01 sec
unit-tests	Setup, Configure and Build	2026-09-22T09:41:28.1685237Z         Start 201: AdpFuzzTest.IfDataLastVarRefIsReserved1
unit-tests	Setup, Configure and Build	2026-09-22T09:41:28.1739124Z 201/292 Test #201: AdpFuzzTest.IfDataLastVarRefIsReserved1 .................   Passed    0.01 sec
unit-tests	Setup, Configure and Build	2026-09-22T09:41:28.1740249Z         Start 202: AdpFuzzTest.FullAdpPacketIs67Bytes
unit-tests	Setup, Configure and Build	2026-09-22T09:41:28.1809666Z 202/292 Test #202: AdpFuzzTest.FullAdpPacketIs67Bytes ......................   Passed    0.01 sec
unit-tests	Setup, Configure and Build	2026-09-22T09:41:28.1810728Z         Start 203: AdpFuzzTest.MessageTypeAlwaysValid
unit-tests	Setup, Configure and Build	2026-09-22T09:41:28.1876707Z 203/292 Test #203: AdpFuzzTest.MessageTypeAlwaysValid ......................   Passed    0.01 sec
unit-tests	Setup, Configure and Build	2026-09-22T09:41:28.1877761Z         Start 204: AdpFuzzTest.ValidTimeAlwaysInRange
unit-tests	Setup, Configure and Build	2026-09-22T09:41:28.1943790Z 204/292 Test #204: AdpFuzzTest.ValidTimeAlwaysInRange ......................   Passed    0.01 sec
unit-tests	Setup, Configure and Build	2026-09-22T09:41:28.1945082Z         Start 205: AdpFuzzTest.ControlDataLengthAlways56
unit-tests	Setup, Configure and Build	2026-09-22T09:41:28.2001794Z 205/292 Test #205: AdpFuzzTest.ControlDataLengthAlways56 ...................   Passed    0.01 sec
unit-tests	Setup, Configure and Build	2026-09-22T09:41:28.2002871Z         Start 206: AdpFuzzTest.TalkerCapsRespectMask
unit-tests	Setup, Configure and Build	2026-09-22T09:41:28.2072897Z 206/292 Test #206: AdpFuzzTest.TalkerCapsRespectMask .......................   Passed    0.01 sec
unit-tests	Setup, Configure and Build	2026-09-22T09:41:28.2073888Z         Start 207: AdpFuzzTest.ListenerCapsRespectMask
unit-tests	Setup, Configure and Build	2026-09-22T09:41:28.2144855Z 207/292 Test #207: AdpFuzzTest.ListenerCapsRespectMask .....................   Passed    0.01 sec
unit-tests	Setup, Configure and Build	2026-09-22T09:41:28.2145967Z         Start 208: AdpFuzzTest.ControllerCapsRespectMask
unit-tests	Setup, Configure and Build	2026-09-22T09:41:28.2218799Z 208/292 Test #208: AdpFuzzTest.ControllerCapsRespectMask ...................   Passed    0.01 sec
unit-tests	Setup, Configure and Build	2026-09-22T09:41:28.2219944Z         Start 209: AdpFuzzTest.ReservedFieldsAlwaysZero
unit-tests	Setup, Configure and Build	2026-09-22T09:41:28.2281049Z 209/292 Test #209: AdpFuzzTest.ReservedFieldsAlwaysZero ....................   Passed    0.01 sec
unit-tests	Setup, Configure and Build	2026-09-22T09:41:28.2282168Z         Start 210: AdpFuzzTest.AvailableIndexAlwaysValid
unit-tests	Setup, Configure and Build	2026-09-22T09:41:28.2343542Z 210/292 Test #210: AdpFuzzTest.AvailableIndexAlwaysValid ...................   Passed    0.01 sec
unit-tests	Setup, Configure and Build	2026-09-22T09:41:28.2344432Z         Start 211: AdpFuzzTest.VarCount
unit-tests	Setup, Configure and Build	2026-09-22T09:41:28.2522165Z 211/292 Test #211: AdpFuzzTest.VarCount ....................................   Passed    0.02 sec
unit-tests	Setup, Configure and Build	2026-09-22T09:41:28.2523091Z         Start 212: AdpFuzzTest.MessageTypeConstraints
unit-tests	Setup, Configure and Build	2026-09-22T09:41:28.2688446Z 212/292 Test #212: AdpFuzzTest.MessageTypeConstraints ......................   Passed    0.02 sec
unit-tests	Setup, Configure and Build	2026-09-22T09:41:28.2689385Z         Start 213: AdpFuzzTest.ValidTimeRangeConstraint
unit-tests	Setup, Configure and Build	2026-09-22T09:41:28.2862510Z 213/292 Test #213: AdpFuzzTest.ValidTimeRangeConstraint ....................   Passed    0.02 sec
unit-tests	Setup, Configure and Build	2026-09-22T09:41:28.2863717Z         Start 214: AdpFuzzTest.ControlDataLengthFixed
unit-tests	Setup, Configure and Build	2026-09-22T09:41:28.3031826Z 214/292 Test #214: AdpFuzzTest.ControlDataLengthFixed ......................   Passed    0.02 sec
unit-tests	Setup, Configure and Build	2026-09-22T09:41:28.3035876Z         Start 215: AdpFuzzTest.TalkerCapabilitiesMask
unit-tests	Setup, Configure and Build	2026-09-22T09:41:28.3201592Z 215/292 Test #215: AdpFuzzTest.TalkerCapabilitiesMask ......................   Passed    0.02 sec
unit-tests	Setup, Configure and Build	2026-09-22T09:41:28.3203172Z         Start 216: AdpFuzzTest.ListenerCapabilitiesMask
unit-tests	Setup, Configure and Build	2026-09-22T09:41:28.3382754Z 216/292 Test #216: AdpFuzzTest.ListenerCapabilitiesMask ....................   Passed    0.02 sec
unit-tests	Setup, Configure and Build	2026-09-22T09:41:28.3388555Z         Start 217: AdpFuzzTest.ControllerCapabilitiesMask
unit-tests	Setup, Configure and Build	2026-09-22T09:41:28.3588423Z 217/292 Test #217: AdpFuzzTest.ControllerCapabilitiesMask ..................   Passed    0.02 sec
unit-tests	Setup, Configure and Build	2026-09-22T09:41:28.3589537Z         Start 218: AdpFuzzTest.ReservedFieldsAreFixed
unit-tests	Setup, Configure and Build	2026-09-22T09:41:28.3764254Z 218/292 Test #218: AdpFuzzTest.ReservedFieldsAreFixed ......................   Passed    0.02 sec
unit-tests	Setup, Configure and Build	2026-09-22T09:41:28.3765951Z         Start 219: AdpFuzzTest.InterfaceCount
unit-tests	Setup, Configure and Build	2026-09-22T09:41:28.3941393Z 219/292 Test #219: AdpFuzzTest.InterfaceCount ..............................   Passed    0.02 sec
unit-tests	Setup, Configure and Build	2026-09-22T09:41:28.3942518Z         Start 220: AdpFuzzTest.IfDataDirection
unit-tests	Setup, Configure and Build	2026-09-22T09:41:28.4127307Z 220/292 Test #220: AdpFuzzTest.IfDataDirection .............................   Passed    0.02 sec
unit-tests	Setup, Configure and Build	2026-09-22T09:41:28.4128751Z         Start 221: AdpFuzzTest.IfDataHas20VarRefs
unit-tests	Setup, Configure and Build	2026-09-22T09:41:28.4304642Z 221/292 Test #221: AdpFuzzTest.IfDataHas20VarRefs ..........................   Passed    0.02 sec
unit-tests	Setup, Configure and Build	2026-09-22T09:41:28.4306174Z         Start 222: AdpFuzzTest.IfDataFirstVarRefIsMessageType
unit-tests	Setup, Configure and Build	2026-09-22T09:41:28.4482119Z 222/292 Test #222: AdpFuzzTest.IfDataFirstVarRefIsMessageType ..............   Passed    0.02 sec
unit-tests	Setup, Configure and Build	2026-09-22T09:41:28.4484420Z         Start 223: AdpFuzzTest.IfDataLastVarRefIsReserved1
unit-tests	Setup, Configure and Build	2026-09-22T09:41:28.4656860Z 223/292 Test #223: AdpFuzzTest.IfDataLastVarRefIsReserved1 .................   Passed    0.02 sec
unit-tests	Setup, Configure and Build	2026-09-22T09:41:28.4658785Z         Start 224: AdpFuzzTest.FullAdpPacketIs67Bytes
unit-tests	Setup, Configure and Build	2026-09-22T09:41:28.4859518Z 224/292 Test #224: AdpFuzzTest.FullAdpPacketIs67Bytes ......................   Passed    0.02 sec
unit-tests	Setup, Configure and Build	2026-09-22T09:41:28.4863837Z         Start 225: AdpFuzzTest.MessageTypeAlwaysValid
unit-tests	Setup, Configure and Build	2026-09-22T09:41:28.5079550Z 225/292 Test #225: AdpFuzzTest.MessageTypeAlwaysValid ......................   Passed    0.02 sec
unit-tests	Setup, Configure and Build	2026-09-22T09:41:28.5080566Z         Start 226: AdpFuzzTest.ValidTimeAlwaysInRange
unit-tests	Setup, Configure and Build	2026-09-22T09:41:28.5283959Z 226/292 Test #226: AdpFuzzTest.ValidTimeAlwaysInRange ......................   Passed    0.02 sec
unit-tests	Setup, Configure and Build	2026-09-22T09:41:28.5285126Z         Start 227: AdpFuzzTest.ControlDataLengthAlways56
unit-tests	Setup, Configure and Build	2026-09-22T09:41:28.5453063Z 227/292 Test #227: AdpFuzzTest.ControlDataLengthAlways56 ...................   Passed    0.02 sec
unit-tests	Setup, Configure and Build	2026-09-22T09:41:28.5454274Z         Start 228: AdpFuzzTest.TalkerCapsRespectMask
unit-tests	Setup, Configure and Build	2026-09-22T09:41:28.5716273Z 228/292 Test #228: AdpFuzzTest.TalkerCapsRespectMask .......................   Passed    0.03 sec
unit-tests	Setup, Configure and Build	2026-09-22T09:41:28.5717752Z         Start 229: AdpFuzzTest.ListenerCapsRespectMask
unit-tests	Setup, Configure and Build	2026-09-22T09:41:28.5957339Z 229/292 Test #229: AdpFuzzTest.ListenerCapsRespectMask .....................   Passed    0.02 sec
unit-tests	Setup, Configure and Build	2026-09-22T09:41:28.5959011Z         Start 230: AdpFuzzTest.ControllerCapsRespectMask
unit-tests	Setup, Configure and Build	2026-09-22T09:41:28.6212424Z 230/292 Test #230: AdpFuzzTest.ControllerCapsRespectMask ...................   Passed    0.03 sec
unit-tests	Setup, Configure and Build	2026-09-22T09:41:28.6213824Z         Start 231: AdpFuzzTest.ReservedFieldsAlwaysZero
unit-tests	Setup, Configure and Build	2026-09-22T09:41:28.6415999Z 231/292 Test #231: AdpFuzzTest.ReservedFieldsAlwaysZero ....................   Passed    0.02 sec
unit-tests	Setup, Configure and Build	2026-09-22T09:41:28.6417293Z         Start 232: AdpFuzzTest.AvailableIndexAlwaysValid
unit-tests	Setup, Configure and Build	2026-09-22T09:41:28.6608564Z 232/292 Test #232: AdpFuzzTest.AvailableIndexAlwaysValid ...................   Passed    0.02 sec
unit-tests	Setup, Configure and Build	2026-09-22T09:41:28.6609649Z         Start 233: AdpFuzzTest.VarCount
unit-tests	Setup, Configure and Build	2026-09-22T09:41:28.6666372Z 233/292 Test #233: AdpFuzzTest.VarCount ....................................   Passed    0.01 sec
unit-tests	Setup, Configure and Build	2026-09-22T09:41:28.6667404Z         Start 234: AdpFuzzTest.MessageTypeConstraints
unit-tests	Setup, Configure and Build	2026-09-22T09:41:28.6716845Z 234/292 Test #234: AdpFuzzTest.MessageTypeConstraints ......................   Passed    0.00 sec
unit-tests	Setup, Configure and Build	2026-09-22T09:41:28.6717884Z         Start 235: AdpFuzzTest.ValidTimeRangeConstraint
unit-tests	Setup, Configure and Build	2026-09-22T09:41:28.6770934Z 235/292 Test #235: AdpFuzzTest.ValidTimeRangeConstraint ....................   Passed    0.01 sec
unit-tests	Setup, Configure and Build	2026-09-22T09:41:28.6771978Z         Start 236: AdpFuzzTest.ControlDataLengthFixed
unit-tests	Setup, Configure and Build	2026-09-22T09:41:28.6818938Z 236/292 Test #236: AdpFuzzTest.ControlDataLengthFixed ......................   Passed    0.00 sec
unit-tests	Setup, Configure and Build	2026-09-22T09:41:28.6819899Z         Start 237: AdpFuzzTest.TalkerCapabilitiesMask
unit-tests	Setup, Configure and Build	2026-09-22T09:41:28.6861821Z 237/292 Test #237: AdpFuzzTest.TalkerCapabilitiesMask ......................   Passed    0.00 sec
unit-tests	Setup, Configure and Build	2026-09-22T09:41:28.6862796Z         Start 238: AdpFuzzTest.ListenerCapabilitiesMask
unit-tests	Setup, Configure and Build	2026-09-22T09:41:28.6910431Z 238/292 Test #238: AdpFuzzTest.ListenerCapabilitiesMask ....................   Passed    0.00 sec
unit-tests	Setup, Configure and Build	2026-09-22T09:41:28.6911353Z         Start 239: AdpFuzzTest.ControllerCapabilitiesMask
unit-tests	Setup, Configure and Build	2026-09-22T09:41:28.6955802Z 239/292 Test #239: AdpFuzzTest.ControllerCapabilitiesMask ..................   Passed    0.00 sec
unit-tests	Setup, Configure and Build	2026-09-22T09:41:28.6956780Z         Start 240: AdpFuzzTest.ReservedFieldsAreFixed
unit-tests	Setup, Configure and Build	2026-09-22T09:41:28.7007284Z 240/292 Test #240: AdpFuzzTest.ReservedFieldsAreFixed ......................   Passed    0.00 sec
unit-tests	Setup, Configure and Build	2026-09-22T09:41:28.7008550Z         Start 241: AdpFuzzTest.InterfaceCount
unit-tests	Setup, Configure and Build	2026-09-22T09:41:28.7054167Z 241/292 Test #241: AdpFuzzTest.InterfaceCount ..............................   Passed    0.00 sec
unit-tests	Setup, Configure and Build	2026-09-22T09:41:28.7056186Z         Start 242: AdpFuzzTest.IfDataDirection
unit-tests	Setup, Configure and Build	2026-09-22T09:41:28.7098045Z 242/292 Test #242: AdpFuzzTest.IfDataDirection .............................   Passed    0.00 sec
unit-tests	Setup, Configure and Build	2026-09-22T09:41:28.7099150Z         Start 243: AdpFuzzTest.IfDataHas20VarRefs
unit-tests	Setup, Configure and Build	2026-09-22T09:41:28.7140925Z 243/292 Test #243: AdpFuzzTest.IfDataHas20VarRefs ..........................   Passed    0.00 sec
unit-tests	Setup, Configure and Build	2026-09-22T09:41:28.7142104Z         Start 244: AdpFuzzTest.IfDataFirstVarRefIsMessageType
unit-tests	Setup, Configure and Build	2026-09-22T09:41:28.7183399Z 244/292 Test #244: AdpFuzzTest.IfDataFirstVarRefIsMessageType ..............   Passed    0.00 sec
unit-tests	Setup, Configure and Build	2026-09-22T09:41:28.7184558Z         Start 245: AdpFuzzTest.IfDataLastVarRefIsReserved1
unit-tests	Setup, Configure and Build	2026-09-22T09:41:28.7226424Z 245/292 Test #245: AdpFuzzTest.IfDataLastVarRefIsReserved1 .................   Passed    0.00 sec
unit-tests	Setup, Configure and Build	2026-09-22T09:41:28.7227662Z         Start 246: AdpFuzzTest.FullAdpPacketIs67Bytes
unit-tests	Setup, Configure and Build	2026-09-22T09:41:28.7282160Z 246/292 Test #246: AdpFuzzTest.FullAdpPacketIs67Bytes ......................   Passed    0.01 sec
unit-tests	Setup, Configure and Build	2026-09-22T09:41:28.7283355Z         Start 247: AdpFuzzTest.MessageTypeAlwaysValid
unit-tests	Setup, Configure and Build	2026-09-22T09:41:28.7336767Z 247/292 Test #247: AdpFuzzTest.MessageTypeAlwaysValid ......................   Passed    0.01 sec
unit-tests	Setup, Configure and Build	2026-09-22T09:41:28.7337670Z         Start 248: AdpFuzzTest.ValidTimeAlwaysInRange
unit-tests	Setup, Configure and Build	2026-09-22T09:41:28.7398140Z 248/292 Test #248: AdpFuzzTest.ValidTimeAlwaysInRange ......................   Passed    0.01 sec
unit-tests	Setup, Configure and Build	2026-09-22T09:41:28.7399204Z         Start 249: AdpFuzzTest.ControlDataLengthAlways56
unit-tests	Setup, Configure and Build	2026-09-22T09:41:28.7446695Z 249/292 Test #249: AdpFuzzTest.ControlDataLengthAlways56 ...................   Passed    0.00 sec
unit-tests	Setup, Configure and Build	2026-09-22T09:41:28.7447881Z         Start 250: AdpFuzzTest.TalkerCapsRespectMask
unit-tests	Setup, Configure and Build	2026-09-22T09:41:28.7504030Z 250/292 Test #250: AdpFuzzTest.TalkerCapsRespectMask .......................   Passed    0.01 sec
unit-tests	Setup, Configure and Build	2026-09-22T09:41:28.7505057Z         Start 251: AdpFuzzTest.ListenerCapsRespectMask
unit-tests	Setup, Configure and Build	2026-09-22T09:41:28.7563191Z 251/292 Test #251: AdpFuzzTest.ListenerCapsRespectMask .....................   Passed    0.01 sec
unit-tests	Setup, Configure and Build	2026-09-22T09:41:28.7564140Z         Start 252: AdpFuzzTest.ControllerCapsRespectMask
unit-tests	Setup, Configure and Build	2026-09-22T09:41:28.7629008Z 252/292 Test #252: AdpFuzzTest.ControllerCapsRespectMask ...................   Passed    0.01 sec
unit-tests	Setup, Configure and Build	2026-09-22T09:41:28.7629919Z         Start 253: AdpFuzzTest.ReservedFieldsAlwaysZero
unit-tests	Setup, Configure and Build	2026-09-22T09:41:28.7682514Z 253/292 Test #253: AdpFuzzTest.ReservedFieldsAlwaysZero ....................   Passed    0.01 sec
unit-tests	Setup, Configure and Build	2026-09-22T09:41:28.7683662Z         Start 254: AdpFuzzTest.AvailableIndexAlwaysValid
unit-tests	Setup, Configure and Build	2026-09-22T09:41:28.7733426Z 254/292 Test #254: AdpFuzzTest.AvailableIndexAlwaysValid ...................   Passed    0.00 sec
unit-tests	Setup, Configure and Build	2026-09-22T09:41:28.7734329Z         Start 255: PtpFlags.SyncModelPermitsOnlyTwoStepFlag
unit-tests	Setup, Configure and Build	2026-09-22T09:41:28.7888531Z 255/292 Test #255: PtpFlags.SyncModelPermitsOnlyTwoStepFlag ................   Passed    0.02 sec
unit-tests	Setup, Configure and Build	2026-09-22T09:41:28.7889549Z         Start 256: PtpFlags.FollowUpModelPermitsOnlyAllFlagsClear
unit-tests	Setup, Configure and Build	2026-09-22T09:41:28.8048805Z 256/292 Test #256: PtpFlags.FollowUpModelPermitsOnlyAllFlagsClear ..........   Passed    0.02 sec
unit-tests	Setup, Configure and Build	2026-09-22T09:41:28.8050142Z         Start 257: PtpFlags.PdelayModelsKeepTheirStrictFlags
unit-tests	Setup, Configure and Build	2026-09-22T09:41:28.8218025Z 257/292 Test #257: PtpFlags.PdelayModelsKeepTheirStrictFlags ...............   Passed    0.02 sec
unit-tests	Setup, Configure and Build	2026-09-22T09:41:28.8219333Z         Start 258: PtpFlags.NoMediaDependentModelPermitsPtpTimescale
unit-tests	Setup, Configure and Build	2026-09-22T09:41:28.8379769Z 258/292 Test #258: PtpFlags.NoMediaDependentModelPermitsPtpTimescale .......   Passed    0.02 sec
unit-tests	Setup, Configure and Build	2026-09-22T09:41:28.8380940Z         Start 259: PtpFlags.GeneratedSyncFramesCarryTwoStepFlagOnly
unit-tests	Setup, Configure and Build	2026-09-22T09:41:28.8628951Z 259/292 Test #259: PtpFlags.GeneratedSyncFramesCarryTwoStepFlagOnly ........   Passed    0.02 sec
unit-tests	Setup, Configure and Build	2026-09-22T09:41:28.8629930Z         Start 260: PtpFlags.GeneratedFollowUpFramesCarryNoFlags
unit-tests	Setup, Configure and Build	2026-09-22T09:41:28.8896683Z 260/292 Test #260: PtpFlags.GeneratedFollowUpFramesCarryNoFlags ............   Passed    0.03 sec
unit-tests	Setup, Configure and Build	2026-09-22T09:41:28.8897687Z         Start 261: PtpFlags.GeneratedPdelayFramesKeepTheirStrictFlags
unit-tests	Setup, Configure and Build	2026-09-22T09:41:28.9326541Z 261/292 Test #261: PtpFlags.GeneratedPdelayFramesKeepTheirStrictFlags ......   Passed    0.04 sec
unit-tests	Setup, Configure and Build	2026-09-22T09:41:28.9329558Z         Start 262: PtpFlags.GeneratedFramesMatchTheirModelsFlags
unit-tests	Setup, Configure and Build	2026-09-22T09:41:28.9789118Z 262/292 Test #262: PtpFlags.GeneratedFramesMatchTheirModelsFlags ...........   Passed    0.05 sec
unit-tests	Setup, Configure and Build	2026-09-22T09:41:28.9790349Z         Start 263: PtpFlags.DecoderRecoversOutOfProfileFlagsVerbatim
unit-tests	Setup, Configure and Build	2026-09-22T09:41:28.9946770Z 263/292 Test #263: PtpFlags.DecoderRecoversOutOfProfileFlagsVerbatim .......   Passed    0.02 sec
unit-tests	Setup, Configure and Build	2026-09-22T09:41:28.9947843Z         Start 264: PtpFlags.DecodingDoesNotApplyTheTransmitConstraint
unit-tests	Setup, Configure and Build	2026-09-22T09:41:29.0107042Z 264/292 Test #264: PtpFlags.DecodingDoesNotApplyTheTransmitConstraint ......   Passed    0.02 sec
unit-tests	Setup, Configure and Build	2026-09-22T09:41:29.0108497Z         Start 265: PtpFlags.SyncModelPermitsOnlyTwoStepFlag
unit-tests	Setup, Configure and Build	2026-09-22T09:41:29.0536353Z 265/292 Test #265: PtpFlags.SyncModelPermitsOnlyTwoStepFlag ................   Passed    0.04 sec
unit-tests	Setup, Configure and Build	2026-09-22T09:41:29.0537495Z         Start 266: PtpFlags.FollowUpModelPermitsOnlyAllFlagsClear
unit-tests	Setup, Configure and Build	2026-09-22T09:41:29.0954741Z 266/292 Test #266: PtpFlags.FollowUpModelPermitsOnlyAllFlagsClear ..........   Passed    0.04 sec
unit-tests	Setup, Configure and Build	2026-09-22T09:41:29.0956093Z         Start 267: PtpFlags.PdelayModelsKeepTheirStrictFlags
unit-tests	Setup, Configure and Build	2026-09-22T09:41:29.1346048Z 267/292 Test #267: PtpFlags.PdelayModelsKeepTheirStrictFlags ...............   Passed    0.04 sec
unit-tests	Setup, Configure and Build	2026-09-22T09:41:29.1347387Z         Start 268: PtpFlags.NoMediaDependentModelPermitsPtpTimescale
unit-tests	Setup, Configure and Build	2026-09-22T09:41:29.1767190Z 268/292 Test #268: PtpFlags.NoMediaDependentModelPermitsPtpTimescale .......   Passed    0.04 sec
unit-tests	Setup, Configure and Build	2026-09-22T09:41:29.1775327Z         Start 269: PtpFlags.GeneratedSyncFramesCarryTwoStepFlagOnly
unit-tests	Setup, Configure and Build	2026-09-22T09:41:29.2389168Z 269/292 Test #269: PtpFlags.GeneratedSyncFramesCarryTwoStepFlagOnly ........   Passed    0.06 sec
unit-tests	Setup, Configure and Build	2026-09-22T09:41:29.2390296Z         Start 270: PtpFlags.GeneratedFollowUpFramesCarryNoFlags
unit-tests	Setup, Configure and Build	2026-09-22T09:41:29.3019199Z 270/292 Test #270: PtpFlags.GeneratedFollowUpFramesCarryNoFlags ............   Passed    0.06 sec
unit-tests	Setup, Configure and Build	2026-09-22T09:41:29.3020238Z         Start 271: PtpFlags.GeneratedPdelayFramesKeepTheirStrictFlags
unit-tests	Setup, Configure and Build	2026-09-22T09:41:29.3902915Z 271/292 Test #271: PtpFlags.GeneratedPdelayFramesKeepTheirStrictFlags ......   Passed    0.09 sec
unit-tests	Setup, Configure and Build	2026-09-22T09:41:29.3904025Z         Start 272: PtpFlags.GeneratedFramesMatchTheirModelsFlags
unit-tests	Setup, Configure and Build	2026-09-22T09:41:29.4978149Z 272/292 Test #272: PtpFlags.GeneratedFramesMatchTheirModelsFlags ...........   Passed    0.11 sec
unit-tests	Setup, Configure and Build	2026-09-22T09:41:29.4979202Z         Start 273: PtpFlags.DecoderRecoversOutOfProfileFlagsVerbatim
unit-tests	Setup, Configure and Build	2026-09-22T09:41:29.5397050Z 273/292 Test #273: PtpFlags.DecoderRecoversOutOfProfileFlagsVerbatim .......   Passed    0.04 sec
unit-tests	Setup, Configure and Build	2026-09-22T09:41:29.5398554Z         Start 274: PtpFlags.DecodingDoesNotApplyTheTransmitConstraint
unit-tests	Setup, Configure and Build	2026-09-22T09:41:29.5888192Z 274/292 Test #274: PtpFlags.DecodingDoesNotApplyTheTransmitConstraint ......   Passed    0.05 sec
unit-tests	Setup, Configure and Build	2026-09-22T09:41:29.5889369Z         Start 275: PtpFlags.SyncModelPermitsOnlyTwoStepFlag
unit-tests	Setup, Configure and Build	2026-09-22T09:41:29.6016178Z 275/292 Test #275: PtpFlags.SyncModelPermitsOnlyTwoStepFlag ................   Passed    0.01 sec
unit-tests	Setup, Configure and Build	2026-09-22T09:41:29.6017069Z         Start 276: PtpFlags.FollowUpModelPermitsOnlyAllFlagsClear
unit-tests	Setup, Configure and Build	2026-09-22T09:41:29.6136164Z 276/292 Test #276: PtpFlags.FollowUpModelPermitsOnlyAllFlagsClear ..........   Passed    0.01 sec
unit-tests	Setup, Configure and Build	2026-09-22T09:41:29.6137429Z         Start 277: PtpFlags.PdelayModelsKeepTheirStrictFlags
unit-tests	Setup, Configure and Build	2026-09-22T09:41:29.6256461Z 277/292 Test #277: PtpFlags.PdelayModelsKeepTheirStrictFlags ...............   Passed    0.01 sec
unit-tests	Setup, Configure and Build	2026-09-22T09:41:29.6257480Z         Start 278: PtpFlags.NoMediaDependentModelPermitsPtpTimescale
unit-tests	Setup, Configure and Build	2026-09-22T09:41:29.6381446Z 278/292 Test #278: PtpFlags.NoMediaDependentModelPermitsPtpTimescale .......   Passed    0.01 sec
unit-tests	Setup, Configure and Build	2026-09-22T09:41:29.6382708Z         Start 279: PtpFlags.GeneratedSyncFramesCarryTwoStepFlagOnly
unit-tests	Setup, Configure and Build	2026-09-22T09:41:29.6575132Z 279/292 Test #279: PtpFlags.GeneratedSyncFramesCarryTwoStepFlagOnly ........   Passed    0.02 sec
unit-tests	Setup, Configure and Build	2026-09-22T09:41:29.6576080Z         Start 280: PtpFlags.GeneratedFollowUpFramesCarryNoFlags
unit-tests	Setup, Configure and Build	2026-09-22T09:41:29.6786923Z 280/292 Test #280: PtpFlags.GeneratedFollowUpFramesCarryNoFlags ............   Passed    0.02 sec
unit-tests	Setup, Configure and Build	2026-09-22T09:41:29.6787933Z         Start 281: PtpFlags.GeneratedPdelayFramesKeepTheirStrictFlags
unit-tests	Setup, Configure and Build	2026-09-22T09:41:29.7132487Z 281/292 Test #281: PtpFlags.GeneratedPdelayFramesKeepTheirStrictFlags ......   Passed    0.03 sec
unit-tests	Setup, Configure and Build	2026-09-22T09:41:29.7133463Z         Start 282: PtpFlags.GeneratedFramesMatchTheirModelsFlags
unit-tests	Setup, Configure and Build	2026-09-22T09:41:29.7489206Z 282/292 Test #282: PtpFlags.GeneratedFramesMatchTheirModelsFlags ...........   Passed    0.04 sec
unit-tests	Setup, Configure and Build	2026-09-22T09:41:29.7490188Z         Start 283: PtpFlags.DecoderRecoversOutOfProfileFlagsVerbatim
unit-tests	Setup, Configure and Build	2026-09-22T09:41:29.7620453Z 283/292 Test #283: PtpFlags.DecoderRecoversOutOfProfileFlagsVerbatim .......   Passed    0.01 sec
unit-tests	Setup, Configure and Build	2026-09-22T09:41:29.7621592Z         Start 284: PtpFlags.DecodingDoesNotApplyTheTransmitConstraint
unit-tests	Setup, Configure and Build	2026-09-22T09:41:29.7745519Z 284/292 Test #284: PtpFlags.DecodingDoesNotApplyTheTransmitConstraint ......   Passed    0.01 sec
unit-tests	Setup, Configure and Build	2026-09-22T09:41:29.7746490Z         Start 285: corpus_validates
unit-tests	Setup, Configure and Build	2026-09-22T09:41:29.7838404Z 285/292 Test #285: corpus_validates ........................................   Passed    0.01 sec
unit-tests	Setup, Configure and Build	2026-09-22T09:41:29.7839452Z         Start 286: sanitizer_probe-test.clean
unit-tests	Setup, Configure and Build	2026-09-22T09:41:29.7857713Z 286/292 Test #286: sanitizer_probe-test.clean ..............................   Passed    0.00 sec
unit-tests	Setup, Configure and Build	2026-09-22T09:41:29.7858763Z         Start 287: sanitizer_probe-test_ASAN.clean
unit-tests	Setup, Configure and Build	2026-09-22T09:41:29.7926863Z 287/292 Test #287: sanitizer_probe-test_ASAN.clean .........................   Passed    0.01 sec
unit-tests	Setup, Configure and Build	2026-09-22T09:41:29.7927712Z         Start 288: sanitizer_probe-test_UBSAN.clean
unit-tests	Setup, Configure and Build	2026-09-22T09:41:29.7950892Z 288/292 Test #288: sanitizer_probe-test_UBSAN.clean ........................   Passed    0.00 sec
unit-tests	Setup, Configure and Build	2026-09-22T09:41:29.7951844Z         Start 289: sanitizer_probe-test_ASAN.library-heap-overflow
unit-tests	Setup, Configure and Build	2026-09-22T09:41:30.2261214Z 289/292 Test #289: sanitizer_probe-test_ASAN.library-heap-overflow .........   Passed    0.43 sec
unit-tests	Setup, Configure and Build	2026-09-22T09:41:30.2318766Z         Start 290: sanitizer_probe-test_ASAN.consumer-heap-overflow
unit-tests	Setup, Configure and Build	2026-09-22T09:41:30.2535875Z 290/292 Test #290: sanitizer_probe-test_ASAN.consumer-heap-overflow ........   Passed    0.02 sec
unit-tests	Setup, Configure and Build	2026-09-22T09:41:30.2536951Z         Start 291: sanitizer_probe-test_UBSAN.library-signed-overflow
unit-tests	Setup, Configure and Build	2026-09-22T09:41:30.2981876Z 291/292 Test #291: sanitizer_probe-test_UBSAN.library-signed-overflow ......   Passed    0.04 sec
unit-tests	Setup, Configure and Build	2026-09-22T09:41:30.2983151Z         Start 292: sanitizer_probe-test_UBSAN.consumer-signed-overflow
unit-tests	Setup, Configure and Build	2026-09-22T09:41:30.3037372Z 292/292 Test #292: sanitizer_probe-test_UBSAN.consumer-signed-overflow .....   Passed    0.01 sec
unit-tests	Setup, Configure and Build	2026-09-22T09:41:30.3043618Z 
unit-tests	Setup, Configure and Build	2026-09-22T09:41:30.3043810Z 100% tests passed, 0 tests failed out of 292
unit-tests	Setup, Configure and Build	2026-09-22T09:41:30.3044135Z 
unit-tests	Setup, Configure and Build	2026-09-22T09:41:30.3044288Z Total Test time (real) =   3.87 sec
unit-tests	Execute tests	﻿2026-09-22T09:41:30.3512938Z ##[group]Run ./tests/run-tests.sh
unit-tests	Execute tests	2026-09-22T09:41:30.3513274Z ^[[36;1m./tests/run-tests.sh^[[0m
unit-tests	Execute tests	2026-09-22T09:41:30.3552278Z shell: /usr/bin/bash -e {0}
unit-tests	Execute tests	2026-09-22T09:41:30.3552544Z ##[endgroup]
unit-tests	Execute tests	2026-09-22T09:41:30.3648766Z Executing software test suite
unit-tests	Execute tests	2026-09-22T09:41:30.3649244Z Test location: /home/runner/work/tsn-gen/tsn-gen/tests/../build
unit-tests	Execute tests	2026-09-22T09:41:30.3666906Z Internal ctest changing into directory: /home/runner/work/tsn-gen/tsn-gen/build
unit-tests	Execute tests	2026-09-22T09:41:30.3669390Z Test project /home/runner/work/tsn-gen/tsn-gen/build
unit-tests	Execute tests	2026-09-22T09:41:30.3770929Z         Start   1: ParserUsingTest.Version
unit-tests	Execute tests	2026-09-22T09:41:30.3815652Z   1/292 Test   #1: ParserUsingTest.Version .................................   Passed    0.00 sec
unit-tests	Execute tests	2026-09-22T09:41:30.3818026Z         Start   2: ParserUsingTest.BasePath
unit-tests	Execute tests	2026-09-22T09:41:30.3858581Z   2/292 Test   #2: ParserUsingTest.BasePath ................................   Passed    0.00 sec
unit-tests	Execute tests	2026-09-22T09:41:30.3860180Z         Start   3: Parser.InvalidPathInt
unit-tests	Execute tests	2026-09-22T09:41:30.3898815Z   3/292 Test   #3: Parser.InvalidPathInt ...................................   Passed    0.00 sec
unit-tests	Execute tests	2026-09-22T09:41:30.3900415Z         Start   4: Parser.VarCreation
unit-tests	Execute tests	2026-09-22T09:41:30.3937677Z   4/292 Test   #4: Parser.VarCreation ......................................   Passed    0.00 sec
unit-tests	Execute tests	2026-09-22T09:41:30.3939119Z         Start   5: Parser.VarCreationTooSmall
unit-tests	Execute tests	2026-09-22T09:41:30.3975446Z   5/292 Test   #5: Parser.VarCreationTooSmall ..............................   Passed    0.00 sec
unit-tests	Execute tests	2026-09-22T09:41:30.3976817Z         Start   6: Parser.listFiles
unit-tests	Execute tests	2026-09-22T09:41:30.4018195Z   6/292 Test   #6: Parser.listFiles ........................................   Passed    0.00 sec
unit-tests	Execute tests	2026-09-22T09:41:30.4019781Z         Start   7: Parser.VerifyDepth
unit-tests	Execute tests	2026-09-22T09:41:30.4063624Z   7/292 Test   #7: Parser.VerifyDepth ......................................   Passed    0.00 sec
unit-tests	Execute tests	2026-09-22T09:41:30.4065281Z         Start   8: Parser.DivergingPath
unit-tests	Execute tests	2026-09-22T09:41:30.4128674Z   8/292 Test   #8: Parser.DivergingPath ....................................   Passed    0.01 sec
unit-tests	Execute tests	2026-09-22T09:41:30.4130292Z         Start   9: Parser.ParsingProtocolNameInvalid
unit-tests	Execute tests	2026-09-22T09:41:30.4173749Z   9/292 Test   #9: Parser.ParsingProtocolNameInvalid .......................   Passed    0.00 sec
unit-tests	Execute tests	2026-09-22T09:41:30.4175360Z         Start  10: ParserUsingTest.Version
unit-tests	Execute tests	2026-09-22T09:41:30.4315044Z  10/292 Test  #10: ParserUsingTest.Version .................................   Passed    0.01 sec
unit-tests	Execute tests	2026-09-22T09:41:30.4316457Z         Start  11: ParserUsingTest.BasePath
unit-tests	Execute tests	2026-09-22T09:41:30.4470771Z  11/292 Test  #11: ParserUsingTest.BasePath ................................   Passed    0.02 sec
unit-tests	Execute tests	2026-09-22T09:41:30.4471807Z         Start  12: Parser.InvalidPathInt
unit-tests	Execute tests	2026-09-22T09:41:30.4608144Z  12/292 Test  #12: Parser.InvalidPathInt ...................................   Passed    0.01 sec
unit-tests	Execute tests	2026-09-22T09:41:30.4613303Z         Start  13: Parser.VarCreation
unit-tests	Execute tests	2026-09-22T09:41:30.4763749Z  13/292 Test  #13: Parser.VarCreation ......................................   Passed    0.01 sec
unit-tests	Execute tests	2026-09-22T09:41:30.4765267Z         Start  14: Parser.VarCreationTooSmall
unit-tests	Execute tests	2026-09-22T09:41:30.4919969Z  14/292 Test  #14: Parser.VarCreationTooSmall ..............................   Passed    0.02 sec
unit-tests	Execute tests	2026-09-22T09:41:30.4921449Z         Start  15: Parser.listFiles
unit-tests	Execute tests	2026-09-22T09:41:30.5070806Z  15/292 Test  #15: Parser.listFiles ........................................   Passed    0.01 sec
unit-tests	Execute tests	2026-09-22T09:41:30.5072247Z         Start  16: Parser.VerifyDepth
unit-tests	Execute tests	2026-09-22T09:41:30.5236628Z  16/292 Test  #16: Parser.VerifyDepth ......................................   Passed    0.02 sec
unit-tests	Execute tests	2026-09-22T09:41:30.5238582Z         Start  17: Parser.DivergingPath
unit-tests	Execute tests	2026-09-22T09:41:30.5430153Z  17/292 Test  #17: Parser.DivergingPath ....................................   Passed    0.02 sec
unit-tests	Execute tests	2026-09-22T09:41:30.5432161Z         Start  18: Parser.ParsingProtocolNameInvalid
unit-tests	Execute tests	2026-09-22T09:41:30.5568570Z  18/292 Test  #18: Parser.ParsingProtocolNameInvalid .......................   Passed    0.01 sec
unit-tests	Execute tests	2026-09-22T09:41:30.5570125Z         Start  19: ParserUsingTest.Version
unit-tests	Execute tests	2026-09-22T09:41:30.5636764Z  19/292 Test  #19: ParserUsingTest.Version .................................   Passed    0.00 sec
unit-tests	Execute tests	2026-09-22T09:41:30.5637947Z         Start  20: ParserUsingTest.BasePath
unit-tests	Execute tests	2026-09-22T09:41:30.5669690Z  20/292 Test  #20: ParserUsingTest.BasePath ................................   Passed    0.00 sec
unit-tests	Execute tests	2026-09-22T09:41:30.5671139Z         Start  21: Parser.InvalidPathInt
unit-tests	Execute tests	2026-09-22T09:41:30.5706843Z  21/292 Test  #21: Parser.InvalidPathInt ...................................   Passed    0.00 sec
unit-tests	Execute tests	2026-09-22T09:41:30.5708220Z         Start  22: Parser.VarCreation
unit-tests	Execute tests	2026-09-22T09:41:30.5742037Z  22/292 Test  #22: Parser.VarCreation ......................................   Passed    0.00 sec
unit-tests	Execute tests	2026-09-22T09:41:30.5743363Z         Start  23: Parser.VarCreationTooSmall
unit-tests	Execute tests	2026-09-22T09:41:30.5775349Z  23/292 Test  #23: Parser.VarCreationTooSmall ..............................   Passed    0.00 sec
unit-tests	Execute tests	2026-09-22T09:41:30.5776609Z         Start  24: Parser.listFiles
unit-tests	Execute tests	2026-09-22T09:41:30.5812305Z  24/292 Test  #24: Parser.listFiles ........................................   Passed    0.00 sec
unit-tests	Execute tests	2026-09-22T09:41:30.5813655Z         Start  25: Parser.VerifyDepth
unit-tests	Execute tests	2026-09-22T09:41:30.5851087Z  25/292 Test  #25: Parser.VerifyDepth ......................................   Passed    0.00 sec
unit-tests	Execute tests	2026-09-22T09:41:30.5852450Z         Start  26: Parser.DivergingPath
unit-tests	Execute tests	2026-09-22T09:41:30.5909834Z  26/292 Test  #26: Parser.DivergingPath ....................................   Passed    0.01 sec
unit-tests	Execute tests	2026-09-22T09:41:30.5911067Z         Start  27: Parser.ParsingProtocolNameInvalid
unit-tests	Execute tests	2026-09-22T09:41:30.5946264Z  27/292 Test  #27: Parser.ParsingProtocolNameInvalid .......................   Passed    0.00 sec
unit-tests	Execute tests	2026-09-22T09:41:30.5947713Z         Start  28: ObjectSerializer.ParseSimpleProtocol
unit-tests	Execute tests	2026-09-22T09:41:30.5995156Z  28/292 Test  #28: ObjectSerializer.ParseSimpleProtocol ....................   Passed    0.00 sec
unit-tests	Execute tests	2026-09-22T09:41:30.5996604Z         Start  29: ObjectSerializer.ParseSimpleProtocolVarCount
unit-tests	Execute tests	2026-09-22T09:41:30.6042014Z  29/292 Test  #29: ObjectSerializer.ParseSimpleProtocolVarCount ............   Passed    0.00 sec
unit-tests	Execute tests	2026-09-22T09:41:30.6043380Z         Start  30: ObjectSerializer.ParseSimpleProtocolVarName
unit-tests	Execute tests	2026-09-22T09:41:30.6088496Z  30/292 Test  #30: ObjectSerializer.ParseSimpleProtocolVarName .............   Passed    0.00 sec
unit-tests	Execute tests	2026-09-22T09:41:30.6089897Z         Start  31: ObjectSerializer.ParseSimpleProtocolVarSize
unit-tests	Execute tests	2026-09-22T09:41:30.6133754Z  31/292 Test  #31: ObjectSerializer.ParseSimpleProtocolVarSize .............   Passed    0.00 sec
unit-tests	Execute tests	2026-09-22T09:41:30.6135318Z         Start  32: ObjectSerializer.ParseSimpleProtocolVarExpectedValues
unit-tests	Execute tests	2026-09-22T09:41:30.6180189Z  32/292 Test  #32: ObjectSerializer.ParseSimpleProtocolVarExpectedValues ...   Passed    0.00 sec
unit-tests	Execute tests	2026-09-22T09:41:30.6181576Z         Start  33: ObjectSerializer.ParseSimpleProtocolIfaceCount
unit-tests	Execute tests	2026-09-22T09:41:30.6227257Z  33/292 Test  #33: ObjectSerializer.ParseSimpleProtocolIfaceCount ..........   Passed    0.00 sec
unit-tests	Execute tests	2026-09-22T09:41:30.6228484Z         Start  34: ObjectSerializer.ParseSimpleProtocolIfaceName
unit-tests	Execute tests	2026-09-22T09:41:30.6272310Z  34/292 Test  #34: ObjectSerializer.ParseSimpleProtocolIfaceName ...........   Passed    0.00 sec
unit-tests	Execute tests	2026-09-22T09:41:30.6273882Z         Start  35: ObjectSerializer.ParseSimpleProtocolIfaceDirection
unit-tests	Execute tests	2026-09-22T09:41:30.6318828Z  35/292 Test  #35: ObjectSerializer.ParseSimpleProtocolIfaceDirection ......   Passed    0.00 sec
unit-tests	Execute tests	2026-09-22T09:41:30.6320328Z         Start  36: ObjectSerializer.ParseSimpleProtocolIfaceVarRef
unit-tests	Execute tests	2026-09-22T09:41:30.6365864Z  36/292 Test  #36: ObjectSerializer.ParseSimpleProtocolIfaceVarRef .........   Passed    0.00 sec
unit-tests	Execute tests	2026-09-22T09:41:30.6367295Z         Start  37: ObjectSerializer.ParseSimpleProtocolServiceNoLogic
unit-tests	Execute tests	2026-09-22T09:41:30.6412394Z  37/292 Test  #37: ObjectSerializer.ParseSimpleProtocolServiceNoLogic ......   Passed    0.00 sec
unit-tests	Execute tests	2026-09-22T09:41:30.6413786Z         Start  38: ObjectSerializer.ParseProtocolWithLogicName
unit-tests	Execute tests	2026-09-22T09:41:30.6459133Z  38/292 Test  #38: ObjectSerializer.ParseProtocolWithLogicName .............   Passed    0.00 sec
unit-tests	Execute tests	2026-09-22T09:41:30.6460286Z         Start  39: ObjectSerializer.ParseSimpleProtocol
unit-tests	Execute tests	2026-09-22T09:41:30.6611489Z  39/292 Test  #39: ObjectSerializer.ParseSimpleProtocol ....................   Passed    0.01 sec
unit-tests	Execute tests	2026-09-22T09:41:30.6612976Z         Start  40: ObjectSerializer.ParseSimpleProtocolVarCount
unit-tests	Execute tests	2026-09-22T09:41:30.6774169Z  40/292 Test  #40: ObjectSerializer.ParseSimpleProtocolVarCount ............   Passed    0.02 sec
unit-tests	Execute tests	2026-09-22T09:41:30.6777903Z         Start  41: ObjectSerializer.ParseSimpleProtocolVarName
unit-tests	Execute tests	2026-09-22T09:41:30.6956625Z  41/292 Test  #41: ObjectSerializer.ParseSimpleProtocolVarName .............   Passed    0.02 sec
unit-tests	Execute tests	2026-09-22T09:41:30.6957977Z         Start  42: ObjectSerializer.ParseSimpleProtocolVarSize
unit-tests	Execute tests	2026-09-22T09:41:30.7120168Z  42/292 Test  #42: ObjectSerializer.ParseSimpleProtocolVarSize .............   Passed    0.02 sec
unit-tests	Execute tests	2026-09-22T09:41:30.7121916Z         Start  43: ObjectSerializer.ParseSimpleProtocolVarExpectedValues
unit-tests	Execute tests	2026-09-22T09:41:30.7266109Z  43/292 Test  #43: ObjectSerializer.ParseSimpleProtocolVarExpectedValues ...   Passed    0.01 sec
unit-tests	Execute tests	2026-09-22T09:41:30.7267638Z         Start  44: ObjectSerializer.ParseSimpleProtocolIfaceCount
unit-tests	Execute tests	2026-09-22T09:41:30.7429200Z  44/292 Test  #44: ObjectSerializer.ParseSimpleProtocolIfaceCount ..........   Passed    0.02 sec
unit-tests	Execute tests	2026-09-22T09:41:30.7430141Z         Start  45: ObjectSerializer.ParseSimpleProtocolIfaceName
unit-tests	Execute tests	2026-09-22T09:41:30.7579920Z  45/292 Test  #45: ObjectSerializer.ParseSimpleProtocolIfaceName ...........   Passed    0.02 sec
unit-tests	Execute tests	2026-09-22T09:41:30.7581054Z         Start  46: ObjectSerializer.ParseSimpleProtocolIfaceDirection
unit-tests	Execute tests	2026-09-22T09:41:30.7740319Z  46/292 Test  #46: ObjectSerializer.ParseSimpleProtocolIfaceDirection ......   Passed    0.02 sec
unit-tests	Execute tests	2026-09-22T09:41:30.7742649Z         Start  47: ObjectSerializer.ParseSimpleProtocolIfaceVarRef
unit-tests	Execute tests	2026-09-22T09:41:30.7911232Z  47/292 Test  #47: ObjectSerializer.ParseSimpleProtocolIfaceVarRef .........   Passed    0.02 sec
unit-tests	Execute tests	2026-09-22T09:41:30.7912720Z         Start  48: ObjectSerializer.ParseSimpleProtocolServiceNoLogic
unit-tests	Execute tests	2026-09-22T09:41:30.8070559Z  48/292 Test  #48: ObjectSerializer.ParseSimpleProtocolServiceNoLogic ......   Passed    0.02 sec
unit-tests	Execute tests	2026-09-22T09:41:30.8072489Z         Start  49: ObjectSerializer.ParseProtocolWithLogicName
unit-tests	Execute tests	2026-09-22T09:41:30.8237138Z  49/292 Test  #49: ObjectSerializer.ParseProtocolWithLogicName .............   Passed    0.02 sec
unit-tests	Execute tests	2026-09-22T09:41:30.8239380Z         Start  50: ObjectSerializer.ParseSimpleProtocol
unit-tests	Execute tests	2026-09-22T09:41:30.8288785Z  50/292 Test  #50: ObjectSerializer.ParseSimpleProtocol ....................   Passed    0.00 sec
unit-tests	Execute tests	2026-09-22T09:41:30.8290340Z         Start  51: ObjectSerializer.ParseSimpleProtocolVarCount
unit-tests	Execute tests	2026-09-22T09:41:30.8326221Z  51/292 Test  #51: ObjectSerializer.ParseSimpleProtocolVarCount ............   Passed    0.00 sec
unit-tests	Execute tests	2026-09-22T09:41:30.8327760Z         Start  52: ObjectSerializer.ParseSimpleProtocolVarName
unit-tests	Execute tests	2026-09-22T09:41:30.8363428Z  52/292 Test  #52: ObjectSerializer.ParseSimpleProtocolVarName .............   Passed    0.00 sec
unit-tests	Execute tests	2026-09-22T09:41:30.8364788Z         Start  53: ObjectSerializer.ParseSimpleProtocolVarSize
unit-tests	Execute tests	2026-09-22T09:41:30.8400924Z  53/292 Test  #53: ObjectSerializer.ParseSimpleProtocolVarSize .............   Passed    0.00 sec
unit-tests	Execute tests	2026-09-22T09:41:30.8402247Z         Start  54: ObjectSerializer.ParseSimpleProtocolVarExpectedValues
unit-tests	Execute tests	2026-09-22T09:41:30.8438664Z  54/292 Test  #54: ObjectSerializer.ParseSimpleProtocolVarExpectedValues ...   Passed    0.00 sec
unit-tests	Execute tests	2026-09-22T09:41:30.8440021Z         Start  55: ObjectSerializer.ParseSimpleProtocolIfaceCount
unit-tests	Execute tests	2026-09-22T09:41:30.8475443Z  55/292 Test  #55: ObjectSerializer.ParseSimpleProtocolIfaceCount ..........   Passed    0.00 sec
unit-tests	Execute tests	2026-09-22T09:41:30.8476911Z         Start  56: ObjectSerializer.ParseSimpleProtocolIfaceName
unit-tests	Execute tests	2026-09-22T09:41:30.8513565Z  56/292 Test  #56: ObjectSerializer.ParseSimpleProtocolIfaceName ...........   Passed    0.00 sec
unit-tests	Execute tests	2026-09-22T09:41:30.8515111Z         Start  57: ObjectSerializer.ParseSimpleProtocolIfaceDirection
unit-tests	Execute tests	2026-09-22T09:41:30.8552475Z  57/292 Test  #57: ObjectSerializer.ParseSimpleProtocolIfaceDirection ......   Passed    0.00 sec
unit-tests	Execute tests	2026-09-22T09:41:30.8554198Z         Start  58: ObjectSerializer.ParseSimpleProtocolIfaceVarRef
unit-tests	Execute tests	2026-09-22T09:41:30.8594230Z  58/292 Test  #58: ObjectSerializer.ParseSimpleProtocolIfaceVarRef .........   Passed    0.00 sec
unit-tests	Execute tests	2026-09-22T09:41:30.8595919Z         Start  59: ObjectSerializer.ParseSimpleProtocolServiceNoLogic
unit-tests	Execute tests	2026-09-22T09:41:30.8634424Z  59/292 Test  #59: ObjectSerializer.ParseSimpleProtocolServiceNoLogic ......   Passed    0.00 sec
unit-tests	Execute tests	2026-09-22T09:41:30.8636100Z         Start  60: ObjectSerializer.ParseProtocolWithLogicName
unit-tests	Execute tests	2026-09-22T09:41:30.8673354Z  60/292 Test  #60: ObjectSerializer.ParseProtocolWithLogicName .............   Passed    0.00 sec
unit-tests	Execute tests	2026-09-22T09:41:30.8674653Z         Start  61: LogicRegistry.RegisterAndCreate
unit-tests	Execute tests	2026-09-22T09:41:30.8715425Z  61/292 Test  #61: LogicRegistry.RegisterAndCreate .........................   Passed    0.00 sec
unit-tests	Execute tests	2026-09-22T09:41:30.8716689Z         Start  62: LogicRegistry.UnknownNameReturnsNull
unit-tests	Execute tests	2026-09-22T09:41:30.8753795Z  62/292 Test  #62: LogicRegistry.UnknownNameReturnsNull ....................   Passed    0.00 sec
unit-tests	Execute tests	2026-09-22T09:41:30.8755280Z         Start  63: LogicRegistry.DuplicateRegistrationRejected
unit-tests	Execute tests	2026-09-22T09:41:30.8793658Z  63/292 Test  #63: LogicRegistry.DuplicateRegistrationRejected .............   Passed    0.00 sec
unit-tests	Execute tests	2026-09-22T09:41:30.8794860Z         Start  64: LogicRegistry.EmptyNameRejected
unit-tests	Execute tests	2026-09-22T09:41:30.8832099Z  64/292 Test  #64: LogicRegistry.EmptyNameRejected .........................   Passed    0.00 sec
unit-tests	Execute tests	2026-09-22T09:41:30.8833407Z         Start  65: LogicRegistry.NullFactoryRejected
unit-tests	Execute tests	2026-09-22T09:41:30.8870432Z  65/292 Test  #65: LogicRegistry.NullFactoryRejected .......................   Passed    0.00 sec
unit-tests	Execute tests	2026-09-22T09:41:30.8871722Z         Start  66: PassthroughLogic.IsNoOp
unit-tests	Execute tests	2026-09-22T09:41:30.8909190Z  66/292 Test  #66: PassthroughLogic.IsNoOp .................................   Passed    0.00 sec
unit-tests	Execute tests	2026-09-22T09:41:30.8910487Z         Start  67: LayerContext.AdjacencyAndDefaults
unit-tests	Execute tests	2026-09-22T09:41:30.8949068Z  67/292 Test  #67: LayerContext.AdjacencyAndDefaults .......................   Passed    0.00 sec
unit-tests	Execute tests	2026-09-22T09:41:30.8950730Z         Start  68: LogicRegistry.RegisterAndCreate
unit-tests	Execute tests	2026-09-22T09:41:30.9080404Z  68/292 Test  #68: LogicRegistry.RegisterAndCreate .........................   Passed    0.01 sec
unit-tests	Execute tests	2026-09-22T09:41:30.9081903Z         Start  69: LogicRegistry.UnknownNameReturnsNull
unit-tests	Execute tests	2026-09-22T09:41:30.9246534Z  69/292 Test  #69: LogicRegistry.UnknownNameReturnsNull ....................   Passed    0.02 sec
unit-tests	Execute tests	2026-09-22T09:41:30.9247748Z         Start  70: LogicRegistry.DuplicateRegistrationRejected
unit-tests	Execute tests	2026-09-22T09:41:30.9389990Z  70/292 Test  #70: LogicRegistry.DuplicateRegistrationRejected .............   Passed    0.01 sec
unit-tests	Execute tests	2026-09-22T09:41:30.9391178Z         Start  71: LogicRegistry.EmptyNameRejected
unit-tests	Execute tests	2026-09-22T09:41:30.9532196Z  71/292 Test  #71: LogicRegistry.EmptyNameRejected .........................   Passed    0.01 sec
unit-tests	Execute tests	2026-09-22T09:41:30.9533282Z         Start  72: LogicRegistry.NullFactoryRejected
unit-tests	Execute tests	2026-09-22T09:41:30.9680089Z  72/292 Test  #72: LogicRegistry.NullFactoryRejected .......................   Passed    0.01 sec
unit-tests	Execute tests	2026-09-22T09:41:30.9681680Z         Start  73: PassthroughLogic.IsNoOp
unit-tests	Execute tests	2026-09-22T09:41:30.9802558Z  73/292 Test  #73: PassthroughLogic.IsNoOp .................................   Passed    0.01 sec
unit-tests	Execute tests	2026-09-22T09:41:30.9803756Z         Start  74: LayerContext.AdjacencyAndDefaults
unit-tests	Execute tests	2026-09-22T09:41:30.9937091Z  74/292 Test  #74: LayerContext.AdjacencyAndDefaults .......................   Passed    0.01 sec
unit-tests	Execute tests	2026-09-22T09:41:30.9938277Z         Start  75: LogicRegistry.RegisterAndCreate
unit-tests	Execute tests	2026-09-22T09:41:30.9977961Z  75/292 Test  #75: LogicRegistry.RegisterAndCreate .........................   Passed    0.00 sec
unit-tests	Execute tests	2026-09-22T09:41:30.9979378Z         Start  76: LogicRegistry.UnknownNameReturnsNull
unit-tests	Execute tests	2026-09-22T09:41:31.0010907Z  76/292 Test  #76: LogicRegistry.UnknownNameReturnsNull ....................   Passed    0.00 sec
unit-tests	Execute tests	2026-09-22T09:41:31.0012254Z         Start  77: LogicRegistry.DuplicateRegistrationRejected
unit-tests	Execute tests	2026-09-22T09:41:31.0044045Z  77/292 Test  #77: LogicRegistry.DuplicateRegistrationRejected .............   Passed    0.00 sec
unit-tests	Execute tests	2026-09-22T09:41:31.0045601Z         Start  78: LogicRegistry.EmptyNameRejected
unit-tests	Execute tests	2026-09-22T09:41:31.0077219Z  78/292 Test  #78: LogicRegistry.EmptyNameRejected .........................   Passed    0.00 sec
unit-tests	Execute tests	2026-09-22T09:41:31.0078498Z         Start  79: LogicRegistry.NullFactoryRejected
unit-tests	Execute tests	2026-09-22T09:41:31.0109558Z  79/292 Test  #79: LogicRegistry.NullFactoryRejected .......................   Passed    0.00 sec
unit-tests	Execute tests	2026-09-22T09:41:31.0110907Z         Start  80: PassthroughLogic.IsNoOp
unit-tests	Execute tests	2026-09-22T09:41:31.0141160Z  80/292 Test  #80: PassthroughLogic.IsNoOp .................................   Passed    0.00 sec
unit-tests	Execute tests	2026-09-22T09:41:31.0142482Z         Start  81: LayerContext.AdjacencyAndDefaults
unit-tests	Execute tests	2026-09-22T09:41:31.0173216Z  81/292 Test  #81: LayerContext.AdjacencyAndDefaults .......................   Passed    0.00 sec
unit-tests	Execute tests	2026-09-22T09:41:31.0174460Z         Start  82: StackBuilder.BuildsAllPassthroughStack
unit-tests	Execute tests	2026-09-22T09:41:31.0226664Z  82/292 Test  #82: StackBuilder.BuildsAllPassthroughStack ..................   Passed    0.01 sec
unit-tests	Execute tests	2026-09-22T09:41:31.0227729Z         Start  83: StackBuilder.ResolvesRegisteredLogic
unit-tests	Execute tests	2026-09-22T09:41:31.0278941Z  83/292 Test  #83: StackBuilder.ResolvesRegisteredLogic ....................   Passed    0.00 sec
unit-tests	Execute tests	2026-09-22T09:41:31.0280188Z         Start  84: StackBuilder.AdjacencyWiredBottomUp
unit-tests	Execute tests	2026-09-22T09:41:31.0329506Z  84/292 Test  #84: StackBuilder.AdjacencyWiredBottomUp .....................   Passed    0.00 sec
unit-tests	Execute tests	2026-09-22T09:41:31.0330693Z         Start  85: StackBuilder.UnknownLogicFailsBuild
unit-tests	Execute tests	2026-09-22T09:41:31.0379277Z  85/292 Test  #85: StackBuilder.UnknownLogicFailsBuild .....................   Passed    0.00 sec
unit-tests	Execute tests	2026-09-22T09:41:31.0380564Z         Start  86: StackBuilder.UnknownServiceFailsBuild
unit-tests	Execute tests	2026-09-22T09:41:31.0428942Z  86/292 Test  #86: StackBuilder.UnknownServiceFailsBuild ...................   Passed    0.00 sec
unit-tests	Execute tests	2026-09-22T09:41:31.0430357Z         Start  87: StackBuilder.BypassLogicForcesPassthrough
unit-tests	Execute tests	2026-09-22T09:41:31.0480283Z  87/292 Test  #87: StackBuilder.BypassLogicForcesPassthrough ...............   Passed    0.00 sec
unit-tests	Execute tests	2026-09-22T09:41:31.0481546Z         Start  88: StackBuilder.BypassLogicSkipsRegistryLookup
unit-tests	Execute tests	2026-09-22T09:41:31.0530510Z  88/292 Test  #88: StackBuilder.BypassLogicSkipsRegistryLookup .............   Passed    0.00 sec
unit-tests	Execute tests	2026-09-22T09:41:31.0531801Z         Start  89: StackBuilder.InvalidPathFailsBuild
unit-tests	Execute tests	2026-09-22T09:41:31.0580199Z  89/292 Test  #89: StackBuilder.InvalidPathFailsBuild ......................   Passed    0.00 sec
unit-tests	Execute tests	2026-09-22T09:41:31.0581482Z         Start  90: StackBuilder.BuildsAllPassthroughStack
unit-tests	Execute tests	2026-09-22T09:41:31.0733472Z  90/292 Test  #90: StackBuilder.BuildsAllPassthroughStack ..................   Passed    0.01 sec
unit-tests	Execute tests	2026-09-22T09:41:31.0734480Z         Start  91: StackBuilder.ResolvesRegisteredLogic
unit-tests	Execute tests	2026-09-22T09:41:31.0903989Z  91/292 Test  #91: StackBuilder.ResolvesRegisteredLogic ....................   Passed    0.02 sec
unit-tests	Execute tests	2026-09-22T09:41:31.0905807Z         Start  92: StackBuilder.AdjacencyWiredBottomUp
unit-tests	Execute tests	2026-09-22T09:41:31.1070827Z  92/292 Test  #92: StackBuilder.AdjacencyWiredBottomUp .....................   Passed    0.02 sec
unit-tests	Execute tests	2026-09-22T09:41:31.1072155Z         Start  93: StackBuilder.UnknownLogicFailsBuild
unit-tests	Execute tests	2026-09-22T09:41:31.1242244Z  93/292 Test  #93: StackBuilder.UnknownLogicFailsBuild .....................   Passed    0.02 sec
unit-tests	Execute tests	2026-09-22T09:41:31.1243483Z         Start  94: StackBuilder.UnknownServiceFailsBuild
unit-tests	Execute tests	2026-09-22T09:41:31.1419730Z  94/292 Test  #94: StackBuilder.UnknownServiceFailsBuild ...................   Passed    0.02 sec
unit-tests	Execute tests	2026-09-22T09:41:31.1434718Z         Start  95: StackBuilder.BypassLogicForcesPassthrough
unit-tests	Execute tests	2026-09-22T09:41:31.1592087Z  95/292 Test  #95: StackBuilder.BypassLogicForcesPassthrough ...............   Passed    0.02 sec
unit-tests	Execute tests	2026-09-22T09:41:31.1593430Z         Start  96: StackBuilder.BypassLogicSkipsRegistryLookup
unit-tests	Execute tests	2026-09-22T09:41:31.1771344Z  96/292 Test  #96: StackBuilder.BypassLogicSkipsRegistryLookup .............   Passed    0.02 sec
unit-tests	Execute tests	2026-09-22T09:41:31.1772402Z         Start  97: StackBuilder.InvalidPathFailsBuild
unit-tests	Execute tests	2026-09-22T09:41:31.1930204Z  97/292 Test  #97: StackBuilder.InvalidPathFailsBuild ......................   Passed    0.02 sec
unit-tests	Execute tests	2026-09-22T09:41:31.1931266Z         Start  98: StackBuilder.BuildsAllPassthroughStack
unit-tests	Execute tests	2026-09-22T09:41:31.1984603Z  98/292 Test  #98: StackBuilder.BuildsAllPassthroughStack ..................   Passed    0.01 sec
unit-tests	Execute tests	2026-09-22T09:41:31.1986200Z         Start  99: StackBuilder.ResolvesRegisteredLogic
unit-tests	Execute tests	2026-09-22T09:41:31.2026596Z  99/292 Test  #99: StackBuilder.ResolvesRegisteredLogic ....................   Passed    0.00 sec
unit-tests	Execute tests	2026-09-22T09:41:31.2027808Z         Start 100: StackBuilder.AdjacencyWiredBottomUp
unit-tests	Execute tests	2026-09-22T09:41:31.2068770Z 100/292 Test #100: StackBuilder.AdjacencyWiredBottomUp .....................   Passed    0.00 sec
unit-tests	Execute tests	2026-09-22T09:41:31.2070044Z         Start 101: StackBuilder.UnknownLogicFailsBuild
unit-tests	Execute tests	2026-09-22T09:41:31.2109364Z 101/292 Test #101: StackBuilder.UnknownLogicFailsBuild .....................   Passed    0.00 sec
unit-tests	Execute tests	2026-09-22T09:41:31.2110725Z         Start 102: StackBuilder.UnknownServiceFailsBuild
unit-tests	Execute tests	2026-09-22T09:41:31.2150283Z 102/292 Test #102: StackBuilder.UnknownServiceFailsBuild ...................   Passed    0.00 sec
unit-tests	Execute tests	2026-09-22T09:41:31.2151623Z         Start 103: StackBuilder.BypassLogicForcesPassthrough
unit-tests	Execute tests	2026-09-22T09:41:31.2192114Z 103/292 Test #103: StackBuilder.BypassLogicForcesPassthrough ...............   Passed    0.00 sec
unit-tests	Execute tests	2026-09-22T09:41:31.2193410Z         Start 104: StackBuilder.BypassLogicSkipsRegistryLookup
unit-tests	Execute tests	2026-09-22T09:41:31.2233747Z 104/292 Test #104: StackBuilder.BypassLogicSkipsRegistryLookup .............   Passed    0.00 sec
unit-tests	Execute tests	2026-09-22T09:41:31.2235166Z         Start 105: StackBuilder.InvalidPathFailsBuild
unit-tests	Execute tests	2026-09-22T09:41:31.2272699Z 105/292 Test #105: StackBuilder.InvalidPathFailsBuild ......................   Passed    0.00 sec
unit-tests	Execute tests	2026-09-22T09:41:31.2273837Z         Start 106: Validator.ConformingFilePasses
unit-tests	Execute tests	2026-09-22T09:41:31.2317582Z 106/292 Test #106: Validator.ConformingFilePasses ..........................   Passed    0.00 sec
unit-tests	Execute tests	2026-09-22T09:41:31.2318877Z         Start 107: Validator.ForeignTopLevelKeyRejected
unit-tests	Execute tests	2026-09-22T09:41:31.2359926Z 107/292 Test #107: Validator.ForeignTopLevelKeyRejected ....................   Passed    0.00 sec
unit-tests	Execute tests	2026-09-22T09:41:31.2361187Z         Start 108: Validator.MissingServiceRejected
unit-tests	Execute tests	2026-09-22T09:41:31.2402850Z 108/292 Test #108: Validator.MissingServiceRejected ........................   Passed    0.00 sec
unit-tests	Execute tests	2026-09-22T09:41:31.2404052Z         Start 109: Validator.OversizeFieldRejected
unit-tests	Execute tests	2026-09-22T09:41:31.2445123Z 109/292 Test #109: Validator.OversizeFieldRejected .........................   Passed    0.00 sec
unit-tests	Execute tests	2026-09-22T09:41:31.2446238Z         Start 110: Validator.BadDirectionRejected
unit-tests	Execute tests	2026-09-22T09:41:31.2488190Z 110/292 Test #110: Validator.BadDirectionRejected ..........................   Passed    0.00 sec
unit-tests	Execute tests	2026-09-22T09:41:31.2489552Z         Start 111: Validator.ServiceWithoutVarsOrEntitiesRejected
unit-tests	Execute tests	2026-09-22T09:41:31.2530201Z 111/292 Test #111: Validator.ServiceWithoutVarsOrEntitiesRejected ..........   Passed    0.00 sec
unit-tests	Execute tests	2026-09-22T09:41:31.2531482Z         Start 112: Validator.FindingsCarryLineNumbers
unit-tests	Execute tests	2026-09-22T09:41:31.2571899Z 112/292 Test #112: Validator.FindingsCarryLineNumbers ......................   Passed    0.00 sec
unit-tests	Execute tests	2026-09-22T09:41:31.2573095Z         Start 113: Validator.MissingDirectoryReported
unit-tests	Execute tests	2026-09-22T09:41:31.2610649Z 113/292 Test #113: Validator.MissingDirectoryReported ......................   Passed    0.00 sec
unit-tests	Execute tests	2026-09-22T09:41:31.2611843Z         Start 114: Validator.ConformingFilePasses
unit-tests	Execute tests	2026-09-22T09:41:31.2745747Z 114/292 Test #114: Validator.ConformingFilePasses ..........................   Passed    0.01 sec
unit-tests	Execute tests	2026-09-22T09:41:31.2750282Z         Start 115: Validator.ForeignTopLevelKeyRejected
unit-tests	Execute tests	2026-09-22T09:41:31.2896529Z 115/292 Test #115: Validator.ForeignTopLevelKeyRejected ....................   Passed    0.01 sec
unit-tests	Execute tests	2026-09-22T09:41:31.2897831Z         Start 116: Validator.MissingServiceRejected
unit-tests	Execute tests	2026-09-22T09:41:31.3056180Z 116/292 Test #116: Validator.MissingServiceRejected ........................   Passed    0.02 sec
unit-tests	Execute tests	2026-09-22T09:41:31.3057376Z         Start 117: Validator.OversizeFieldRejected
unit-tests	Execute tests	2026-09-22T09:41:31.3223621Z 117/292 Test #117: Validator.OversizeFieldRejected .........................   Passed    0.02 sec
unit-tests	Execute tests	2026-09-22T09:41:31.3230619Z         Start 118: Validator.BadDirectionRejected
unit-tests	Execute tests	2026-09-22T09:41:31.3392100Z 118/292 Test #118: Validator.BadDirectionRejected ..........................   Passed    0.02 sec
unit-tests	Execute tests	2026-09-22T09:41:31.3393467Z         Start 119: Validator.ServiceWithoutVarsOrEntitiesRejected
unit-tests	Execute tests	2026-09-22T09:41:31.3548042Z 119/292 Test #119: Validator.ServiceWithoutVarsOrEntitiesRejected ..........   Passed    0.02 sec
unit-tests	Execute tests	2026-09-22T09:41:31.3548976Z         Start 120: Validator.FindingsCarryLineNumbers
unit-tests	Execute tests	2026-09-22T09:41:31.3685615Z 120/292 Test #120: Validator.FindingsCarryLineNumbers ......................   Passed    0.01 sec
unit-tests	Execute tests	2026-09-22T09:41:31.3687121Z         Start 121: Validator.MissingDirectoryReported
unit-tests	Execute tests	2026-09-22T09:41:31.3823802Z 121/292 Test #121: Validator.MissingDirectoryReported ......................   Passed    0.01 sec
unit-tests	Execute tests	2026-09-22T09:41:31.3825286Z         Start 122: Validator.ConformingFilePasses
unit-tests	Execute tests	2026-09-22T09:41:31.3871068Z 122/292 Test #122: Validator.ConformingFilePasses ..........................   Passed    0.00 sec
unit-tests	Execute tests	2026-09-22T09:41:31.3872189Z         Start 123: Validator.ForeignTopLevelKeyRejected
unit-tests	Execute tests	2026-09-22T09:41:31.3920411Z 123/292 Test #123: Validator.ForeignTopLevelKeyRejected ....................   Passed    0.00 sec
unit-tests	Execute tests	2026-09-22T09:41:31.3921492Z         Start 124: Validator.MissingServiceRejected
unit-tests	Execute tests	2026-09-22T09:41:31.3961813Z 124/292 Test #124: Validator.MissingServiceRejected ........................   Passed    0.00 sec
unit-tests	Execute tests	2026-09-22T09:41:31.3962969Z         Start 125: Validator.OversizeFieldRejected
unit-tests	Execute tests	2026-09-22T09:41:31.3997366Z 125/292 Test #125: Validator.OversizeFieldRejected .........................   Passed    0.00 sec
unit-tests	Execute tests	2026-09-22T09:41:31.3998588Z         Start 126: Validator.BadDirectionRejected
unit-tests	Execute tests	2026-09-22T09:41:31.4032546Z 126/292 Test #126: Validator.BadDirectionRejected ..........................   Passed    0.00 sec
unit-tests	Execute tests	2026-09-22T09:41:31.4033843Z         Start 127: Validator.ServiceWithoutVarsOrEntitiesRejected
unit-tests	Execute tests	2026-09-22T09:41:31.4065858Z 127/292 Test #127: Validator.ServiceWithoutVarsOrEntitiesRejected ..........   Passed    0.00 sec
unit-tests	Execute tests	2026-09-22T09:41:31.4066928Z         Start 128: Validator.FindingsCarryLineNumbers
unit-tests	Execute tests	2026-09-22T09:41:31.4100045Z 128/292 Test #128: Validator.FindingsCarryLineNumbers ......................   Passed    0.00 sec
unit-tests	Execute tests	2026-09-22T09:41:31.4101232Z         Start 129: Validator.MissingDirectoryReported
unit-tests	Execute tests	2026-09-22T09:41:31.4131370Z 129/292 Test #129: Validator.MissingDirectoryReported ......................   Passed    0.00 sec
unit-tests	Execute tests	2026-09-22T09:41:31.4132630Z         Start 130: HelloTest.BasicAssertions
unit-tests	Execute tests	2026-09-22T09:41:31.4159412Z 130/292 Test #130: HelloTest.BasicAssertions ...............................   Passed    0.00 sec
unit-tests	Execute tests	2026-09-22T09:41:31.4160899Z         Start 131: EthernetFrameLogic.RegisteredUnderExpectedName
unit-tests	Execute tests	2026-09-22T09:41:31.4193598Z 131/292 Test #131: EthernetFrameLogic.RegisteredUnderExpectedName ..........   Passed    0.00 sec
unit-tests	Execute tests	2026-09-22T09:41:31.4194807Z         Start 132: EthernetFrameLogic.BoundByStackBuilder
unit-tests	Execute tests	2026-09-22T09:41:31.4233910Z 132/292 Test #132: EthernetFrameLogic.BoundByStackBuilder ..................   Passed    0.00 sec
unit-tests	Execute tests	2026-09-22T09:41:31.4235341Z         Start 133: EthernetFrameLogic.BypassLogicSwapsInPassthrough
unit-tests	Execute tests	2026-09-22T09:41:31.4273275Z 133/292 Test #133: EthernetFrameLogic.BypassLogicSwapsInPassthrough ........   Passed    0.00 sec
unit-tests	Execute tests	2026-09-22T09:41:31.4274426Z         Start 134: EthernetFrameLogic.EncodeDecodeCountersAdvance
unit-tests	Execute tests	2026-09-22T09:41:31.4305522Z 134/292 Test #134: EthernetFrameLogic.EncodeDecodeCountersAdvance ..........   Passed    0.00 sec
unit-tests	Execute tests	2026-09-22T09:41:31.4306742Z         Start 135: EthernetFrameLogic.NextLayerDefaults1722
unit-tests	Execute tests	2026-09-22T09:41:31.4338365Z 135/292 Test #135: EthernetFrameLogic.NextLayerDefaults1722 ................   Passed    0.00 sec
unit-tests	Execute tests	2026-09-22T09:41:31.4339452Z         Start 136: StackCodec.FrameHasExpectedSize
unit-tests	Execute tests	2026-09-22T09:41:31.4466520Z 136/292 Test #136: StackCodec.FrameHasExpectedSize .........................   Passed    0.01 sec
unit-tests	Execute tests	2026-09-22T09:41:31.4467637Z         Start 137: StackCodec.DerivedFieldsAreValid
unit-tests	Execute tests	2026-09-22T09:41:31.4593970Z 137/292 Test #137: StackCodec.DerivedFieldsAreValid ........................   Passed    0.01 sec
unit-tests	Execute tests	2026-09-22T09:41:31.4595830Z         Start 138: StackCodec.CommandStatusForcedToZero
unit-tests	Execute tests	2026-09-22T09:41:31.4904164Z 138/292 Test #138: StackCodec.CommandStatusForcedToZero ....................   Passed    0.03 sec
unit-tests	Execute tests	2026-09-22T09:41:31.4905784Z         Start 139: StackCodec.DecodeRoundTripsFields
unit-tests	Execute tests	2026-09-22T09:41:31.5037663Z 139/292 Test #139: StackCodec.DecodeRoundTripsFields .......................   Passed    0.01 sec
unit-tests	Execute tests	2026-09-22T09:41:31.5038894Z         Start 140: StackCodec.DeterministicForFixedSeed
unit-tests	Execute tests	2026-09-22T09:41:31.5167331Z 140/292 Test #140: StackCodec.DeterministicForFixedSeed ....................   Passed    0.01 sec
unit-tests	Execute tests	2026-09-22T09:41:31.5168462Z         Start 141: TrafficGenTest.EmptyInterfaceProducesEmptyPacket
unit-tests	Execute tests	2026-09-22T09:41:31.5223515Z 141/292 Test #141: TrafficGenTest.EmptyInterfaceProducesEmptyPacket ........   Passed    0.01 sec
unit-tests	Execute tests	2026-09-22T09:41:31.5224605Z         Start 142: TrafficGenTest.SimpleVarProducesOneByte
unit-tests	Execute tests	2026-09-22T09:41:31.5277015Z 142/292 Test #142: TrafficGenTest.SimpleVarProducesOneByte .................   Passed    0.01 sec
unit-tests	Execute tests	2026-09-22T09:41:31.5278132Z         Start 143: TrafficGenTest.SimpleVarValueInExpectedSet
unit-tests	Execute tests	2026-09-22T09:41:31.5331576Z 143/292 Test #143: TrafficGenTest.SimpleVarValueInExpectedSet ..............   Passed    0.01 sec
unit-tests	Execute tests	2026-09-22T09:41:31.5332674Z         Start 144: TrafficGenTest.DeterministicWithSameSeed
unit-tests	Execute tests	2026-09-22T09:41:31.5383441Z 144/292 Test #144: TrafficGenTest.DeterministicWithSameSeed ................   Passed    0.00 sec
unit-tests	Execute tests	2026-09-22T09:41:31.5384644Z         Start 145: TrafficGenTest.DifferentSeedsDifferentPackets
unit-tests	Execute tests	2026-09-22T09:41:31.5434536Z 145/292 Test #145: TrafficGenTest.DifferentSeedsDifferentPackets ...........   Passed    0.00 sec
unit-tests	Execute tests	2026-09-22T09:41:31.5435796Z         Start 146: TrafficGenTest.OpenClose
unit-tests	Execute tests	2026-09-22T09:41:31.5485306Z 146/292 Test #146: TrafficGenTest.OpenClose ................................   Passed    0.00 sec
unit-tests	Execute tests	2026-09-22T09:41:31.5486481Z         Start 147: TrafficGenTest.SendNamedInterface
unit-tests	Execute tests	2026-09-22T09:41:31.5536076Z 147/292 Test #147: TrafficGenTest.SendNamedInterface .......................   Passed    0.00 sec
unit-tests	Execute tests	2026-09-22T09:41:31.5537150Z         Start 148: TrafficGenTest.SendUnknownInterfaceReturnsError
unit-tests	Execute tests	2026-09-22T09:41:31.5588820Z 148/292 Test #148: TrafficGenTest.SendUnknownInterfaceReturnsError .........   Passed    0.01 sec
unit-tests	Execute tests	2026-09-22T09:41:31.5590015Z         Start 149: TrafficGenTest.SendAllSendsOnePacketPerInterface
unit-tests	Execute tests	2026-09-22T09:41:31.5642453Z 149/292 Test #149: TrafficGenTest.SendAllSendsOnePacketPerInterface ........   Passed    0.01 sec
unit-tests	Execute tests	2026-09-22T09:41:31.5643507Z         Start 150: TrafficGenTest.SendFilteredInDirection
unit-tests	Execute tests	2026-09-22T09:41:31.5693336Z 150/292 Test #150: TrafficGenTest.SendFilteredInDirection ..................   Passed    0.00 sec
unit-tests	Execute tests	2026-09-22T09:41:31.5694437Z         Start 151: TrafficGenTest.SendFilteredOutDirectionProducesNone
unit-tests	Execute tests	2026-09-22T09:41:31.5743336Z 151/292 Test #151: TrafficGenTest.SendFilteredOutDirectionProducesNone .....   Passed    0.00 sec
unit-tests	Execute tests	2026-09-22T09:41:31.5744412Z         Start 152: TrafficGenTest.SendLoopProducesNPackets
unit-tests	Execute tests	2026-09-22T09:41:31.5795081Z 152/292 Test #152: TrafficGenTest.SendLoopProducesNPackets .................   Passed    0.00 sec
unit-tests	Execute tests	2026-09-22T09:41:31.5796288Z         Start 153: TrafficGenTest.SendWithoutOpenReturnsNotOpen
unit-tests	Execute tests	2026-09-22T09:41:31.5844845Z 153/292 Test #153: TrafficGenTest.SendWithoutOpenReturnsNotOpen ............   Passed    0.00 sec
unit-tests	Execute tests	2026-09-22T09:41:31.5845988Z         Start 154: VerilatorSenderBeat.FullBeat
unit-tests	Execute tests	2026-09-22T09:41:31.5888171Z 154/292 Test #154: VerilatorSenderBeat.FullBeat ............................   Passed    0.00 sec
unit-tests	Execute tests	2026-09-22T09:41:31.5889358Z         Start 155: VerilatorSenderBeat.PartialLastBeat
unit-tests	Execute tests	2026-09-22T09:41:31.5930730Z 155/292 Test #155: VerilatorSenderBeat.PartialLastBeat .....................   Passed    0.00 sec
unit-tests	Execute tests	2026-09-22T09:41:31.5931871Z         Start 156: WideField.Emits512BitFieldWithoutUB
unit-tests	Execute tests	2026-09-22T09:41:31.5975659Z 156/292 Test #156: WideField.Emits512BitFieldWithoutUB .....................   Passed    0.00 sec
unit-tests	Execute tests	2026-09-22T09:41:31.5977196Z         Start 157: TrafficGenTest.EmptyInterfaceProducesEmptyPacket
unit-tests	Execute tests	2026-09-22T09:41:31.6136094Z 157/292 Test #157: TrafficGenTest.EmptyInterfaceProducesEmptyPacket ........   Passed    0.02 sec
unit-tests	Execute tests	2026-09-22T09:41:31.6137415Z         Start 158: TrafficGenTest.SimpleVarProducesOneByte
unit-tests	Execute tests	2026-09-22T09:41:31.6313370Z 158/292 Test #158: TrafficGenTest.SimpleVarProducesOneByte .................   Passed    0.02 sec
unit-tests	Execute tests	2026-09-22T09:41:31.6314395Z         Start 159: TrafficGenTest.SimpleVarValueInExpectedSet
unit-tests	Execute tests	2026-09-22T09:41:31.6487056Z 159/292 Test #159: TrafficGenTest.SimpleVarValueInExpectedSet ..............   Passed    0.02 sec
unit-tests	Execute tests	2026-09-22T09:41:31.6488360Z         Start 160: TrafficGenTest.DeterministicWithSameSeed
unit-tests	Execute tests	2026-09-22T09:41:31.6677736Z 160/292 Test #160: TrafficGenTest.DeterministicWithSameSeed ................   Passed    0.02 sec
unit-tests	Execute tests	2026-09-22T09:41:31.6679016Z         Start 161: TrafficGenTest.DifferentSeedsDifferentPackets
unit-tests	Execute tests	2026-09-22T09:41:31.6860355Z 161/292 Test #161: TrafficGenTest.DifferentSeedsDifferentPackets ...........   Passed    0.02 sec
unit-tests	Execute tests	2026-09-22T09:41:31.6865801Z         Start 162: TrafficGenTest.OpenClose
unit-tests	Execute tests	2026-09-22T09:41:31.7052864Z 162/292 Test #162: TrafficGenTest.OpenClose ................................   Passed    0.02 sec
unit-tests	Execute tests	2026-09-22T09:41:31.7054365Z         Start 163: TrafficGenTest.SendNamedInterface
unit-tests	Execute tests	2026-09-22T09:41:31.7241240Z 163/292 Test #163: TrafficGenTest.SendNamedInterface .......................   Passed    0.02 sec
unit-tests	Execute tests	2026-09-22T09:41:31.7242709Z         Start 164: TrafficGenTest.SendUnknownInterfaceReturnsError
unit-tests	Execute tests	2026-09-22T09:41:31.7401724Z 164/292 Test #164: TrafficGenTest.SendUnknownInterfaceReturnsError .........   Passed    0.02 sec
unit-tests	Execute tests	2026-09-22T09:41:31.7403163Z         Start 165: TrafficGenTest.SendAllSendsOnePacketPerInterface
unit-tests	Execute tests	2026-09-22T09:41:31.7564827Z 165/292 Test #165: TrafficGenTest.SendAllSendsOnePacketPerInterface ........   Passed    0.02 sec
unit-tests	Execute tests	2026-09-22T09:41:31.7566105Z         Start 166: TrafficGenTest.SendFilteredInDirection
unit-tests	Execute tests	2026-09-22T09:41:31.7735849Z 166/292 Test #166: TrafficGenTest.SendFilteredInDirection ..................   Passed    0.02 sec
unit-tests	Execute tests	2026-09-22T09:41:31.7737481Z         Start 167: TrafficGenTest.SendFilteredOutDirectionProducesNone
unit-tests	Execute tests	2026-09-22T09:41:31.7903339Z 167/292 Test #167: TrafficGenTest.SendFilteredOutDirectionProducesNone .....   Passed    0.02 sec
unit-tests	Execute tests	2026-09-22T09:41:31.7904459Z         Start 168: TrafficGenTest.SendLoopProducesNPackets
unit-tests	Execute tests	2026-09-22T09:41:31.8098280Z 168/292 Test #168: TrafficGenTest.SendLoopProducesNPackets .................   Passed    0.02 sec
unit-tests	Execute tests	2026-09-22T09:41:31.8099267Z         Start 169: TrafficGenTest.SendWithoutOpenReturnsNotOpen
unit-tests	Execute tests	2026-09-22T09:41:31.8266259Z 169/292 Test #169: TrafficGenTest.SendWithoutOpenReturnsNotOpen ............   Passed    0.02 sec
unit-tests	Execute tests	2026-09-22T09:41:31.8267146Z         Start 170: VerilatorSenderBeat.FullBeat
unit-tests	Execute tests	2026-09-22T09:41:31.8433138Z 170/292 Test #170: VerilatorSenderBeat.FullBeat ............................   Passed    0.02 sec
unit-tests	Execute tests	2026-09-22T09:41:31.8434183Z         Start 171: VerilatorSenderBeat.PartialLastBeat
unit-tests	Execute tests	2026-09-22T09:41:31.8577685Z 171/292 Test #171: VerilatorSenderBeat.PartialLastBeat .....................   Passed    0.01 sec
unit-tests	Execute tests	2026-09-22T09:41:31.8578783Z         Start 172: WideField.Emits512BitFieldWithoutUB
unit-tests	Execute tests	2026-09-22T09:41:31.8729292Z 172/292 Test #172: WideField.Emits512BitFieldWithoutUB .....................   Passed    0.01 sec
unit-tests	Execute tests	2026-09-22T09:41:31.8730635Z         Start 173: TrafficGenTest.EmptyInterfaceProducesEmptyPacket
unit-tests	Execute tests	2026-09-22T09:41:31.8779423Z 173/292 Test #173: TrafficGenTest.EmptyInterfaceProducesEmptyPacket ........   Passed    0.00 sec
unit-tests	Execute tests	2026-09-22T09:41:31.8780487Z         Start 174: TrafficGenTest.SimpleVarProducesOneByte
unit-tests	Execute tests	2026-09-22T09:41:31.8822692Z 174/292 Test #174: TrafficGenTest.SimpleVarProducesOneByte .................   Passed    0.00 sec
unit-tests	Execute tests	2026-09-22T09:41:31.8825706Z         Start 175: TrafficGenTest.SimpleVarValueInExpectedSet
unit-tests	Execute tests	2026-09-22T09:41:31.8895280Z 175/292 Test #175: TrafficGenTest.SimpleVarValueInExpectedSet ..............   Passed    0.01 sec
unit-tests	Execute tests	2026-09-22T09:41:31.8896348Z         Start 176: TrafficGenTest.DeterministicWithSameSeed
unit-tests	Execute tests	2026-09-22T09:41:31.8938073Z 176/292 Test #176: TrafficGenTest.DeterministicWithSameSeed ................   Passed    0.00 sec
unit-tests	Execute tests	2026-09-22T09:41:31.8939385Z         Start 177: TrafficGenTest.DifferentSeedsDifferentPackets
unit-tests	Execute tests	2026-09-22T09:41:31.8979726Z 177/292 Test #177: TrafficGenTest.DifferentSeedsDifferentPackets ...........   Passed    0.00 sec
unit-tests	Execute tests	2026-09-22T09:41:31.8980911Z         Start 178: TrafficGenTest.OpenClose
unit-tests	Execute tests	2026-09-22T09:41:31.9018544Z 178/292 Test #178: TrafficGenTest.OpenClose ................................   Passed    0.00 sec
unit-tests	Execute tests	2026-09-22T09:41:31.9019764Z         Start 179: TrafficGenTest.SendNamedInterface
unit-tests	Execute tests	2026-09-22T09:41:31.9058351Z 179/292 Test #179: TrafficGenTest.SendNamedInterface .......................   Passed    0.00 sec
unit-tests	Execute tests	2026-09-22T09:41:31.9059674Z         Start 180: TrafficGenTest.SendUnknownInterfaceReturnsError
unit-tests	Execute tests	2026-09-22T09:41:31.9097558Z 180/292 Test #180: TrafficGenTest.SendUnknownInterfaceReturnsError .........   Passed    0.00 sec
unit-tests	Execute tests	2026-09-22T09:41:31.9098832Z         Start 181: TrafficGenTest.SendAllSendsOnePacketPerInterface
unit-tests	Execute tests	2026-09-22T09:41:31.9137228Z 181/292 Test #181: TrafficGenTest.SendAllSendsOnePacketPerInterface ........   Passed    0.00 sec
unit-tests	Execute tests	2026-09-22T09:41:31.9138479Z         Start 182: TrafficGenTest.SendFilteredInDirection
unit-tests	Execute tests	2026-09-22T09:41:31.9176342Z 182/292 Test #182: TrafficGenTest.SendFilteredInDirection ..................   Passed    0.00 sec
unit-tests	Execute tests	2026-09-22T09:41:31.9177629Z         Start 183: TrafficGenTest.SendFilteredOutDirectionProducesNone
unit-tests	Execute tests	2026-09-22T09:41:31.9215464Z 183/292 Test #183: TrafficGenTest.SendFilteredOutDirectionProducesNone .....   Passed    0.00 sec
unit-tests	Execute tests	2026-09-22T09:41:31.9216556Z         Start 184: TrafficGenTest.SendLoopProducesNPackets
unit-tests	Execute tests	2026-09-22T09:41:31.9254327Z 184/292 Test #184: TrafficGenTest.SendLoopProducesNPackets .................   Passed    0.00 sec
unit-tests	Execute tests	2026-09-22T09:41:31.9255714Z         Start 185: TrafficGenTest.SendWithoutOpenReturnsNotOpen
unit-tests	Execute tests	2026-09-22T09:41:31.9293085Z 185/292 Test #185: TrafficGenTest.SendWithoutOpenReturnsNotOpen ............   Passed    0.00 sec
unit-tests	Execute tests	2026-09-22T09:41:31.9294150Z         Start 186: VerilatorSenderBeat.FullBeat
unit-tests	Execute tests	2026-09-22T09:41:31.9325446Z 186/292 Test #186: VerilatorSenderBeat.FullBeat ............................   Passed    0.00 sec
unit-tests	Execute tests	2026-09-22T09:41:31.9326501Z         Start 187: VerilatorSenderBeat.PartialLastBeat
unit-tests	Execute tests	2026-09-22T09:41:31.9358456Z 187/292 Test #187: VerilatorSenderBeat.PartialLastBeat .....................   Passed    0.00 sec
unit-tests	Execute tests	2026-09-22T09:41:31.9359706Z         Start 188: WideField.Emits512BitFieldWithoutUB
unit-tests	Execute tests	2026-09-22T09:41:31.9393327Z 188/292 Test #188: WideField.Emits512BitFieldWithoutUB .....................   Passed    0.00 sec
unit-tests	Execute tests	2026-09-22T09:41:31.9394438Z         Start 189: AdpFuzzTest.VarCount
unit-tests	Execute tests	2026-09-22T09:41:31.9451085Z 189/292 Test #189: AdpFuzzTest.VarCount ....................................   Passed    0.01 sec
unit-tests	Execute tests	2026-09-22T09:41:31.9452267Z         Start 190: AdpFuzzTest.MessageTypeConstraints
unit-tests	Execute tests	2026-09-22T09:41:31.9507431Z 190/292 Test #190: AdpFuzzTest.MessageTypeConstraints ......................   Passed    0.01 sec
unit-tests	Execute tests	2026-09-22T09:41:31.9508686Z         Start 191: AdpFuzzTest.ValidTimeRangeConstraint
unit-tests	Execute tests	2026-09-22T09:41:31.9564003Z 191/292 Test #191: AdpFuzzTest.ValidTimeRangeConstraint ....................   Passed    0.01 sec
unit-tests	Execute tests	2026-09-22T09:41:31.9565787Z         Start 192: AdpFuzzTest.ControlDataLengthFixed
unit-tests	Execute tests	2026-09-22T09:41:31.9618373Z 192/292 Test #192: AdpFuzzTest.ControlDataLengthFixed ......................   Passed    0.01 sec
unit-tests	Execute tests	2026-09-22T09:41:31.9619465Z         Start 193: AdpFuzzTest.TalkerCapabilitiesMask
unit-tests	Execute tests	2026-09-22T09:41:31.9672658Z 193/292 Test #193: AdpFuzzTest.TalkerCapabilitiesMask ......................   Passed    0.01 sec
unit-tests	Execute tests	2026-09-22T09:41:31.9673902Z         Start 194: AdpFuzzTest.ListenerCapabilitiesMask
unit-tests	Execute tests	2026-09-22T09:41:31.9727241Z 194/292 Test #194: AdpFuzzTest.ListenerCapabilitiesMask ....................   Passed    0.01 sec
unit-tests	Execute tests	2026-09-22T09:41:31.9728310Z         Start 195: AdpFuzzTest.ControllerCapabilitiesMask
unit-tests	Execute tests	2026-09-22T09:41:31.9780994Z 195/292 Test #195: AdpFuzzTest.ControllerCapabilitiesMask ..................   Passed    0.01 sec
unit-tests	Execute tests	2026-09-22T09:41:31.9781878Z         Start 196: AdpFuzzTest.ReservedFieldsAreFixed
unit-tests	Execute tests	2026-09-22T09:41:31.9835560Z 196/292 Test #196: AdpFuzzTest.ReservedFieldsAreFixed ......................   Passed    0.01 sec
unit-tests	Execute tests	2026-09-22T09:41:31.9836561Z         Start 197: AdpFuzzTest.InterfaceCount
unit-tests	Execute tests	2026-09-22T09:41:31.9889059Z 197/292 Test #197: AdpFuzzTest.InterfaceCount ..............................   Passed    0.01 sec
unit-tests	Execute tests	2026-09-22T09:41:31.9890195Z         Start 198: AdpFuzzTest.IfDataDirection
unit-tests	Execute tests	2026-09-22T09:41:31.9943010Z 198/292 Test #198: AdpFuzzTest.IfDataDirection .............................   Passed    0.01 sec
unit-tests	Execute tests	2026-09-22T09:41:31.9944095Z         Start 199: AdpFuzzTest.IfDataHas20VarRefs
unit-tests	Execute tests	2026-09-22T09:41:31.9997242Z 199/292 Test #199: AdpFuzzTest.IfDataHas20VarRefs ..........................   Passed    0.01 sec
unit-tests	Execute tests	2026-09-22T09:41:31.9998484Z         Start 200: AdpFuzzTest.IfDataFirstVarRefIsMessageType
unit-tests	Execute tests	2026-09-22T09:41:32.0051756Z 200/292 Test #200: AdpFuzzTest.IfDataFirstVarRefIsMessageType ..............   Passed    0.01 sec
unit-tests	Execute tests	2026-09-22T09:41:32.0052959Z         Start 201: AdpFuzzTest.IfDataLastVarRefIsReserved1
unit-tests	Execute tests	2026-09-22T09:41:32.0106783Z 201/292 Test #201: AdpFuzzTest.IfDataLastVarRefIsReserved1 .................   Passed    0.01 sec
unit-tests	Execute tests	2026-09-22T09:41:32.0107861Z         Start 202: AdpFuzzTest.FullAdpPacketIs67Bytes
unit-tests	Execute tests	2026-09-22T09:41:32.0180890Z 202/292 Test #202: AdpFuzzTest.FullAdpPacketIs67Bytes ......................   Passed    0.01 sec
unit-tests	Execute tests	2026-09-22T09:41:32.0181896Z         Start 203: AdpFuzzTest.MessageTypeAlwaysValid
unit-tests	Execute tests	2026-09-22T09:41:32.0257644Z 203/292 Test #203: AdpFuzzTest.MessageTypeAlwaysValid ......................   Passed    0.01 sec
unit-tests	Execute tests	2026-09-22T09:41:32.0258625Z         Start 204: AdpFuzzTest.ValidTimeAlwaysInRange
unit-tests	Execute tests	2026-09-22T09:41:32.0329894Z 204/292 Test #204: AdpFuzzTest.ValidTimeAlwaysInRange ......................   Passed    0.01 sec
unit-tests	Execute tests	2026-09-22T09:41:32.0330955Z         Start 205: AdpFuzzTest.ControlDataLengthAlways56
unit-tests	Execute tests	2026-09-22T09:41:32.0390107Z 205/292 Test #205: AdpFuzzTest.ControlDataLengthAlways56 ...................   Passed    0.01 sec
unit-tests	Execute tests	2026-09-22T09:41:32.0391326Z         Start 206: AdpFuzzTest.TalkerCapsRespectMask
unit-tests	Execute tests	2026-09-22T09:41:32.0464461Z 206/292 Test #206: AdpFuzzTest.TalkerCapsRespectMask .......................   Passed    0.01 sec
unit-tests	Execute tests	2026-09-22T09:41:32.0465529Z         Start 207: AdpFuzzTest.ListenerCapsRespectMask
unit-tests	Execute tests	2026-09-22T09:41:32.0539917Z 207/292 Test #207: AdpFuzzTest.ListenerCapsRespectMask .....................   Passed    0.01 sec
unit-tests	Execute tests	2026-09-22T09:41:32.0541021Z         Start 208: AdpFuzzTest.ControllerCapsRespectMask
unit-tests	Execute tests	2026-09-22T09:41:32.0614498Z 208/292 Test #208: AdpFuzzTest.ControllerCapsRespectMask ...................   Passed    0.01 sec
unit-tests	Execute tests	2026-09-22T09:41:32.0615598Z         Start 209: AdpFuzzTest.ReservedFieldsAlwaysZero
unit-tests	Execute tests	2026-09-22T09:41:32.0676603Z 209/292 Test #209: AdpFuzzTest.ReservedFieldsAlwaysZero ....................   Passed    0.01 sec
unit-tests	Execute tests	2026-09-22T09:41:32.0677638Z         Start 210: AdpFuzzTest.AvailableIndexAlwaysValid
unit-tests	Execute tests	2026-09-22T09:41:32.0738504Z 210/292 Test #210: AdpFuzzTest.AvailableIndexAlwaysValid ...................   Passed    0.01 sec
unit-tests	Execute tests	2026-09-22T09:41:32.0739619Z         Start 211: AdpFuzzTest.VarCount
unit-tests	Execute tests	2026-09-22T09:41:32.0918113Z 211/292 Test #211: AdpFuzzTest.VarCount ....................................   Passed    0.02 sec
unit-tests	Execute tests	2026-09-22T09:41:32.0918883Z         Start 212: AdpFuzzTest.MessageTypeConstraints
unit-tests	Execute tests	2026-09-22T09:41:32.1115291Z 212/292 Test #212: AdpFuzzTest.MessageTypeConstraints ......................   Passed    0.02 sec
unit-tests	Execute tests	2026-09-22T09:41:32.1116695Z         Start 213: AdpFuzzTest.ValidTimeRangeConstraint
unit-tests	Execute tests	2026-09-22T09:41:32.1307194Z 213/292 Test #213: AdpFuzzTest.ValidTimeRangeConstraint ....................   Passed    0.02 sec
unit-tests	Execute tests	2026-09-22T09:41:32.1308335Z         Start 214: AdpFuzzTest.ControlDataLengthFixed
unit-tests	Execute tests	2026-09-22T09:41:32.1503684Z 214/292 Test #214: AdpFuzzTest.ControlDataLengthFixed ......................   Passed    0.02 sec
unit-tests	Execute tests	2026-09-22T09:41:32.1505072Z         Start 215: AdpFuzzTest.TalkerCapabilitiesMask
unit-tests	Execute tests	2026-09-22T09:41:32.1707691Z 215/292 Test #215: AdpFuzzTest.TalkerCapabilitiesMask ......................   Passed    0.02 sec
unit-tests	Execute tests	2026-09-22T09:41:32.1708792Z         Start 216: AdpFuzzTest.ListenerCapabilitiesMask
unit-tests	Execute tests	2026-09-22T09:41:32.1887887Z 216/292 Test #216: AdpFuzzTest.ListenerCapabilitiesMask ....................   Passed    0.02 sec
unit-tests	Execute tests	2026-09-22T09:41:32.1889110Z         Start 217: AdpFuzzTest.ControllerCapabilitiesMask
unit-tests	Execute tests	2026-09-22T09:41:32.2072576Z 217/292 Test #217: AdpFuzzTest.ControllerCapabilitiesMask ..................   Passed    0.02 sec
unit-tests	Execute tests	2026-09-22T09:41:32.2073868Z         Start 218: AdpFuzzTest.ReservedFieldsAreFixed
unit-tests	Execute tests	2026-09-22T09:41:32.2250805Z 218/292 Test #218: AdpFuzzTest.ReservedFieldsAreFixed ......................   Passed    0.02 sec
unit-tests	Execute tests	2026-09-22T09:41:32.2251725Z         Start 219: AdpFuzzTest.InterfaceCount
unit-tests	Execute tests	2026-09-22T09:41:32.2437120Z 219/292 Test #219: AdpFuzzTest.InterfaceCount ..............................   Passed    0.02 sec
unit-tests	Execute tests	2026-09-22T09:41:32.2440466Z         Start 220: AdpFuzzTest.IfDataDirection
unit-tests	Execute tests	2026-09-22T09:41:32.2618122Z 220/292 Test #220: AdpFuzzTest.IfDataDirection .............................   Passed    0.02 sec
unit-tests	Execute tests	2026-09-22T09:41:32.2623704Z         Start 221: AdpFuzzTest.IfDataHas20VarRefs
unit-tests	Execute tests	2026-09-22T09:41:32.2819608Z 221/292 Test #221: AdpFuzzTest.IfDataHas20VarRefs ..........................   Passed    0.02 sec
unit-tests	Execute tests	2026-09-22T09:41:32.2820872Z         Start 222: AdpFuzzTest.IfDataFirstVarRefIsMessageType
unit-tests	Execute tests	2026-09-22T09:41:32.3008125Z 222/292 Test #222: AdpFuzzTest.IfDataFirstVarRefIsMessageType ..............   Passed    0.02 sec
unit-tests	Execute tests	2026-09-22T09:41:32.3015836Z         Start 223: AdpFuzzTest.IfDataLastVarRefIsReserved1
unit-tests	Execute tests	2026-09-22T09:41:32.3188911Z 223/292 Test #223: AdpFuzzTest.IfDataLastVarRefIsReserved1 .................   Passed    0.02 sec
unit-tests	Execute tests	2026-09-22T09:41:32.3191724Z         Start 224: AdpFuzzTest.FullAdpPacketIs67Bytes
unit-tests	Execute tests	2026-09-22T09:41:32.3408298Z 224/292 Test #224: AdpFuzzTest.FullAdpPacketIs67Bytes ......................   Passed    0.02 sec
unit-tests	Execute tests	2026-09-22T09:41:32.3409575Z         Start 225: AdpFuzzTest.MessageTypeAlwaysValid
unit-tests	Execute tests	2026-09-22T09:41:32.3609097Z 225/292 Test #225: AdpFuzzTest.MessageTypeAlwaysValid ......................   Passed    0.02 sec
unit-tests	Execute tests	2026-09-22T09:41:32.3610278Z         Start 226: AdpFuzzTest.ValidTimeAlwaysInRange
unit-tests	Execute tests	2026-09-22T09:41:32.3847607Z 226/292 Test #226: AdpFuzzTest.ValidTimeAlwaysInRange ......................   Passed    0.02 sec
unit-tests	Execute tests	2026-09-22T09:41:32.3848612Z         Start 227: AdpFuzzTest.ControlDataLengthAlways56
unit-tests	Execute tests	2026-09-22T09:41:32.4047302Z 227/292 Test #227: AdpFuzzTest.ControlDataLengthAlways56 ...................   Passed    0.02 sec
unit-tests	Execute tests	2026-09-22T09:41:32.4048522Z         Start 228: AdpFuzzTest.TalkerCapsRespectMask
unit-tests	Execute tests	2026-09-22T09:41:32.4255539Z 228/292 Test #228: AdpFuzzTest.TalkerCapsRespectMask .......................   Passed    0.02 sec
unit-tests	Execute tests	2026-09-22T09:41:32.4256527Z         Start 229: AdpFuzzTest.ListenerCapsRespectMask
unit-tests	Execute tests	2026-09-22T09:41:32.4485580Z 229/292 Test #229: AdpFuzzTest.ListenerCapsRespectMask .....................   Passed    0.02 sec
unit-tests	Execute tests	2026-09-22T09:41:32.4486649Z         Start 230: AdpFuzzTest.ControllerCapsRespectMask
unit-tests	Execute tests	2026-09-22T09:41:32.4786897Z 230/292 Test #230: AdpFuzzTest.ControllerCapsRespectMask ...................   Passed    0.03 sec
unit-tests	Execute tests	2026-09-22T09:41:32.4788276Z         Start 231: AdpFuzzTest.ReservedFieldsAlwaysZero
unit-tests	Execute tests	2026-09-22T09:41:32.4985353Z 231/292 Test #231: AdpFuzzTest.ReservedFieldsAlwaysZero ....................   Passed    0.02 sec
unit-tests	Execute tests	2026-09-22T09:41:32.4987123Z         Start 232: AdpFuzzTest.AvailableIndexAlwaysValid
unit-tests	Execute tests	2026-09-22T09:41:32.5219881Z 232/292 Test #232: AdpFuzzTest.AvailableIndexAlwaysValid ...................   Passed    0.02 sec
unit-tests	Execute tests	2026-09-22T09:41:32.5221122Z         Start 233: AdpFuzzTest.VarCount
unit-tests	Execute tests	2026-09-22T09:41:32.5271435Z 233/292 Test #233: AdpFuzzTest.VarCount ....................................   Passed    0.00 sec
unit-tests	Execute tests	2026-09-22T09:41:32.5272589Z         Start 234: AdpFuzzTest.MessageTypeConstraints
unit-tests	Execute tests	2026-09-22T09:41:32.5316383Z 234/292 Test #234: AdpFuzzTest.MessageTypeConstraints ......................   Passed    0.00 sec
unit-tests	Execute tests	2026-09-22T09:41:32.5317553Z         Start 235: AdpFuzzTest.ValidTimeRangeConstraint
unit-tests	Execute tests	2026-09-22T09:41:32.5358379Z 235/292 Test #235: AdpFuzzTest.ValidTimeRangeConstraint ....................   Passed    0.00 sec
unit-tests	Execute tests	2026-09-22T09:41:32.5359545Z         Start 236: AdpFuzzTest.ControlDataLengthFixed
unit-tests	Execute tests	2026-09-22T09:41:32.5400782Z 236/292 Test #236: AdpFuzzTest.ControlDataLengthFixed ......................   Passed    0.00 sec
unit-tests	Execute tests	2026-09-22T09:41:32.5401998Z         Start 237: AdpFuzzTest.TalkerCapabilitiesMask
unit-tests	Execute tests	2026-09-22T09:41:32.5442212Z 237/292 Test #237: AdpFuzzTest.TalkerCapabilitiesMask ......................   Passed    0.00 sec
unit-tests	Execute tests	2026-09-22T09:41:32.5443290Z         Start 238: AdpFuzzTest.ListenerCapabilitiesMask
unit-tests	Execute tests	2026-09-22T09:41:32.5483916Z 238/292 Test #238: AdpFuzzTest.ListenerCapabilitiesMask ....................   Passed    0.00 sec
unit-tests	Execute tests	2026-09-22T09:41:32.5485230Z         Start 239: AdpFuzzTest.ControllerCapabilitiesMask
unit-tests	Execute tests	2026-09-22T09:41:32.5526356Z 239/292 Test #239: AdpFuzzTest.ControllerCapabilitiesMask ..................   Passed    0.00 sec
unit-tests	Execute tests	2026-09-22T09:41:32.5527650Z         Start 240: AdpFuzzTest.ReservedFieldsAreFixed
unit-tests	Execute tests	2026-09-22T09:41:32.5568813Z 240/292 Test #240: AdpFuzzTest.ReservedFieldsAreFixed ......................   Passed    0.00 sec
unit-tests	Execute tests	2026-09-22T09:41:32.5569953Z         Start 241: AdpFuzzTest.InterfaceCount
unit-tests	Execute tests	2026-09-22T09:41:32.5610787Z 241/292 Test #241: AdpFuzzTest.InterfaceCount ..............................   Passed    0.00 sec
unit-tests	Execute tests	2026-09-22T09:41:32.5611882Z         Start 242: AdpFuzzTest.IfDataDirection
unit-tests	Execute tests	2026-09-22T09:41:32.5652923Z 242/292 Test #242: AdpFuzzTest.IfDataDirection .............................   Passed    0.00 sec
unit-tests	Execute tests	2026-09-22T09:41:32.5654028Z         Start 243: AdpFuzzTest.IfDataHas20VarRefs
unit-tests	Execute tests	2026-09-22T09:41:32.5696891Z 243/292 Test #243: AdpFuzzTest.IfDataHas20VarRefs ..........................   Passed    0.00 sec
unit-tests	Execute tests	2026-09-22T09:41:32.5698096Z         Start 244: AdpFuzzTest.IfDataFirstVarRefIsMessageType
unit-tests	Execute tests	2026-09-22T09:41:32.5739433Z 244/292 Test #244: AdpFuzzTest.IfDataFirstVarRefIsMessageType ..............   Passed    0.00 sec
unit-tests	Execute tests	2026-09-22T09:41:32.5740603Z         Start 245: AdpFuzzTest.IfDataLastVarRefIsReserved1
unit-tests	Execute tests	2026-09-22T09:41:32.5781397Z 245/292 Test #245: AdpFuzzTest.IfDataLastVarRefIsReserved1 .................   Passed    0.00 sec
unit-tests	Execute tests	2026-09-22T09:41:32.5782580Z         Start 246: AdpFuzzTest.FullAdpPacketIs67Bytes
unit-tests	Execute tests	2026-09-22T09:41:32.5836740Z 246/292 Test #246: AdpFuzzTest.FullAdpPacketIs67Bytes ......................   Passed    0.01 sec
unit-tests	Execute tests	2026-09-22T09:41:32.5837851Z         Start 247: AdpFuzzTest.MessageTypeAlwaysValid
unit-tests	Execute tests	2026-09-22T09:41:32.5888213Z 247/292 Test #247: AdpFuzzTest.MessageTypeAlwaysValid ......................   Passed    0.00 sec
unit-tests	Execute tests	2026-09-22T09:41:32.5889371Z         Start 248: AdpFuzzTest.ValidTimeAlwaysInRange
unit-tests	Execute tests	2026-09-22T09:41:32.5940159Z 248/292 Test #248: AdpFuzzTest.ValidTimeAlwaysInRange ......................   Passed    0.00 sec
unit-tests	Execute tests	2026-09-22T09:41:32.5941320Z         Start 249: AdpFuzzTest.ControlDataLengthAlways56
unit-tests	Execute tests	2026-09-22T09:41:32.5984812Z 249/292 Test #249: AdpFuzzTest.ControlDataLengthAlways56 ...................   Passed    0.00 sec
unit-tests	Execute tests	2026-09-22T09:41:32.5986042Z         Start 250: AdpFuzzTest.TalkerCapsRespectMask
unit-tests	Execute tests	2026-09-22T09:41:32.6039804Z 250/292 Test #250: AdpFuzzTest.TalkerCapsRespectMask .......................   Passed    0.01 sec
unit-tests	Execute tests	2026-09-22T09:41:32.6040941Z         Start 251: AdpFuzzTest.ListenerCapsRespectMask
unit-tests	Execute tests	2026-09-22T09:41:32.6095155Z 251/292 Test #251: AdpFuzzTest.ListenerCapsRespectMask .....................   Passed    0.01 sec
unit-tests	Execute tests	2026-09-22T09:41:32.6096158Z         Start 252: AdpFuzzTest.ControllerCapsRespectMask
unit-tests	Execute tests	2026-09-22T09:41:32.6151694Z 252/292 Test #252: AdpFuzzTest.ControllerCapsRespectMask ...................   Passed    0.01 sec
unit-tests	Execute tests	2026-09-22T09:41:32.6153137Z         Start 253: AdpFuzzTest.ReservedFieldsAlwaysZero
unit-tests	Execute tests	2026-09-22T09:41:32.6199308Z 253/292 Test #253: AdpFuzzTest.ReservedFieldsAlwaysZero ....................   Passed    0.00 sec
unit-tests	Execute tests	2026-09-22T09:41:32.6200449Z         Start 254: AdpFuzzTest.AvailableIndexAlwaysValid
unit-tests	Execute tests	2026-09-22T09:41:32.6247526Z 254/292 Test #254: AdpFuzzTest.AvailableIndexAlwaysValid ...................   Passed    0.00 sec
unit-tests	Execute tests	2026-09-22T09:41:32.6248537Z         Start 255: PtpFlags.SyncModelPermitsOnlyTwoStepFlag
unit-tests	Execute tests	2026-09-22T09:41:32.6400509Z 255/292 Test #255: PtpFlags.SyncModelPermitsOnlyTwoStepFlag ................   Passed    0.02 sec
unit-tests	Execute tests	2026-09-22T09:41:32.6401571Z         Start 256: PtpFlags.FollowUpModelPermitsOnlyAllFlagsClear
unit-tests	Execute tests	2026-09-22T09:41:32.6554030Z 256/292 Test #256: PtpFlags.FollowUpModelPermitsOnlyAllFlagsClear ..........   Passed    0.02 sec
unit-tests	Execute tests	2026-09-22T09:41:32.6555192Z         Start 257: PtpFlags.PdelayModelsKeepTheirStrictFlags
unit-tests	Execute tests	2026-09-22T09:41:32.6709282Z 257/292 Test #257: PtpFlags.PdelayModelsKeepTheirStrictFlags ...............   Passed    0.02 sec
unit-tests	Execute tests	2026-09-22T09:41:32.6710660Z         Start 258: PtpFlags.NoMediaDependentModelPermitsPtpTimescale
unit-tests	Execute tests	2026-09-22T09:41:32.6867558Z 258/292 Test #258: PtpFlags.NoMediaDependentModelPermitsPtpTimescale .......   Passed    0.02 sec
unit-tests	Execute tests	2026-09-22T09:41:32.6868812Z         Start 259: PtpFlags.GeneratedSyncFramesCarryTwoStepFlagOnly
unit-tests	Execute tests	2026-09-22T09:41:32.7109891Z 259/292 Test #259: PtpFlags.GeneratedSyncFramesCarryTwoStepFlagOnly ........   Passed    0.02 sec
unit-tests	Execute tests	2026-09-22T09:41:32.7111010Z         Start 260: PtpFlags.GeneratedFollowUpFramesCarryNoFlags
unit-tests	Execute tests	2026-09-22T09:41:32.7381249Z 260/292 Test #260: PtpFlags.GeneratedFollowUpFramesCarryNoFlags ............   Passed    0.03 sec
unit-tests	Execute tests	2026-09-22T09:41:32.7382281Z         Start 261: PtpFlags.GeneratedPdelayFramesKeepTheirStrictFlags
unit-tests	Execute tests	2026-09-22T09:41:32.7795998Z 261/292 Test #261: PtpFlags.GeneratedPdelayFramesKeepTheirStrictFlags ......   Passed    0.04 sec
unit-tests	Execute tests	2026-09-22T09:41:32.7797346Z         Start 262: PtpFlags.GeneratedFramesMatchTheirModelsFlags
unit-tests	Execute tests	2026-09-22T09:41:32.8270724Z 262/292 Test #262: PtpFlags.GeneratedFramesMatchTheirModelsFlags ...........   Passed    0.05 sec
unit-tests	Execute tests	2026-09-22T09:41:32.8271931Z         Start 263: PtpFlags.DecoderRecoversOutOfProfileFlagsVerbatim
unit-tests	Execute tests	2026-09-22T09:41:32.8432688Z 263/292 Test #263: PtpFlags.DecoderRecoversOutOfProfileFlagsVerbatim .......   Passed    0.02 sec
unit-tests	Execute tests	2026-09-22T09:41:32.8433597Z         Start 264: PtpFlags.DecodingDoesNotApplyTheTransmitConstraint
unit-tests	Execute tests	2026-09-22T09:41:32.8592342Z 264/292 Test #264: PtpFlags.DecodingDoesNotApplyTheTransmitConstraint ......   Passed    0.02 sec
unit-tests	Execute tests	2026-09-22T09:41:32.8593467Z         Start 265: PtpFlags.SyncModelPermitsOnlyTwoStepFlag
unit-tests	Execute tests	2026-09-22T09:41:32.9030973Z 265/292 Test #265: PtpFlags.SyncModelPermitsOnlyTwoStepFlag ................   Passed    0.04 sec
unit-tests	Execute tests	2026-09-22T09:41:32.9032258Z         Start 266: PtpFlags.FollowUpModelPermitsOnlyAllFlagsClear
unit-tests	Execute tests	2026-09-22T09:41:32.9446512Z 266/292 Test #266: PtpFlags.FollowUpModelPermitsOnlyAllFlagsClear ..........   Passed    0.04 sec
unit-tests	Execute tests	2026-09-22T09:41:32.9447792Z         Start 267: PtpFlags.PdelayModelsKeepTheirStrictFlags
unit-tests	Execute tests	2026-09-22T09:41:32.9856505Z 267/292 Test #267: PtpFlags.PdelayModelsKeepTheirStrictFlags ...............   Passed    0.04 sec
unit-tests	Execute tests	2026-09-22T09:41:32.9857871Z         Start 268: PtpFlags.NoMediaDependentModelPermitsPtpTimescale
unit-tests	Execute tests	2026-09-22T09:41:33.0331091Z 268/292 Test #268: PtpFlags.NoMediaDependentModelPermitsPtpTimescale .......   Passed    0.05 sec
unit-tests	Execute tests	2026-09-22T09:41:33.0332115Z         Start 269: PtpFlags.GeneratedSyncFramesCarryTwoStepFlagOnly
unit-tests	Execute tests	2026-09-22T09:41:33.0930789Z 269/292 Test #269: PtpFlags.GeneratedSyncFramesCarryTwoStepFlagOnly ........   Passed    0.06 sec
unit-tests	Execute tests	2026-09-22T09:41:33.0931947Z         Start 270: PtpFlags.GeneratedFollowUpFramesCarryNoFlags
unit-tests	Execute tests	2026-09-22T09:41:33.1605571Z 270/292 Test #270: PtpFlags.GeneratedFollowUpFramesCarryNoFlags ............   Passed    0.07 sec
unit-tests	Execute tests	2026-09-22T09:41:33.1606490Z         Start 271: PtpFlags.GeneratedPdelayFramesKeepTheirStrictFlags
unit-tests	Execute tests	2026-09-22T09:41:33.2590427Z 271/292 Test #271: PtpFlags.GeneratedPdelayFramesKeepTheirStrictFlags ......   Passed    0.10 sec
unit-tests	Execute tests	2026-09-22T09:41:33.2591630Z         Start 272: PtpFlags.GeneratedFramesMatchTheirModelsFlags
unit-tests	Execute tests	2026-09-22T09:41:33.3776613Z 272/292 Test #272: PtpFlags.GeneratedFramesMatchTheirModelsFlags ...........   Passed    0.12 sec
unit-tests	Execute tests	2026-09-22T09:41:33.3778029Z         Start 273: PtpFlags.DecoderRecoversOutOfProfileFlagsVerbatim
unit-tests	Execute tests	2026-09-22T09:41:33.4211272Z 273/292 Test #273: PtpFlags.DecoderRecoversOutOfProfileFlagsVerbatim .......   Passed    0.04 sec
unit-tests	Execute tests	2026-09-22T09:41:33.4212376Z         Start 274: PtpFlags.DecodingDoesNotApplyTheTransmitConstraint
unit-tests	Execute tests	2026-09-22T09:41:33.4608725Z 274/292 Test #274: PtpFlags.DecodingDoesNotApplyTheTransmitConstraint ......   Passed    0.04 sec
unit-tests	Execute tests	2026-09-22T09:41:33.4610057Z         Start 275: PtpFlags.SyncModelPermitsOnlyTwoStepFlag
unit-tests	Execute tests	2026-09-22T09:41:33.4743294Z 275/292 Test #275: PtpFlags.SyncModelPermitsOnlyTwoStepFlag ................   Passed    0.01 sec
unit-tests	Execute tests	2026-09-22T09:41:33.4744865Z         Start 276: PtpFlags.FollowUpModelPermitsOnlyAllFlagsClear
unit-tests	Execute tests	2026-09-22T09:41:33.4871330Z 276/292 Test #276: PtpFlags.FollowUpModelPermitsOnlyAllFlagsClear ..........   Passed    0.01 sec
unit-tests	Execute tests	2026-09-22T09:41:33.4872453Z         Start 277: PtpFlags.PdelayModelsKeepTheirStrictFlags
unit-tests	Execute tests	2026-09-22T09:41:33.4995552Z 277/292 Test #277: PtpFlags.PdelayModelsKeepTheirStrictFlags ...............   Passed    0.01 sec
unit-tests	Execute tests	2026-09-22T09:41:33.4996616Z         Start 278: PtpFlags.NoMediaDependentModelPermitsPtpTimescale
unit-tests	Execute tests	2026-09-22T09:41:33.5119414Z 278/292 Test #278: PtpFlags.NoMediaDependentModelPermitsPtpTimescale .......   Passed    0.01 sec
unit-tests	Execute tests	2026-09-22T09:41:33.5120712Z         Start 279: PtpFlags.GeneratedSyncFramesCarryTwoStepFlagOnly
unit-tests	Execute tests	2026-09-22T09:41:33.5314211Z 279/292 Test #279: PtpFlags.GeneratedSyncFramesCarryTwoStepFlagOnly ........   Passed    0.02 sec
unit-tests	Execute tests	2026-09-22T09:41:33.5315317Z         Start 280: PtpFlags.GeneratedFollowUpFramesCarryNoFlags
unit-tests	Execute tests	2026-09-22T09:41:33.5531688Z 280/292 Test #280: PtpFlags.GeneratedFollowUpFramesCarryNoFlags ............   Passed    0.02 sec
unit-tests	Execute tests	2026-09-22T09:41:33.5532818Z         Start 281: PtpFlags.GeneratedPdelayFramesKeepTheirStrictFlags
unit-tests	Execute tests	2026-09-22T09:41:33.5889764Z 281/292 Test #281: PtpFlags.GeneratedPdelayFramesKeepTheirStrictFlags ......   Passed    0.04 sec
unit-tests	Execute tests	2026-09-22T09:41:33.5890718Z         Start 282: PtpFlags.GeneratedFramesMatchTheirModelsFlags
unit-tests	Execute tests	2026-09-22T09:41:33.6245600Z 282/292 Test #282: PtpFlags.GeneratedFramesMatchTheirModelsFlags ...........   Passed    0.04 sec
unit-tests	Execute tests	2026-09-22T09:41:33.6246582Z         Start 283: PtpFlags.DecoderRecoversOutOfProfileFlagsVerbatim
unit-tests	Execute tests	2026-09-22T09:41:33.6373081Z 283/292 Test #283: PtpFlags.DecoderRecoversOutOfProfileFlagsVerbatim .......   Passed    0.01 sec
unit-tests	Execute tests	2026-09-22T09:41:33.6374063Z         Start 284: PtpFlags.DecodingDoesNotApplyTheTransmitConstraint
unit-tests	Execute tests	2026-09-22T09:41:33.6502417Z 284/292 Test #284: PtpFlags.DecodingDoesNotApplyTheTransmitConstraint ......   Passed    0.01 sec
unit-tests	Execute tests	2026-09-22T09:41:33.6503196Z         Start 285: corpus_validates
unit-tests	Execute tests	2026-09-22T09:41:33.6601408Z 285/292 Test #285: corpus_validates ........................................   Passed    0.01 sec
unit-tests	Execute tests	2026-09-22T09:41:33.6602698Z         Start 286: sanitizer_probe-test.clean
unit-tests	Execute tests	2026-09-22T09:41:33.6623429Z 286/292 Test #286: sanitizer_probe-test.clean ..............................   Passed    0.00 sec
unit-tests	Execute tests	2026-09-22T09:41:33.6624243Z         Start 287: sanitizer_probe-test_ASAN.clean
unit-tests	Execute tests	2026-09-22T09:41:33.6694701Z 287/292 Test #287: sanitizer_probe-test_ASAN.clean .........................   Passed    0.01 sec
unit-tests	Execute tests	2026-09-22T09:41:33.6695967Z         Start 288: sanitizer_probe-test_UBSAN.clean
unit-tests	Execute tests	2026-09-22T09:41:33.6719315Z 288/292 Test #288: sanitizer_probe-test_UBSAN.clean ........................   Passed    0.00 sec
unit-tests	Execute tests	2026-09-22T09:41:33.6722260Z         Start 289: sanitizer_probe-test_ASAN.library-heap-overflow
unit-tests	Execute tests	2026-09-22T09:41:33.7001717Z 289/292 Test #289: sanitizer_probe-test_ASAN.library-heap-overflow .........   Passed    0.03 sec
unit-tests	Execute tests	2026-09-22T09:41:33.7002814Z         Start 290: sanitizer_probe-test_ASAN.consumer-heap-overflow
unit-tests	Execute tests	2026-09-22T09:41:33.7236452Z 290/292 Test #290: sanitizer_probe-test_ASAN.consumer-heap-overflow ........   Passed    0.02 sec
unit-tests	Execute tests	2026-09-22T09:41:33.7237556Z         Start 291: sanitizer_probe-test_UBSAN.library-signed-overflow
unit-tests	Execute tests	2026-09-22T09:41:33.7292922Z 291/292 Test #291: sanitizer_probe-test_UBSAN.library-signed-overflow ......   Passed    0.01 sec
unit-tests	Execute tests	2026-09-22T09:41:33.7293893Z         Start 292: sanitizer_probe-test_UBSAN.consumer-signed-overflow
unit-tests	Execute tests	2026-09-22T09:41:33.7344395Z 292/292 Test #292: sanitizer_probe-test_UBSAN.consumer-signed-overflow .....   Passed    0.00 sec
unit-tests	Execute tests	2026-09-22T09:41:33.7360232Z 
unit-tests	Execute tests	2026-09-22T09:41:33.7360441Z 100% tests passed, 0 tests failed out of 292
unit-tests	Execute tests	2026-09-22T09:41:33.7362292Z 
unit-tests	Execute tests	2026-09-22T09:41:33.7362553Z Total Test time (real) =   3.37 sec
unit-tests	Post Run actions/checkout@v4	﻿2026-09-22T09:41:33.7498545Z Node 20 is being deprecated. This workflow is running with Node 24 by default. If you need to temporarily use Node 20, you can set the ACTIONS_ALLOW_USE_UNSECURE_NODE_VERSION=true environment variable. For more information see: https://github.blog/changelog/2025-09-19-deprecation-of-node-20-on-github-actions-runners/
unit-tests	Post Run actions/checkout@v4	2026-09-22T09:41:33.7500142Z Post job cleanup.
unit-tests	Post Run actions/checkout@v4	2026-09-22T09:41:33.8366801Z [command]/usr/bin/git version
unit-tests	Post Run actions/checkout@v4	2026-09-22T09:41:33.8408530Z git version 2.55.0
unit-tests	Post Run actions/checkout@v4	2026-09-22T09:41:33.8444725Z Temporarily overriding HOME='/home/runner/work/_temp/8e5285dd-1da3-4916-8bee-0d275f70f3b7' before making global git config changes
unit-tests	Post Run actions/checkout@v4	2026-09-22T09:41:33.8450239Z Adding repository directory to the temporary git global config as a safe directory
unit-tests	Post Run actions/checkout@v4	2026-09-22T09:41:33.8451245Z [command]/usr/bin/git config --global --add safe.directory /home/runner/work/tsn-gen/tsn-gen
unit-tests	Post Run actions/checkout@v4	2026-09-22T09:41:33.8491212Z [command]/usr/bin/git config --local --name-only --get-regexp core\.sshCommand
unit-tests	Post Run actions/checkout@v4	2026-09-22T09:41:33.8529328Z [command]/usr/bin/git submodule foreach --recursive sh -c "git config --local --name-only --get-regexp 'core\.sshCommand' && git config --local --unset-all 'core.sshCommand' || :"
unit-tests	Post Run actions/checkout@v4	2026-09-22T09:41:33.8786177Z Entering 'external/FTXUI'
unit-tests	Post Run actions/checkout@v4	2026-09-22T09:41:33.8839018Z Entering 'external/PcapPlusPlus'
unit-tests	Post Run actions/checkout@v4	2026-09-22T09:41:33.8888520Z Entering 'external/googletest'
unit-tests	Post Run actions/checkout@v4	2026-09-22T09:41:33.8939507Z Entering 'external/mininet'
unit-tests	Post Run actions/checkout@v4	2026-09-22T09:41:33.8993621Z Entering 'external/protobuf-c'
unit-tests	Post Run actions/checkout@v4	2026-09-22T09:41:33.9045457Z Entering 'external/rapidyaml'
unit-tests	Post Run actions/checkout@v4	2026-09-22T09:41:33.9092351Z Entering 'external/rapidyaml/ext/c4core'
unit-tests	Post Run actions/checkout@v4	2026-09-22T09:41:33.9143873Z Entering 'external/rapidyaml/ext/c4core/cmake'
unit-tests	Post Run actions/checkout@v4	2026-09-22T09:41:33.9194450Z Entering 'external/rapidyaml/ext/c4core/src/c4/ext/debugbreak'
unit-tests	Post Run actions/checkout@v4	2026-09-22T09:41:33.9247356Z Entering 'external/rapidyaml/ext/c4core/src/c4/ext/fast_float'
unit-tests	Post Run actions/checkout@v4	2026-09-22T09:41:33.9311636Z Entering 'tests/act'
unit-tests	Post Run actions/checkout@v4	2026-09-22T09:41:33.9385280Z [command]/usr/bin/git config --local --name-only --get-regexp http\.https\:\/\/github\.com\/\.extraheader
unit-tests	Post Run actions/checkout@v4	2026-09-22T09:41:33.9424797Z http.https://github.com/.extraheader
unit-tests	Post Run actions/checkout@v4	2026-09-22T09:41:33.9437153Z [command]/usr/bin/git config --local --unset-all http.https://github.com/.extraheader
unit-tests	Post Run actions/checkout@v4	2026-09-22T09:41:33.9484372Z [command]/usr/bin/git submodule foreach --recursive sh -c "git config --local --name-only --get-regexp 'http\.https\:\/\/github\.com\/\.extraheader' && git config --local --unset-all 'http.https://github.com/.extraheader' || :"
unit-tests	Post Run actions/checkout@v4	2026-09-22T09:41:33.9747992Z Entering 'external/FTXUI'
unit-tests	Post Run actions/checkout@v4	2026-09-22T09:41:33.9794260Z Entering 'external/PcapPlusPlus'
unit-tests	Post Run actions/checkout@v4	2026-09-22T09:41:33.9843731Z Entering 'external/googletest'
unit-tests	Post Run actions/checkout@v4	2026-09-22T09:41:33.9895331Z Entering 'external/mininet'
unit-tests	Post Run actions/checkout@v4	2026-09-22T09:41:33.9942330Z Entering 'external/protobuf-c'
unit-tests	Post Run actions/checkout@v4	2026-09-22T09:41:33.9989184Z Entering 'external/rapidyaml'
unit-tests	Post Run actions/checkout@v4	2026-09-22T09:41:34.0034535Z Entering 'external/rapidyaml/ext/c4core'
unit-tests	Post Run actions/checkout@v4	2026-09-22T09:41:34.0079581Z Entering 'external/rapidyaml/ext/c4core/cmake'
unit-tests	Post Run actions/checkout@v4	2026-09-22T09:41:34.0126900Z Entering 'external/rapidyaml/ext/c4core/src/c4/ext/debugbreak'
unit-tests	Post Run actions/checkout@v4	2026-09-22T09:41:34.0175380Z Entering 'external/rapidyaml/ext/c4core/src/c4/ext/fast_float'
unit-tests	Post Run actions/checkout@v4	2026-09-22T09:41:34.0227240Z Entering 'tests/act'
unit-tests	Post Run actions/checkout@v4	2026-09-22T09:41:34.0295532Z [command]/usr/bin/git config --local --name-only --get-regexp ^includeIf\.gitdir:
unit-tests	Post Run actions/checkout@v4	2026-09-22T09:41:34.0338455Z [command]/usr/bin/git submodule foreach --recursive git config --local --show-origin --name-only --get-regexp remote.origin.url
unit-tests	Post Run actions/checkout@v4	2026-09-22T09:41:34.0572724Z Entering 'external/FTXUI'
unit-tests	Post Run actions/checkout@v4	2026-09-22T09:41:34.0593229Z file:/home/runner/work/tsn-gen/tsn-gen/.git/modules/external/FTXUI/config	remote.origin.url
unit-tests	Post Run actions/checkout@v4	2026-09-22T09:41:34.0613998Z Entering 'external/PcapPlusPlus'
unit-tests	Post Run actions/checkout@v4	2026-09-22T09:41:34.0635456Z file:/home/runner/work/tsn-gen/tsn-gen/.git/modules/external/PcapPlusPlus/config	remote.origin.url
unit-tests	Post Run actions/checkout@v4	2026-09-22T09:41:34.0656465Z Entering 'external/googletest'
unit-tests	Post Run actions/checkout@v4	2026-09-22T09:41:34.0677196Z file:/home/runner/work/tsn-gen/tsn-gen/.git/modules/external/googletest/config	remote.origin.url
unit-tests	Post Run actions/checkout@v4	2026-09-22T09:41:34.0696745Z Entering 'external/mininet'
unit-tests	Post Run actions/checkout@v4	2026-09-22T09:41:34.0717531Z file:/home/runner/work/tsn-gen/tsn-gen/.git/modules/external/mininet/config	remote.origin.url
unit-tests	Post Run actions/checkout@v4	2026-09-22T09:41:34.0737027Z Entering 'external/protobuf-c'
unit-tests	Post Run actions/checkout@v4	2026-09-22T09:41:34.0757485Z file:/home/runner/work/tsn-gen/tsn-gen/.git/modules/external/protobuf-c/config	remote.origin.url
unit-tests	Post Run actions/checkout@v4	2026-09-22T09:41:34.0776850Z Entering 'external/rapidyaml'
unit-tests	Post Run actions/checkout@v4	2026-09-22T09:41:34.0797110Z file:/home/runner/work/tsn-gen/tsn-gen/.git/modules/external/rapidyaml/config	remote.origin.url
unit-tests	Post Run actions/checkout@v4	2026-09-22T09:41:34.0814863Z Entering 'external/rapidyaml/ext/c4core'
unit-tests	Post Run actions/checkout@v4	2026-09-22T09:41:34.0836375Z file:/home/runner/work/tsn-gen/tsn-gen/.git/modules/external/rapidyaml/modules/extern/c4core/config	remote.origin.url
unit-tests	Post Run actions/checkout@v4	2026-09-22T09:41:34.0855793Z Entering 'external/rapidyaml/ext/c4core/cmake'
unit-tests	Post Run actions/checkout@v4	2026-09-22T09:41:34.0877980Z file:/home/runner/work/tsn-gen/tsn-gen/.git/modules/external/rapidyaml/modules/extern/c4core/modules/cmake/config	remote.origin.url
unit-tests	Post Run actions/checkout@v4	2026-09-22T09:41:34.0898879Z Entering 'external/rapidyaml/ext/c4core/src/c4/ext/debugbreak'
unit-tests	Post Run actions/checkout@v4	2026-09-22T09:41:34.0921152Z file:/home/runner/work/tsn-gen/tsn-gen/.git/modules/external/rapidyaml/modules/extern/c4core/modules/extern/debugbreak/config	remote.origin.url
unit-tests	Post Run actions/checkout@v4	2026-09-22T09:41:34.0941408Z Entering 'external/rapidyaml/ext/c4core/src/c4/ext/fast_float'
unit-tests	Post Run actions/checkout@v4	2026-09-22T09:41:34.0962462Z file:/home/runner/work/tsn-gen/tsn-gen/.git/modules/external/rapidyaml/modules/extern/c4core/modules/src/c4/ext/fast_float/config	remote.origin.url
unit-tests	Post Run actions/checkout@v4	2026-09-22T09:41:34.0988222Z Entering 'tests/act'
unit-tests	Post Run actions/checkout@v4	2026-09-22T09:41:34.1009351Z file:/home/runner/work/tsn-gen/tsn-gen/.git/modules/tests/act/config	remote.origin.url
unit-tests	Post Run actions/checkout@v4	2026-09-22T09:41:34.1050807Z [command]/usr/bin/git config --file /home/runner/work/tsn-gen/tsn-gen/.git/modules/external/FTXUI/config --name-only --get-regexp ^includeIf\.gitdir:
unit-tests	Post Run actions/checkout@v4	2026-09-22T09:41:34.1089426Z [command]/usr/bin/git config --file /home/runner/work/tsn-gen/tsn-gen/.git/modules/external/PcapPlusPlus/config --name-only --get-regexp ^includeIf\.gitdir:
unit-tests	Post Run actions/checkout@v4	2026-09-22T09:41:34.1123801Z [command]/usr/bin/git config --file /home/runner/work/tsn-gen/tsn-gen/.git/modules/external/googletest/config --name-only --get-regexp ^includeIf\.gitdir:
unit-tests	Post Run actions/checkout@v4	2026-09-22T09:41:34.1159162Z [command]/usr/bin/git config --file /home/runner/work/tsn-gen/tsn-gen/.git/modules/external/mininet/config --name-only --get-regexp ^includeIf\.gitdir:
unit-tests	Post Run actions/checkout@v4	2026-09-22T09:41:34.1194838Z [command]/usr/bin/git config --file /home/runner/work/tsn-gen/tsn-gen/.git/modules/external/protobuf-c/config --name-only --get-regexp ^includeIf\.gitdir:
unit-tests	Post Run actions/checkout@v4	2026-09-22T09:41:34.1229987Z [command]/usr/bin/git config --file /home/runner/work/tsn-gen/tsn-gen/.git/modules/external/rapidyaml/config --name-only --get-regexp ^includeIf\.gitdir:
unit-tests	Post Run actions/checkout@v4	2026-09-22T09:41:34.1264373Z [command]/usr/bin/git config --file /home/runner/work/tsn-gen/tsn-gen/.git/modules/external/rapidyaml/modules/extern/c4core/config --name-only --get-regexp ^includeIf\.gitdir:
unit-tests	Post Run actions/checkout@v4	2026-09-22T09:41:34.1301223Z [command]/usr/bin/git config --file /home/runner/work/tsn-gen/tsn-gen/.git/modules/external/rapidyaml/modules/extern/c4core/modules/cmake/config --name-only --get-regexp ^includeIf\.gitdir:
unit-tests	Post Run actions/checkout@v4	2026-09-22T09:41:34.1346620Z [command]/usr/bin/git config --file /home/runner/work/tsn-gen/tsn-gen/.git/modules/external/rapidyaml/modules/extern/c4core/modules/extern/debugbreak/config --name-only --get-regexp ^includeIf\.gitdir:
unit-tests	Post Run actions/checkout@v4	2026-09-22T09:41:34.1370977Z [command]/usr/bin/git config --file /home/runner/work/tsn-gen/tsn-gen/.git/modules/external/rapidyaml/modules/extern/c4core/modules/src/c4/ext/fast_float/config --name-only --get-regexp ^includeIf\.gitdir:
unit-tests	Post Run actions/checkout@v4	2026-09-22T09:41:34.1405918Z [command]/usr/bin/git config --file /home/runner/work/tsn-gen/tsn-gen/.git/modules/tests/act/config --name-only --get-regexp ^includeIf\.gitdir:
unit-tests	Complete job	﻿2026-09-22T09:41:34.1580869Z Cleaning up orphan processes
unit-tests	Complete job	2026-09-22T09:41:34.1902450Z ##[warning]Node.js 20 is deprecated. The following actions target Node.js 20 but are being forced to run on Node.js 24: actions/checkout@v4. For more information see: https://github.blog/changelog/2025-09-19-deprecation-of-node-20-on-github-actions-runners/
