# id: 062-bdd-cand-default-stack_behave
# description: behave --tags=-hardware --tags=-verilator traffic-gen/tests/stack_behave/features/ with PACKET_GEN_BIN=$VALIDATION_STORAGE/tmp/a162-tsngen15/build/cand-default/traffic-gen/packet_gen
# cwd: $VALIDATION_STORAGE/tmp/a162-tsngen15/src/cand
# argv: $VALIDATION_STORAGE/tmp/a162-tsngen15/venv/bin/behave --tags=-hardware --tags=-verilator traffic-gen/tests/stack_behave/features/ 
# start: 2026-09-22T07:29:24Z
USING RUNNER: behave.runner:Runner
Feature: ADP — full on-wire frame assembly via layer stacking # traffic-gen/tests/stack_behave/features/adp_stack.feature:12

  Feature: ADP — full on-wire frame assembly via layer stacking  # traffic-gen/tests/stack_behave/features/adp_stack.feature:12

  Scenario: ADP_IF_DATA stacked frame has correct total size                         # traffic-gen/tests/stack_behave/features/adp_stack.feature:17
    Given the protocols root is loaded                                               # traffic-gen/tests/stack_behave/features/steps/stack_steps.py:46
    Given the application interface "atdecc_adp_service::ADP_INTERFACE::ADP_IF_DATA" # traffic-gen/tests/stack_behave/features/steps/stack_steps.py:52
    When I generate 20 stacked packets with seed 1                                   # traffic-gen/tests/stack_behave/features/steps/stack_steps.py:62
    Then the stacked packet size is always 83 bytes                                  # traffic-gen/tests/stack_behave/features/steps/stack_steps.py:83

  Scenario: ADP_IF_DATA — ethertype is always 0x22F0                                 # traffic-gen/tests/stack_behave/features/adp_stack.feature:22
    Given the protocols root is loaded                                               # traffic-gen/tests/stack_behave/features/steps/stack_steps.py:46
    Given the application interface "atdecc_adp_service::ADP_INTERFACE::ADP_IF_DATA" # traffic-gen/tests/stack_behave/features/steps/stack_steps.py:52
    When I generate 30 stacked packets with seed 5                                   # traffic-gen/tests/stack_behave/features/steps/stack_steps.py:62
    Then layer 0 field "ethertype" always equals hex 22F0                            # traffic-gen/tests/stack_behave/features/steps/stack_steps.py:101

  Scenario: ADP_IF_DATA — AVTP subtype is always 0xFB and version 0                  # traffic-gen/tests/stack_behave/features/adp_stack.feature:27
    Given the protocols root is loaded                                               # traffic-gen/tests/stack_behave/features/steps/stack_steps.py:46
    Given the application interface "atdecc_adp_service::ADP_INTERFACE::ADP_IF_DATA" # traffic-gen/tests/stack_behave/features/steps/stack_steps.py:52
    When I generate 30 stacked packets with seed 3                                   # traffic-gen/tests/stack_behave/features/steps/stack_steps.py:62
    Then layer 1 field "subtype" always equals 251                                   # traffic-gen/tests/stack_behave/features/steps/stack_steps.py:91
    And layer 1 field "sv" always equals 0                                           # traffic-gen/tests/stack_behave/features/steps/stack_steps.py:91
    And layer 1 field "version" always equals 0                                      # traffic-gen/tests/stack_behave/features/steps/stack_steps.py:91

  Scenario: ADP_IF_DATA — message_type is always 0 (ENTITY_AVAILABLE), 1 (ENTITY_DEPARTING), or 2 (ENTITY_DISCOVER)  # traffic-gen/tests/stack_behave/features/adp_stack.feature:34
    Given the protocols root is loaded                                                                               # traffic-gen/tests/stack_behave/features/steps/stack_steps.py:46
    Given the application interface "atdecc_adp_service::ADP_INTERFACE::ADP_IF_DATA"                                 # traffic-gen/tests/stack_behave/features/steps/stack_steps.py:52
    When I generate 50 stacked packets with seed 8                                                                   # traffic-gen/tests/stack_behave/features/steps/stack_steps.py:62
    Then layer 2 field "message_type" is always one of [0, 1, 2]                                                     # traffic-gen/tests/stack_behave/features/steps/stack_steps.py:122

  Scenario: ADP_IF_DATA — written to pcap                                                     # traffic-gen/tests/stack_behave/features/adp_stack.feature:39
    Given the protocols root is loaded                                                        # traffic-gen/tests/stack_behave/features/steps/stack_steps.py:46
    Given the application interface "atdecc_adp_service::ADP_INTERFACE::ADP_IF_DATA"          # traffic-gen/tests/stack_behave/features/steps/stack_steps.py:52
    When I generate 5 stacked packets with seed 42 to pcap file "/tmp/stack_ADP_IF_DATA.pcap" # traffic-gen/tests/stack_behave/features/steps/stack_steps.py:72
    Then the pcap file "/tmp/stack_ADP_IF_DATA.pcap" exists                                   # traffic-gen/tests/stack_behave/features/steps/stack_steps.py:137
    And the pcap file "/tmp/stack_ADP_IF_DATA.pcap" contains 5 packets                        # traffic-gen/tests/stack_behave/features/steps/stack_steps.py:142

Feature: AECP AEM — full on-wire frame assembly via layer stacking # traffic-gen/tests/stack_behave/features/aecp_aem_stack.feature:32

  Feature: AECP AEM — full on-wire frame assembly via layer stacking  # traffic-gen/tests/stack_behave/features/aecp_aem_stack.feature:32

  Scenario Outline: AEM_NO_PAYLOAD stacked frame has the correct total size -- @1.1 AECP AEM interfaces       # traffic-gen/tests/stack_behave/features/aecp_aem_stack.feature:48
    Given the protocols root is loaded                                                                        # traffic-gen/tests/stack_behave/features/steps/stack_steps.py:46
    Given the application interface "atdecc_aecp_aem_no_payload::AECP_AEM_NO_PAYLOAD::AECP_AEM_NO_PAYLOAD_IF" # traffic-gen/tests/stack_behave/features/steps/stack_steps.py:52
    When I generate 10 stacked packets with seed 1                                                            # traffic-gen/tests/stack_behave/features/steps/stack_steps.py:62
    Then the stacked packet size is always 39 bytes                                                           # traffic-gen/tests/stack_behave/features/steps/stack_steps.py:83

  Scenario Outline: SET_CONFIGURATION stacked frame has the correct total size -- @1.2 AECP AEM interfaces             # traffic-gen/tests/stack_behave/features/aecp_aem_stack.feature:49
    Given the protocols root is loaded                                                                                 # traffic-gen/tests/stack_behave/features/steps/stack_steps.py:46
    Given the application interface "atdecc_aecp_set_configuration::AECP_SET_CONFIGURATION::AECP_SET_CONFIGURATION_IF" # traffic-gen/tests/stack_behave/features/steps/stack_steps.py:52
    When I generate 10 stacked packets with seed 1                                                                     # traffic-gen/tests/stack_behave/features/steps/stack_steps.py:62
    Then the stacked packet size is always 43 bytes                                                                    # traffic-gen/tests/stack_behave/features/steps/stack_steps.py:83

  Scenario Outline: AEM_DESC_QUERY stacked frame has the correct total size -- @1.3 AECP AEM interfaces                   # traffic-gen/tests/stack_behave/features/aecp_aem_stack.feature:50
    Given the protocols root is loaded                                                                                    # traffic-gen/tests/stack_behave/features/steps/stack_steps.py:46
    Given the application interface "atdecc_aecp_aem_descriptor_query::AECP_AEM_DESCRIPTOR_QUERY::AECP_AEM_DESC_QUERY_IF" # traffic-gen/tests/stack_behave/features/steps/stack_steps.py:52
    When I generate 10 stacked packets with seed 1                                                                        # traffic-gen/tests/stack_behave/features/steps/stack_steps.py:62
    Then the stacked packet size is always 43 bytes                                                                       # traffic-gen/tests/stack_behave/features/steps/stack_steps.py:83

  Scenario Outline: ABORT_OPERATION stacked frame has the correct total size -- @1.4 AECP AEM interfaces         # traffic-gen/tests/stack_behave/features/aecp_aem_stack.feature:51
    Given the protocols root is loaded                                                                           # traffic-gen/tests/stack_behave/features/steps/stack_steps.py:46
    Given the application interface "atdecc_aecp_abort_operation::AECP_ABORT_OPERATION::AECP_ABORT_OPERATION_IF" # traffic-gen/tests/stack_behave/features/steps/stack_steps.py:52
    When I generate 10 stacked packets with seed 1                                                               # traffic-gen/tests/stack_behave/features/steps/stack_steps.py:62
    Then the stacked packet size is always 47 bytes                                                              # traffic-gen/tests/stack_behave/features/steps/stack_steps.py:83

  Scenario Outline: GET_AUDIO_MAP stacked frame has the correct total size -- @1.5 AECP AEM interfaces     # traffic-gen/tests/stack_behave/features/aecp_aem_stack.feature:52
    Given the protocols root is loaded                                                                     # traffic-gen/tests/stack_behave/features/steps/stack_steps.py:46
    Given the application interface "atdecc_aecp_get_audio_map::AECP_GET_AUDIO_MAP::AECP_GET_AUDIO_MAP_IF" # traffic-gen/tests/stack_behave/features/steps/stack_steps.py:52
    When I generate 10 stacked packets with seed 1                                                         # traffic-gen/tests/stack_behave/features/steps/stack_steps.py:62
    Then the stacked packet size is always 47 bytes                                                        # traffic-gen/tests/stack_behave/features/steps/stack_steps.py:83

  Scenario Outline: GET_NAME stacked frame has the correct total size -- @1.6 AECP AEM interfaces  # traffic-gen/tests/stack_behave/features/aecp_aem_stack.feature:53
    Given the protocols root is loaded                                                             # traffic-gen/tests/stack_behave/features/steps/stack_steps.py:46
    Given the application interface "atdecc_aecp_get_name::AECP_GET_NAME::AECP_GET_NAME_IF"        # traffic-gen/tests/stack_behave/features/steps/stack_steps.py:52
    When I generate 10 stacked packets with seed 1                                                 # traffic-gen/tests/stack_behave/features/steps/stack_steps.py:62
    Then the stacked packet size is always 47 bytes                                                # traffic-gen/tests/stack_behave/features/steps/stack_steps.py:83

  Scenario Outline: OPERATION_STATUS stacked frame has the correct total size -- @1.7 AECP AEM interfaces           # traffic-gen/tests/stack_behave/features/aecp_aem_stack.feature:54
    Given the protocols root is loaded                                                                              # traffic-gen/tests/stack_behave/features/steps/stack_steps.py:46
    Given the application interface "atdecc_aecp_operation_status::AECP_OPERATION_STATUS::AECP_OPERATION_STATUS_IF" # traffic-gen/tests/stack_behave/features/steps/stack_steps.py:52
    When I generate 10 stacked packets with seed 1                                                                  # traffic-gen/tests/stack_behave/features/steps/stack_steps.py:62
    Then the stacked packet size is always 47 bytes                                                                 # traffic-gen/tests/stack_behave/features/steps/stack_steps.py:83

  Scenario Outline: READ_DESCRIPTOR stacked frame has the correct total size -- @1.8 AECP AEM interfaces         # traffic-gen/tests/stack_behave/features/aecp_aem_stack.feature:55
    Given the protocols root is loaded                                                                           # traffic-gen/tests/stack_behave/features/steps/stack_steps.py:46
    Given the application interface "atdecc_aecp_read_descriptor::AECP_READ_DESCRIPTOR::AECP_READ_DESCRIPTOR_IF" # traffic-gen/tests/stack_behave/features/steps/stack_steps.py:52
    When I generate 10 stacked packets with seed 1                                                               # traffic-gen/tests/stack_behave/features/steps/stack_steps.py:62
    Then the stacked packet size is always 47 bytes                                                              # traffic-gen/tests/stack_behave/features/steps/stack_steps.py:83

  Scenario Outline: SET_CLOCK_SOURCE stacked frame has the correct total size -- @1.9 AECP AEM interfaces           # traffic-gen/tests/stack_behave/features/aecp_aem_stack.feature:56
    Given the protocols root is loaded                                                                              # traffic-gen/tests/stack_behave/features/steps/stack_steps.py:46
    Given the application interface "atdecc_aecp_set_clock_source::AECP_SET_CLOCK_SOURCE::AECP_SET_CLOCK_SOURCE_IF" # traffic-gen/tests/stack_behave/features/steps/stack_steps.py:52
    When I generate 10 stacked packets with seed 1                                                                  # traffic-gen/tests/stack_behave/features/steps/stack_steps.py:62
    Then the stacked packet size is always 47 bytes                                                                 # traffic-gen/tests/stack_behave/features/steps/stack_steps.py:83

  Scenario Outline: SET_SAMPLING_RATE stacked frame has the correct total size -- @1.10 AECP AEM interfaces            # traffic-gen/tests/stack_behave/features/aecp_aem_stack.feature:57
    Given the protocols root is loaded                                                                                 # traffic-gen/tests/stack_behave/features/steps/stack_steps.py:46
    Given the application interface "atdecc_aecp_set_sampling_rate::AECP_SET_SAMPLING_RATE::AECP_SET_SAMPLING_RATE_IF" # traffic-gen/tests/stack_behave/features/steps/stack_steps.py:52
    When I generate 10 stacked packets with seed 1                                                                     # traffic-gen/tests/stack_behave/features/steps/stack_steps.py:62
    Then the stacked packet size is always 47 bytes                                                                    # traffic-gen/tests/stack_behave/features/steps/stack_steps.py:83

  Scenario Outline: START_OPERATION stacked frame has the correct total size -- @1.11 AECP AEM interfaces        # traffic-gen/tests/stack_behave/features/aecp_aem_stack.feature:58
    Given the protocols root is loaded                                                                           # traffic-gen/tests/stack_behave/features/steps/stack_steps.py:46
    Given the application interface "atdecc_aecp_start_operation::AECP_START_OPERATION::AECP_START_OPERATION_IF" # traffic-gen/tests/stack_behave/features/steps/stack_steps.py:52
    When I generate 10 stacked packets with seed 1                                                               # traffic-gen/tests/stack_behave/features/steps/stack_steps.py:62
    Then the stacked packet size is always 47 bytes                                                              # traffic-gen/tests/stack_behave/features/steps/stack_steps.py:83

  Scenario Outline: SET_CONTROL stacked frame has the correct total size -- @1.12 AECP AEM interfaces  # traffic-gen/tests/stack_behave/features/aecp_aem_stack.feature:59
    Given the protocols root is loaded                                                                 # traffic-gen/tests/stack_behave/features/steps/stack_steps.py:46
    Given the application interface "atdecc_aecp_set_control::AECP_SET_CONTROL::AECP_SET_CONTROL_IF"   # traffic-gen/tests/stack_behave/features/steps/stack_steps.py:52
    When I generate 10 stacked packets with seed 1                                                     # traffic-gen/tests/stack_behave/features/steps/stack_steps.py:62
    Then the stacked packet size is always 51 bytes                                                    # traffic-gen/tests/stack_behave/features/steps/stack_steps.py:83

  Scenario Outline: SET_STREAM_FORMAT stacked frame has the correct total size -- @1.13 AECP AEM interfaces            # traffic-gen/tests/stack_behave/features/aecp_aem_stack.feature:60
    Given the protocols root is loaded                                                                                 # traffic-gen/tests/stack_behave/features/steps/stack_steps.py:46
    Given the application interface "atdecc_aecp_set_stream_format::AECP_SET_STREAM_FORMAT::AECP_SET_STREAM_FORMAT_IF" # traffic-gen/tests/stack_behave/features/steps/stack_steps.py:52
    When I generate 10 stacked packets with seed 1                                                                     # traffic-gen/tests/stack_behave/features/steps/stack_steps.py:62
    Then the stacked packet size is always 51 bytes                                                                    # traffic-gen/tests/stack_behave/features/steps/stack_steps.py:83

  Scenario Outline: ACQUIRE_ENTITY stacked frame has the correct total size -- @1.14 AECP AEM interfaces      # traffic-gen/tests/stack_behave/features/aecp_aem_stack.feature:61
    Given the protocols root is loaded                                                                        # traffic-gen/tests/stack_behave/features/steps/stack_steps.py:46
    Given the application interface "atdecc_aecp_acquire_entity::AECP_ACQUIRE_ENTITY::AECP_ACQUIRE_ENTITY_IF" # traffic-gen/tests/stack_behave/features/steps/stack_steps.py:52
    When I generate 10 stacked packets with seed 1                                                            # traffic-gen/tests/stack_behave/features/steps/stack_steps.py:62
    Then the stacked packet size is always 55 bytes                                                           # traffic-gen/tests/stack_behave/features/steps/stack_steps.py:83

  Scenario Outline: AUDIO_MAPPINGS stacked frame has the correct total size -- @1.15 AECP AEM interfaces      # traffic-gen/tests/stack_behave/features/aecp_aem_stack.feature:62
    Given the protocols root is loaded                                                                        # traffic-gen/tests/stack_behave/features/steps/stack_steps.py:46
    Given the application interface "atdecc_aecp_audio_mappings::AECP_AUDIO_MAPPINGS::AECP_AUDIO_MAPPINGS_IF" # traffic-gen/tests/stack_behave/features/steps/stack_steps.py:52
    When I generate 10 stacked packets with seed 1                                                            # traffic-gen/tests/stack_behave/features/steps/stack_steps.py:62
    Then the stacked packet size is always 55 bytes                                                           # traffic-gen/tests/stack_behave/features/steps/stack_steps.py:83

  Scenario Outline: LOCK_ENTITY stacked frame has the correct total size -- @1.16 AECP AEM interfaces  # traffic-gen/tests/stack_behave/features/aecp_aem_stack.feature:63
    Given the protocols root is loaded                                                                 # traffic-gen/tests/stack_behave/features/steps/stack_steps.py:46
    Given the application interface "atdecc_aecp_lock_entity::AECP_LOCK_ENTITY::AECP_LOCK_ENTITY_IF"   # traffic-gen/tests/stack_behave/features/steps/stack_steps.py:52
    When I generate 10 stacked packets with seed 1                                                     # traffic-gen/tests/stack_behave/features/steps/stack_steps.py:62
    Then the stacked packet size is always 55 bytes                                                    # traffic-gen/tests/stack_behave/features/steps/stack_steps.py:83

  Scenario Outline: SET_STREAM_INFO stacked frame has the correct total size -- @1.17 AECP AEM interfaces        # traffic-gen/tests/stack_behave/features/aecp_aem_stack.feature:64
    Given the protocols root is loaded                                                                           # traffic-gen/tests/stack_behave/features/steps/stack_steps.py:46
    Given the application interface "atdecc_aecp_set_stream_info::AECP_SET_STREAM_INFO::AECP_SET_STREAM_INFO_IF" # traffic-gen/tests/stack_behave/features/steps/stack_steps.py:52
    When I generate 10 stacked packets with seed 1                                                               # traffic-gen/tests/stack_behave/features/steps/stack_steps.py:62
    Then the stacked packet size is always 91 bytes                                                              # traffic-gen/tests/stack_behave/features/steps/stack_steps.py:83

  Scenario Outline: SET_NAME stacked frame has the correct total size -- @1.18 AECP AEM interfaces  # traffic-gen/tests/stack_behave/features/aecp_aem_stack.feature:65
    Given the protocols root is loaded                                                              # traffic-gen/tests/stack_behave/features/steps/stack_steps.py:46
    Given the application interface "atdecc_aecp_set_name::AECP_SET_NAME::AECP_SET_NAME_IF"         # traffic-gen/tests/stack_behave/features/steps/stack_steps.py:52
    When I generate 10 stacked packets with seed 1                                                  # traffic-gen/tests/stack_behave/features/steps/stack_steps.py:62
    Then the stacked packet size is always 111 bytes                                                # traffic-gen/tests/stack_behave/features/steps/stack_steps.py:83

  Scenario Outline: AEM_NO_PAYLOAD — ethertype is always 0x22F0 -- @1.1 AECP AEM interfaces                   # traffic-gen/tests/stack_behave/features/aecp_aem_stack.feature:78
    Given the protocols root is loaded                                                                        # traffic-gen/tests/stack_behave/features/steps/stack_steps.py:46
    Given the application interface "atdecc_aecp_aem_no_payload::AECP_AEM_NO_PAYLOAD::AECP_AEM_NO_PAYLOAD_IF" # traffic-gen/tests/stack_behave/features/steps/stack_steps.py:52
    When I generate 20 stacked packets with seed 7                                                            # traffic-gen/tests/stack_behave/features/steps/stack_steps.py:62
    Then layer 0 field "ethertype" always equals hex 22F0                                                     # traffic-gen/tests/stack_behave/features/steps/stack_steps.py:101

  Scenario Outline: SET_CONFIGURATION — ethertype is always 0x22F0 -- @1.2 AECP AEM interfaces                         # traffic-gen/tests/stack_behave/features/aecp_aem_stack.feature:79
    Given the protocols root is loaded                                                                                 # traffic-gen/tests/stack_behave/features/steps/stack_steps.py:46
    Given the application interface "atdecc_aecp_set_configuration::AECP_SET_CONFIGURATION::AECP_SET_CONFIGURATION_IF" # traffic-gen/tests/stack_behave/features/steps/stack_steps.py:52
    When I generate 20 stacked packets with seed 7                                                                     # traffic-gen/tests/stack_behave/features/steps/stack_steps.py:62
    Then layer 0 field "ethertype" always equals hex 22F0                                                              # traffic-gen/tests/stack_behave/features/steps/stack_steps.py:101

  Scenario Outline: AEM_DESC_QUERY — ethertype is always 0x22F0 -- @1.3 AECP AEM interfaces                               # traffic-gen/tests/stack_behave/features/aecp_aem_stack.feature:80
    Given the protocols root is loaded                                                                                    # traffic-gen/tests/stack_behave/features/steps/stack_steps.py:46
    Given the application interface "atdecc_aecp_aem_descriptor_query::AECP_AEM_DESCRIPTOR_QUERY::AECP_AEM_DESC_QUERY_IF" # traffic-gen/tests/stack_behave/features/steps/stack_steps.py:52
    When I generate 20 stacked packets with seed 7                                                                        # traffic-gen/tests/stack_behave/features/steps/stack_steps.py:62
    Then layer 0 field "ethertype" always equals hex 22F0                                                                 # traffic-gen/tests/stack_behave/features/steps/stack_steps.py:101

  Scenario Outline: ABORT_OPERATION — ethertype is always 0x22F0 -- @1.4 AECP AEM interfaces                     # traffic-gen/tests/stack_behave/features/aecp_aem_stack.feature:81
    Given the protocols root is loaded                                                                           # traffic-gen/tests/stack_behave/features/steps/stack_steps.py:46
    Given the application interface "atdecc_aecp_abort_operation::AECP_ABORT_OPERATION::AECP_ABORT_OPERATION_IF" # traffic-gen/tests/stack_behave/features/steps/stack_steps.py:52
    When I generate 20 stacked packets with seed 7                                                               # traffic-gen/tests/stack_behave/features/steps/stack_steps.py:62
    Then layer 0 field "ethertype" always equals hex 22F0                                                        # traffic-gen/tests/stack_behave/features/steps/stack_steps.py:101

  Scenario Outline: GET_AUDIO_MAP — ethertype is always 0x22F0 -- @1.5 AECP AEM interfaces                 # traffic-gen/tests/stack_behave/features/aecp_aem_stack.feature:82
    Given the protocols root is loaded                                                                     # traffic-gen/tests/stack_behave/features/steps/stack_steps.py:46
    Given the application interface "atdecc_aecp_get_audio_map::AECP_GET_AUDIO_MAP::AECP_GET_AUDIO_MAP_IF" # traffic-gen/tests/stack_behave/features/steps/stack_steps.py:52
    When I generate 20 stacked packets with seed 7                                                         # traffic-gen/tests/stack_behave/features/steps/stack_steps.py:62
    Then layer 0 field "ethertype" always equals hex 22F0                                                  # traffic-gen/tests/stack_behave/features/steps/stack_steps.py:101

  Scenario Outline: GET_NAME — ethertype is always 0x22F0 -- @1.6 AECP AEM interfaces       # traffic-gen/tests/stack_behave/features/aecp_aem_stack.feature:83
    Given the protocols root is loaded                                                      # traffic-gen/tests/stack_behave/features/steps/stack_steps.py:46
    Given the application interface "atdecc_aecp_get_name::AECP_GET_NAME::AECP_GET_NAME_IF" # traffic-gen/tests/stack_behave/features/steps/stack_steps.py:52
    When I generate 20 stacked packets with seed 7                                          # traffic-gen/tests/stack_behave/features/steps/stack_steps.py:62
    Then layer 0 field "ethertype" always equals hex 22F0                                   # traffic-gen/tests/stack_behave/features/steps/stack_steps.py:101

  Scenario Outline: OPERATION_STATUS — ethertype is always 0x22F0 -- @1.7 AECP AEM interfaces                       # traffic-gen/tests/stack_behave/features/aecp_aem_stack.feature:84
    Given the protocols root is loaded                                                                              # traffic-gen/tests/stack_behave/features/steps/stack_steps.py:46
    Given the application interface "atdecc_aecp_operation_status::AECP_OPERATION_STATUS::AECP_OPERATION_STATUS_IF" # traffic-gen/tests/stack_behave/features/steps/stack_steps.py:52
    When I generate 20 stacked packets with seed 7                                                                  # traffic-gen/tests/stack_behave/features/steps/stack_steps.py:62
    Then layer 0 field "ethertype" always equals hex 22F0                                                           # traffic-gen/tests/stack_behave/features/steps/stack_steps.py:101

  Scenario Outline: READ_DESCRIPTOR — ethertype is always 0x22F0 -- @1.8 AECP AEM interfaces                     # traffic-gen/tests/stack_behave/features/aecp_aem_stack.feature:85
    Given the protocols root is loaded                                                                           # traffic-gen/tests/stack_behave/features/steps/stack_steps.py:46
    Given the application interface "atdecc_aecp_read_descriptor::AECP_READ_DESCRIPTOR::AECP_READ_DESCRIPTOR_IF" # traffic-gen/tests/stack_behave/features/steps/stack_steps.py:52
    When I generate 20 stacked packets with seed 7                                                               # traffic-gen/tests/stack_behave/features/steps/stack_steps.py:62
    Then layer 0 field "ethertype" always equals hex 22F0                                                        # traffic-gen/tests/stack_behave/features/steps/stack_steps.py:101

  Scenario Outline: SET_CLOCK_SOURCE — ethertype is always 0x22F0 -- @1.9 AECP AEM interfaces                       # traffic-gen/tests/stack_behave/features/aecp_aem_stack.feature:86
    Given the protocols root is loaded                                                                              # traffic-gen/tests/stack_behave/features/steps/stack_steps.py:46
    Given the application interface "atdecc_aecp_set_clock_source::AECP_SET_CLOCK_SOURCE::AECP_SET_CLOCK_SOURCE_IF" # traffic-gen/tests/stack_behave/features/steps/stack_steps.py:52
    When I generate 20 stacked packets with seed 7                                                                  # traffic-gen/tests/stack_behave/features/steps/stack_steps.py:62
    Then layer 0 field "ethertype" always equals hex 22F0                                                           # traffic-gen/tests/stack_behave/features/steps/stack_steps.py:101

  Scenario Outline: SET_SAMPLING_RATE — ethertype is always 0x22F0 -- @1.10 AECP AEM interfaces                        # traffic-gen/tests/stack_behave/features/aecp_aem_stack.feature:87
    Given the protocols root is loaded                                                                                 # traffic-gen/tests/stack_behave/features/steps/stack_steps.py:46
    Given the application interface "atdecc_aecp_set_sampling_rate::AECP_SET_SAMPLING_RATE::AECP_SET_SAMPLING_RATE_IF" # traffic-gen/tests/stack_behave/features/steps/stack_steps.py:52
    When I generate 20 stacked packets with seed 7                                                                     # traffic-gen/tests/stack_behave/features/steps/stack_steps.py:62
    Then layer 0 field "ethertype" always equals hex 22F0                                                              # traffic-gen/tests/stack_behave/features/steps/stack_steps.py:101

  Scenario Outline: START_OPERATION — ethertype is always 0x22F0 -- @1.11 AECP AEM interfaces                    # traffic-gen/tests/stack_behave/features/aecp_aem_stack.feature:88
    Given the protocols root is loaded                                                                           # traffic-gen/tests/stack_behave/features/steps/stack_steps.py:46
    Given the application interface "atdecc_aecp_start_operation::AECP_START_OPERATION::AECP_START_OPERATION_IF" # traffic-gen/tests/stack_behave/features/steps/stack_steps.py:52
    When I generate 20 stacked packets with seed 7                                                               # traffic-gen/tests/stack_behave/features/steps/stack_steps.py:62
    Then layer 0 field "ethertype" always equals hex 22F0                                                        # traffic-gen/tests/stack_behave/features/steps/stack_steps.py:101

  Scenario Outline: SET_CONTROL — ethertype is always 0x22F0 -- @1.12 AECP AEM interfaces            # traffic-gen/tests/stack_behave/features/aecp_aem_stack.feature:89
    Given the protocols root is loaded                                                               # traffic-gen/tests/stack_behave/features/steps/stack_steps.py:46
    Given the application interface "atdecc_aecp_set_control::AECP_SET_CONTROL::AECP_SET_CONTROL_IF" # traffic-gen/tests/stack_behave/features/steps/stack_steps.py:52
    When I generate 20 stacked packets with seed 7                                                   # traffic-gen/tests/stack_behave/features/steps/stack_steps.py:62
    Then layer 0 field "ethertype" always equals hex 22F0                                            # traffic-gen/tests/stack_behave/features/steps/stack_steps.py:101

  Scenario Outline: SET_STREAM_FORMAT — ethertype is always 0x22F0 -- @1.13 AECP AEM interfaces                        # traffic-gen/tests/stack_behave/features/aecp_aem_stack.feature:90
    Given the protocols root is loaded                                                                                 # traffic-gen/tests/stack_behave/features/steps/stack_steps.py:46
    Given the application interface "atdecc_aecp_set_stream_format::AECP_SET_STREAM_FORMAT::AECP_SET_STREAM_FORMAT_IF" # traffic-gen/tests/stack_behave/features/steps/stack_steps.py:52
    When I generate 20 stacked packets with seed 7                                                                     # traffic-gen/tests/stack_behave/features/steps/stack_steps.py:62
    Then layer 0 field "ethertype" always equals hex 22F0                                                              # traffic-gen/tests/stack_behave/features/steps/stack_steps.py:101

  Scenario Outline: ACQUIRE_ENTITY — ethertype is always 0x22F0 -- @1.14 AECP AEM interfaces                  # traffic-gen/tests/stack_behave/features/aecp_aem_stack.feature:91
    Given the protocols root is loaded                                                                        # traffic-gen/tests/stack_behave/features/steps/stack_steps.py:46
    Given the application interface "atdecc_aecp_acquire_entity::AECP_ACQUIRE_ENTITY::AECP_ACQUIRE_ENTITY_IF" # traffic-gen/tests/stack_behave/features/steps/stack_steps.py:52
    When I generate 20 stacked packets with seed 7                                                            # traffic-gen/tests/stack_behave/features/steps/stack_steps.py:62
    Then layer 0 field "ethertype" always equals hex 22F0                                                     # traffic-gen/tests/stack_behave/features/steps/stack_steps.py:101

  Scenario Outline: AUDIO_MAPPINGS — ethertype is always 0x22F0 -- @1.15 AECP AEM interfaces                  # traffic-gen/tests/stack_behave/features/aecp_aem_stack.feature:92
    Given the protocols root is loaded                                                                        # traffic-gen/tests/stack_behave/features/steps/stack_steps.py:46
    Given the application interface "atdecc_aecp_audio_mappings::AECP_AUDIO_MAPPINGS::AECP_AUDIO_MAPPINGS_IF" # traffic-gen/tests/stack_behave/features/steps/stack_steps.py:52
    When I generate 20 stacked packets with seed 7                                                            # traffic-gen/tests/stack_behave/features/steps/stack_steps.py:62
    Then layer 0 field "ethertype" always equals hex 22F0                                                     # traffic-gen/tests/stack_behave/features/steps/stack_steps.py:101

  Scenario Outline: LOCK_ENTITY — ethertype is always 0x22F0 -- @1.16 AECP AEM interfaces            # traffic-gen/tests/stack_behave/features/aecp_aem_stack.feature:93
    Given the protocols root is loaded                                                               # traffic-gen/tests/stack_behave/features/steps/stack_steps.py:46
    Given the application interface "atdecc_aecp_lock_entity::AECP_LOCK_ENTITY::AECP_LOCK_ENTITY_IF" # traffic-gen/tests/stack_behave/features/steps/stack_steps.py:52
    When I generate 20 stacked packets with seed 7                                                   # traffic-gen/tests/stack_behave/features/steps/stack_steps.py:62
    Then layer 0 field "ethertype" always equals hex 22F0                                            # traffic-gen/tests/stack_behave/features/steps/stack_steps.py:101

  Scenario Outline: SET_STREAM_INFO — ethertype is always 0x22F0 -- @1.17 AECP AEM interfaces                    # traffic-gen/tests/stack_behave/features/aecp_aem_stack.feature:94
    Given the protocols root is loaded                                                                           # traffic-gen/tests/stack_behave/features/steps/stack_steps.py:46
    Given the application interface "atdecc_aecp_set_stream_info::AECP_SET_STREAM_INFO::AECP_SET_STREAM_INFO_IF" # traffic-gen/tests/stack_behave/features/steps/stack_steps.py:52
    When I generate 20 stacked packets with seed 7                                                               # traffic-gen/tests/stack_behave/features/steps/stack_steps.py:62
    Then layer 0 field "ethertype" always equals hex 22F0                                                        # traffic-gen/tests/stack_behave/features/steps/stack_steps.py:101

  Scenario Outline: SET_NAME — ethertype is always 0x22F0 -- @1.18 AECP AEM interfaces      # traffic-gen/tests/stack_behave/features/aecp_aem_stack.feature:95
    Given the protocols root is loaded                                                      # traffic-gen/tests/stack_behave/features/steps/stack_steps.py:46
    Given the application interface "atdecc_aecp_set_name::AECP_SET_NAME::AECP_SET_NAME_IF" # traffic-gen/tests/stack_behave/features/steps/stack_steps.py:52
    When I generate 20 stacked packets with seed 7                                          # traffic-gen/tests/stack_behave/features/steps/stack_steps.py:62
    Then layer 0 field "ethertype" always equals hex 22F0                                   # traffic-gen/tests/stack_behave/features/steps/stack_steps.py:101

  Scenario Outline: AEM_NO_PAYLOAD — AVTP subtype is always 0xFB and version 0 -- @1.1 AECP AEM interfaces    # traffic-gen/tests/stack_behave/features/aecp_aem_stack.feature:110
    Given the protocols root is loaded                                                                        # traffic-gen/tests/stack_behave/features/steps/stack_steps.py:46
    Given the application interface "atdecc_aecp_aem_no_payload::AECP_AEM_NO_PAYLOAD::AECP_AEM_NO_PAYLOAD_IF" # traffic-gen/tests/stack_behave/features/steps/stack_steps.py:52
    When I generate 20 stacked packets with seed 3                                                            # traffic-gen/tests/stack_behave/features/steps/stack_steps.py:62
    Then layer 1 field "subtype" always equals 251                                                            # traffic-gen/tests/stack_behave/features/steps/stack_steps.py:91
    And layer 1 field "sv" always equals 0                                                                    # traffic-gen/tests/stack_behave/features/steps/stack_steps.py:91
    And layer 1 field "version" always equals 0                                                               # traffic-gen/tests/stack_behave/features/steps/stack_steps.py:91

  Scenario Outline: SET_CONFIGURATION — AVTP subtype is always 0xFB and version 0 -- @1.2 AECP AEM interfaces          # traffic-gen/tests/stack_behave/features/aecp_aem_stack.feature:111
    Given the protocols root is loaded                                                                                 # traffic-gen/tests/stack_behave/features/steps/stack_steps.py:46
    Given the application interface "atdecc_aecp_set_configuration::AECP_SET_CONFIGURATION::AECP_SET_CONFIGURATION_IF" # traffic-gen/tests/stack_behave/features/steps/stack_steps.py:52
    When I generate 20 stacked packets with seed 3                                                                     # traffic-gen/tests/stack_behave/features/steps/stack_steps.py:62
    Then layer 1 field "subtype" always equals 251                                                                     # traffic-gen/tests/stack_behave/features/steps/stack_steps.py:91
    And layer 1 field "sv" always equals 0                                                                             # traffic-gen/tests/stack_behave/features/steps/stack_steps.py:91
    And layer 1 field "version" always equals 0                                                                        # traffic-gen/tests/stack_behave/features/steps/stack_steps.py:91

  Scenario Outline: AEM_DESC_QUERY — AVTP subtype is always 0xFB and version 0 -- @1.3 AECP AEM interfaces                # traffic-gen/tests/stack_behave/features/aecp_aem_stack.feature:112
    Given the protocols root is loaded                                                                                    # traffic-gen/tests/stack_behave/features/steps/stack_steps.py:46
    Given the application interface "atdecc_aecp_aem_descriptor_query::AECP_AEM_DESCRIPTOR_QUERY::AECP_AEM_DESC_QUERY_IF" # traffic-gen/tests/stack_behave/features/steps/stack_steps.py:52
    When I generate 20 stacked packets with seed 3                                                                        # traffic-gen/tests/stack_behave/features/steps/stack_steps.py:62
    Then layer 1 field "subtype" always equals 251                                                                        # traffic-gen/tests/stack_behave/features/steps/stack_steps.py:91
    And layer 1 field "sv" always equals 0                                                                                # traffic-gen/tests/stack_behave/features/steps/stack_steps.py:91
    And layer 1 field "version" always equals 0                                                                           # traffic-gen/tests/stack_behave/features/steps/stack_steps.py:91

  Scenario Outline: ABORT_OPERATION — AVTP subtype is always 0xFB and version 0 -- @1.4 AECP AEM interfaces      # traffic-gen/tests/stack_behave/features/aecp_aem_stack.feature:113
    Given the protocols root is loaded                                                                           # traffic-gen/tests/stack_behave/features/steps/stack_steps.py:46
    Given the application interface "atdecc_aecp_abort_operation::AECP_ABORT_OPERATION::AECP_ABORT_OPERATION_IF" # traffic-gen/tests/stack_behave/features/steps/stack_steps.py:52
    When I generate 20 stacked packets with seed 3                                                               # traffic-gen/tests/stack_behave/features/steps/stack_steps.py:62
    Then layer 1 field "subtype" always equals 251                                                               # traffic-gen/tests/stack_behave/features/steps/stack_steps.py:91
    And layer 1 field "sv" always equals 0                                                                       # traffic-gen/tests/stack_behave/features/steps/stack_steps.py:91
    And layer 1 field "version" always equals 0                                                                  # traffic-gen/tests/stack_behave/features/steps/stack_steps.py:91

  Scenario Outline: GET_AUDIO_MAP — AVTP subtype is always 0xFB and version 0 -- @1.5 AECP AEM interfaces  # traffic-gen/tests/stack_behave/features/aecp_aem_stack.feature:114
    Given the protocols root is loaded                                                                     # traffic-gen/tests/stack_behave/features/steps/stack_steps.py:46
    Given the application interface "atdecc_aecp_get_audio_map::AECP_GET_AUDIO_MAP::AECP_GET_AUDIO_MAP_IF" # traffic-gen/tests/stack_behave/features/steps/stack_steps.py:52
    When I generate 20 stacked packets with seed 3                                                         # traffic-gen/tests/stack_behave/features/steps/stack_steps.py:62
    Then layer 1 field "subtype" always equals 251                                                         # traffic-gen/tests/stack_behave/features/steps/stack_steps.py:91
    And layer 1 field "sv" always equals 0                                                                 # traffic-gen/tests/stack_behave/features/steps/stack_steps.py:91
    And layer 1 field "version" always equals 0                                                            # traffic-gen/tests/stack_behave/features/steps/stack_steps.py:91

  Scenario Outline: GET_NAME — AVTP subtype is always 0xFB and version 0 -- @1.6 AECP AEM interfaces  # traffic-gen/tests/stack_behave/features/aecp_aem_stack.feature:115
    Given the protocols root is loaded                                                                # traffic-gen/tests/stack_behave/features/steps/stack_steps.py:46
    Given the application interface "atdecc_aecp_get_name::AECP_GET_NAME::AECP_GET_NAME_IF"           # traffic-gen/tests/stack_behave/features/steps/stack_steps.py:52
    When I generate 20 stacked packets with seed 3                                                    # traffic-gen/tests/stack_behave/features/steps/stack_steps.py:62
    Then layer 1 field "subtype" always equals 251                                                    # traffic-gen/tests/stack_behave/features/steps/stack_steps.py:91
    And layer 1 field "sv" always equals 0                                                            # traffic-gen/tests/stack_behave/features/steps/stack_steps.py:91
    And layer 1 field "version" always equals 0                                                       # traffic-gen/tests/stack_behave/features/steps/stack_steps.py:91

  Scenario Outline: OPERATION_STATUS — AVTP subtype is always 0xFB and version 0 -- @1.7 AECP AEM interfaces        # traffic-gen/tests/stack_behave/features/aecp_aem_stack.feature:116
    Given the protocols root is loaded                                                                              # traffic-gen/tests/stack_behave/features/steps/stack_steps.py:46
    Given the application interface "atdecc_aecp_operation_status::AECP_OPERATION_STATUS::AECP_OPERATION_STATUS_IF" # traffic-gen/tests/stack_behave/features/steps/stack_steps.py:52
    When I generate 20 stacked packets with seed 3                                                                  # traffic-gen/tests/stack_behave/features/steps/stack_steps.py:62
    Then layer 1 field "subtype" always equals 251                                                                  # traffic-gen/tests/stack_behave/features/steps/stack_steps.py:91
    And layer 1 field "sv" always equals 0                                                                          # traffic-gen/tests/stack_behave/features/steps/stack_steps.py:91
    And layer 1 field "version" always equals 0                                                                     # traffic-gen/tests/stack_behave/features/steps/stack_steps.py:91

  Scenario Outline: READ_DESCRIPTOR — AVTP subtype is always 0xFB and version 0 -- @1.8 AECP AEM interfaces      # traffic-gen/tests/stack_behave/features/aecp_aem_stack.feature:117
    Given the protocols root is loaded                                                                           # traffic-gen/tests/stack_behave/features/steps/stack_steps.py:46
    Given the application interface "atdecc_aecp_read_descriptor::AECP_READ_DESCRIPTOR::AECP_READ_DESCRIPTOR_IF" # traffic-gen/tests/stack_behave/features/steps/stack_steps.py:52
    When I generate 20 stacked packets with seed 3                                                               # traffic-gen/tests/stack_behave/features/steps/stack_steps.py:62
    Then layer 1 field "subtype" always equals 251                                                               # traffic-gen/tests/stack_behave/features/steps/stack_steps.py:91
    And layer 1 field "sv" always equals 0                                                                       # traffic-gen/tests/stack_behave/features/steps/stack_steps.py:91
    And layer 1 field "version" always equals 0                                                                  # traffic-gen/tests/stack_behave/features/steps/stack_steps.py:91

  Scenario Outline: SET_CLOCK_SOURCE — AVTP subtype is always 0xFB and version 0 -- @1.9 AECP AEM interfaces        # traffic-gen/tests/stack_behave/features/aecp_aem_stack.feature:118
    Given the protocols root is loaded                                                                              # traffic-gen/tests/stack_behave/features/steps/stack_steps.py:46
    Given the application interface "atdecc_aecp_set_clock_source::AECP_SET_CLOCK_SOURCE::AECP_SET_CLOCK_SOURCE_IF" # traffic-gen/tests/stack_behave/features/steps/stack_steps.py:52
    When I generate 20 stacked packets with seed 3                                                                  # traffic-gen/tests/stack_behave/features/steps/stack_steps.py:62
    Then layer 1 field "subtype" always equals 251                                                                  # traffic-gen/tests/stack_behave/features/steps/stack_steps.py:91
    And layer 1 field "sv" always equals 0                                                                          # traffic-gen/tests/stack_behave/features/steps/stack_steps.py:91
    And layer 1 field "version" always equals 0                                                                     # traffic-gen/tests/stack_behave/features/steps/stack_steps.py:91

  Scenario Outline: SET_SAMPLING_RATE — AVTP subtype is always 0xFB and version 0 -- @1.10 AECP AEM interfaces         # traffic-gen/tests/stack_behave/features/aecp_aem_stack.feature:119
    Given the protocols root is loaded                                                                                 # traffic-gen/tests/stack_behave/features/steps/stack_steps.py:46
    Given the application interface "atdecc_aecp_set_sampling_rate::AECP_SET_SAMPLING_RATE::AECP_SET_SAMPLING_RATE_IF" # traffic-gen/tests/stack_behave/features/steps/stack_steps.py:52
    When I generate 20 stacked packets with seed 3                                                                     # traffic-gen/tests/stack_behave/features/steps/stack_steps.py:62
    Then layer 1 field "subtype" always equals 251                                                                     # traffic-gen/tests/stack_behave/features/steps/stack_steps.py:91
    And layer 1 field "sv" always equals 0                                                                             # traffic-gen/tests/stack_behave/features/steps/stack_steps.py:91
    And layer 1 field "version" always equals 0                                                                        # traffic-gen/tests/stack_behave/features/steps/stack_steps.py:91

  Scenario Outline: START_OPERATION — AVTP subtype is always 0xFB and version 0 -- @1.11 AECP AEM interfaces     # traffic-gen/tests/stack_behave/features/aecp_aem_stack.feature:120
    Given the protocols root is loaded                                                                           # traffic-gen/tests/stack_behave/features/steps/stack_steps.py:46
    Given the application interface "atdecc_aecp_start_operation::AECP_START_OPERATION::AECP_START_OPERATION_IF" # traffic-gen/tests/stack_behave/features/steps/stack_steps.py:52
    When I generate 20 stacked packets with seed 3                                                               # traffic-gen/tests/stack_behave/features/steps/stack_steps.py:62
    Then layer 1 field "subtype" always equals 251                                                               # traffic-gen/tests/stack_behave/features/steps/stack_steps.py:91
    And layer 1 field "sv" always equals 0                                                                       # traffic-gen/tests/stack_behave/features/steps/stack_steps.py:91
    And layer 1 field "version" always equals 0                                                                  # traffic-gen/tests/stack_behave/features/steps/stack_steps.py:91

  Scenario Outline: SET_CONTROL — AVTP subtype is always 0xFB and version 0 -- @1.12 AECP AEM interfaces  # traffic-gen/tests/stack_behave/features/aecp_aem_stack.feature:121
    Given the protocols root is loaded                                                                    # traffic-gen/tests/stack_behave/features/steps/stack_steps.py:46
    Given the application interface "atdecc_aecp_set_control::AECP_SET_CONTROL::AECP_SET_CONTROL_IF"      # traffic-gen/tests/stack_behave/features/steps/stack_steps.py:52
    When I generate 20 stacked packets with seed 3                                                        # traffic-gen/tests/stack_behave/features/steps/stack_steps.py:62
    Then layer 1 field "subtype" always equals 251                                                        # traffic-gen/tests/stack_behave/features/steps/stack_steps.py:91
    And layer 1 field "sv" always equals 0                                                                # traffic-gen/tests/stack_behave/features/steps/stack_steps.py:91
    And layer 1 field "version" always equals 0                                                           # traffic-gen/tests/stack_behave/features/steps/stack_steps.py:91

  Scenario Outline: SET_STREAM_FORMAT — AVTP subtype is always 0xFB and version 0 -- @1.13 AECP AEM interfaces         # traffic-gen/tests/stack_behave/features/aecp_aem_stack.feature:122
    Given the protocols root is loaded                                                                                 # traffic-gen/tests/stack_behave/features/steps/stack_steps.py:46
    Given the application interface "atdecc_aecp_set_stream_format::AECP_SET_STREAM_FORMAT::AECP_SET_STREAM_FORMAT_IF" # traffic-gen/tests/stack_behave/features/steps/stack_steps.py:52
    When I generate 20 stacked packets with seed 3                                                                     # traffic-gen/tests/stack_behave/features/steps/stack_steps.py:62
    Then layer 1 field "subtype" always equals 251                                                                     # traffic-gen/tests/stack_behave/features/steps/stack_steps.py:91
    And layer 1 field "sv" always equals 0                                                                             # traffic-gen/tests/stack_behave/features/steps/stack_steps.py:91
    And layer 1 field "version" always equals 0                                                                        # traffic-gen/tests/stack_behave/features/steps/stack_steps.py:91

  Scenario Outline: ACQUIRE_ENTITY — AVTP subtype is always 0xFB and version 0 -- @1.14 AECP AEM interfaces   # traffic-gen/tests/stack_behave/features/aecp_aem_stack.feature:123
    Given the protocols root is loaded                                                                        # traffic-gen/tests/stack_behave/features/steps/stack_steps.py:46
    Given the application interface "atdecc_aecp_acquire_entity::AECP_ACQUIRE_ENTITY::AECP_ACQUIRE_ENTITY_IF" # traffic-gen/tests/stack_behave/features/steps/stack_steps.py:52
    When I generate 20 stacked packets with seed 3                                                            # traffic-gen/tests/stack_behave/features/steps/stack_steps.py:62
    Then layer 1 field "subtype" always equals 251                                                            # traffic-gen/tests/stack_behave/features/steps/stack_steps.py:91
    And layer 1 field "sv" always equals 0                                                                    # traffic-gen/tests/stack_behave/features/steps/stack_steps.py:91
    And layer 1 field "version" always equals 0                                                               # traffic-gen/tests/stack_behave/features/steps/stack_steps.py:91

  Scenario Outline: AUDIO_MAPPINGS — AVTP subtype is always 0xFB and version 0 -- @1.15 AECP AEM interfaces   # traffic-gen/tests/stack_behave/features/aecp_aem_stack.feature:124
    Given the protocols root is loaded                                                                        # traffic-gen/tests/stack_behave/features/steps/stack_steps.py:46
    Given the application interface "atdecc_aecp_audio_mappings::AECP_AUDIO_MAPPINGS::AECP_AUDIO_MAPPINGS_IF" # traffic-gen/tests/stack_behave/features/steps/stack_steps.py:52
    When I generate 20 stacked packets with seed 3                                                            # traffic-gen/tests/stack_behave/features/steps/stack_steps.py:62
    Then layer 1 field "subtype" always equals 251                                                            # traffic-gen/tests/stack_behave/features/steps/stack_steps.py:91
    And layer 1 field "sv" always equals 0                                                                    # traffic-gen/tests/stack_behave/features/steps/stack_steps.py:91
    And layer 1 field "version" always equals 0                                                               # traffic-gen/tests/stack_behave/features/steps/stack_steps.py:91

  Scenario Outline: LOCK_ENTITY — AVTP subtype is always 0xFB and version 0 -- @1.16 AECP AEM interfaces  # traffic-gen/tests/stack_behave/features/aecp_aem_stack.feature:125
    Given the protocols root is loaded                                                                    # traffic-gen/tests/stack_behave/features/steps/stack_steps.py:46
    Given the application interface "atdecc_aecp_lock_entity::AECP_LOCK_ENTITY::AECP_LOCK_ENTITY_IF"      # traffic-gen/tests/stack_behave/features/steps/stack_steps.py:52
    When I generate 20 stacked packets with seed 3                                                        # traffic-gen/tests/stack_behave/features/steps/stack_steps.py:62
    Then layer 1 field "subtype" always equals 251                                                        # traffic-gen/tests/stack_behave/features/steps/stack_steps.py:91
    And layer 1 field "sv" always equals 0                                                                # traffic-gen/tests/stack_behave/features/steps/stack_steps.py:91
    And layer 1 field "version" always equals 0                                                           # traffic-gen/tests/stack_behave/features/steps/stack_steps.py:91

  Scenario Outline: SET_STREAM_INFO — AVTP subtype is always 0xFB and version 0 -- @1.17 AECP AEM interfaces     # traffic-gen/tests/stack_behave/features/aecp_aem_stack.feature:126
    Given the protocols root is loaded                                                                           # traffic-gen/tests/stack_behave/features/steps/stack_steps.py:46
    Given the application interface "atdecc_aecp_set_stream_info::AECP_SET_STREAM_INFO::AECP_SET_STREAM_INFO_IF" # traffic-gen/tests/stack_behave/features/steps/stack_steps.py:52
    When I generate 20 stacked packets with seed 3                                                               # traffic-gen/tests/stack_behave/features/steps/stack_steps.py:62
    Then layer 1 field "subtype" always equals 251                                                               # traffic-gen/tests/stack_behave/features/steps/stack_steps.py:91
    And layer 1 field "sv" always equals 0                                                                       # traffic-gen/tests/stack_behave/features/steps/stack_steps.py:91
    And layer 1 field "version" always equals 0                                                                  # traffic-gen/tests/stack_behave/features/steps/stack_steps.py:91

  Scenario Outline: SET_NAME — AVTP subtype is always 0xFB and version 0 -- @1.18 AECP AEM interfaces  # traffic-gen/tests/stack_behave/features/aecp_aem_stack.feature:127
    Given the protocols root is loaded                                                                 # traffic-gen/tests/stack_behave/features/steps/stack_steps.py:46
    Given the application interface "atdecc_aecp_set_name::AECP_SET_NAME::AECP_SET_NAME_IF"            # traffic-gen/tests/stack_behave/features/steps/stack_steps.py:52
    When I generate 20 stacked packets with seed 3                                                     # traffic-gen/tests/stack_behave/features/steps/stack_steps.py:62
    Then layer 1 field "subtype" always equals 251                                                     # traffic-gen/tests/stack_behave/features/steps/stack_steps.py:91
    And layer 1 field "sv" always equals 0                                                             # traffic-gen/tests/stack_behave/features/steps/stack_steps.py:91
    And layer 1 field "version" always equals 0                                                        # traffic-gen/tests/stack_behave/features/steps/stack_steps.py:91

  Scenario Outline: AEM_NO_PAYLOAD — control_data_length is always fixed -- @1.1 AECP interfaces with fixed control_data_length  # traffic-gen/tests/stack_behave/features/aecp_aem_stack.feature:140
    Given the protocols root is loaded                                                                                           # traffic-gen/tests/stack_behave/features/steps/stack_steps.py:46
    Given the application interface "atdecc_aecp_aem_no_payload::AECP_AEM_NO_PAYLOAD::AECP_AEM_NO_PAYLOAD_IF"                    # traffic-gen/tests/stack_behave/features/steps/stack_steps.py:52
    When I generate 20 stacked packets with seed 9                                                                               # traffic-gen/tests/stack_behave/features/steps/stack_steps.py:62
    Then layer 2 field "control_data_length" always equals 20                                                                    # traffic-gen/tests/stack_behave/features/steps/stack_steps.py:91

  Scenario Outline: SET_CONFIGURATION — control_data_length is always fixed -- @1.2 AECP interfaces with fixed control_data_length  # traffic-gen/tests/stack_behave/features/aecp_aem_stack.feature:141
    Given the protocols root is loaded                                                                                              # traffic-gen/tests/stack_behave/features/steps/stack_steps.py:46
    Given the application interface "atdecc_aecp_set_configuration::AECP_SET_CONFIGURATION::AECP_SET_CONFIGURATION_IF"              # traffic-gen/tests/stack_behave/features/steps/stack_steps.py:52
    When I generate 20 stacked packets with seed 9                                                                                  # traffic-gen/tests/stack_behave/features/steps/stack_steps.py:62
    Then layer 2 field "control_data_length" always equals 24                                                                       # traffic-gen/tests/stack_behave/features/steps/stack_steps.py:91

  Scenario Outline: ABORT_OPERATION — control_data_length is always fixed -- @1.3 AECP interfaces with fixed control_data_length  # traffic-gen/tests/stack_behave/features/aecp_aem_stack.feature:142
    Given the protocols root is loaded                                                                                            # traffic-gen/tests/stack_behave/features/steps/stack_steps.py:46
    Given the application interface "atdecc_aecp_abort_operation::AECP_ABORT_OPERATION::AECP_ABORT_OPERATION_IF"                  # traffic-gen/tests/stack_behave/features/steps/stack_steps.py:52
    When I generate 20 stacked packets with seed 9                                                                                # traffic-gen/tests/stack_behave/features/steps/stack_steps.py:62
    Then layer 2 field "control_data_length" always equals 28                                                                     # traffic-gen/tests/stack_behave/features/steps/stack_steps.py:91

  Scenario Outline: GET_AUDIO_MAP — control_data_length is always fixed -- @1.4 AECP interfaces with fixed control_data_length  # traffic-gen/tests/stack_behave/features/aecp_aem_stack.feature:143
    Given the protocols root is loaded                                                                                          # traffic-gen/tests/stack_behave/features/steps/stack_steps.py:46
    Given the application interface "atdecc_aecp_get_audio_map::AECP_GET_AUDIO_MAP::AECP_GET_AUDIO_MAP_IF"                      # traffic-gen/tests/stack_behave/features/steps/stack_steps.py:52
    When I generate 20 stacked packets with seed 9                                                                              # traffic-gen/tests/stack_behave/features/steps/stack_steps.py:62
    Then layer 2 field "control_data_length" always equals 28                                                                   # traffic-gen/tests/stack_behave/features/steps/stack_steps.py:91

  Scenario Outline: READ_DESCRIPTOR — control_data_length is always fixed -- @1.5 AECP interfaces with fixed control_data_length  # traffic-gen/tests/stack_behave/features/aecp_aem_stack.feature:144
    Given the protocols root is loaded                                                                                            # traffic-gen/tests/stack_behave/features/steps/stack_steps.py:46
    Given the application interface "atdecc_aecp_read_descriptor::AECP_READ_DESCRIPTOR::AECP_READ_DESCRIPTOR_IF"                  # traffic-gen/tests/stack_behave/features/steps/stack_steps.py:52
    When I generate 20 stacked packets with seed 9                                                                                # traffic-gen/tests/stack_behave/features/steps/stack_steps.py:62
    Then layer 2 field "control_data_length" always equals 28                                                                     # traffic-gen/tests/stack_behave/features/steps/stack_steps.py:91

  Scenario Outline: SET_CLOCK_SOURCE — control_data_length is always fixed -- @1.6 AECP interfaces with fixed control_data_length  # traffic-gen/tests/stack_behave/features/aecp_aem_stack.feature:145
    Given the protocols root is loaded                                                                                             # traffic-gen/tests/stack_behave/features/steps/stack_steps.py:46
    Given the application interface "atdecc_aecp_set_clock_source::AECP_SET_CLOCK_SOURCE::AECP_SET_CLOCK_SOURCE_IF"                # traffic-gen/tests/stack_behave/features/steps/stack_steps.py:52
    When I generate 20 stacked packets with seed 9                                                                                 # traffic-gen/tests/stack_behave/features/steps/stack_steps.py:62
    Then layer 2 field "control_data_length" always equals 28                                                                      # traffic-gen/tests/stack_behave/features/steps/stack_steps.py:91

  Scenario Outline: SET_SAMPLING_RATE — control_data_length is always fixed -- @1.7 AECP interfaces with fixed control_data_length  # traffic-gen/tests/stack_behave/features/aecp_aem_stack.feature:146
    Given the protocols root is loaded                                                                                              # traffic-gen/tests/stack_behave/features/steps/stack_steps.py:46
    Given the application interface "atdecc_aecp_set_sampling_rate::AECP_SET_SAMPLING_RATE::AECP_SET_SAMPLING_RATE_IF"              # traffic-gen/tests/stack_behave/features/steps/stack_steps.py:52
    When I generate 20 stacked packets with seed 9                                                                                  # traffic-gen/tests/stack_behave/features/steps/stack_steps.py:62
    Then layer 2 field "control_data_length" always equals 28                                                                       # traffic-gen/tests/stack_behave/features/steps/stack_steps.py:91

  Scenario Outline: ACQUIRE_ENTITY — control_data_length is always fixed -- @1.8 AECP interfaces with fixed control_data_length  # traffic-gen/tests/stack_behave/features/aecp_aem_stack.feature:147
    Given the protocols root is loaded                                                                                           # traffic-gen/tests/stack_behave/features/steps/stack_steps.py:46
    Given the application interface "atdecc_aecp_acquire_entity::AECP_ACQUIRE_ENTITY::AECP_ACQUIRE_ENTITY_IF"                    # traffic-gen/tests/stack_behave/features/steps/stack_steps.py:52
    When I generate 20 stacked packets with seed 9                                                                               # traffic-gen/tests/stack_behave/features/steps/stack_steps.py:62
    Then layer 2 field "control_data_length" always equals 36                                                                    # traffic-gen/tests/stack_behave/features/steps/stack_steps.py:91

  Scenario Outline: LOCK_ENTITY — control_data_length is always fixed -- @1.9 AECP interfaces with fixed control_data_length  # traffic-gen/tests/stack_behave/features/aecp_aem_stack.feature:148
    Given the protocols root is loaded                                                                                        # traffic-gen/tests/stack_behave/features/steps/stack_steps.py:46
    Given the application interface "atdecc_aecp_lock_entity::AECP_LOCK_ENTITY::AECP_LOCK_ENTITY_IF"                          # traffic-gen/tests/stack_behave/features/steps/stack_steps.py:52
    When I generate 20 stacked packets with seed 9                                                                            # traffic-gen/tests/stack_behave/features/steps/stack_steps.py:62
    Then layer 2 field "control_data_length" always equals 36                                                                 # traffic-gen/tests/stack_behave/features/steps/stack_steps.py:91

  Scenario Outline: AEM_NO_PAYLOAD — message_type is always a command (0) or response (1) -- @1.1 AECP AEM interfaces  # traffic-gen/tests/stack_behave/features/aecp_aem_stack.feature:157
    Given the protocols root is loaded                                                                                 # traffic-gen/tests/stack_behave/features/steps/stack_steps.py:46
    Given the application interface "atdecc_aecp_aem_no_payload::AECP_AEM_NO_PAYLOAD::AECP_AEM_NO_PAYLOAD_IF"          # traffic-gen/tests/stack_behave/features/steps/stack_steps.py:52
    When I generate 30 stacked packets with seed 11                                                                    # traffic-gen/tests/stack_behave/features/steps/stack_steps.py:62
    Then layer 2 field "message_type" is always one of [0, 1]                                                          # traffic-gen/tests/stack_behave/features/steps/stack_steps.py:122

  Scenario Outline: SET_CONFIGURATION — message_type is always a command (0) or response (1) -- @1.2 AECP AEM interfaces  # traffic-gen/tests/stack_behave/features/aecp_aem_stack.feature:158
    Given the protocols root is loaded                                                                                    # traffic-gen/tests/stack_behave/features/steps/stack_steps.py:46
    Given the application interface "atdecc_aecp_set_configuration::AECP_SET_CONFIGURATION::AECP_SET_CONFIGURATION_IF"    # traffic-gen/tests/stack_behave/features/steps/stack_steps.py:52
    When I generate 30 stacked packets with seed 11                                                                       # traffic-gen/tests/stack_behave/features/steps/stack_steps.py:62
    Then layer 2 field "message_type" is always one of [0, 1]                                                             # traffic-gen/tests/stack_behave/features/steps/stack_steps.py:122

  Scenario Outline: ABORT_OPERATION — message_type is always a command (0) or response (1) -- @1.3 AECP AEM interfaces  # traffic-gen/tests/stack_behave/features/aecp_aem_stack.feature:159
    Given the protocols root is loaded                                                                                  # traffic-gen/tests/stack_behave/features/steps/stack_steps.py:46
    Given the application interface "atdecc_aecp_abort_operation::AECP_ABORT_OPERATION::AECP_ABORT_OPERATION_IF"        # traffic-gen/tests/stack_behave/features/steps/stack_steps.py:52
    When I generate 30 stacked packets with seed 11                                                                     # traffic-gen/tests/stack_behave/features/steps/stack_steps.py:62
    Then layer 2 field "message_type" is always one of [0, 1]                                                           # traffic-gen/tests/stack_behave/features/steps/stack_steps.py:122

  Scenario Outline: GET_AUDIO_MAP — message_type is always a command (0) or response (1) -- @1.4 AECP AEM interfaces  # traffic-gen/tests/stack_behave/features/aecp_aem_stack.feature:160
    Given the protocols root is loaded                                                                                # traffic-gen/tests/stack_behave/features/steps/stack_steps.py:46
    Given the application interface "atdecc_aecp_get_audio_map::AECP_GET_AUDIO_MAP::AECP_GET_AUDIO_MAP_IF"            # traffic-gen/tests/stack_behave/features/steps/stack_steps.py:52
    When I generate 30 stacked packets with seed 11                                                                   # traffic-gen/tests/stack_behave/features/steps/stack_steps.py:62
    Then layer 2 field "message_type" is always one of [0, 1]                                                         # traffic-gen/tests/stack_behave/features/steps/stack_steps.py:122

  Scenario Outline: GET_NAME — message_type is always a command (0) or response (1) -- @1.5 AECP AEM interfaces  # traffic-gen/tests/stack_behave/features/aecp_aem_stack.feature:161
    Given the protocols root is loaded                                                                           # traffic-gen/tests/stack_behave/features/steps/stack_steps.py:46
    Given the application interface "atdecc_aecp_get_name::AECP_GET_NAME::AECP_GET_NAME_IF"                      # traffic-gen/tests/stack_behave/features/steps/stack_steps.py:52
    When I generate 30 stacked packets with seed 11                                                              # traffic-gen/tests/stack_behave/features/steps/stack_steps.py:62
    Then layer 2 field "message_type" is always one of [0, 1]                                                    # traffic-gen/tests/stack_behave/features/steps/stack_steps.py:122

  Scenario Outline: READ_DESCRIPTOR — message_type is always a command (0) or response (1) -- @1.6 AECP AEM interfaces  # traffic-gen/tests/stack_behave/features/aecp_aem_stack.feature:162
    Given the protocols root is loaded                                                                                  # traffic-gen/tests/stack_behave/features/steps/stack_steps.py:46
    Given the application interface "atdecc_aecp_read_descriptor::AECP_READ_DESCRIPTOR::AECP_READ_DESCRIPTOR_IF"        # traffic-gen/tests/stack_behave/features/steps/stack_steps.py:52
    When I generate 30 stacked packets with seed 11                                                                     # traffic-gen/tests/stack_behave/features/steps/stack_steps.py:62
    Then layer 2 field "message_type" is always one of [0, 1]                                                           # traffic-gen/tests/stack_behave/features/steps/stack_steps.py:122

  Scenario Outline: SET_CLOCK_SOURCE — message_type is always a command (0) or response (1) -- @1.7 AECP AEM interfaces  # traffic-gen/tests/stack_behave/features/aecp_aem_stack.feature:163
    Given the protocols root is loaded                                                                                   # traffic-gen/tests/stack_behave/features/steps/stack_steps.py:46
    Given the application interface "atdecc_aecp_set_clock_source::AECP_SET_CLOCK_SOURCE::AECP_SET_CLOCK_SOURCE_IF"      # traffic-gen/tests/stack_behave/features/steps/stack_steps.py:52
    When I generate 30 stacked packets with seed 11                                                                      # traffic-gen/tests/stack_behave/features/steps/stack_steps.py:62
    Then layer 2 field "message_type" is always one of [0, 1]                                                            # traffic-gen/tests/stack_behave/features/steps/stack_steps.py:122

  Scenario Outline: SET_SAMPLING_RATE — message_type is always a command (0) or response (1) -- @1.8 AECP AEM interfaces  # traffic-gen/tests/stack_behave/features/aecp_aem_stack.feature:164
    Given the protocols root is loaded                                                                                    # traffic-gen/tests/stack_behave/features/steps/stack_steps.py:46
    Given the application interface "atdecc_aecp_set_sampling_rate::AECP_SET_SAMPLING_RATE::AECP_SET_SAMPLING_RATE_IF"    # traffic-gen/tests/stack_behave/features/steps/stack_steps.py:52
    When I generate 30 stacked packets with seed 11                                                                       # traffic-gen/tests/stack_behave/features/steps/stack_steps.py:62
    Then layer 2 field "message_type" is always one of [0, 1]                                                             # traffic-gen/tests/stack_behave/features/steps/stack_steps.py:122

  Scenario Outline: ACQUIRE_ENTITY — message_type is always a command (0) or response (1) -- @1.9 AECP AEM interfaces  # traffic-gen/tests/stack_behave/features/aecp_aem_stack.feature:165
    Given the protocols root is loaded                                                                                 # traffic-gen/tests/stack_behave/features/steps/stack_steps.py:46
    Given the application interface "atdecc_aecp_acquire_entity::AECP_ACQUIRE_ENTITY::AECP_ACQUIRE_ENTITY_IF"          # traffic-gen/tests/stack_behave/features/steps/stack_steps.py:52
    When I generate 30 stacked packets with seed 11                                                                    # traffic-gen/tests/stack_behave/features/steps/stack_steps.py:62
    Then layer 2 field "message_type" is always one of [0, 1]                                                          # traffic-gen/tests/stack_behave/features/steps/stack_steps.py:122

  Scenario Outline: LOCK_ENTITY — message_type is always a command (0) or response (1) -- @1.10 AECP AEM interfaces  # traffic-gen/tests/stack_behave/features/aecp_aem_stack.feature:166
    Given the protocols root is loaded                                                                               # traffic-gen/tests/stack_behave/features/steps/stack_steps.py:46
    Given the application interface "atdecc_aecp_lock_entity::AECP_LOCK_ENTITY::AECP_LOCK_ENTITY_IF"                 # traffic-gen/tests/stack_behave/features/steps/stack_steps.py:52
    When I generate 30 stacked packets with seed 11                                                                  # traffic-gen/tests/stack_behave/features/steps/stack_steps.py:62
    Then layer 2 field "message_type" is always one of [0, 1]                                                        # traffic-gen/tests/stack_behave/features/steps/stack_steps.py:122

  Scenario Outline: SET_STREAM_FORMAT — message_type is always a command (0) or response (1) -- @1.11 AECP AEM interfaces  # traffic-gen/tests/stack_behave/features/aecp_aem_stack.feature:167
    Given the protocols root is loaded                                                                                     # traffic-gen/tests/stack_behave/features/steps/stack_steps.py:46
    Given the application interface "atdecc_aecp_set_stream_format::AECP_SET_STREAM_FORMAT::AECP_SET_STREAM_FORMAT_IF"     # traffic-gen/tests/stack_behave/features/steps/stack_steps.py:52
    When I generate 30 stacked packets with seed 11                                                                        # traffic-gen/tests/stack_behave/features/steps/stack_steps.py:62
    Then layer 2 field "message_type" is always one of [0, 1]                                                              # traffic-gen/tests/stack_behave/features/steps/stack_steps.py:122

  Scenario Outline: AEM_NO_PAYLOAD — stacked frame can be written to pcap -- @1.1 AECP AEM interfaces         # traffic-gen/tests/stack_behave/features/aecp_aem_stack.feature:181
    Given the protocols root is loaded                                                                        # traffic-gen/tests/stack_behave/features/steps/stack_steps.py:46
    Given the application interface "atdecc_aecp_aem_no_payload::AECP_AEM_NO_PAYLOAD::AECP_AEM_NO_PAYLOAD_IF" # traffic-gen/tests/stack_behave/features/steps/stack_steps.py:52
    When I generate 5 stacked packets with seed 42 to pcap file "/tmp/stack_AEM_NO_PAYLOAD.pcap"              # traffic-gen/tests/stack_behave/features/steps/stack_steps.py:72
    Then the pcap file "/tmp/stack_AEM_NO_PAYLOAD.pcap" exists                                                # traffic-gen/tests/stack_behave/features/steps/stack_steps.py:137
    And the pcap file "/tmp/stack_AEM_NO_PAYLOAD.pcap" contains 5 packets                                     # traffic-gen/tests/stack_behave/features/steps/stack_steps.py:142

  Scenario Outline: ACQUIRE_ENTITY — stacked frame can be written to pcap -- @1.2 AECP AEM interfaces         # traffic-gen/tests/stack_behave/features/aecp_aem_stack.feature:182
    Given the protocols root is loaded                                                                        # traffic-gen/tests/stack_behave/features/steps/stack_steps.py:46
    Given the application interface "atdecc_aecp_acquire_entity::AECP_ACQUIRE_ENTITY::AECP_ACQUIRE_ENTITY_IF" # traffic-gen/tests/stack_behave/features/steps/stack_steps.py:52
    When I generate 5 stacked packets with seed 42 to pcap file "/tmp/stack_ACQUIRE_ENTITY.pcap"              # traffic-gen/tests/stack_behave/features/steps/stack_steps.py:72
    Then the pcap file "/tmp/stack_ACQUIRE_ENTITY.pcap" exists                                                # traffic-gen/tests/stack_behave/features/steps/stack_steps.py:137
    And the pcap file "/tmp/stack_ACQUIRE_ENTITY.pcap" contains 5 packets                                     # traffic-gen/tests/stack_behave/features/steps/stack_steps.py:142

  Scenario Outline: LOCK_ENTITY — stacked frame can be written to pcap -- @1.3 AECP AEM interfaces   # traffic-gen/tests/stack_behave/features/aecp_aem_stack.feature:183
    Given the protocols root is loaded                                                               # traffic-gen/tests/stack_behave/features/steps/stack_steps.py:46
    Given the application interface "atdecc_aecp_lock_entity::AECP_LOCK_ENTITY::AECP_LOCK_ENTITY_IF" # traffic-gen/tests/stack_behave/features/steps/stack_steps.py:52
    When I generate 5 stacked packets with seed 42 to pcap file "/tmp/stack_LOCK_ENTITY.pcap"        # traffic-gen/tests/stack_behave/features/steps/stack_steps.py:72
    Then the pcap file "/tmp/stack_LOCK_ENTITY.pcap" exists                                          # traffic-gen/tests/stack_behave/features/steps/stack_steps.py:137
    And the pcap file "/tmp/stack_LOCK_ENTITY.pcap" contains 5 packets                               # traffic-gen/tests/stack_behave/features/steps/stack_steps.py:142

  Scenario Outline: SET_STREAM_FORMAT — stacked frame can be written to pcap -- @1.4 AECP AEM interfaces               # traffic-gen/tests/stack_behave/features/aecp_aem_stack.feature:184
    Given the protocols root is loaded                                                                                 # traffic-gen/tests/stack_behave/features/steps/stack_steps.py:46
    Given the application interface "atdecc_aecp_set_stream_format::AECP_SET_STREAM_FORMAT::AECP_SET_STREAM_FORMAT_IF" # traffic-gen/tests/stack_behave/features/steps/stack_steps.py:52
    When I generate 5 stacked packets with seed 42 to pcap file "/tmp/stack_SET_STREAM_FORMAT.pcap"                    # traffic-gen/tests/stack_behave/features/steps/stack_steps.py:72
    Then the pcap file "/tmp/stack_SET_STREAM_FORMAT.pcap" exists                                                      # traffic-gen/tests/stack_behave/features/steps/stack_steps.py:137
    And the pcap file "/tmp/stack_SET_STREAM_FORMAT.pcap" contains 5 packets                                           # traffic-gen/tests/stack_behave/features/steps/stack_steps.py:142

  Scenario Outline: SET_STREAM_INFO — stacked frame can be written to pcap -- @1.5 AECP AEM interfaces           # traffic-gen/tests/stack_behave/features/aecp_aem_stack.feature:185
    Given the protocols root is loaded                                                                           # traffic-gen/tests/stack_behave/features/steps/stack_steps.py:46
    Given the application interface "atdecc_aecp_set_stream_info::AECP_SET_STREAM_INFO::AECP_SET_STREAM_INFO_IF" # traffic-gen/tests/stack_behave/features/steps/stack_steps.py:52
    When I generate 5 stacked packets with seed 42 to pcap file "/tmp/stack_SET_STREAM_INFO.pcap"                # traffic-gen/tests/stack_behave/features/steps/stack_steps.py:72
    Then the pcap file "/tmp/stack_SET_STREAM_INFO.pcap" exists                                                  # traffic-gen/tests/stack_behave/features/steps/stack_steps.py:137
    And the pcap file "/tmp/stack_SET_STREAM_INFO.pcap" contains 5 packets                                       # traffic-gen/tests/stack_behave/features/steps/stack_steps.py:142

  Scenario Outline: SET_NAME — stacked frame can be written to pcap -- @1.6 AECP AEM interfaces  # traffic-gen/tests/stack_behave/features/aecp_aem_stack.feature:186
    Given the protocols root is loaded                                                           # traffic-gen/tests/stack_behave/features/steps/stack_steps.py:46
    Given the application interface "atdecc_aecp_set_name::AECP_SET_NAME::AECP_SET_NAME_IF"      # traffic-gen/tests/stack_behave/features/steps/stack_steps.py:52
    When I generate 5 stacked packets with seed 42 to pcap file "/tmp/stack_SET_NAME.pcap"       # traffic-gen/tests/stack_behave/features/steps/stack_steps.py:72
    Then the pcap file "/tmp/stack_SET_NAME.pcap" exists                                         # traffic-gen/tests/stack_behave/features/steps/stack_steps.py:137
    And the pcap file "/tmp/stack_SET_NAME.pcap" contains 5 packets                              # traffic-gen/tests/stack_behave/features/steps/stack_steps.py:142

Feature: AECP non-AEM — full on-wire frame assembly via layer stacking # traffic-gen/tests/stack_behave/features/aecp_non_aem_stack.feature:13

  Feature: AECP non-AEM — full on-wire frame assembly via layer stacking  # traffic-gen/tests/stack_behave/features/aecp_non_aem_stack.feature:13

  Scenario: ADDRESS_ACCESS stacked frame has correct total size                                               # traffic-gen/tests/stack_behave/features/aecp_non_aem_stack.feature:22
    Given the protocols root is loaded                                                                        # traffic-gen/tests/stack_behave/features/steps/stack_steps.py:46
    Given the application interface "atdecc_aecp_address_access::AECP_ADDRESS_ACCESS::AECP_ADDRESS_ACCESS_IF" # traffic-gen/tests/stack_behave/features/steps/stack_steps.py:52
    When I generate 20 stacked packets with seed 1                                                            # traffic-gen/tests/stack_behave/features/steps/stack_steps.py:62
    Then the stacked packet size is always 57 bytes                                                           # traffic-gen/tests/stack_behave/features/steps/stack_steps.py:83

  Scenario: ADDRESS_ACCESS — ethertype is always 0x22F0                                                       # traffic-gen/tests/stack_behave/features/aecp_non_aem_stack.feature:27
    Given the protocols root is loaded                                                                        # traffic-gen/tests/stack_behave/features/steps/stack_steps.py:46
    Given the application interface "atdecc_aecp_address_access::AECP_ADDRESS_ACCESS::AECP_ADDRESS_ACCESS_IF" # traffic-gen/tests/stack_behave/features/steps/stack_steps.py:52
    When I generate 20 stacked packets with seed 5                                                            # traffic-gen/tests/stack_behave/features/steps/stack_steps.py:62
    Then layer 0 field "ethertype" always equals hex 22F0                                                     # traffic-gen/tests/stack_behave/features/steps/stack_steps.py:101

  Scenario: ADDRESS_ACCESS — message_type is always 2 (command) or 3 (response)                               # traffic-gen/tests/stack_behave/features/aecp_non_aem_stack.feature:32
    Given the protocols root is loaded                                                                        # traffic-gen/tests/stack_behave/features/steps/stack_steps.py:46
    Given the application interface "atdecc_aecp_address_access::AECP_ADDRESS_ACCESS::AECP_ADDRESS_ACCESS_IF" # traffic-gen/tests/stack_behave/features/steps/stack_steps.py:52
    When I generate 30 stacked packets with seed 13                                                           # traffic-gen/tests/stack_behave/features/steps/stack_steps.py:62
    Then layer 2 field "message_type" is always one of [2, 3]                                                 # traffic-gen/tests/stack_behave/features/steps/stack_steps.py:122

  Scenario: ADDRESS_ACCESS — AVTP subtype and version are fixed                                               # traffic-gen/tests/stack_behave/features/aecp_non_aem_stack.feature:37
    Given the protocols root is loaded                                                                        # traffic-gen/tests/stack_behave/features/steps/stack_steps.py:46
    Given the application interface "atdecc_aecp_address_access::AECP_ADDRESS_ACCESS::AECP_ADDRESS_ACCESS_IF" # traffic-gen/tests/stack_behave/features/steps/stack_steps.py:52
    When I generate 20 stacked packets with seed 2                                                            # traffic-gen/tests/stack_behave/features/steps/stack_steps.py:62
    Then layer 1 field "subtype" always equals 251                                                            # traffic-gen/tests/stack_behave/features/steps/stack_steps.py:91
    And layer 1 field "sv" always equals 0                                                                    # traffic-gen/tests/stack_behave/features/steps/stack_steps.py:91
    And layer 1 field "version" always equals 0                                                               # traffic-gen/tests/stack_behave/features/steps/stack_steps.py:91

  Scenario: ADDRESS_ACCESS — written to pcap                                                                  # traffic-gen/tests/stack_behave/features/aecp_non_aem_stack.feature:44
    Given the protocols root is loaded                                                                        # traffic-gen/tests/stack_behave/features/steps/stack_steps.py:46
    Given the application interface "atdecc_aecp_address_access::AECP_ADDRESS_ACCESS::AECP_ADDRESS_ACCESS_IF" # traffic-gen/tests/stack_behave/features/steps/stack_steps.py:52
    When I generate 5 stacked packets with seed 42 to pcap file "/tmp/stack_ADDRESS_ACCESS.pcap"              # traffic-gen/tests/stack_behave/features/steps/stack_steps.py:72
    Then the pcap file "/tmp/stack_ADDRESS_ACCESS.pcap" exists                                                # traffic-gen/tests/stack_behave/features/steps/stack_steps.py:137
    And the pcap file "/tmp/stack_ADDRESS_ACCESS.pcap" contains 5 packets                                     # traffic-gen/tests/stack_behave/features/steps/stack_steps.py:142

  Scenario: VENDOR_UNIQUE stacked frame has correct total size                                             # traffic-gen/tests/stack_behave/features/aecp_non_aem_stack.feature:54
    Given the protocols root is loaded                                                                     # traffic-gen/tests/stack_behave/features/steps/stack_steps.py:46
    Given the application interface "atdecc_aecp_vendor_unique::AECP_VENDOR_UNIQUE::AECP_VENDOR_UNIQUE_IF" # traffic-gen/tests/stack_behave/features/steps/stack_steps.py:52
    When I generate 20 stacked packets with seed 1                                                         # traffic-gen/tests/stack_behave/features/steps/stack_steps.py:62
    Then the stacked packet size is always 51 bytes                                                        # traffic-gen/tests/stack_behave/features/steps/stack_steps.py:83

  Scenario: VENDOR_UNIQUE — ethertype is always 0x22F0                                                     # traffic-gen/tests/stack_behave/features/aecp_non_aem_stack.feature:59
    Given the protocols root is loaded                                                                     # traffic-gen/tests/stack_behave/features/steps/stack_steps.py:46
    Given the application interface "atdecc_aecp_vendor_unique::AECP_VENDOR_UNIQUE::AECP_VENDOR_UNIQUE_IF" # traffic-gen/tests/stack_behave/features/steps/stack_steps.py:52
    When I generate 20 stacked packets with seed 5                                                         # traffic-gen/tests/stack_behave/features/steps/stack_steps.py:62
    Then layer 0 field "ethertype" always equals hex 22F0                                                  # traffic-gen/tests/stack_behave/features/steps/stack_steps.py:101

  Scenario: VENDOR_UNIQUE — message_type is always 6 (command) or 7 (response)                             # traffic-gen/tests/stack_behave/features/aecp_non_aem_stack.feature:64
    Given the protocols root is loaded                                                                     # traffic-gen/tests/stack_behave/features/steps/stack_steps.py:46
    Given the application interface "atdecc_aecp_vendor_unique::AECP_VENDOR_UNIQUE::AECP_VENDOR_UNIQUE_IF" # traffic-gen/tests/stack_behave/features/steps/stack_steps.py:52
    When I generate 30 stacked packets with seed 17                                                        # traffic-gen/tests/stack_behave/features/steps/stack_steps.py:62
    Then layer 2 field "message_type" is always one of [6, 7]                                              # traffic-gen/tests/stack_behave/features/steps/stack_steps.py:122

  Scenario: VENDOR_UNIQUE — AVTP subtype and version are fixed                                             # traffic-gen/tests/stack_behave/features/aecp_non_aem_stack.feature:69
    Given the protocols root is loaded                                                                     # traffic-gen/tests/stack_behave/features/steps/stack_steps.py:46
    Given the application interface "atdecc_aecp_vendor_unique::AECP_VENDOR_UNIQUE::AECP_VENDOR_UNIQUE_IF" # traffic-gen/tests/stack_behave/features/steps/stack_steps.py:52
    When I generate 20 stacked packets with seed 2                                                         # traffic-gen/tests/stack_behave/features/steps/stack_steps.py:62
    Then layer 1 field "subtype" always equals 251                                                         # traffic-gen/tests/stack_behave/features/steps/stack_steps.py:91
    And layer 1 field "sv" always equals 0                                                                 # traffic-gen/tests/stack_behave/features/steps/stack_steps.py:91
    And layer 1 field "version" always equals 0                                                            # traffic-gen/tests/stack_behave/features/steps/stack_steps.py:91

  Scenario: VENDOR_UNIQUE — written to pcap                                                                # traffic-gen/tests/stack_behave/features/aecp_non_aem_stack.feature:76
    Given the protocols root is loaded                                                                     # traffic-gen/tests/stack_behave/features/steps/stack_steps.py:46
    Given the application interface "atdecc_aecp_vendor_unique::AECP_VENDOR_UNIQUE::AECP_VENDOR_UNIQUE_IF" # traffic-gen/tests/stack_behave/features/steps/stack_steps.py:52
    When I generate 5 stacked packets with seed 42 to pcap file "/tmp/stack_VENDOR_UNIQUE.pcap"            # traffic-gen/tests/stack_behave/features/steps/stack_steps.py:72
    Then the pcap file "/tmp/stack_VENDOR_UNIQUE.pcap" exists                                              # traffic-gen/tests/stack_behave/features/steps/stack_steps.py:137
    And the pcap file "/tmp/stack_VENDOR_UNIQUE.pcap" contains 5 packets                                   # traffic-gen/tests/stack_behave/features/steps/stack_steps.py:142

Feature: Packet decode — DUT output verification # traffic-gen/tests/stack_behave/features/dut_decode.feature:5
  Verify that PacketDecoder correctly reconstructs field values from raw byte
  buffers, and that the generate → capture → decode round-trip is lossless.
  Feature: Packet decode — DUT output verification  # traffic-gen/tests/stack_behave/features/dut_decode.feature:5

  Scenario: Generate-decode round-trip via pcap preserves hex (ACQUIRE_ENTITY)                              # traffic-gen/tests/stack_behave/features/dut_decode.feature:18
    Given the protocols root is loaded                                                                      # traffic-gen/tests/stack_behave/features/steps/stack_steps.py:46
    And the application interface "atdecc_aecp_acquire_entity::AECP_ACQUIRE_ENTITY::AECP_ACQUIRE_ENTITY_IF" # traffic-gen/tests/stack_behave/features/steps/stack_steps.py:52
    When I generate 5 stacked packets with seed 1 to pcap file "/tmp/rt_acquire.pcap"                       # traffic-gen/tests/stack_behave/features/steps/stack_steps.py:72
    And I decode the pcap file "/tmp/rt_acquire.pcap" against the stack                                     # traffic-gen/tests/stack_behave/features/steps/stack_steps.py:199
    Then the decoded packet count is 5                                                                      # traffic-gen/tests/stack_behave/features/steps/stack_steps.py:246
    And the generated and decoded hex match                                                                 # traffic-gen/tests/stack_behave/features/steps/stack_steps.py:262

  Scenario: Decoded Ethernet ethertype round-trips correctly                                                # traffic-gen/tests/stack_behave/features/dut_decode.feature:24
    Given the protocols root is loaded                                                                      # traffic-gen/tests/stack_behave/features/steps/stack_steps.py:46
    And the application interface "atdecc_aecp_acquire_entity::AECP_ACQUIRE_ENTITY::AECP_ACQUIRE_ENTITY_IF" # traffic-gen/tests/stack_behave/features/steps/stack_steps.py:52
    When I generate 10 stacked packets with seed 7 to pcap file "/tmp/rt_eth.pcap"                          # traffic-gen/tests/stack_behave/features/steps/stack_steps.py:72
    And I decode the pcap file "/tmp/rt_eth.pcap" against the stack                                         # traffic-gen/tests/stack_behave/features/steps/stack_steps.py:199
    Then decoded layer 0 field "ethertype" always equals hex 22F0                                           # traffic-gen/tests/stack_behave/features/steps/stack_steps.py:235

  Scenario: Decoded AVTP subtype round-trips correctly                                                      # traffic-gen/tests/stack_behave/features/dut_decode.feature:29
    Given the protocols root is loaded                                                                      # traffic-gen/tests/stack_behave/features/steps/stack_steps.py:46
    And the application interface "atdecc_aecp_acquire_entity::AECP_ACQUIRE_ENTITY::AECP_ACQUIRE_ENTITY_IF" # traffic-gen/tests/stack_behave/features/steps/stack_steps.py:52
    When I generate 10 stacked packets with seed 13 to pcap file "/tmp/rt_avtp.pcap"                        # traffic-gen/tests/stack_behave/features/steps/stack_steps.py:72
    And I decode the pcap file "/tmp/rt_avtp.pcap" against the stack                                        # traffic-gen/tests/stack_behave/features/steps/stack_steps.py:199
    Then decoded layer 1 field "subtype" always equals 251                                                  # traffic-gen/tests/stack_behave/features/steps/stack_steps.py:225

  Scenario: Decode a fixed hex string — ethertype field is 0x22F0                                                                                        # traffic-gen/tests/stack_behave/features/dut_decode.feature:38
    Given the protocols root is loaded                                                                                                                   # traffic-gen/tests/stack_behave/features/steps/stack_steps.py:46
    And the application interface "atdecc_aecp_acquire_entity::AECP_ACQUIRE_ENTITY::AECP_ACQUIRE_ENTITY_IF"                                              # traffic-gen/tests/stack_behave/features/steps/stack_steps.py:52
    When I decode hex "2245bd5fbb6822eb9250231822f0fb000382416e6678d39feef008e61bd8674b6331bca260000000000004ab7a473d29376c1001e797e0" against the stack # traffic-gen/tests/stack_behave/features/steps/stack_steps.py:210
    Then decoded layer 0 field "ethertype" always equals hex 22F0                                                                                        # traffic-gen/tests/stack_behave/features/steps/stack_steps.py:235

  Scenario Outline: Round-trip preserves frame size for all AEM PDUs -- @1.1                                  # traffic-gen/tests/stack_behave/features/dut_decode.feature:55
    Given the protocols root is loaded                                                                        # traffic-gen/tests/stack_behave/features/steps/stack_steps.py:46
    And the application interface "atdecc_aecp_acquire_entity::AECP_ACQUIRE_ENTITY::AECP_ACQUIRE_ENTITY_IF"   # traffic-gen/tests/stack_behave/features/steps/stack_steps.py:52
    Given the application interface "atdecc_aecp_aem_no_payload::AECP_AEM_NO_PAYLOAD::AECP_AEM_NO_PAYLOAD_IF" # traffic-gen/tests/stack_behave/features/steps/stack_steps.py:52
    When I generate 3 stacked packets with seed 42 to pcap file "/tmp/rt_no_payload.pcap"                     # traffic-gen/tests/stack_behave/features/steps/stack_steps.py:72
    And I decode the pcap file "/tmp/rt_no_payload.pcap" against the stack                                    # traffic-gen/tests/stack_behave/features/steps/stack_steps.py:199
    Then the decoded packet count is 3                                                                        # traffic-gen/tests/stack_behave/features/steps/stack_steps.py:246
    And the generated and decoded hex match                                                                   # traffic-gen/tests/stack_behave/features/steps/stack_steps.py:262

  Scenario Outline: Round-trip preserves frame size for all AEM PDUs -- @1.2                                           # traffic-gen/tests/stack_behave/features/dut_decode.feature:56
    Given the protocols root is loaded                                                                                 # traffic-gen/tests/stack_behave/features/steps/stack_steps.py:46
    And the application interface "atdecc_aecp_acquire_entity::AECP_ACQUIRE_ENTITY::AECP_ACQUIRE_ENTITY_IF"            # traffic-gen/tests/stack_behave/features/steps/stack_steps.py:52
    Given the application interface "atdecc_aecp_set_configuration::AECP_SET_CONFIGURATION::AECP_SET_CONFIGURATION_IF" # traffic-gen/tests/stack_behave/features/steps/stack_steps.py:52
    When I generate 3 stacked packets with seed 42 to pcap file "/tmp/rt_set_config.pcap"                              # traffic-gen/tests/stack_behave/features/steps/stack_steps.py:72
    And I decode the pcap file "/tmp/rt_set_config.pcap" against the stack                                             # traffic-gen/tests/stack_behave/features/steps/stack_steps.py:199
    Then the decoded packet count is 3                                                                                 # traffic-gen/tests/stack_behave/features/steps/stack_steps.py:246
    And the generated and decoded hex match                                                                            # traffic-gen/tests/stack_behave/features/steps/stack_steps.py:262

  Scenario Outline: Round-trip preserves frame size for all AEM PDUs -- @1.3                                # traffic-gen/tests/stack_behave/features/dut_decode.feature:57
    Given the protocols root is loaded                                                                      # traffic-gen/tests/stack_behave/features/steps/stack_steps.py:46
    And the application interface "atdecc_aecp_acquire_entity::AECP_ACQUIRE_ENTITY::AECP_ACQUIRE_ENTITY_IF" # traffic-gen/tests/stack_behave/features/steps/stack_steps.py:52
    Given the application interface "atdecc_aecp_lock_entity::AECP_LOCK_ENTITY::AECP_LOCK_ENTITY_IF"        # traffic-gen/tests/stack_behave/features/steps/stack_steps.py:52
    When I generate 3 stacked packets with seed 42 to pcap file "/tmp/rt_lock.pcap"                         # traffic-gen/tests/stack_behave/features/steps/stack_steps.py:72
    And I decode the pcap file "/tmp/rt_lock.pcap" against the stack                                        # traffic-gen/tests/stack_behave/features/steps/stack_steps.py:199
    Then the decoded packet count is 3                                                                      # traffic-gen/tests/stack_behave/features/steps/stack_steps.py:246
    And the generated and decoded hex match                                                                 # traffic-gen/tests/stack_behave/features/steps/stack_steps.py:262

  Scenario Outline: Round-trip preserves frame size for all AEM PDUs -- @1.4                                     # traffic-gen/tests/stack_behave/features/dut_decode.feature:58
    Given the protocols root is loaded                                                                           # traffic-gen/tests/stack_behave/features/steps/stack_steps.py:46
    And the application interface "atdecc_aecp_acquire_entity::AECP_ACQUIRE_ENTITY::AECP_ACQUIRE_ENTITY_IF"      # traffic-gen/tests/stack_behave/features/steps/stack_steps.py:52
    Given the application interface "atdecc_aecp_read_descriptor::AECP_READ_DESCRIPTOR::AECP_READ_DESCRIPTOR_IF" # traffic-gen/tests/stack_behave/features/steps/stack_steps.py:52
    When I generate 3 stacked packets with seed 42 to pcap file "/tmp/rt_read_desc.pcap"                         # traffic-gen/tests/stack_behave/features/steps/stack_steps.py:72
    And I decode the pcap file "/tmp/rt_read_desc.pcap" against the stack                                        # traffic-gen/tests/stack_behave/features/steps/stack_steps.py:199
    Then the decoded packet count is 3                                                                           # traffic-gen/tests/stack_behave/features/steps/stack_steps.py:246
    And the generated and decoded hex match                                                                      # traffic-gen/tests/stack_behave/features/steps/stack_steps.py:262

  Scenario Outline: Round-trip preserves frame size for all AEM PDUs -- @1.5                                # traffic-gen/tests/stack_behave/features/dut_decode.feature:59
    Given the protocols root is loaded                                                                      # traffic-gen/tests/stack_behave/features/steps/stack_steps.py:46
    And the application interface "atdecc_aecp_acquire_entity::AECP_ACQUIRE_ENTITY::AECP_ACQUIRE_ENTITY_IF" # traffic-gen/tests/stack_behave/features/steps/stack_steps.py:52
    Given the application interface "atdecc_aecp_set_name::AECP_SET_NAME::AECP_SET_NAME_IF"                 # traffic-gen/tests/stack_behave/features/steps/stack_steps.py:52
    When I generate 3 stacked packets with seed 42 to pcap file "/tmp/rt_set_name.pcap"                     # traffic-gen/tests/stack_behave/features/steps/stack_steps.py:72
    And I decode the pcap file "/tmp/rt_set_name.pcap" against the stack                                    # traffic-gen/tests/stack_behave/features/steps/stack_steps.py:199
    Then the decoded packet count is 3                                                                      # traffic-gen/tests/stack_behave/features/steps/stack_steps.py:246
    And the generated and decoded hex match                                                                 # traffic-gen/tests/stack_behave/features/steps/stack_steps.py:262

  Scenario Outline: Round-trip preserves frame size for all AEM PDUs -- @1.6                                # traffic-gen/tests/stack_behave/features/dut_decode.feature:60
    Given the protocols root is loaded                                                                      # traffic-gen/tests/stack_behave/features/steps/stack_steps.py:46
    And the application interface "atdecc_aecp_acquire_entity::AECP_ACQUIRE_ENTITY::AECP_ACQUIRE_ENTITY_IF" # traffic-gen/tests/stack_behave/features/steps/stack_steps.py:52
    Given the application interface "atdecc_aecp_get_name::AECP_GET_NAME::AECP_GET_NAME_IF"                 # traffic-gen/tests/stack_behave/features/steps/stack_steps.py:52
    When I generate 3 stacked packets with seed 42 to pcap file "/tmp/rt_get_name.pcap"                     # traffic-gen/tests/stack_behave/features/steps/stack_steps.py:72
    And I decode the pcap file "/tmp/rt_get_name.pcap" against the stack                                    # traffic-gen/tests/stack_behave/features/steps/stack_steps.py:199
    Then the decoded packet count is 3                                                                      # traffic-gen/tests/stack_behave/features/steps/stack_steps.py:246
    And the generated and decoded hex match                                                                 # traffic-gen/tests/stack_behave/features/steps/stack_steps.py:262

  Scenario Outline: Round-trip preserves frame size for all AEM PDUs -- @1.7                                           # traffic-gen/tests/stack_behave/features/dut_decode.feature:61
    Given the protocols root is loaded                                                                                 # traffic-gen/tests/stack_behave/features/steps/stack_steps.py:46
    And the application interface "atdecc_aecp_acquire_entity::AECP_ACQUIRE_ENTITY::AECP_ACQUIRE_ENTITY_IF"            # traffic-gen/tests/stack_behave/features/steps/stack_steps.py:52
    Given the application interface "atdecc_aecp_set_sampling_rate::AECP_SET_SAMPLING_RATE::AECP_SET_SAMPLING_RATE_IF" # traffic-gen/tests/stack_behave/features/steps/stack_steps.py:52
    When I generate 3 stacked packets with seed 42 to pcap file "/tmp/rt_set_srate.pcap"                               # traffic-gen/tests/stack_behave/features/steps/stack_steps.py:72
    And I decode the pcap file "/tmp/rt_set_srate.pcap" against the stack                                              # traffic-gen/tests/stack_behave/features/steps/stack_steps.py:199
    Then the decoded packet count is 3                                                                                 # traffic-gen/tests/stack_behave/features/steps/stack_steps.py:246
    And the generated and decoded hex match                                                                            # traffic-gen/tests/stack_behave/features/steps/stack_steps.py:262

  Scenario Outline: Round-trip preserves frame size for all AEM PDUs -- @1.8                                           # traffic-gen/tests/stack_behave/features/dut_decode.feature:62
    Given the protocols root is loaded                                                                                 # traffic-gen/tests/stack_behave/features/steps/stack_steps.py:46
    And the application interface "atdecc_aecp_acquire_entity::AECP_ACQUIRE_ENTITY::AECP_ACQUIRE_ENTITY_IF"            # traffic-gen/tests/stack_behave/features/steps/stack_steps.py:52
    Given the application interface "atdecc_aecp_set_stream_format::AECP_SET_STREAM_FORMAT::AECP_SET_STREAM_FORMAT_IF" # traffic-gen/tests/stack_behave/features/steps/stack_steps.py:52
    When I generate 3 stacked packets with seed 42 to pcap file "/tmp/rt_set_format.pcap"                              # traffic-gen/tests/stack_behave/features/steps/stack_steps.py:72
    And I decode the pcap file "/tmp/rt_set_format.pcap" against the stack                                             # traffic-gen/tests/stack_behave/features/steps/stack_steps.py:199
    Then the decoded packet count is 3                                                                                 # traffic-gen/tests/stack_behave/features/steps/stack_steps.py:246
    And the generated and decoded hex match                                                                            # traffic-gen/tests/stack_behave/features/steps/stack_steps.py:262

  Scenario Outline: Round-trip preserves frame size for all AEM PDUs -- @1.9                                     # traffic-gen/tests/stack_behave/features/dut_decode.feature:63
    Given the protocols root is loaded                                                                           # traffic-gen/tests/stack_behave/features/steps/stack_steps.py:46
    And the application interface "atdecc_aecp_acquire_entity::AECP_ACQUIRE_ENTITY::AECP_ACQUIRE_ENTITY_IF"      # traffic-gen/tests/stack_behave/features/steps/stack_steps.py:52
    Given the application interface "atdecc_aecp_set_stream_info::AECP_SET_STREAM_INFO::AECP_SET_STREAM_INFO_IF" # traffic-gen/tests/stack_behave/features/steps/stack_steps.py:52
    When I generate 3 stacked packets with seed 42 to pcap file "/tmp/rt_set_info.pcap"                          # traffic-gen/tests/stack_behave/features/steps/stack_steps.py:72
    And I decode the pcap file "/tmp/rt_set_info.pcap" against the stack                                         # traffic-gen/tests/stack_behave/features/steps/stack_steps.py:199
    Then the decoded packet count is 3                                                                           # traffic-gen/tests/stack_behave/features/steps/stack_steps.py:246
    And the generated and decoded hex match                                                                      # traffic-gen/tests/stack_behave/features/steps/stack_steps.py:262

  Scenario Outline: Round-trip preserves frame size for all AEM PDUs -- @1.10                                       # traffic-gen/tests/stack_behave/features/dut_decode.feature:64
    Given the protocols root is loaded                                                                              # traffic-gen/tests/stack_behave/features/steps/stack_steps.py:46
    And the application interface "atdecc_aecp_acquire_entity::AECP_ACQUIRE_ENTITY::AECP_ACQUIRE_ENTITY_IF"         # traffic-gen/tests/stack_behave/features/steps/stack_steps.py:52
    Given the application interface "atdecc_aecp_set_clock_source::AECP_SET_CLOCK_SOURCE::AECP_SET_CLOCK_SOURCE_IF" # traffic-gen/tests/stack_behave/features/steps/stack_steps.py:52
    When I generate 3 stacked packets with seed 42 to pcap file "/tmp/rt_set_clock.pcap"                            # traffic-gen/tests/stack_behave/features/steps/stack_steps.py:72
    And I decode the pcap file "/tmp/rt_set_clock.pcap" against the stack                                           # traffic-gen/tests/stack_behave/features/steps/stack_steps.py:199
    Then the decoded packet count is 3                                                                              # traffic-gen/tests/stack_behave/features/steps/stack_steps.py:246
    And the generated and decoded hex match                                                                         # traffic-gen/tests/stack_behave/features/steps/stack_steps.py:262

  Scenario Outline: Round-trip preserves frame size for all AEM PDUs -- @1.11                               # traffic-gen/tests/stack_behave/features/dut_decode.feature:65
    Given the protocols root is loaded                                                                      # traffic-gen/tests/stack_behave/features/steps/stack_steps.py:46
    And the application interface "atdecc_aecp_acquire_entity::AECP_ACQUIRE_ENTITY::AECP_ACQUIRE_ENTITY_IF" # traffic-gen/tests/stack_behave/features/steps/stack_steps.py:52
    Given the application interface "atdecc_aecp_set_control::AECP_SET_CONTROL::AECP_SET_CONTROL_IF"        # traffic-gen/tests/stack_behave/features/steps/stack_steps.py:52
    When I generate 3 stacked packets with seed 42 to pcap file "/tmp/rt_set_control.pcap"                  # traffic-gen/tests/stack_behave/features/steps/stack_steps.py:72
    And I decode the pcap file "/tmp/rt_set_control.pcap" against the stack                                 # traffic-gen/tests/stack_behave/features/steps/stack_steps.py:199
    Then the decoded packet count is 3                                                                      # traffic-gen/tests/stack_behave/features/steps/stack_steps.py:246
    And the generated and decoded hex match                                                                 # traffic-gen/tests/stack_behave/features/steps/stack_steps.py:262

  Scenario Outline: Round-trip preserves frame size for all AEM PDUs -- @1.12                                    # traffic-gen/tests/stack_behave/features/dut_decode.feature:66
    Given the protocols root is loaded                                                                           # traffic-gen/tests/stack_behave/features/steps/stack_steps.py:46
    And the application interface "atdecc_aecp_acquire_entity::AECP_ACQUIRE_ENTITY::AECP_ACQUIRE_ENTITY_IF"      # traffic-gen/tests/stack_behave/features/steps/stack_steps.py:52
    Given the application interface "atdecc_aecp_start_operation::AECP_START_OPERATION::AECP_START_OPERATION_IF" # traffic-gen/tests/stack_behave/features/steps/stack_steps.py:52
    When I generate 3 stacked packets with seed 42 to pcap file "/tmp/rt_start_op.pcap"                          # traffic-gen/tests/stack_behave/features/steps/stack_steps.py:72
    And I decode the pcap file "/tmp/rt_start_op.pcap" against the stack                                         # traffic-gen/tests/stack_behave/features/steps/stack_steps.py:199
    Then the decoded packet count is 3                                                                           # traffic-gen/tests/stack_behave/features/steps/stack_steps.py:246
    And the generated and decoded hex match                                                                      # traffic-gen/tests/stack_behave/features/steps/stack_steps.py:262

  Scenario Outline: Round-trip preserves frame size for all AEM PDUs -- @1.13                                    # traffic-gen/tests/stack_behave/features/dut_decode.feature:67
    Given the protocols root is loaded                                                                           # traffic-gen/tests/stack_behave/features/steps/stack_steps.py:46
    And the application interface "atdecc_aecp_acquire_entity::AECP_ACQUIRE_ENTITY::AECP_ACQUIRE_ENTITY_IF"      # traffic-gen/tests/stack_behave/features/steps/stack_steps.py:52
    Given the application interface "atdecc_aecp_abort_operation::AECP_ABORT_OPERATION::AECP_ABORT_OPERATION_IF" # traffic-gen/tests/stack_behave/features/steps/stack_steps.py:52
    When I generate 3 stacked packets with seed 42 to pcap file "/tmp/rt_abort_op.pcap"                          # traffic-gen/tests/stack_behave/features/steps/stack_steps.py:72
    And I decode the pcap file "/tmp/rt_abort_op.pcap" against the stack                                         # traffic-gen/tests/stack_behave/features/steps/stack_steps.py:199
    Then the decoded packet count is 3                                                                           # traffic-gen/tests/stack_behave/features/steps/stack_steps.py:246
    And the generated and decoded hex match                                                                      # traffic-gen/tests/stack_behave/features/steps/stack_steps.py:262

  Scenario Outline: Round-trip preserves frame size for all AEM PDUs -- @1.14                                       # traffic-gen/tests/stack_behave/features/dut_decode.feature:68
    Given the protocols root is loaded                                                                              # traffic-gen/tests/stack_behave/features/steps/stack_steps.py:46
    And the application interface "atdecc_aecp_acquire_entity::AECP_ACQUIRE_ENTITY::AECP_ACQUIRE_ENTITY_IF"         # traffic-gen/tests/stack_behave/features/steps/stack_steps.py:52
    Given the application interface "atdecc_aecp_operation_status::AECP_OPERATION_STATUS::AECP_OPERATION_STATUS_IF" # traffic-gen/tests/stack_behave/features/steps/stack_steps.py:52
    When I generate 3 stacked packets with seed 42 to pcap file "/tmp/rt_op_status.pcap"                            # traffic-gen/tests/stack_behave/features/steps/stack_steps.py:72
    And I decode the pcap file "/tmp/rt_op_status.pcap" against the stack                                           # traffic-gen/tests/stack_behave/features/steps/stack_steps.py:199
    Then the decoded packet count is 3                                                                              # traffic-gen/tests/stack_behave/features/steps/stack_steps.py:246
    And the generated and decoded hex match                                                                         # traffic-gen/tests/stack_behave/features/steps/stack_steps.py:262

  Scenario Outline: Round-trip preserves frame size for all AEM PDUs -- @1.15                               # traffic-gen/tests/stack_behave/features/dut_decode.feature:69
    Given the protocols root is loaded                                                                      # traffic-gen/tests/stack_behave/features/steps/stack_steps.py:46
    And the application interface "atdecc_aecp_acquire_entity::AECP_ACQUIRE_ENTITY::AECP_ACQUIRE_ENTITY_IF" # traffic-gen/tests/stack_behave/features/steps/stack_steps.py:52
    Given the application interface "atdecc_aecp_get_audio_map::AECP_GET_AUDIO_MAP::AECP_GET_AUDIO_MAP_IF"  # traffic-gen/tests/stack_behave/features/steps/stack_steps.py:52
    When I generate 3 stacked packets with seed 42 to pcap file "/tmp/rt_get_audio.pcap"                    # traffic-gen/tests/stack_behave/features/steps/stack_steps.py:72
    And I decode the pcap file "/tmp/rt_get_audio.pcap" against the stack                                   # traffic-gen/tests/stack_behave/features/steps/stack_steps.py:199
    Then the decoded packet count is 3                                                                      # traffic-gen/tests/stack_behave/features/steps/stack_steps.py:246
    And the generated and decoded hex match                                                                 # traffic-gen/tests/stack_behave/features/steps/stack_steps.py:262

  Scenario Outline: Round-trip preserves frame size for all AEM PDUs -- @1.16                                 # traffic-gen/tests/stack_behave/features/dut_decode.feature:70
    Given the protocols root is loaded                                                                        # traffic-gen/tests/stack_behave/features/steps/stack_steps.py:46
    And the application interface "atdecc_aecp_acquire_entity::AECP_ACQUIRE_ENTITY::AECP_ACQUIRE_ENTITY_IF"   # traffic-gen/tests/stack_behave/features/steps/stack_steps.py:52
    Given the application interface "atdecc_aecp_audio_mappings::AECP_AUDIO_MAPPINGS::AECP_AUDIO_MAPPINGS_IF" # traffic-gen/tests/stack_behave/features/steps/stack_steps.py:52
    When I generate 3 stacked packets with seed 42 to pcap file "/tmp/rt_audio_maps.pcap"                     # traffic-gen/tests/stack_behave/features/steps/stack_steps.py:72
    And I decode the pcap file "/tmp/rt_audio_maps.pcap" against the stack                                    # traffic-gen/tests/stack_behave/features/steps/stack_steps.py:199
    Then the decoded packet count is 3                                                                        # traffic-gen/tests/stack_behave/features/steps/stack_steps.py:246
    And the generated and decoded hex match                                                                   # traffic-gen/tests/stack_behave/features/steps/stack_steps.py:262

4 features passed, 0 failed, 0 skipped
115 scenarios passed, 0 failed, 0 skipped
563 steps passed, 0 failed, 0 skipped
Took 0min 1.607s
# end: 2026-09-22T07:29:26Z exit: 0
