# id: 074-replay-behave
# description: Behave workflow step: ./tests/run-tests-behave.sh
# cwd: $VALIDATION_STORAGE/tmp/a162-tsngen15/src/replay-cand
# argv: ./tests/run-tests-behave.sh 
# start: 2026-09-22T07:30:08Z
*** behave: $VALIDATION_STORAGE/tmp/a162-tsngen15/src/replay-cand/traffic-gen/tests/aecp_behave/features
USING RUNNER: behave.runner:Runner
Feature: AECP AEM ACQUIRE_ENTITY and LOCK_ENTITY PDU generation # ../traffic-gen/tests/aecp_behave/features/aecp_acquire_lock_entity.feature:6

  Feature: AECP AEM ACQUIRE_ENTITY and LOCK_ENTITY PDU generation  # ../traffic-gen/tests/aecp_behave/features/aecp_acquire_lock_entity.feature:6

  Scenario: ACQUIRE_ENTITY command_type is always 0                                               # ../traffic-gen/tests/aecp_behave/features/aecp_acquire_lock_entity.feature:15
    Given the AECP protocol directory is loaded                                                   # ../traffic-gen/tests/aecp_behave/features/steps/packet_steps.py:17
    Given the interface "atdecc_aecp_acquire_entity::AECP_ACQUIRE_ENTITY::AECP_ACQUIRE_ENTITY_IF" # ../traffic-gen/tests/aecp_behave/features/steps/packet_steps.py:24
    When I generate 200 packets with seed 10                                                      # ../traffic-gen/tests/aecp_behave/features/steps/packet_steps.py:62
    Then the field "command_type" always equals 0                                                 # ../traffic-gen/tests/aecp_behave/features/steps/packet_steps.py:95

  Scenario: ACQUIRE_ENTITY acquire_entity_flags respects PERSISTENT|RELEASE mask                  # ../traffic-gen/tests/aecp_behave/features/aecp_acquire_lock_entity.feature:20
    Given the AECP protocol directory is loaded                                                   # ../traffic-gen/tests/aecp_behave/features/steps/packet_steps.py:17
    Given the interface "atdecc_aecp_acquire_entity::AECP_ACQUIRE_ENTITY::AECP_ACQUIRE_ENTITY_IF" # ../traffic-gen/tests/aecp_behave/features/steps/packet_steps.py:24
    When I generate 500 packets with seed 11                                                      # ../traffic-gen/tests/aecp_behave/features/steps/packet_steps.py:62
    Then the field "acquire_entity_flags" always satisfies mask 0xC0000000                        # ../traffic-gen/tests/aecp_behave/features/steps/packet_steps.py:126

  Scenario: ACQUIRE_ENTITY descriptor_type is a valid IEEE 1722.1 descriptor                      # ../traffic-gen/tests/aecp_behave/features/aecp_acquire_lock_entity.feature:25
    Given the AECP protocol directory is loaded                                                   # ../traffic-gen/tests/aecp_behave/features/steps/packet_steps.py:17
    Given the interface "atdecc_aecp_acquire_entity::AECP_ACQUIRE_ENTITY::AECP_ACQUIRE_ENTITY_IF" # ../traffic-gen/tests/aecp_behave/features/steps/packet_steps.py:24
    When I generate 500 packets with seed 12                                                      # ../traffic-gen/tests/aecp_behave/features/steps/packet_steps.py:62
    Then the field "descriptor_type" is always in range [0, 37]                                   # ../traffic-gen/tests/aecp_behave/features/steps/packet_steps.py:116

  Scenario: ACQUIRE_ENTITY message_type is AEM_COMMAND or AEM_RESPONSE                            # ../traffic-gen/tests/aecp_behave/features/aecp_acquire_lock_entity.feature:30
    Given the AECP protocol directory is loaded                                                   # ../traffic-gen/tests/aecp_behave/features/steps/packet_steps.py:17
    Given the interface "atdecc_aecp_acquire_entity::AECP_ACQUIRE_ENTITY::AECP_ACQUIRE_ENTITY_IF" # ../traffic-gen/tests/aecp_behave/features/steps/packet_steps.py:24
    When I generate 500 packets with seed 13                                                      # ../traffic-gen/tests/aecp_behave/features/steps/packet_steps.py:62
    Then the field "message_type" is always one of [0, 1]                                         # ../traffic-gen/tests/aecp_behave/features/steps/packet_steps.py:137

  Scenario: ACQUIRE_ENTITY control_data_length is always 36                                       # ../traffic-gen/tests/aecp_behave/features/aecp_acquire_lock_entity.feature:35
    Given the AECP protocol directory is loaded                                                   # ../traffic-gen/tests/aecp_behave/features/steps/packet_steps.py:17
    Given the interface "atdecc_aecp_acquire_entity::AECP_ACQUIRE_ENTITY::AECP_ACQUIRE_ENTITY_IF" # ../traffic-gen/tests/aecp_behave/features/steps/packet_steps.py:24
    When I generate 100 packets with seed 14                                                      # ../traffic-gen/tests/aecp_behave/features/steps/packet_steps.py:62
    Then the field "control_data_length" always equals 36                                         # ../traffic-gen/tests/aecp_behave/features/steps/packet_steps.py:95

  Scenario: ACQUIRE_ENTITY packet is 39 bytes (308 bits padded)                                   # ../traffic-gen/tests/aecp_behave/features/aecp_acquire_lock_entity.feature:40
    Given the AECP protocol directory is loaded                                                   # ../traffic-gen/tests/aecp_behave/features/steps/packet_steps.py:17
    Given the interface "atdecc_aecp_acquire_entity::AECP_ACQUIRE_ENTITY::AECP_ACQUIRE_ENTITY_IF" # ../traffic-gen/tests/aecp_behave/features/steps/packet_steps.py:24
    When I generate 50 packets with seed 15                                                       # ../traffic-gen/tests/aecp_behave/features/steps/packet_steps.py:62
    Then the packet size is always 39 bytes                                                       # ../traffic-gen/tests/aecp_behave/features/steps/packet_steps.py:148

  Scenario: LOCK_ENTITY command_type is always 1                                         # ../traffic-gen/tests/aecp_behave/features/aecp_acquire_lock_entity.feature:49
    Given the AECP protocol directory is loaded                                          # ../traffic-gen/tests/aecp_behave/features/steps/packet_steps.py:17
    Given the interface "atdecc_aecp_lock_entity::AECP_LOCK_ENTITY::AECP_LOCK_ENTITY_IF" # ../traffic-gen/tests/aecp_behave/features/steps/packet_steps.py:24
    When I generate 200 packets with seed 20                                             # ../traffic-gen/tests/aecp_behave/features/steps/packet_steps.py:62
    Then the field "command_type" always equals 1                                        # ../traffic-gen/tests/aecp_behave/features/steps/packet_steps.py:95

  Scenario: LOCK_ENTITY lock_entity_flags respects UNLOCK mask                           # ../traffic-gen/tests/aecp_behave/features/aecp_acquire_lock_entity.feature:54
    Given the AECP protocol directory is loaded                                          # ../traffic-gen/tests/aecp_behave/features/steps/packet_steps.py:17
    Given the interface "atdecc_aecp_lock_entity::AECP_LOCK_ENTITY::AECP_LOCK_ENTITY_IF" # ../traffic-gen/tests/aecp_behave/features/steps/packet_steps.py:24
    When I generate 500 packets with seed 21                                             # ../traffic-gen/tests/aecp_behave/features/steps/packet_steps.py:62
    Then the field "lock_entity_flags" always satisfies mask 0x80000000                  # ../traffic-gen/tests/aecp_behave/features/steps/packet_steps.py:126

  Scenario: LOCK_ENTITY descriptor_type is a valid IEEE 1722.1 descriptor                # ../traffic-gen/tests/aecp_behave/features/aecp_acquire_lock_entity.feature:59
    Given the AECP protocol directory is loaded                                          # ../traffic-gen/tests/aecp_behave/features/steps/packet_steps.py:17
    Given the interface "atdecc_aecp_lock_entity::AECP_LOCK_ENTITY::AECP_LOCK_ENTITY_IF" # ../traffic-gen/tests/aecp_behave/features/steps/packet_steps.py:24
    When I generate 500 packets with seed 22                                             # ../traffic-gen/tests/aecp_behave/features/steps/packet_steps.py:62
    Then the field "descriptor_type" is always in range [0, 37]                          # ../traffic-gen/tests/aecp_behave/features/steps/packet_steps.py:116

  Scenario: LOCK_ENTITY control_data_length is always 36                                 # ../traffic-gen/tests/aecp_behave/features/aecp_acquire_lock_entity.feature:64
    Given the AECP protocol directory is loaded                                          # ../traffic-gen/tests/aecp_behave/features/steps/packet_steps.py:17
    Given the interface "atdecc_aecp_lock_entity::AECP_LOCK_ENTITY::AECP_LOCK_ENTITY_IF" # ../traffic-gen/tests/aecp_behave/features/steps/packet_steps.py:24
    When I generate 100 packets with seed 23                                             # ../traffic-gen/tests/aecp_behave/features/steps/packet_steps.py:62
    Then the field "control_data_length" always equals 36                                # ../traffic-gen/tests/aecp_behave/features/steps/packet_steps.py:95

  Scenario: ACQUIRE_ENTITY packets are written to a pcap capture file                             # ../traffic-gen/tests/aecp_behave/features/aecp_acquire_lock_entity.feature:73
    Given the AECP protocol directory is loaded                                                   # ../traffic-gen/tests/aecp_behave/features/steps/packet_steps.py:17
    Given the interface "atdecc_aecp_acquire_entity::AECP_ACQUIRE_ENTITY::AECP_ACQUIRE_ENTITY_IF" # ../traffic-gen/tests/aecp_behave/features/steps/packet_steps.py:24
    When I generate 10 packets with seed 30 to pcap file "/tmp/aecp_acquire.pcap"                 # ../traffic-gen/tests/aecp_behave/features/steps/packet_steps.py:72
    Then the pcap file "/tmp/aecp_acquire.pcap" exists                                            # ../traffic-gen/tests/aecp_behave/features/steps/packet_steps.py:232
    And the pcap file "/tmp/aecp_acquire.pcap" contains 10 packets                                # ../traffic-gen/tests/aecp_behave/features/steps/packet_steps.py:237

Feature: AECP AEM audio mapping PDU generation # ../traffic-gen/tests/aecp_behave/features/aecp_audio_mapping.feature:7

  Feature: AECP AEM audio mapping PDU generation  # ../traffic-gen/tests/aecp_behave/features/aecp_audio_mapping.feature:7

  Scenario: GET_AUDIO_MAP command_type is always 43                                            # ../traffic-gen/tests/aecp_behave/features/aecp_audio_mapping.feature:16
    Given the AECP protocol directory is loaded                                                # ../traffic-gen/tests/aecp_behave/features/steps/packet_steps.py:17
    Given the interface "atdecc_aecp_get_audio_map::AECP_GET_AUDIO_MAP::AECP_GET_AUDIO_MAP_IF" # ../traffic-gen/tests/aecp_behave/features/steps/packet_steps.py:24
    When I generate 200 packets with seed 150                                                  # ../traffic-gen/tests/aecp_behave/features/steps/packet_steps.py:62
    Then the field "command_type" always equals 43                                             # ../traffic-gen/tests/aecp_behave/features/steps/packet_steps.py:95

  Scenario: GET_AUDIO_MAP control_data_length is always 28                                     # ../traffic-gen/tests/aecp_behave/features/aecp_audio_mapping.feature:21
    Given the AECP protocol directory is loaded                                                # ../traffic-gen/tests/aecp_behave/features/steps/packet_steps.py:17
    Given the interface "atdecc_aecp_get_audio_map::AECP_GET_AUDIO_MAP::AECP_GET_AUDIO_MAP_IF" # ../traffic-gen/tests/aecp_behave/features/steps/packet_steps.py:24
    When I generate 100 packets with seed 151                                                  # ../traffic-gen/tests/aecp_behave/features/steps/packet_steps.py:62
    Then the field "control_data_length" always equals 28                                      # ../traffic-gen/tests/aecp_behave/features/steps/packet_steps.py:95

  Scenario: GET_AUDIO_MAP reserved field is always zero                                        # ../traffic-gen/tests/aecp_behave/features/aecp_audio_mapping.feature:26
    Given the AECP protocol directory is loaded                                                # ../traffic-gen/tests/aecp_behave/features/steps/packet_steps.py:17
    Given the interface "atdecc_aecp_get_audio_map::AECP_GET_AUDIO_MAP::AECP_GET_AUDIO_MAP_IF" # ../traffic-gen/tests/aecp_behave/features/steps/packet_steps.py:24
    When I generate 200 packets with seed 152                                                  # ../traffic-gen/tests/aecp_behave/features/steps/packet_steps.py:62
    Then the field "reserved" always equals 0                                                  # ../traffic-gen/tests/aecp_behave/features/steps/packet_steps.py:95

  Scenario: GET_AUDIO_MAP descriptor_type is a valid IEEE 1722.1 descriptor                    # ../traffic-gen/tests/aecp_behave/features/aecp_audio_mapping.feature:31
    Given the AECP protocol directory is loaded                                                # ../traffic-gen/tests/aecp_behave/features/steps/packet_steps.py:17
    Given the interface "atdecc_aecp_get_audio_map::AECP_GET_AUDIO_MAP::AECP_GET_AUDIO_MAP_IF" # ../traffic-gen/tests/aecp_behave/features/steps/packet_steps.py:24
    When I generate 500 packets with seed 153                                                  # ../traffic-gen/tests/aecp_behave/features/steps/packet_steps.py:62
    Then the field "descriptor_type" is always in range [0, 37]                                # ../traffic-gen/tests/aecp_behave/features/steps/packet_steps.py:116

  Scenario: GET_AUDIO_MAP packet is 31 bytes (244 bits padded)                                 # ../traffic-gen/tests/aecp_behave/features/aecp_audio_mapping.feature:36
    Given the AECP protocol directory is loaded                                                # ../traffic-gen/tests/aecp_behave/features/steps/packet_steps.py:17
    Given the interface "atdecc_aecp_get_audio_map::AECP_GET_AUDIO_MAP::AECP_GET_AUDIO_MAP_IF" # ../traffic-gen/tests/aecp_behave/features/steps/packet_steps.py:24
    When I generate 50 packets with seed 154                                                   # ../traffic-gen/tests/aecp_behave/features/steps/packet_steps.py:62
    Then the packet size is always 31 bytes                                                    # ../traffic-gen/tests/aecp_behave/features/steps/packet_steps.py:148

  Scenario: Audio mappings command_type is ADD or REMOVE                                          # ../traffic-gen/tests/aecp_behave/features/aecp_audio_mapping.feature:45
    Given the AECP protocol directory is loaded                                                   # ../traffic-gen/tests/aecp_behave/features/steps/packet_steps.py:17
    Given the interface "atdecc_aecp_audio_mappings::AECP_AUDIO_MAPPINGS::AECP_AUDIO_MAPPINGS_IF" # ../traffic-gen/tests/aecp_behave/features/steps/packet_steps.py:24
    When I generate 500 packets with seed 160                                                     # ../traffic-gen/tests/aecp_behave/features/steps/packet_steps.py:62
    Then the field "command_type" is always one of [44, 45]                                       # ../traffic-gen/tests/aecp_behave/features/steps/packet_steps.py:137

  Scenario: Audio mappings number_of_mappings is always 1                                         # ../traffic-gen/tests/aecp_behave/features/aecp_audio_mapping.feature:50
    Given the AECP protocol directory is loaded                                                   # ../traffic-gen/tests/aecp_behave/features/steps/packet_steps.py:17
    Given the interface "atdecc_aecp_audio_mappings::AECP_AUDIO_MAPPINGS::AECP_AUDIO_MAPPINGS_IF" # ../traffic-gen/tests/aecp_behave/features/steps/packet_steps.py:24
    When I generate 200 packets with seed 161                                                     # ../traffic-gen/tests/aecp_behave/features/steps/packet_steps.py:62
    Then the field "number_of_mappings" always equals 1                                           # ../traffic-gen/tests/aecp_behave/features/steps/packet_steps.py:95

  Scenario: Audio mappings control_data_length is always 36                                       # ../traffic-gen/tests/aecp_behave/features/aecp_audio_mapping.feature:55
    Given the AECP protocol directory is loaded                                                   # ../traffic-gen/tests/aecp_behave/features/steps/packet_steps.py:17
    Given the interface "atdecc_aecp_audio_mappings::AECP_AUDIO_MAPPINGS::AECP_AUDIO_MAPPINGS_IF" # ../traffic-gen/tests/aecp_behave/features/steps/packet_steps.py:24
    When I generate 100 packets with seed 162                                                     # ../traffic-gen/tests/aecp_behave/features/steps/packet_steps.py:62
    Then the field "control_data_length" always equals 36                                         # ../traffic-gen/tests/aecp_behave/features/steps/packet_steps.py:95

  Scenario: Audio mappings reserved field is always zero                                          # ../traffic-gen/tests/aecp_behave/features/aecp_audio_mapping.feature:60
    Given the AECP protocol directory is loaded                                                   # ../traffic-gen/tests/aecp_behave/features/steps/packet_steps.py:17
    Given the interface "atdecc_aecp_audio_mappings::AECP_AUDIO_MAPPINGS::AECP_AUDIO_MAPPINGS_IF" # ../traffic-gen/tests/aecp_behave/features/steps/packet_steps.py:24
    When I generate 200 packets with seed 163                                                     # ../traffic-gen/tests/aecp_behave/features/steps/packet_steps.py:62
    Then the field "reserved" always equals 0                                                     # ../traffic-gen/tests/aecp_behave/features/steps/packet_steps.py:95

  Scenario: Audio mappings descriptor_type is a valid IEEE 1722.1 descriptor                      # ../traffic-gen/tests/aecp_behave/features/aecp_audio_mapping.feature:65
    Given the AECP protocol directory is loaded                                                   # ../traffic-gen/tests/aecp_behave/features/steps/packet_steps.py:17
    Given the interface "atdecc_aecp_audio_mappings::AECP_AUDIO_MAPPINGS::AECP_AUDIO_MAPPINGS_IF" # ../traffic-gen/tests/aecp_behave/features/steps/packet_steps.py:24
    When I generate 500 packets with seed 164                                                     # ../traffic-gen/tests/aecp_behave/features/steps/packet_steps.py:62
    Then the field "descriptor_type" is always in range [0, 37]                                   # ../traffic-gen/tests/aecp_behave/features/steps/packet_steps.py:116

  Scenario: Audio mappings packet is 39 bytes (308 bits padded)                                   # ../traffic-gen/tests/aecp_behave/features/aecp_audio_mapping.feature:70
    Given the AECP protocol directory is loaded                                                   # ../traffic-gen/tests/aecp_behave/features/steps/packet_steps.py:17
    Given the interface "atdecc_aecp_audio_mappings::AECP_AUDIO_MAPPINGS::AECP_AUDIO_MAPPINGS_IF" # ../traffic-gen/tests/aecp_behave/features/steps/packet_steps.py:24
    When I generate 50 packets with seed 165                                                      # ../traffic-gen/tests/aecp_behave/features/steps/packet_steps.py:62
    Then the packet size is always 39 bytes                                                       # ../traffic-gen/tests/aecp_behave/features/steps/packet_steps.py:148

  Scenario: ADD_AUDIO_MAPPINGS packets are captured to a pcap file                                # ../traffic-gen/tests/aecp_behave/features/aecp_audio_mapping.feature:79
    Given the AECP protocol directory is loaded                                                   # ../traffic-gen/tests/aecp_behave/features/steps/packet_steps.py:17
    Given the interface "atdecc_aecp_audio_mappings::AECP_AUDIO_MAPPINGS::AECP_AUDIO_MAPPINGS_IF" # ../traffic-gen/tests/aecp_behave/features/steps/packet_steps.py:24
    When I generate 15 packets with seed 170 to pcap file "/tmp/aecp_audio_map.pcap"              # ../traffic-gen/tests/aecp_behave/features/steps/packet_steps.py:72
    Then the pcap file "/tmp/aecp_audio_map.pcap" exists                                          # ../traffic-gen/tests/aecp_behave/features/steps/packet_steps.py:232
    And the pcap file "/tmp/aecp_audio_map.pcap" contains 15 packets                              # ../traffic-gen/tests/aecp_behave/features/steps/packet_steps.py:237

Feature: AECP AEM descriptor operation PDU generation # ../traffic-gen/tests/aecp_behave/features/aecp_descriptor_ops.feature:8

  Feature: AECP AEM descriptor operation PDU generation  # ../traffic-gen/tests/aecp_behave/features/aecp_descriptor_ops.feature:8

  Scenario: READ_DESCRIPTOR command_type is always 4                                                 # ../traffic-gen/tests/aecp_behave/features/aecp_descriptor_ops.feature:17
    Given the AECP protocol directory is loaded                                                      # ../traffic-gen/tests/aecp_behave/features/steps/packet_steps.py:17
    Given the interface "atdecc_aecp_read_descriptor::AECP_READ_DESCRIPTOR::AECP_READ_DESCRIPTOR_IF" # ../traffic-gen/tests/aecp_behave/features/steps/packet_steps.py:24
    When I generate 200 packets with seed 40                                                         # ../traffic-gen/tests/aecp_behave/features/steps/packet_steps.py:62
    Then the field "command_type" always equals 4                                                    # ../traffic-gen/tests/aecp_behave/features/steps/packet_steps.py:95

  Scenario: READ_DESCRIPTOR control_data_length is always 28                                         # ../traffic-gen/tests/aecp_behave/features/aecp_descriptor_ops.feature:22
    Given the AECP protocol directory is loaded                                                      # ../traffic-gen/tests/aecp_behave/features/steps/packet_steps.py:17
    Given the interface "atdecc_aecp_read_descriptor::AECP_READ_DESCRIPTOR::AECP_READ_DESCRIPTOR_IF" # ../traffic-gen/tests/aecp_behave/features/steps/packet_steps.py:24
    When I generate 100 packets with seed 41                                                         # ../traffic-gen/tests/aecp_behave/features/steps/packet_steps.py:62
    Then the field "control_data_length" always equals 28                                            # ../traffic-gen/tests/aecp_behave/features/steps/packet_steps.py:95

  Scenario: READ_DESCRIPTOR reserved field is always zero                                            # ../traffic-gen/tests/aecp_behave/features/aecp_descriptor_ops.feature:27
    Given the AECP protocol directory is loaded                                                      # ../traffic-gen/tests/aecp_behave/features/steps/packet_steps.py:17
    Given the interface "atdecc_aecp_read_descriptor::AECP_READ_DESCRIPTOR::AECP_READ_DESCRIPTOR_IF" # ../traffic-gen/tests/aecp_behave/features/steps/packet_steps.py:24
    When I generate 200 packets with seed 42                                                         # ../traffic-gen/tests/aecp_behave/features/steps/packet_steps.py:62
    Then the field "reserved" always equals 0                                                        # ../traffic-gen/tests/aecp_behave/features/steps/packet_steps.py:95

  Scenario: READ_DESCRIPTOR descriptor_type is a valid IEEE 1722.1 descriptor                        # ../traffic-gen/tests/aecp_behave/features/aecp_descriptor_ops.feature:32
    Given the AECP protocol directory is loaded                                                      # ../traffic-gen/tests/aecp_behave/features/steps/packet_steps.py:17
    Given the interface "atdecc_aecp_read_descriptor::AECP_READ_DESCRIPTOR::AECP_READ_DESCRIPTOR_IF" # ../traffic-gen/tests/aecp_behave/features/steps/packet_steps.py:24
    When I generate 500 packets with seed 43                                                         # ../traffic-gen/tests/aecp_behave/features/steps/packet_steps.py:62
    Then the field "descriptor_type" is always in range [0, 37]                                      # ../traffic-gen/tests/aecp_behave/features/steps/packet_steps.py:116

  Scenario: READ_DESCRIPTOR packet is 31 bytes (244 bits padded)                                     # ../traffic-gen/tests/aecp_behave/features/aecp_descriptor_ops.feature:37
    Given the AECP protocol directory is loaded                                                      # ../traffic-gen/tests/aecp_behave/features/steps/packet_steps.py:17
    Given the interface "atdecc_aecp_read_descriptor::AECP_READ_DESCRIPTOR::AECP_READ_DESCRIPTOR_IF" # ../traffic-gen/tests/aecp_behave/features/steps/packet_steps.py:24
    When I generate 50 packets with seed 44                                                          # ../traffic-gen/tests/aecp_behave/features/steps/packet_steps.py:62
    Then the packet size is always 31 bytes                                                          # ../traffic-gen/tests/aecp_behave/features/steps/packet_steps.py:148

  Scenario: SET_CONFIGURATION command_type is always 6                                                     # ../traffic-gen/tests/aecp_behave/features/aecp_descriptor_ops.feature:46
    Given the AECP protocol directory is loaded                                                            # ../traffic-gen/tests/aecp_behave/features/steps/packet_steps.py:17
    Given the interface "atdecc_aecp_set_configuration::AECP_SET_CONFIGURATION::AECP_SET_CONFIGURATION_IF" # ../traffic-gen/tests/aecp_behave/features/steps/packet_steps.py:24
    When I generate 200 packets with seed 50                                                               # ../traffic-gen/tests/aecp_behave/features/steps/packet_steps.py:62
    Then the field "command_type" always equals 6                                                          # ../traffic-gen/tests/aecp_behave/features/steps/packet_steps.py:95

  Scenario: SET_CONFIGURATION control_data_length is always 24                                             # ../traffic-gen/tests/aecp_behave/features/aecp_descriptor_ops.feature:51
    Given the AECP protocol directory is loaded                                                            # ../traffic-gen/tests/aecp_behave/features/steps/packet_steps.py:17
    Given the interface "atdecc_aecp_set_configuration::AECP_SET_CONFIGURATION::AECP_SET_CONFIGURATION_IF" # ../traffic-gen/tests/aecp_behave/features/steps/packet_steps.py:24
    When I generate 100 packets with seed 51                                                               # ../traffic-gen/tests/aecp_behave/features/steps/packet_steps.py:62
    Then the field "control_data_length" always equals 24                                                  # ../traffic-gen/tests/aecp_behave/features/steps/packet_steps.py:95

  Scenario: SET_CONFIGURATION reserved field is always zero                                                # ../traffic-gen/tests/aecp_behave/features/aecp_descriptor_ops.feature:56
    Given the AECP protocol directory is loaded                                                            # ../traffic-gen/tests/aecp_behave/features/steps/packet_steps.py:17
    Given the interface "atdecc_aecp_set_configuration::AECP_SET_CONFIGURATION::AECP_SET_CONFIGURATION_IF" # ../traffic-gen/tests/aecp_behave/features/steps/packet_steps.py:24
    When I generate 200 packets with seed 52                                                               # ../traffic-gen/tests/aecp_behave/features/steps/packet_steps.py:62
    Then the field "reserved" always equals 0                                                              # ../traffic-gen/tests/aecp_behave/features/steps/packet_steps.py:95

  Scenario: SET_CONFIGURATION packet is 27 bytes (212 bits padded)                                         # ../traffic-gen/tests/aecp_behave/features/aecp_descriptor_ops.feature:61
    Given the AECP protocol directory is loaded                                                            # ../traffic-gen/tests/aecp_behave/features/steps/packet_steps.py:17
    Given the interface "atdecc_aecp_set_configuration::AECP_SET_CONFIGURATION::AECP_SET_CONFIGURATION_IF" # ../traffic-gen/tests/aecp_behave/features/steps/packet_steps.py:24
    When I generate 50 packets with seed 53                                                                # ../traffic-gen/tests/aecp_behave/features/steps/packet_steps.py:62
    Then the packet size is always 27 bytes                                                                # ../traffic-gen/tests/aecp_behave/features/steps/packet_steps.py:148

  Scenario: Descriptor query command_type is one of the defined query commands                                # ../traffic-gen/tests/aecp_behave/features/aecp_descriptor_ops.feature:70
    Given the AECP protocol directory is loaded                                                               # ../traffic-gen/tests/aecp_behave/features/steps/packet_steps.py:17
    Given the interface "atdecc_aecp_aem_descriptor_query::AECP_AEM_DESCRIPTOR_QUERY::AECP_AEM_DESC_QUERY_IF" # ../traffic-gen/tests/aecp_behave/features/steps/packet_steps.py:24
    When I generate 500 packets with seed 60                                                                  # ../traffic-gen/tests/aecp_behave/features/steps/packet_steps.py:62
    Then the field "command_type" is always one of [9, 15, 21, 23, 25, 26, 27, 34, 35, 39, 40, 41, 42]        # ../traffic-gen/tests/aecp_behave/features/steps/packet_steps.py:137

  Scenario: Descriptor query control_data_length is always 24                                                 # ../traffic-gen/tests/aecp_behave/features/aecp_descriptor_ops.feature:75
    Given the AECP protocol directory is loaded                                                               # ../traffic-gen/tests/aecp_behave/features/steps/packet_steps.py:17
    Given the interface "atdecc_aecp_aem_descriptor_query::AECP_AEM_DESCRIPTOR_QUERY::AECP_AEM_DESC_QUERY_IF" # ../traffic-gen/tests/aecp_behave/features/steps/packet_steps.py:24
    When I generate 100 packets with seed 61                                                                  # ../traffic-gen/tests/aecp_behave/features/steps/packet_steps.py:62
    Then the field "control_data_length" always equals 24                                                     # ../traffic-gen/tests/aecp_behave/features/steps/packet_steps.py:95

  Scenario: Descriptor query descriptor_type is a valid IEEE 1722.1 descriptor                                # ../traffic-gen/tests/aecp_behave/features/aecp_descriptor_ops.feature:80
    Given the AECP protocol directory is loaded                                                               # ../traffic-gen/tests/aecp_behave/features/steps/packet_steps.py:17
    Given the interface "atdecc_aecp_aem_descriptor_query::AECP_AEM_DESCRIPTOR_QUERY::AECP_AEM_DESC_QUERY_IF" # ../traffic-gen/tests/aecp_behave/features/steps/packet_steps.py:24
    When I generate 500 packets with seed 62                                                                  # ../traffic-gen/tests/aecp_behave/features/steps/packet_steps.py:62
    Then the field "descriptor_type" is always in range [0, 37]                                               # ../traffic-gen/tests/aecp_behave/features/steps/packet_steps.py:116

  Scenario: Descriptor query packet is 27 bytes (212 bits padded)                                             # ../traffic-gen/tests/aecp_behave/features/aecp_descriptor_ops.feature:85
    Given the AECP protocol directory is loaded                                                               # ../traffic-gen/tests/aecp_behave/features/steps/packet_steps.py:17
    Given the interface "atdecc_aecp_aem_descriptor_query::AECP_AEM_DESCRIPTOR_QUERY::AECP_AEM_DESC_QUERY_IF" # ../traffic-gen/tests/aecp_behave/features/steps/packet_steps.py:24
    When I generate 50 packets with seed 63                                                                   # ../traffic-gen/tests/aecp_behave/features/steps/packet_steps.py:62
    Then the packet size is always 27 bytes                                                                   # ../traffic-gen/tests/aecp_behave/features/steps/packet_steps.py:148

Feature: AECP AEM name and control PDU generation # ../traffic-gen/tests/aecp_behave/features/aecp_name_control.feature:8

  Feature: AECP AEM name and control PDU generation  # ../traffic-gen/tests/aecp_behave/features/aecp_name_control.feature:8

  Scenario: SET_NAME command_type is always 16                                  # ../traffic-gen/tests/aecp_behave/features/aecp_name_control.feature:17
    Given the AECP protocol directory is loaded                                 # ../traffic-gen/tests/aecp_behave/features/steps/packet_steps.py:17
    Given the interface "atdecc_aecp_set_name::AECP_SET_NAME::AECP_SET_NAME_IF" # ../traffic-gen/tests/aecp_behave/features/steps/packet_steps.py:24
    When I generate 200 packets with seed 100                                   # ../traffic-gen/tests/aecp_behave/features/steps/packet_steps.py:62
    Then the field "command_type" always equals 16                              # ../traffic-gen/tests/aecp_behave/features/steps/packet_steps.py:95

  Scenario: SET_NAME control_data_length is always 92                           # ../traffic-gen/tests/aecp_behave/features/aecp_name_control.feature:22
    Given the AECP protocol directory is loaded                                 # ../traffic-gen/tests/aecp_behave/features/steps/packet_steps.py:17
    Given the interface "atdecc_aecp_set_name::AECP_SET_NAME::AECP_SET_NAME_IF" # ../traffic-gen/tests/aecp_behave/features/steps/packet_steps.py:24
    When I generate 100 packets with seed 101                                   # ../traffic-gen/tests/aecp_behave/features/steps/packet_steps.py:62
    Then the field "control_data_length" always equals 92                       # ../traffic-gen/tests/aecp_behave/features/steps/packet_steps.py:95

  Scenario: SET_NAME descriptor_type is a valid IEEE 1722.1 descriptor          # ../traffic-gen/tests/aecp_behave/features/aecp_name_control.feature:27
    Given the AECP protocol directory is loaded                                 # ../traffic-gen/tests/aecp_behave/features/steps/packet_steps.py:17
    Given the interface "atdecc_aecp_set_name::AECP_SET_NAME::AECP_SET_NAME_IF" # ../traffic-gen/tests/aecp_behave/features/steps/packet_steps.py:24
    When I generate 500 packets with seed 102                                   # ../traffic-gen/tests/aecp_behave/features/steps/packet_steps.py:62
    Then the field "descriptor_type" is always in range [0, 37]                 # ../traffic-gen/tests/aecp_behave/features/steps/packet_steps.py:116

  Scenario: SET_NAME packet is 95 bytes (756 bits padded)                       # ../traffic-gen/tests/aecp_behave/features/aecp_name_control.feature:32
    Given the AECP protocol directory is loaded                                 # ../traffic-gen/tests/aecp_behave/features/steps/packet_steps.py:17
    Given the interface "atdecc_aecp_set_name::AECP_SET_NAME::AECP_SET_NAME_IF" # ../traffic-gen/tests/aecp_behave/features/steps/packet_steps.py:24
    When I generate 50 packets with seed 103                                    # ../traffic-gen/tests/aecp_behave/features/steps/packet_steps.py:62
    Then the packet size is always 95 bytes                                     # ../traffic-gen/tests/aecp_behave/features/steps/packet_steps.py:148

  Scenario: GET_NAME command_type is always 17                                  # ../traffic-gen/tests/aecp_behave/features/aecp_name_control.feature:41
    Given the AECP protocol directory is loaded                                 # ../traffic-gen/tests/aecp_behave/features/steps/packet_steps.py:17
    Given the interface "atdecc_aecp_get_name::AECP_GET_NAME::AECP_GET_NAME_IF" # ../traffic-gen/tests/aecp_behave/features/steps/packet_steps.py:24
    When I generate 200 packets with seed 110                                   # ../traffic-gen/tests/aecp_behave/features/steps/packet_steps.py:62
    Then the field "command_type" always equals 17                              # ../traffic-gen/tests/aecp_behave/features/steps/packet_steps.py:95

  Scenario: GET_NAME control_data_length is always 28                           # ../traffic-gen/tests/aecp_behave/features/aecp_name_control.feature:46
    Given the AECP protocol directory is loaded                                 # ../traffic-gen/tests/aecp_behave/features/steps/packet_steps.py:17
    Given the interface "atdecc_aecp_get_name::AECP_GET_NAME::AECP_GET_NAME_IF" # ../traffic-gen/tests/aecp_behave/features/steps/packet_steps.py:24
    When I generate 100 packets with seed 111                                   # ../traffic-gen/tests/aecp_behave/features/steps/packet_steps.py:62
    Then the field "control_data_length" always equals 28                       # ../traffic-gen/tests/aecp_behave/features/steps/packet_steps.py:95

  Scenario: GET_NAME packet is 31 bytes (244 bits padded)                       # ../traffic-gen/tests/aecp_behave/features/aecp_name_control.feature:51
    Given the AECP protocol directory is loaded                                 # ../traffic-gen/tests/aecp_behave/features/steps/packet_steps.py:17
    Given the interface "atdecc_aecp_get_name::AECP_GET_NAME::AECP_GET_NAME_IF" # ../traffic-gen/tests/aecp_behave/features/steps/packet_steps.py:24
    When I generate 50 packets with seed 112                                    # ../traffic-gen/tests/aecp_behave/features/steps/packet_steps.py:62
    Then the packet size is always 31 bytes                                     # ../traffic-gen/tests/aecp_behave/features/steps/packet_steps.py:148

  Scenario: SET_SAMPLING_RATE command_type is always 20                                                    # ../traffic-gen/tests/aecp_behave/features/aecp_name_control.feature:60
    Given the AECP protocol directory is loaded                                                            # ../traffic-gen/tests/aecp_behave/features/steps/packet_steps.py:17
    Given the interface "atdecc_aecp_set_sampling_rate::AECP_SET_SAMPLING_RATE::AECP_SET_SAMPLING_RATE_IF" # ../traffic-gen/tests/aecp_behave/features/steps/packet_steps.py:24
    When I generate 200 packets with seed 120                                                              # ../traffic-gen/tests/aecp_behave/features/steps/packet_steps.py:62
    Then the field "command_type" always equals 20                                                         # ../traffic-gen/tests/aecp_behave/features/steps/packet_steps.py:95

  Scenario: SET_SAMPLING_RATE control_data_length is always 28                                             # ../traffic-gen/tests/aecp_behave/features/aecp_name_control.feature:65
    Given the AECP protocol directory is loaded                                                            # ../traffic-gen/tests/aecp_behave/features/steps/packet_steps.py:17
    Given the interface "atdecc_aecp_set_sampling_rate::AECP_SET_SAMPLING_RATE::AECP_SET_SAMPLING_RATE_IF" # ../traffic-gen/tests/aecp_behave/features/steps/packet_steps.py:24
    When I generate 100 packets with seed 121                                                              # ../traffic-gen/tests/aecp_behave/features/steps/packet_steps.py:62
    Then the field "control_data_length" always equals 28                                                  # ../traffic-gen/tests/aecp_behave/features/steps/packet_steps.py:95

  Scenario: SET_SAMPLING_RATE descriptor_type is a valid IEEE 1722.1 descriptor                            # ../traffic-gen/tests/aecp_behave/features/aecp_name_control.feature:70
    Given the AECP protocol directory is loaded                                                            # ../traffic-gen/tests/aecp_behave/features/steps/packet_steps.py:17
    Given the interface "atdecc_aecp_set_sampling_rate::AECP_SET_SAMPLING_RATE::AECP_SET_SAMPLING_RATE_IF" # ../traffic-gen/tests/aecp_behave/features/steps/packet_steps.py:24
    When I generate 500 packets with seed 122                                                              # ../traffic-gen/tests/aecp_behave/features/steps/packet_steps.py:62
    Then the field "descriptor_type" is always in range [0, 37]                                            # ../traffic-gen/tests/aecp_behave/features/steps/packet_steps.py:116

  Scenario: SET_CLOCK_SOURCE command_type is always 22                                                  # ../traffic-gen/tests/aecp_behave/features/aecp_name_control.feature:79
    Given the AECP protocol directory is loaded                                                         # ../traffic-gen/tests/aecp_behave/features/steps/packet_steps.py:17
    Given the interface "atdecc_aecp_set_clock_source::AECP_SET_CLOCK_SOURCE::AECP_SET_CLOCK_SOURCE_IF" # ../traffic-gen/tests/aecp_behave/features/steps/packet_steps.py:24
    When I generate 200 packets with seed 130                                                           # ../traffic-gen/tests/aecp_behave/features/steps/packet_steps.py:62
    Then the field "command_type" always equals 22                                                      # ../traffic-gen/tests/aecp_behave/features/steps/packet_steps.py:95

  Scenario: SET_CLOCK_SOURCE control_data_length is always 28                                           # ../traffic-gen/tests/aecp_behave/features/aecp_name_control.feature:84
    Given the AECP protocol directory is loaded                                                         # ../traffic-gen/tests/aecp_behave/features/steps/packet_steps.py:17
    Given the interface "atdecc_aecp_set_clock_source::AECP_SET_CLOCK_SOURCE::AECP_SET_CLOCK_SOURCE_IF" # ../traffic-gen/tests/aecp_behave/features/steps/packet_steps.py:24
    When I generate 100 packets with seed 131                                                           # ../traffic-gen/tests/aecp_behave/features/steps/packet_steps.py:62
    Then the field "control_data_length" always equals 28                                               # ../traffic-gen/tests/aecp_behave/features/steps/packet_steps.py:95

  Scenario: SET_CLOCK_SOURCE reserved field is always zero                                              # ../traffic-gen/tests/aecp_behave/features/aecp_name_control.feature:89
    Given the AECP protocol directory is loaded                                                         # ../traffic-gen/tests/aecp_behave/features/steps/packet_steps.py:17
    Given the interface "atdecc_aecp_set_clock_source::AECP_SET_CLOCK_SOURCE::AECP_SET_CLOCK_SOURCE_IF" # ../traffic-gen/tests/aecp_behave/features/steps/packet_steps.py:24
    When I generate 200 packets with seed 132                                                           # ../traffic-gen/tests/aecp_behave/features/steps/packet_steps.py:62
    Then the field "reserved" always equals 0                                                           # ../traffic-gen/tests/aecp_behave/features/steps/packet_steps.py:95

  Scenario: SET_CONTROL command_type is always 24                                        # ../traffic-gen/tests/aecp_behave/features/aecp_name_control.feature:98
    Given the AECP protocol directory is loaded                                          # ../traffic-gen/tests/aecp_behave/features/steps/packet_steps.py:17
    Given the interface "atdecc_aecp_set_control::AECP_SET_CONTROL::AECP_SET_CONTROL_IF" # ../traffic-gen/tests/aecp_behave/features/steps/packet_steps.py:24
    When I generate 200 packets with seed 140                                            # ../traffic-gen/tests/aecp_behave/features/steps/packet_steps.py:62
    Then the field "command_type" always equals 24                                       # ../traffic-gen/tests/aecp_behave/features/steps/packet_steps.py:95

  Scenario: SET_CONTROL control_data_length is always 32                                 # ../traffic-gen/tests/aecp_behave/features/aecp_name_control.feature:103
    Given the AECP protocol directory is loaded                                          # ../traffic-gen/tests/aecp_behave/features/steps/packet_steps.py:17
    Given the interface "atdecc_aecp_set_control::AECP_SET_CONTROL::AECP_SET_CONTROL_IF" # ../traffic-gen/tests/aecp_behave/features/steps/packet_steps.py:24
    When I generate 100 packets with seed 141                                            # ../traffic-gen/tests/aecp_behave/features/steps/packet_steps.py:62
    Then the field "control_data_length" always equals 32                                # ../traffic-gen/tests/aecp_behave/features/steps/packet_steps.py:95

  Scenario: SET_CONTROL descriptor_type is a valid IEEE 1722.1 descriptor                # ../traffic-gen/tests/aecp_behave/features/aecp_name_control.feature:108
    Given the AECP protocol directory is loaded                                          # ../traffic-gen/tests/aecp_behave/features/steps/packet_steps.py:17
    Given the interface "atdecc_aecp_set_control::AECP_SET_CONTROL::AECP_SET_CONTROL_IF" # ../traffic-gen/tests/aecp_behave/features/steps/packet_steps.py:24
    When I generate 500 packets with seed 142                                            # ../traffic-gen/tests/aecp_behave/features/steps/packet_steps.py:62
    Then the field "descriptor_type" is always in range [0, 37]                          # ../traffic-gen/tests/aecp_behave/features/steps/packet_steps.py:116

  Scenario: SET_CONTROL packet is 35 bytes (276 bits padded)                             # ../traffic-gen/tests/aecp_behave/features/aecp_name_control.feature:113
    Given the AECP protocol directory is loaded                                          # ../traffic-gen/tests/aecp_behave/features/steps/packet_steps.py:17
    Given the interface "atdecc_aecp_set_control::AECP_SET_CONTROL::AECP_SET_CONTROL_IF" # ../traffic-gen/tests/aecp_behave/features/steps/packet_steps.py:24
    When I generate 50 packets with seed 143                                             # ../traffic-gen/tests/aecp_behave/features/steps/packet_steps.py:62
    Then the packet size is always 35 bytes                                              # ../traffic-gen/tests/aecp_behave/features/steps/packet_steps.py:148

Feature: AECP non-AEM PDU generation (ADDRESS_ACCESS and VENDOR_UNIQUE) # ../traffic-gen/tests/aecp_behave/features/aecp_non_aem.feature:7

  Feature: AECP non-AEM PDU generation (ADDRESS_ACCESS and VENDOR_UNIQUE)  # ../traffic-gen/tests/aecp_behave/features/aecp_non_aem.feature:7

  Scenario: ADDRESS_ACCESS message_type is COMMAND or RESPONSE                                    # ../traffic-gen/tests/aecp_behave/features/aecp_non_aem.feature:16
    Given the AECP protocol directory is loaded                                                   # ../traffic-gen/tests/aecp_behave/features/steps/packet_steps.py:17
    Given the interface "atdecc_aecp_address_access::AECP_ADDRESS_ACCESS::AECP_ADDRESS_ACCESS_IF" # ../traffic-gen/tests/aecp_behave/features/steps/packet_steps.py:24
    When I generate 500 packets with seed 300                                                     # ../traffic-gen/tests/aecp_behave/features/steps/packet_steps.py:62
    Then the field "message_type" is always one of [2, 3]                                         # ../traffic-gen/tests/aecp_behave/features/steps/packet_steps.py:137

  Scenario: ADDRESS_ACCESS control_data_length is always 38                                       # ../traffic-gen/tests/aecp_behave/features/aecp_non_aem.feature:21
    Given the AECP protocol directory is loaded                                                   # ../traffic-gen/tests/aecp_behave/features/steps/packet_steps.py:17
    Given the interface "atdecc_aecp_address_access::AECP_ADDRESS_ACCESS::AECP_ADDRESS_ACCESS_IF" # ../traffic-gen/tests/aecp_behave/features/steps/packet_steps.py:24
    When I generate 100 packets with seed 301                                                     # ../traffic-gen/tests/aecp_behave/features/steps/packet_steps.py:62
    Then the field "control_data_length" always equals 38                                         # ../traffic-gen/tests/aecp_behave/features/steps/packet_steps.py:95

  Scenario: ADDRESS_ACCESS tlv_count is always 1                                                  # ../traffic-gen/tests/aecp_behave/features/aecp_non_aem.feature:26
    Given the AECP protocol directory is loaded                                                   # ../traffic-gen/tests/aecp_behave/features/steps/packet_steps.py:17
    Given the interface "atdecc_aecp_address_access::AECP_ADDRESS_ACCESS::AECP_ADDRESS_ACCESS_IF" # ../traffic-gen/tests/aecp_behave/features/steps/packet_steps.py:24
    When I generate 200 packets with seed 302                                                     # ../traffic-gen/tests/aecp_behave/features/steps/packet_steps.py:62
    Then the field "tlv_count" always equals 1                                                    # ../traffic-gen/tests/aecp_behave/features/steps/packet_steps.py:95

  Scenario: ADDRESS_ACCESS tlv_length_and_mode respects defined bit mask                          # ../traffic-gen/tests/aecp_behave/features/aecp_non_aem.feature:31
    Given the AECP protocol directory is loaded                                                   # ../traffic-gen/tests/aecp_behave/features/steps/packet_steps.py:17
    Given the interface "atdecc_aecp_address_access::AECP_ADDRESS_ACCESS::AECP_ADDRESS_ACCESS_IF" # ../traffic-gen/tests/aecp_behave/features/steps/packet_steps.py:24
    When I generate 500 packets with seed 303                                                     # ../traffic-gen/tests/aecp_behave/features/steps/packet_steps.py:62
    Then the field "tlv_length_and_mode" always satisfies mask 0xFF0F                             # ../traffic-gen/tests/aecp_behave/features/steps/packet_steps.py:126

  Scenario: ADDRESS_ACCESS packet is 41 bytes (324 bits padded)                                   # ../traffic-gen/tests/aecp_behave/features/aecp_non_aem.feature:36
    Given the AECP protocol directory is loaded                                                   # ../traffic-gen/tests/aecp_behave/features/steps/packet_steps.py:17
    Given the interface "atdecc_aecp_address_access::AECP_ADDRESS_ACCESS::AECP_ADDRESS_ACCESS_IF" # ../traffic-gen/tests/aecp_behave/features/steps/packet_steps.py:24
    When I generate 50 packets with seed 304                                                      # ../traffic-gen/tests/aecp_behave/features/steps/packet_steps.py:62
    Then the packet size is always 41 bytes                                                       # ../traffic-gen/tests/aecp_behave/features/steps/packet_steps.py:148

  Scenario: ADDRESS_ACCESS packets are captured to a pcap file                                    # ../traffic-gen/tests/aecp_behave/features/aecp_non_aem.feature:41
    Given the AECP protocol directory is loaded                                                   # ../traffic-gen/tests/aecp_behave/features/steps/packet_steps.py:17
    Given the interface "atdecc_aecp_address_access::AECP_ADDRESS_ACCESS::AECP_ADDRESS_ACCESS_IF" # ../traffic-gen/tests/aecp_behave/features/steps/packet_steps.py:24
    When I generate 20 packets with seed 310 to pcap file "/tmp/aecp_addr_access.pcap"            # ../traffic-gen/tests/aecp_behave/features/steps/packet_steps.py:72
    Then the pcap file "/tmp/aecp_addr_access.pcap" exists                                        # ../traffic-gen/tests/aecp_behave/features/steps/packet_steps.py:232
    And the pcap file "/tmp/aecp_addr_access.pcap" contains 20 packets                            # ../traffic-gen/tests/aecp_behave/features/steps/packet_steps.py:237

  Scenario: VENDOR_UNIQUE message_type is COMMAND or RESPONSE                                  # ../traffic-gen/tests/aecp_behave/features/aecp_non_aem.feature:51
    Given the AECP protocol directory is loaded                                                # ../traffic-gen/tests/aecp_behave/features/steps/packet_steps.py:17
    Given the interface "atdecc_aecp_vendor_unique::AECP_VENDOR_UNIQUE::AECP_VENDOR_UNIQUE_IF" # ../traffic-gen/tests/aecp_behave/features/steps/packet_steps.py:24
    When I generate 500 packets with seed 320                                                  # ../traffic-gen/tests/aecp_behave/features/steps/packet_steps.py:62
    Then the field "message_type" is always one of [6, 7]                                      # ../traffic-gen/tests/aecp_behave/features/steps/packet_steps.py:137

  Scenario: VENDOR_UNIQUE control_data_length is always 32                                     # ../traffic-gen/tests/aecp_behave/features/aecp_non_aem.feature:56
    Given the AECP protocol directory is loaded                                                # ../traffic-gen/tests/aecp_behave/features/steps/packet_steps.py:17
    Given the interface "atdecc_aecp_vendor_unique::AECP_VENDOR_UNIQUE::AECP_VENDOR_UNIQUE_IF" # ../traffic-gen/tests/aecp_behave/features/steps/packet_steps.py:24
    When I generate 100 packets with seed 321                                                  # ../traffic-gen/tests/aecp_behave/features/steps/packet_steps.py:62
    Then the field "control_data_length" always equals 32                                      # ../traffic-gen/tests/aecp_behave/features/steps/packet_steps.py:95

  Scenario: VENDOR_UNIQUE packet is 35 bytes (276 bits padded)                                 # ../traffic-gen/tests/aecp_behave/features/aecp_non_aem.feature:61
    Given the AECP protocol directory is loaded                                                # ../traffic-gen/tests/aecp_behave/features/steps/packet_steps.py:17
    Given the interface "atdecc_aecp_vendor_unique::AECP_VENDOR_UNIQUE::AECP_VENDOR_UNIQUE_IF" # ../traffic-gen/tests/aecp_behave/features/steps/packet_steps.py:24
    When I generate 50 packets with seed 322                                                   # ../traffic-gen/tests/aecp_behave/features/steps/packet_steps.py:62
    Then the packet size is always 35 bytes                                                    # ../traffic-gen/tests/aecp_behave/features/steps/packet_steps.py:148

  Scenario: VENDOR_UNIQUE packets are captured to a pcap file                                  # ../traffic-gen/tests/aecp_behave/features/aecp_non_aem.feature:66
    Given the AECP protocol directory is loaded                                                # ../traffic-gen/tests/aecp_behave/features/steps/packet_steps.py:17
    Given the interface "atdecc_aecp_vendor_unique::AECP_VENDOR_UNIQUE::AECP_VENDOR_UNIQUE_IF" # ../traffic-gen/tests/aecp_behave/features/steps/packet_steps.py:24
    When I generate 30 packets with seed 330 to pcap file "/tmp/aecp_vendor_unique.pcap"       # ../traffic-gen/tests/aecp_behave/features/steps/packet_steps.py:72
    Then the pcap file "/tmp/aecp_vendor_unique.pcap" exists                                   # ../traffic-gen/tests/aecp_behave/features/steps/packet_steps.py:232
    And the pcap file "/tmp/aecp_vendor_unique.pcap" contains 30 packets                       # ../traffic-gen/tests/aecp_behave/features/steps/packet_steps.py:237

  @hardware
  Scenario: ADDRESS_ACCESS packets are sent on a raw network interface                            # ../traffic-gen/tests/aecp_behave/features/aecp_non_aem.feature:77
    Given the AECP protocol directory is loaded                                                   # None
    Given the interface "atdecc_aecp_address_access::AECP_ADDRESS_ACCESS::AECP_ADDRESS_ACCESS_IF" # None
    When I generate 5 packets with seed 340 to raw interface "lo"                                 # None
    Then the field "message_type" is always one of [2, 3]                                         # None

  @verilator
  Scenario: VENDOR_UNIQUE packets are sent to a Verilator DUT                                  # ../traffic-gen/tests/aecp_behave/features/aecp_non_aem.feature:83
    Given the AECP protocol directory is loaded                                                # None
    Given the interface "atdecc_aecp_vendor_unique::AECP_VENDOR_UNIQUE::AECP_VENDOR_UNIQUE_IF" # None
    When I generate 5 packets with seed 350 to verilator socket "/tmp/verilator.sock"          # None
    Then the field "message_type" is always one of [6, 7]                                      # None

Feature: AECP AEM operation and no-payload PDU generation # ../traffic-gen/tests/aecp_behave/features/aecp_operations.feature:8

  Feature: AECP AEM operation and no-payload PDU generation  # ../traffic-gen/tests/aecp_behave/features/aecp_operations.feature:8

  Scenario: START_OPERATION command_type is always 52                                                # ../traffic-gen/tests/aecp_behave/features/aecp_operations.feature:17
    Given the AECP protocol directory is loaded                                                      # ../traffic-gen/tests/aecp_behave/features/steps/packet_steps.py:17
    Given the interface "atdecc_aecp_start_operation::AECP_START_OPERATION::AECP_START_OPERATION_IF" # ../traffic-gen/tests/aecp_behave/features/steps/packet_steps.py:24
    When I generate 200 packets with seed 200                                                        # ../traffic-gen/tests/aecp_behave/features/steps/packet_steps.py:62
    Then the field "command_type" always equals 52                                                   # ../traffic-gen/tests/aecp_behave/features/steps/packet_steps.py:95

  Scenario: START_OPERATION control_data_length is always 28                                         # ../traffic-gen/tests/aecp_behave/features/aecp_operations.feature:22
    Given the AECP protocol directory is loaded                                                      # ../traffic-gen/tests/aecp_behave/features/steps/packet_steps.py:17
    Given the interface "atdecc_aecp_start_operation::AECP_START_OPERATION::AECP_START_OPERATION_IF" # ../traffic-gen/tests/aecp_behave/features/steps/packet_steps.py:24
    When I generate 100 packets with seed 201                                                        # ../traffic-gen/tests/aecp_behave/features/steps/packet_steps.py:62
    Then the field "control_data_length" always equals 28                                            # ../traffic-gen/tests/aecp_behave/features/steps/packet_steps.py:95

  Scenario: START_OPERATION descriptor_type is a valid IEEE 1722.1 descriptor                        # ../traffic-gen/tests/aecp_behave/features/aecp_operations.feature:27
    Given the AECP protocol directory is loaded                                                      # ../traffic-gen/tests/aecp_behave/features/steps/packet_steps.py:17
    Given the interface "atdecc_aecp_start_operation::AECP_START_OPERATION::AECP_START_OPERATION_IF" # ../traffic-gen/tests/aecp_behave/features/steps/packet_steps.py:24
    When I generate 500 packets with seed 202                                                        # ../traffic-gen/tests/aecp_behave/features/steps/packet_steps.py:62
    Then the field "descriptor_type" is always in range [0, 37]                                      # ../traffic-gen/tests/aecp_behave/features/steps/packet_steps.py:116

  Scenario: START_OPERATION packet is 31 bytes (244 bits padded)                                     # ../traffic-gen/tests/aecp_behave/features/aecp_operations.feature:32
    Given the AECP protocol directory is loaded                                                      # ../traffic-gen/tests/aecp_behave/features/steps/packet_steps.py:17
    Given the interface "atdecc_aecp_start_operation::AECP_START_OPERATION::AECP_START_OPERATION_IF" # ../traffic-gen/tests/aecp_behave/features/steps/packet_steps.py:24
    When I generate 50 packets with seed 203                                                         # ../traffic-gen/tests/aecp_behave/features/steps/packet_steps.py:62
    Then the packet size is always 31 bytes                                                          # ../traffic-gen/tests/aecp_behave/features/steps/packet_steps.py:148

  Scenario: ABORT_OPERATION command_type is always 53                                                # ../traffic-gen/tests/aecp_behave/features/aecp_operations.feature:41
    Given the AECP protocol directory is loaded                                                      # ../traffic-gen/tests/aecp_behave/features/steps/packet_steps.py:17
    Given the interface "atdecc_aecp_abort_operation::AECP_ABORT_OPERATION::AECP_ABORT_OPERATION_IF" # ../traffic-gen/tests/aecp_behave/features/steps/packet_steps.py:24
    When I generate 200 packets with seed 210                                                        # ../traffic-gen/tests/aecp_behave/features/steps/packet_steps.py:62
    Then the field "command_type" always equals 53                                                   # ../traffic-gen/tests/aecp_behave/features/steps/packet_steps.py:95

  Scenario: ABORT_OPERATION control_data_length is always 28                                         # ../traffic-gen/tests/aecp_behave/features/aecp_operations.feature:46
    Given the AECP protocol directory is loaded                                                      # ../traffic-gen/tests/aecp_behave/features/steps/packet_steps.py:17
    Given the interface "atdecc_aecp_abort_operation::AECP_ABORT_OPERATION::AECP_ABORT_OPERATION_IF" # ../traffic-gen/tests/aecp_behave/features/steps/packet_steps.py:24
    When I generate 100 packets with seed 211                                                        # ../traffic-gen/tests/aecp_behave/features/steps/packet_steps.py:62
    Then the field "control_data_length" always equals 28                                            # ../traffic-gen/tests/aecp_behave/features/steps/packet_steps.py:95

  Scenario: ABORT_OPERATION reserved field is always zero                                            # ../traffic-gen/tests/aecp_behave/features/aecp_operations.feature:51
    Given the AECP protocol directory is loaded                                                      # ../traffic-gen/tests/aecp_behave/features/steps/packet_steps.py:17
    Given the interface "atdecc_aecp_abort_operation::AECP_ABORT_OPERATION::AECP_ABORT_OPERATION_IF" # ../traffic-gen/tests/aecp_behave/features/steps/packet_steps.py:24
    When I generate 200 packets with seed 212                                                        # ../traffic-gen/tests/aecp_behave/features/steps/packet_steps.py:62
    Then the field "reserved" always equals 0                                                        # ../traffic-gen/tests/aecp_behave/features/steps/packet_steps.py:95

  Scenario: OPERATION_STATUS command_type is always 54                                                  # ../traffic-gen/tests/aecp_behave/features/aecp_operations.feature:60
    Given the AECP protocol directory is loaded                                                         # ../traffic-gen/tests/aecp_behave/features/steps/packet_steps.py:17
    Given the interface "atdecc_aecp_operation_status::AECP_OPERATION_STATUS::AECP_OPERATION_STATUS_IF" # ../traffic-gen/tests/aecp_behave/features/steps/packet_steps.py:24
    When I generate 200 packets with seed 220                                                           # ../traffic-gen/tests/aecp_behave/features/steps/packet_steps.py:62
    Then the field "command_type" always equals 54                                                      # ../traffic-gen/tests/aecp_behave/features/steps/packet_steps.py:95

  Scenario: OPERATION_STATUS percent_complete is always in [0, 100]                                     # ../traffic-gen/tests/aecp_behave/features/aecp_operations.feature:65
    Given the AECP protocol directory is loaded                                                         # ../traffic-gen/tests/aecp_behave/features/steps/packet_steps.py:17
    Given the interface "atdecc_aecp_operation_status::AECP_OPERATION_STATUS::AECP_OPERATION_STATUS_IF" # ../traffic-gen/tests/aecp_behave/features/steps/packet_steps.py:24
    When I generate 500 packets with seed 221                                                           # ../traffic-gen/tests/aecp_behave/features/steps/packet_steps.py:62
    Then the field "percent_complete" is always in range [0, 100]                                       # ../traffic-gen/tests/aecp_behave/features/steps/packet_steps.py:116

  Scenario: OPERATION_STATUS control_data_length is always 28                                           # ../traffic-gen/tests/aecp_behave/features/aecp_operations.feature:70
    Given the AECP protocol directory is loaded                                                         # ../traffic-gen/tests/aecp_behave/features/steps/packet_steps.py:17
    Given the interface "atdecc_aecp_operation_status::AECP_OPERATION_STATUS::AECP_OPERATION_STATUS_IF" # ../traffic-gen/tests/aecp_behave/features/steps/packet_steps.py:24
    When I generate 100 packets with seed 222                                                           # ../traffic-gen/tests/aecp_behave/features/steps/packet_steps.py:62
    Then the field "control_data_length" always equals 28                                               # ../traffic-gen/tests/aecp_behave/features/steps/packet_steps.py:95

  Scenario: No-payload command_type is one of the defined no-payload commands                     # ../traffic-gen/tests/aecp_behave/features/aecp_operations.feature:79
    Given the AECP protocol directory is loaded                                                   # ../traffic-gen/tests/aecp_behave/features/steps/packet_steps.py:17
    Given the interface "atdecc_aecp_aem_no_payload::AECP_AEM_NO_PAYLOAD::AECP_AEM_NO_PAYLOAD_IF" # ../traffic-gen/tests/aecp_behave/features/steps/packet_steps.py:24
    When I generate 500 packets with seed 230                                                     # ../traffic-gen/tests/aecp_behave/features/steps/packet_steps.py:62
    Then the field "command_type" is always one of [2, 3, 7, 36, 37]                              # ../traffic-gen/tests/aecp_behave/features/steps/packet_steps.py:137

  Scenario: No-payload control_data_length is always 20                                           # ../traffic-gen/tests/aecp_behave/features/aecp_operations.feature:84
    Given the AECP protocol directory is loaded                                                   # ../traffic-gen/tests/aecp_behave/features/steps/packet_steps.py:17
    Given the interface "atdecc_aecp_aem_no_payload::AECP_AEM_NO_PAYLOAD::AECP_AEM_NO_PAYLOAD_IF" # ../traffic-gen/tests/aecp_behave/features/steps/packet_steps.py:24
    When I generate 100 packets with seed 231                                                     # ../traffic-gen/tests/aecp_behave/features/steps/packet_steps.py:62
    Then the field "control_data_length" always equals 20                                         # ../traffic-gen/tests/aecp_behave/features/steps/packet_steps.py:95

  Scenario: No-payload packet is 23 bytes (180 bits padded)                                       # ../traffic-gen/tests/aecp_behave/features/aecp_operations.feature:89
    Given the AECP protocol directory is loaded                                                   # ../traffic-gen/tests/aecp_behave/features/steps/packet_steps.py:17
    Given the interface "atdecc_aecp_aem_no_payload::AECP_AEM_NO_PAYLOAD::AECP_AEM_NO_PAYLOAD_IF" # ../traffic-gen/tests/aecp_behave/features/steps/packet_steps.py:24
    When I generate 50 packets with seed 232                                                      # ../traffic-gen/tests/aecp_behave/features/steps/packet_steps.py:62
    Then the packet size is always 23 bytes                                                       # ../traffic-gen/tests/aecp_behave/features/steps/packet_steps.py:148

  Scenario: OPERATION_STATUS packets are captured to a pcap file                                        # ../traffic-gen/tests/aecp_behave/features/aecp_operations.feature:98
    Given the AECP protocol directory is loaded                                                         # ../traffic-gen/tests/aecp_behave/features/steps/packet_steps.py:17
    Given the interface "atdecc_aecp_operation_status::AECP_OPERATION_STATUS::AECP_OPERATION_STATUS_IF" # ../traffic-gen/tests/aecp_behave/features/steps/packet_steps.py:24
    When I generate 25 packets with seed 240 to pcap file "/tmp/aecp_op_status.pcap"                    # ../traffic-gen/tests/aecp_behave/features/steps/packet_steps.py:72
    Then the pcap file "/tmp/aecp_op_status.pcap" exists                                                # ../traffic-gen/tests/aecp_behave/features/steps/packet_steps.py:232
    And the pcap file "/tmp/aecp_op_status.pcap" contains 25 packets                                    # ../traffic-gen/tests/aecp_behave/features/steps/packet_steps.py:237

Feature: AECP AEM stream operation PDU generation # ../traffic-gen/tests/aecp_behave/features/aecp_stream_ops.feature:7

  Feature: AECP AEM stream operation PDU generation  # ../traffic-gen/tests/aecp_behave/features/aecp_stream_ops.feature:7

  Scenario: SET_STREAM_FORMAT command_type is always 8                                                     # ../traffic-gen/tests/aecp_behave/features/aecp_stream_ops.feature:16
    Given the AECP protocol directory is loaded                                                            # ../traffic-gen/tests/aecp_behave/features/steps/packet_steps.py:17
    Given the interface "atdecc_aecp_set_stream_format::AECP_SET_STREAM_FORMAT::AECP_SET_STREAM_FORMAT_IF" # ../traffic-gen/tests/aecp_behave/features/steps/packet_steps.py:24
    When I generate 200 packets with seed 70                                                               # ../traffic-gen/tests/aecp_behave/features/steps/packet_steps.py:62
    Then the field "command_type" always equals 8                                                          # ../traffic-gen/tests/aecp_behave/features/steps/packet_steps.py:95

  Scenario: SET_STREAM_FORMAT control_data_length is always 32                                             # ../traffic-gen/tests/aecp_behave/features/aecp_stream_ops.feature:21
    Given the AECP protocol directory is loaded                                                            # ../traffic-gen/tests/aecp_behave/features/steps/packet_steps.py:17
    Given the interface "atdecc_aecp_set_stream_format::AECP_SET_STREAM_FORMAT::AECP_SET_STREAM_FORMAT_IF" # ../traffic-gen/tests/aecp_behave/features/steps/packet_steps.py:24
    When I generate 100 packets with seed 71                                                               # ../traffic-gen/tests/aecp_behave/features/steps/packet_steps.py:62
    Then the field "control_data_length" always equals 32                                                  # ../traffic-gen/tests/aecp_behave/features/steps/packet_steps.py:95

  Scenario: SET_STREAM_FORMAT descriptor_type is a valid IEEE 1722.1 descriptor                            # ../traffic-gen/tests/aecp_behave/features/aecp_stream_ops.feature:26
    Given the AECP protocol directory is loaded                                                            # ../traffic-gen/tests/aecp_behave/features/steps/packet_steps.py:17
    Given the interface "atdecc_aecp_set_stream_format::AECP_SET_STREAM_FORMAT::AECP_SET_STREAM_FORMAT_IF" # ../traffic-gen/tests/aecp_behave/features/steps/packet_steps.py:24
    When I generate 500 packets with seed 72                                                               # ../traffic-gen/tests/aecp_behave/features/steps/packet_steps.py:62
    Then the field "descriptor_type" is always in range [0, 37]                                            # ../traffic-gen/tests/aecp_behave/features/steps/packet_steps.py:116

  Scenario: SET_STREAM_FORMAT packet is 35 bytes (276 bits padded)                                         # ../traffic-gen/tests/aecp_behave/features/aecp_stream_ops.feature:31
    Given the AECP protocol directory is loaded                                                            # ../traffic-gen/tests/aecp_behave/features/steps/packet_steps.py:17
    Given the interface "atdecc_aecp_set_stream_format::AECP_SET_STREAM_FORMAT::AECP_SET_STREAM_FORMAT_IF" # ../traffic-gen/tests/aecp_behave/features/steps/packet_steps.py:24
    When I generate 50 packets with seed 73                                                                # ../traffic-gen/tests/aecp_behave/features/steps/packet_steps.py:62
    Then the packet size is always 35 bytes                                                                # ../traffic-gen/tests/aecp_behave/features/steps/packet_steps.py:148

  Scenario: SET_STREAM_INFO command_type is always 14                                                # ../traffic-gen/tests/aecp_behave/features/aecp_stream_ops.feature:40
    Given the AECP protocol directory is loaded                                                      # ../traffic-gen/tests/aecp_behave/features/steps/packet_steps.py:17
    Given the interface "atdecc_aecp_set_stream_info::AECP_SET_STREAM_INFO::AECP_SET_STREAM_INFO_IF" # ../traffic-gen/tests/aecp_behave/features/steps/packet_steps.py:24
    When I generate 200 packets with seed 80                                                         # ../traffic-gen/tests/aecp_behave/features/steps/packet_steps.py:62
    Then the field "command_type" always equals 14                                                   # ../traffic-gen/tests/aecp_behave/features/steps/packet_steps.py:95

  Scenario: SET_STREAM_INFO control_data_length is always 68                                         # ../traffic-gen/tests/aecp_behave/features/aecp_stream_ops.feature:45
    Given the AECP protocol directory is loaded                                                      # ../traffic-gen/tests/aecp_behave/features/steps/packet_steps.py:17
    Given the interface "atdecc_aecp_set_stream_info::AECP_SET_STREAM_INFO::AECP_SET_STREAM_INFO_IF" # ../traffic-gen/tests/aecp_behave/features/steps/packet_steps.py:24
    When I generate 100 packets with seed 81                                                         # ../traffic-gen/tests/aecp_behave/features/steps/packet_steps.py:62
    Then the field "control_data_length" always equals 68                                            # ../traffic-gen/tests/aecp_behave/features/steps/packet_steps.py:95

  Scenario: SET_STREAM_INFO descriptor_type is a valid IEEE 1722.1 descriptor                        # ../traffic-gen/tests/aecp_behave/features/aecp_stream_ops.feature:50
    Given the AECP protocol directory is loaded                                                      # ../traffic-gen/tests/aecp_behave/features/steps/packet_steps.py:17
    Given the interface "atdecc_aecp_set_stream_info::AECP_SET_STREAM_INFO::AECP_SET_STREAM_INFO_IF" # ../traffic-gen/tests/aecp_behave/features/steps/packet_steps.py:24
    When I generate 500 packets with seed 82                                                         # ../traffic-gen/tests/aecp_behave/features/steps/packet_steps.py:62
    Then the field "descriptor_type" is always in range [0, 37]                                      # ../traffic-gen/tests/aecp_behave/features/steps/packet_steps.py:116

  Scenario: SET_STREAM_INFO reserved fields are always zero                                          # ../traffic-gen/tests/aecp_behave/features/aecp_stream_ops.feature:55
    Given the AECP protocol directory is loaded                                                      # ../traffic-gen/tests/aecp_behave/features/steps/packet_steps.py:17
    Given the interface "atdecc_aecp_set_stream_info::AECP_SET_STREAM_INFO::AECP_SET_STREAM_INFO_IF" # ../traffic-gen/tests/aecp_behave/features/steps/packet_steps.py:24
    When I generate 200 packets with seed 83                                                         # ../traffic-gen/tests/aecp_behave/features/steps/packet_steps.py:62
    Then the field "reserved0" always equals 0                                                       # ../traffic-gen/tests/aecp_behave/features/steps/packet_steps.py:95
    And the field "reserved1" always equals 0                                                        # ../traffic-gen/tests/aecp_behave/features/steps/packet_steps.py:95

  Scenario: SET_STREAM_INFO msrp_flags respects defined bit mask                                     # ../traffic-gen/tests/aecp_behave/features/aecp_stream_ops.feature:61
    Given the AECP protocol directory is loaded                                                      # ../traffic-gen/tests/aecp_behave/features/steps/packet_steps.py:17
    Given the interface "atdecc_aecp_set_stream_info::AECP_SET_STREAM_INFO::AECP_SET_STREAM_INFO_IF" # ../traffic-gen/tests/aecp_behave/features/steps/packet_steps.py:24
    When I generate 500 packets with seed 84                                                         # ../traffic-gen/tests/aecp_behave/features/steps/packet_steps.py:62
    Then the field "msrp_flags" always satisfies mask 0xF800000000000000                             # ../traffic-gen/tests/aecp_behave/features/steps/packet_steps.py:126

  Scenario: SET_STREAM_INFO packet is 75 bytes (596 bits padded)                                     # ../traffic-gen/tests/aecp_behave/features/aecp_stream_ops.feature:66
    Given the AECP protocol directory is loaded                                                      # ../traffic-gen/tests/aecp_behave/features/steps/packet_steps.py:17
    Given the interface "atdecc_aecp_set_stream_info::AECP_SET_STREAM_INFO::AECP_SET_STREAM_INFO_IF" # ../traffic-gen/tests/aecp_behave/features/steps/packet_steps.py:24
    When I generate 50 packets with seed 85                                                          # ../traffic-gen/tests/aecp_behave/features/steps/packet_steps.py:62
    Then the packet size is always 75 bytes                                                          # ../traffic-gen/tests/aecp_behave/features/steps/packet_steps.py:148

  Scenario: SET_STREAM_FORMAT packets are captured to a pcap file                                          # ../traffic-gen/tests/aecp_behave/features/aecp_stream_ops.feature:75
    Given the AECP protocol directory is loaded                                                            # ../traffic-gen/tests/aecp_behave/features/steps/packet_steps.py:17
    Given the interface "atdecc_aecp_set_stream_format::AECP_SET_STREAM_FORMAT::AECP_SET_STREAM_FORMAT_IF" # ../traffic-gen/tests/aecp_behave/features/steps/packet_steps.py:24
    When I generate 20 packets with seed 90 to pcap file "/tmp/aecp_stream_format.pcap"                    # ../traffic-gen/tests/aecp_behave/features/steps/packet_steps.py:72
    Then the pcap file "/tmp/aecp_stream_format.pcap" exists                                               # ../traffic-gen/tests/aecp_behave/features/steps/packet_steps.py:232
    And the pcap file "/tmp/aecp_stream_format.pcap" contains 20 packets                                   # ../traffic-gen/tests/aecp_behave/features/steps/packet_steps.py:237

Feature: Layer stacking — full on-wire frame assembly # ../traffic-gen/tests/aecp_behave/features/layer_stack.feature:16

  Feature: Layer stacking — full on-wire frame assembly  # ../traffic-gen/tests/aecp_behave/features/layer_stack.feature:16

  Scenario: Ethernet + AVTP + AECP_ACQUIRE_ENTITY stack produces 55-byte frame                                                                                                                                   # ../traffic-gen/tests/aecp_behave/features/layer_stack.feature:21
    Given the AECP protocol directory is loaded                                                                                                                                                                  # ../traffic-gen/tests/aecp_behave/features/steps/packet_steps.py:17
    Given the interface stack "ethernet_mac_frame::ETHERNET_FRAME::ETHERNET_FRAME_IF:avtp_control_header::AVTP_CONTROL::AVTP_CONTROL_IF:atdecc_aecp_acquire_entity::AECP_ACQUIRE_ENTITY::AECP_ACQUIRE_ENTITY_IF" # ../traffic-gen/tests/aecp_behave/features/steps/packet_steps.py:29
    When I generate 20 stacked packets with seed 1                                                                                                                                                               # ../traffic-gen/tests/aecp_behave/features/steps/packet_steps.py:183
    Then the stacked packet size is always 55 bytes                                                                                                                                                              # ../traffic-gen/tests/aecp_behave/features/steps/packet_steps.py:220

  Scenario: Ethernet MAC ethertype is always 0x22F0                                                                                                                                                              # ../traffic-gen/tests/aecp_behave/features/layer_stack.feature:26
    Given the AECP protocol directory is loaded                                                                                                                                                                  # ../traffic-gen/tests/aecp_behave/features/steps/packet_steps.py:17
    Given the interface stack "ethernet_mac_frame::ETHERNET_FRAME::ETHERNET_FRAME_IF:avtp_control_header::AVTP_CONTROL::AVTP_CONTROL_IF:atdecc_aecp_acquire_entity::AECP_ACQUIRE_ENTITY::AECP_ACQUIRE_ENTITY_IF" # ../traffic-gen/tests/aecp_behave/features/steps/packet_steps.py:29
    When I generate 50 stacked packets with seed 99                                                                                                                                                              # ../traffic-gen/tests/aecp_behave/features/steps/packet_steps.py:183
    Then layer 0 field "ethertype" always equals 8944                                                                                                                                                            # ../traffic-gen/tests/aecp_behave/features/steps/packet_steps.py:199

  Scenario: Ethernet MAC ethertype is always 0x22F0 (hex check)                                                                                                                                                  # ../traffic-gen/tests/aecp_behave/features/layer_stack.feature:31
    Given the AECP protocol directory is loaded                                                                                                                                                                  # ../traffic-gen/tests/aecp_behave/features/steps/packet_steps.py:17
    Given the interface stack "ethernet_mac_frame::ETHERNET_FRAME::ETHERNET_FRAME_IF:avtp_control_header::AVTP_CONTROL::AVTP_CONTROL_IF:atdecc_aecp_acquire_entity::AECP_ACQUIRE_ENTITY::AECP_ACQUIRE_ENTITY_IF" # ../traffic-gen/tests/aecp_behave/features/steps/packet_steps.py:29
    When I generate 20 stacked packets with seed 7                                                                                                                                                               # ../traffic-gen/tests/aecp_behave/features/steps/packet_steps.py:183
    Then layer 0 field "ethertype" always equals hex 22F0                                                                                                                                                        # ../traffic-gen/tests/aecp_behave/features/steps/packet_steps.py:209

  Scenario: AVTP subtype is always 0xFB (251 decimal)                                                                                                                                                            # ../traffic-gen/tests/aecp_behave/features/layer_stack.feature:36
    Given the AECP protocol directory is loaded                                                                                                                                                                  # ../traffic-gen/tests/aecp_behave/features/steps/packet_steps.py:17
    Given the interface stack "ethernet_mac_frame::ETHERNET_FRAME::ETHERNET_FRAME_IF:avtp_control_header::AVTP_CONTROL::AVTP_CONTROL_IF:atdecc_aecp_acquire_entity::AECP_ACQUIRE_ENTITY::AECP_ACQUIRE_ENTITY_IF" # ../traffic-gen/tests/aecp_behave/features/steps/packet_steps.py:29
    When I generate 20 stacked packets with seed 12                                                                                                                                                              # ../traffic-gen/tests/aecp_behave/features/steps/packet_steps.py:183
    Then layer 1 field "subtype" always equals 251                                                                                                                                                               # ../traffic-gen/tests/aecp_behave/features/steps/packet_steps.py:199

  Scenario: AVTP sv and version are always zero                                                                                                                                                                  # ../traffic-gen/tests/aecp_behave/features/layer_stack.feature:41
    Given the AECP protocol directory is loaded                                                                                                                                                                  # ../traffic-gen/tests/aecp_behave/features/steps/packet_steps.py:17
    Given the interface stack "ethernet_mac_frame::ETHERNET_FRAME::ETHERNET_FRAME_IF:avtp_control_header::AVTP_CONTROL::AVTP_CONTROL_IF:atdecc_aecp_acquire_entity::AECP_ACQUIRE_ENTITY::AECP_ACQUIRE_ENTITY_IF" # ../traffic-gen/tests/aecp_behave/features/steps/packet_steps.py:29
    When I generate 30 stacked packets with seed 5                                                                                                                                                               # ../traffic-gen/tests/aecp_behave/features/steps/packet_steps.py:183
    Then layer 1 field "sv" always equals 0                                                                                                                                                                      # ../traffic-gen/tests/aecp_behave/features/steps/packet_steps.py:199
    And layer 1 field "version" always equals 0                                                                                                                                                                  # ../traffic-gen/tests/aecp_behave/features/steps/packet_steps.py:199

  Scenario: AECP command_type is always ACQUIRE_ENTITY (0)                                                                                                                                                       # ../traffic-gen/tests/aecp_behave/features/layer_stack.feature:47
    Given the AECP protocol directory is loaded                                                                                                                                                                  # ../traffic-gen/tests/aecp_behave/features/steps/packet_steps.py:17
    Given the interface stack "ethernet_mac_frame::ETHERNET_FRAME::ETHERNET_FRAME_IF:avtp_control_header::AVTP_CONTROL::AVTP_CONTROL_IF:atdecc_aecp_acquire_entity::AECP_ACQUIRE_ENTITY::AECP_ACQUIRE_ENTITY_IF" # ../traffic-gen/tests/aecp_behave/features/steps/packet_steps.py:29
    When I generate 30 stacked packets with seed 77                                                                                                                                                              # ../traffic-gen/tests/aecp_behave/features/steps/packet_steps.py:183
    Then layer 2 field "command_type" always equals 0                                                                                                                                                            # ../traffic-gen/tests/aecp_behave/features/steps/packet_steps.py:199

  Scenario: Stacked frame can be captured to a pcap file                                                                                                                                                         # ../traffic-gen/tests/aecp_behave/features/layer_stack.feature:52
    Given the AECP protocol directory is loaded                                                                                                                                                                  # ../traffic-gen/tests/aecp_behave/features/steps/packet_steps.py:17
    Given the interface stack "ethernet_mac_frame::ETHERNET_FRAME::ETHERNET_FRAME_IF:avtp_control_header::AVTP_CONTROL::AVTP_CONTROL_IF:atdecc_aecp_acquire_entity::AECP_ACQUIRE_ENTITY::AECP_ACQUIRE_ENTITY_IF" # ../traffic-gen/tests/aecp_behave/features/steps/packet_steps.py:29
    When I generate 5 stacked packets with seed 42 to pcap file "/tmp/stack_aecp_test.pcap"                                                                                                                      # ../traffic-gen/tests/aecp_behave/features/steps/packet_steps.py:193
    Then the pcap file "/tmp/stack_aecp_test.pcap" exists                                                                                                                                                        # ../traffic-gen/tests/aecp_behave/features/steps/packet_steps.py:232
    And the pcap file "/tmp/stack_aecp_test.pcap" contains 5 packets                                                                                                                                             # ../traffic-gen/tests/aecp_behave/features/steps/packet_steps.py:237

  Scenario: Stack output is deterministic with a fixed seed                                                                                                                                                      # ../traffic-gen/tests/aecp_behave/features/layer_stack.feature:58
    Given the AECP protocol directory is loaded                                                                                                                                                                  # ../traffic-gen/tests/aecp_behave/features/steps/packet_steps.py:17
    Given the interface stack "ethernet_mac_frame::ETHERNET_FRAME::ETHERNET_FRAME_IF:avtp_control_header::AVTP_CONTROL::AVTP_CONTROL_IF:atdecc_aecp_acquire_entity::AECP_ACQUIRE_ENTITY::AECP_ACQUIRE_ENTITY_IF" # ../traffic-gen/tests/aecp_behave/features/steps/packet_steps.py:29
    When I generate 5 stacked packets with seed 42                                                                                                                                                               # ../traffic-gen/tests/aecp_behave/features/steps/packet_steps.py:183
    Then the stacked packet size is always 55 bytes                                                                                                                                                              # ../traffic-gen/tests/aecp_behave/features/steps/packet_steps.py:220
    And layer 0 field "ethertype" always equals 8944                                                                                                                                                             # ../traffic-gen/tests/aecp_behave/features/steps/packet_steps.py:199
    And layer 1 field "subtype" always equals 251                                                                                                                                                                # ../traffic-gen/tests/aecp_behave/features/steps/packet_steps.py:199

8 features passed, 0 failed, 0 skipped
96 scenarios passed, 0 failed, 2 skipped
395 steps passed, 0 failed, 8 skipped
Took 0min 1.468s
*** behave: $VALIDATION_STORAGE/tmp/a162-tsngen15/src/replay-cand/traffic-gen/tests/stack_behave/features
USING RUNNER: behave.runner:Runner
Feature: ADP — full on-wire frame assembly via layer stacking # ../traffic-gen/tests/stack_behave/features/adp_stack.feature:12

  Feature: ADP — full on-wire frame assembly via layer stacking  # ../traffic-gen/tests/stack_behave/features/adp_stack.feature:12

  Scenario: ADP_IF_DATA stacked frame has correct total size                         # ../traffic-gen/tests/stack_behave/features/adp_stack.feature:17
    Given the protocols root is loaded                                               # ../traffic-gen/tests/stack_behave/features/steps/stack_steps.py:46
    Given the application interface "atdecc_adp_service::ADP_INTERFACE::ADP_IF_DATA" # ../traffic-gen/tests/stack_behave/features/steps/stack_steps.py:52
    When I generate 20 stacked packets with seed 1                                   # ../traffic-gen/tests/stack_behave/features/steps/stack_steps.py:62
    Then the stacked packet size is always 83 bytes                                  # ../traffic-gen/tests/stack_behave/features/steps/stack_steps.py:83

  Scenario: ADP_IF_DATA — ethertype is always 0x22F0                                 # ../traffic-gen/tests/stack_behave/features/adp_stack.feature:22
    Given the protocols root is loaded                                               # ../traffic-gen/tests/stack_behave/features/steps/stack_steps.py:46
    Given the application interface "atdecc_adp_service::ADP_INTERFACE::ADP_IF_DATA" # ../traffic-gen/tests/stack_behave/features/steps/stack_steps.py:52
    When I generate 30 stacked packets with seed 5                                   # ../traffic-gen/tests/stack_behave/features/steps/stack_steps.py:62
    Then layer 0 field "ethertype" always equals hex 22F0                            # ../traffic-gen/tests/stack_behave/features/steps/stack_steps.py:101

  Scenario: ADP_IF_DATA — AVTP subtype is always 0xFB and version 0                  # ../traffic-gen/tests/stack_behave/features/adp_stack.feature:27
    Given the protocols root is loaded                                               # ../traffic-gen/tests/stack_behave/features/steps/stack_steps.py:46
    Given the application interface "atdecc_adp_service::ADP_INTERFACE::ADP_IF_DATA" # ../traffic-gen/tests/stack_behave/features/steps/stack_steps.py:52
    When I generate 30 stacked packets with seed 3                                   # ../traffic-gen/tests/stack_behave/features/steps/stack_steps.py:62
    Then layer 1 field "subtype" always equals 251                                   # ../traffic-gen/tests/stack_behave/features/steps/stack_steps.py:91
    And layer 1 field "sv" always equals 0                                           # ../traffic-gen/tests/stack_behave/features/steps/stack_steps.py:91
    And layer 1 field "version" always equals 0                                      # ../traffic-gen/tests/stack_behave/features/steps/stack_steps.py:91

  Scenario: ADP_IF_DATA — message_type is always 0 (ENTITY_AVAILABLE), 1 (ENTITY_DEPARTING), or 2 (ENTITY_DISCOVER)  # ../traffic-gen/tests/stack_behave/features/adp_stack.feature:34
    Given the protocols root is loaded                                                                               # ../traffic-gen/tests/stack_behave/features/steps/stack_steps.py:46
    Given the application interface "atdecc_adp_service::ADP_INTERFACE::ADP_IF_DATA"                                 # ../traffic-gen/tests/stack_behave/features/steps/stack_steps.py:52
    When I generate 50 stacked packets with seed 8                                                                   # ../traffic-gen/tests/stack_behave/features/steps/stack_steps.py:62
    Then layer 2 field "message_type" is always one of [0, 1, 2]                                                     # ../traffic-gen/tests/stack_behave/features/steps/stack_steps.py:122

  Scenario: ADP_IF_DATA — written to pcap                                                     # ../traffic-gen/tests/stack_behave/features/adp_stack.feature:39
    Given the protocols root is loaded                                                        # ../traffic-gen/tests/stack_behave/features/steps/stack_steps.py:46
    Given the application interface "atdecc_adp_service::ADP_INTERFACE::ADP_IF_DATA"          # ../traffic-gen/tests/stack_behave/features/steps/stack_steps.py:52
    When I generate 5 stacked packets with seed 42 to pcap file "/tmp/stack_ADP_IF_DATA.pcap" # ../traffic-gen/tests/stack_behave/features/steps/stack_steps.py:72
    Then the pcap file "/tmp/stack_ADP_IF_DATA.pcap" exists                                   # ../traffic-gen/tests/stack_behave/features/steps/stack_steps.py:137
    And the pcap file "/tmp/stack_ADP_IF_DATA.pcap" contains 5 packets                        # ../traffic-gen/tests/stack_behave/features/steps/stack_steps.py:142

Feature: AECP AEM — full on-wire frame assembly via layer stacking # ../traffic-gen/tests/stack_behave/features/aecp_aem_stack.feature:32

  Feature: AECP AEM — full on-wire frame assembly via layer stacking  # ../traffic-gen/tests/stack_behave/features/aecp_aem_stack.feature:32

  Scenario Outline: AEM_NO_PAYLOAD stacked frame has the correct total size -- @1.1 AECP AEM interfaces       # ../traffic-gen/tests/stack_behave/features/aecp_aem_stack.feature:48
    Given the protocols root is loaded                                                                        # ../traffic-gen/tests/stack_behave/features/steps/stack_steps.py:46
    Given the application interface "atdecc_aecp_aem_no_payload::AECP_AEM_NO_PAYLOAD::AECP_AEM_NO_PAYLOAD_IF" # ../traffic-gen/tests/stack_behave/features/steps/stack_steps.py:52
    When I generate 10 stacked packets with seed 1                                                            # ../traffic-gen/tests/stack_behave/features/steps/stack_steps.py:62
    Then the stacked packet size is always 39 bytes                                                           # ../traffic-gen/tests/stack_behave/features/steps/stack_steps.py:83

  Scenario Outline: SET_CONFIGURATION stacked frame has the correct total size -- @1.2 AECP AEM interfaces             # ../traffic-gen/tests/stack_behave/features/aecp_aem_stack.feature:49
    Given the protocols root is loaded                                                                                 # ../traffic-gen/tests/stack_behave/features/steps/stack_steps.py:46
    Given the application interface "atdecc_aecp_set_configuration::AECP_SET_CONFIGURATION::AECP_SET_CONFIGURATION_IF" # ../traffic-gen/tests/stack_behave/features/steps/stack_steps.py:52
    When I generate 10 stacked packets with seed 1                                                                     # ../traffic-gen/tests/stack_behave/features/steps/stack_steps.py:62
    Then the stacked packet size is always 43 bytes                                                                    # ../traffic-gen/tests/stack_behave/features/steps/stack_steps.py:83

  Scenario Outline: AEM_DESC_QUERY stacked frame has the correct total size -- @1.3 AECP AEM interfaces                   # ../traffic-gen/tests/stack_behave/features/aecp_aem_stack.feature:50
    Given the protocols root is loaded                                                                                    # ../traffic-gen/tests/stack_behave/features/steps/stack_steps.py:46
    Given the application interface "atdecc_aecp_aem_descriptor_query::AECP_AEM_DESCRIPTOR_QUERY::AECP_AEM_DESC_QUERY_IF" # ../traffic-gen/tests/stack_behave/features/steps/stack_steps.py:52
    When I generate 10 stacked packets with seed 1                                                                        # ../traffic-gen/tests/stack_behave/features/steps/stack_steps.py:62
    Then the stacked packet size is always 43 bytes                                                                       # ../traffic-gen/tests/stack_behave/features/steps/stack_steps.py:83

  Scenario Outline: ABORT_OPERATION stacked frame has the correct total size -- @1.4 AECP AEM interfaces         # ../traffic-gen/tests/stack_behave/features/aecp_aem_stack.feature:51
    Given the protocols root is loaded                                                                           # ../traffic-gen/tests/stack_behave/features/steps/stack_steps.py:46
    Given the application interface "atdecc_aecp_abort_operation::AECP_ABORT_OPERATION::AECP_ABORT_OPERATION_IF" # ../traffic-gen/tests/stack_behave/features/steps/stack_steps.py:52
    When I generate 10 stacked packets with seed 1                                                               # ../traffic-gen/tests/stack_behave/features/steps/stack_steps.py:62
    Then the stacked packet size is always 47 bytes                                                              # ../traffic-gen/tests/stack_behave/features/steps/stack_steps.py:83

  Scenario Outline: GET_AUDIO_MAP stacked frame has the correct total size -- @1.5 AECP AEM interfaces     # ../traffic-gen/tests/stack_behave/features/aecp_aem_stack.feature:52
    Given the protocols root is loaded                                                                     # ../traffic-gen/tests/stack_behave/features/steps/stack_steps.py:46
    Given the application interface "atdecc_aecp_get_audio_map::AECP_GET_AUDIO_MAP::AECP_GET_AUDIO_MAP_IF" # ../traffic-gen/tests/stack_behave/features/steps/stack_steps.py:52
    When I generate 10 stacked packets with seed 1                                                         # ../traffic-gen/tests/stack_behave/features/steps/stack_steps.py:62
    Then the stacked packet size is always 47 bytes                                                        # ../traffic-gen/tests/stack_behave/features/steps/stack_steps.py:83

  Scenario Outline: GET_NAME stacked frame has the correct total size -- @1.6 AECP AEM interfaces  # ../traffic-gen/tests/stack_behave/features/aecp_aem_stack.feature:53
    Given the protocols root is loaded                                                             # ../traffic-gen/tests/stack_behave/features/steps/stack_steps.py:46
    Given the application interface "atdecc_aecp_get_name::AECP_GET_NAME::AECP_GET_NAME_IF"        # ../traffic-gen/tests/stack_behave/features/steps/stack_steps.py:52
    When I generate 10 stacked packets with seed 1                                                 # ../traffic-gen/tests/stack_behave/features/steps/stack_steps.py:62
    Then the stacked packet size is always 47 bytes                                                # ../traffic-gen/tests/stack_behave/features/steps/stack_steps.py:83

  Scenario Outline: OPERATION_STATUS stacked frame has the correct total size -- @1.7 AECP AEM interfaces           # ../traffic-gen/tests/stack_behave/features/aecp_aem_stack.feature:54
    Given the protocols root is loaded                                                                              # ../traffic-gen/tests/stack_behave/features/steps/stack_steps.py:46
    Given the application interface "atdecc_aecp_operation_status::AECP_OPERATION_STATUS::AECP_OPERATION_STATUS_IF" # ../traffic-gen/tests/stack_behave/features/steps/stack_steps.py:52
    When I generate 10 stacked packets with seed 1                                                                  # ../traffic-gen/tests/stack_behave/features/steps/stack_steps.py:62
    Then the stacked packet size is always 47 bytes                                                                 # ../traffic-gen/tests/stack_behave/features/steps/stack_steps.py:83

  Scenario Outline: READ_DESCRIPTOR stacked frame has the correct total size -- @1.8 AECP AEM interfaces         # ../traffic-gen/tests/stack_behave/features/aecp_aem_stack.feature:55
    Given the protocols root is loaded                                                                           # ../traffic-gen/tests/stack_behave/features/steps/stack_steps.py:46
    Given the application interface "atdecc_aecp_read_descriptor::AECP_READ_DESCRIPTOR::AECP_READ_DESCRIPTOR_IF" # ../traffic-gen/tests/stack_behave/features/steps/stack_steps.py:52
    When I generate 10 stacked packets with seed 1                                                               # ../traffic-gen/tests/stack_behave/features/steps/stack_steps.py:62
    Then the stacked packet size is always 47 bytes                                                              # ../traffic-gen/tests/stack_behave/features/steps/stack_steps.py:83

  Scenario Outline: SET_CLOCK_SOURCE stacked frame has the correct total size -- @1.9 AECP AEM interfaces           # ../traffic-gen/tests/stack_behave/features/aecp_aem_stack.feature:56
    Given the protocols root is loaded                                                                              # ../traffic-gen/tests/stack_behave/features/steps/stack_steps.py:46
    Given the application interface "atdecc_aecp_set_clock_source::AECP_SET_CLOCK_SOURCE::AECP_SET_CLOCK_SOURCE_IF" # ../traffic-gen/tests/stack_behave/features/steps/stack_steps.py:52
    When I generate 10 stacked packets with seed 1                                                                  # ../traffic-gen/tests/stack_behave/features/steps/stack_steps.py:62
    Then the stacked packet size is always 47 bytes                                                                 # ../traffic-gen/tests/stack_behave/features/steps/stack_steps.py:83

  Scenario Outline: SET_SAMPLING_RATE stacked frame has the correct total size -- @1.10 AECP AEM interfaces            # ../traffic-gen/tests/stack_behave/features/aecp_aem_stack.feature:57
    Given the protocols root is loaded                                                                                 # ../traffic-gen/tests/stack_behave/features/steps/stack_steps.py:46
    Given the application interface "atdecc_aecp_set_sampling_rate::AECP_SET_SAMPLING_RATE::AECP_SET_SAMPLING_RATE_IF" # ../traffic-gen/tests/stack_behave/features/steps/stack_steps.py:52
    When I generate 10 stacked packets with seed 1                                                                     # ../traffic-gen/tests/stack_behave/features/steps/stack_steps.py:62
    Then the stacked packet size is always 47 bytes                                                                    # ../traffic-gen/tests/stack_behave/features/steps/stack_steps.py:83

  Scenario Outline: START_OPERATION stacked frame has the correct total size -- @1.11 AECP AEM interfaces        # ../traffic-gen/tests/stack_behave/features/aecp_aem_stack.feature:58
    Given the protocols root is loaded                                                                           # ../traffic-gen/tests/stack_behave/features/steps/stack_steps.py:46
    Given the application interface "atdecc_aecp_start_operation::AECP_START_OPERATION::AECP_START_OPERATION_IF" # ../traffic-gen/tests/stack_behave/features/steps/stack_steps.py:52
    When I generate 10 stacked packets with seed 1                                                               # ../traffic-gen/tests/stack_behave/features/steps/stack_steps.py:62
    Then the stacked packet size is always 47 bytes                                                              # ../traffic-gen/tests/stack_behave/features/steps/stack_steps.py:83

  Scenario Outline: SET_CONTROL stacked frame has the correct total size -- @1.12 AECP AEM interfaces  # ../traffic-gen/tests/stack_behave/features/aecp_aem_stack.feature:59
    Given the protocols root is loaded                                                                 # ../traffic-gen/tests/stack_behave/features/steps/stack_steps.py:46
    Given the application interface "atdecc_aecp_set_control::AECP_SET_CONTROL::AECP_SET_CONTROL_IF"   # ../traffic-gen/tests/stack_behave/features/steps/stack_steps.py:52
    When I generate 10 stacked packets with seed 1                                                     # ../traffic-gen/tests/stack_behave/features/steps/stack_steps.py:62
    Then the stacked packet size is always 51 bytes                                                    # ../traffic-gen/tests/stack_behave/features/steps/stack_steps.py:83

  Scenario Outline: SET_STREAM_FORMAT stacked frame has the correct total size -- @1.13 AECP AEM interfaces            # ../traffic-gen/tests/stack_behave/features/aecp_aem_stack.feature:60
    Given the protocols root is loaded                                                                                 # ../traffic-gen/tests/stack_behave/features/steps/stack_steps.py:46
    Given the application interface "atdecc_aecp_set_stream_format::AECP_SET_STREAM_FORMAT::AECP_SET_STREAM_FORMAT_IF" # ../traffic-gen/tests/stack_behave/features/steps/stack_steps.py:52
    When I generate 10 stacked packets with seed 1                                                                     # ../traffic-gen/tests/stack_behave/features/steps/stack_steps.py:62
    Then the stacked packet size is always 51 bytes                                                                    # ../traffic-gen/tests/stack_behave/features/steps/stack_steps.py:83

  Scenario Outline: ACQUIRE_ENTITY stacked frame has the correct total size -- @1.14 AECP AEM interfaces      # ../traffic-gen/tests/stack_behave/features/aecp_aem_stack.feature:61
    Given the protocols root is loaded                                                                        # ../traffic-gen/tests/stack_behave/features/steps/stack_steps.py:46
    Given the application interface "atdecc_aecp_acquire_entity::AECP_ACQUIRE_ENTITY::AECP_ACQUIRE_ENTITY_IF" # ../traffic-gen/tests/stack_behave/features/steps/stack_steps.py:52
    When I generate 10 stacked packets with seed 1                                                            # ../traffic-gen/tests/stack_behave/features/steps/stack_steps.py:62
    Then the stacked packet size is always 55 bytes                                                           # ../traffic-gen/tests/stack_behave/features/steps/stack_steps.py:83

  Scenario Outline: AUDIO_MAPPINGS stacked frame has the correct total size -- @1.15 AECP AEM interfaces      # ../traffic-gen/tests/stack_behave/features/aecp_aem_stack.feature:62
    Given the protocols root is loaded                                                                        # ../traffic-gen/tests/stack_behave/features/steps/stack_steps.py:46
    Given the application interface "atdecc_aecp_audio_mappings::AECP_AUDIO_MAPPINGS::AECP_AUDIO_MAPPINGS_IF" # ../traffic-gen/tests/stack_behave/features/steps/stack_steps.py:52
    When I generate 10 stacked packets with seed 1                                                            # ../traffic-gen/tests/stack_behave/features/steps/stack_steps.py:62
    Then the stacked packet size is always 55 bytes                                                           # ../traffic-gen/tests/stack_behave/features/steps/stack_steps.py:83

  Scenario Outline: LOCK_ENTITY stacked frame has the correct total size -- @1.16 AECP AEM interfaces  # ../traffic-gen/tests/stack_behave/features/aecp_aem_stack.feature:63
    Given the protocols root is loaded                                                                 # ../traffic-gen/tests/stack_behave/features/steps/stack_steps.py:46
    Given the application interface "atdecc_aecp_lock_entity::AECP_LOCK_ENTITY::AECP_LOCK_ENTITY_IF"   # ../traffic-gen/tests/stack_behave/features/steps/stack_steps.py:52
    When I generate 10 stacked packets with seed 1                                                     # ../traffic-gen/tests/stack_behave/features/steps/stack_steps.py:62
    Then the stacked packet size is always 55 bytes                                                    # ../traffic-gen/tests/stack_behave/features/steps/stack_steps.py:83

  Scenario Outline: SET_STREAM_INFO stacked frame has the correct total size -- @1.17 AECP AEM interfaces        # ../traffic-gen/tests/stack_behave/features/aecp_aem_stack.feature:64
    Given the protocols root is loaded                                                                           # ../traffic-gen/tests/stack_behave/features/steps/stack_steps.py:46
    Given the application interface "atdecc_aecp_set_stream_info::AECP_SET_STREAM_INFO::AECP_SET_STREAM_INFO_IF" # ../traffic-gen/tests/stack_behave/features/steps/stack_steps.py:52
    When I generate 10 stacked packets with seed 1                                                               # ../traffic-gen/tests/stack_behave/features/steps/stack_steps.py:62
    Then the stacked packet size is always 91 bytes                                                              # ../traffic-gen/tests/stack_behave/features/steps/stack_steps.py:83

  Scenario Outline: SET_NAME stacked frame has the correct total size -- @1.18 AECP AEM interfaces  # ../traffic-gen/tests/stack_behave/features/aecp_aem_stack.feature:65
    Given the protocols root is loaded                                                              # ../traffic-gen/tests/stack_behave/features/steps/stack_steps.py:46
    Given the application interface "atdecc_aecp_set_name::AECP_SET_NAME::AECP_SET_NAME_IF"         # ../traffic-gen/tests/stack_behave/features/steps/stack_steps.py:52
    When I generate 10 stacked packets with seed 1                                                  # ../traffic-gen/tests/stack_behave/features/steps/stack_steps.py:62
    Then the stacked packet size is always 111 bytes                                                # ../traffic-gen/tests/stack_behave/features/steps/stack_steps.py:83

  Scenario Outline: AEM_NO_PAYLOAD — ethertype is always 0x22F0 -- @1.1 AECP AEM interfaces                   # ../traffic-gen/tests/stack_behave/features/aecp_aem_stack.feature:78
    Given the protocols root is loaded                                                                        # ../traffic-gen/tests/stack_behave/features/steps/stack_steps.py:46
    Given the application interface "atdecc_aecp_aem_no_payload::AECP_AEM_NO_PAYLOAD::AECP_AEM_NO_PAYLOAD_IF" # ../traffic-gen/tests/stack_behave/features/steps/stack_steps.py:52
    When I generate 20 stacked packets with seed 7                                                            # ../traffic-gen/tests/stack_behave/features/steps/stack_steps.py:62
    Then layer 0 field "ethertype" always equals hex 22F0                                                     # ../traffic-gen/tests/stack_behave/features/steps/stack_steps.py:101

  Scenario Outline: SET_CONFIGURATION — ethertype is always 0x22F0 -- @1.2 AECP AEM interfaces                         # ../traffic-gen/tests/stack_behave/features/aecp_aem_stack.feature:79
    Given the protocols root is loaded                                                                                 # ../traffic-gen/tests/stack_behave/features/steps/stack_steps.py:46
    Given the application interface "atdecc_aecp_set_configuration::AECP_SET_CONFIGURATION::AECP_SET_CONFIGURATION_IF" # ../traffic-gen/tests/stack_behave/features/steps/stack_steps.py:52
    When I generate 20 stacked packets with seed 7                                                                     # ../traffic-gen/tests/stack_behave/features/steps/stack_steps.py:62
    Then layer 0 field "ethertype" always equals hex 22F0                                                              # ../traffic-gen/tests/stack_behave/features/steps/stack_steps.py:101

  Scenario Outline: AEM_DESC_QUERY — ethertype is always 0x22F0 -- @1.3 AECP AEM interfaces                               # ../traffic-gen/tests/stack_behave/features/aecp_aem_stack.feature:80
    Given the protocols root is loaded                                                                                    # ../traffic-gen/tests/stack_behave/features/steps/stack_steps.py:46
    Given the application interface "atdecc_aecp_aem_descriptor_query::AECP_AEM_DESCRIPTOR_QUERY::AECP_AEM_DESC_QUERY_IF" # ../traffic-gen/tests/stack_behave/features/steps/stack_steps.py:52
    When I generate 20 stacked packets with seed 7                                                                        # ../traffic-gen/tests/stack_behave/features/steps/stack_steps.py:62
    Then layer 0 field "ethertype" always equals hex 22F0                                                                 # ../traffic-gen/tests/stack_behave/features/steps/stack_steps.py:101

  Scenario Outline: ABORT_OPERATION — ethertype is always 0x22F0 -- @1.4 AECP AEM interfaces                     # ../traffic-gen/tests/stack_behave/features/aecp_aem_stack.feature:81
    Given the protocols root is loaded                                                                           # ../traffic-gen/tests/stack_behave/features/steps/stack_steps.py:46
    Given the application interface "atdecc_aecp_abort_operation::AECP_ABORT_OPERATION::AECP_ABORT_OPERATION_IF" # ../traffic-gen/tests/stack_behave/features/steps/stack_steps.py:52
    When I generate 20 stacked packets with seed 7                                                               # ../traffic-gen/tests/stack_behave/features/steps/stack_steps.py:62
    Then layer 0 field "ethertype" always equals hex 22F0                                                        # ../traffic-gen/tests/stack_behave/features/steps/stack_steps.py:101

  Scenario Outline: GET_AUDIO_MAP — ethertype is always 0x22F0 -- @1.5 AECP AEM interfaces                 # ../traffic-gen/tests/stack_behave/features/aecp_aem_stack.feature:82
    Given the protocols root is loaded                                                                     # ../traffic-gen/tests/stack_behave/features/steps/stack_steps.py:46
    Given the application interface "atdecc_aecp_get_audio_map::AECP_GET_AUDIO_MAP::AECP_GET_AUDIO_MAP_IF" # ../traffic-gen/tests/stack_behave/features/steps/stack_steps.py:52
    When I generate 20 stacked packets with seed 7                                                         # ../traffic-gen/tests/stack_behave/features/steps/stack_steps.py:62
    Then layer 0 field "ethertype" always equals hex 22F0                                                  # ../traffic-gen/tests/stack_behave/features/steps/stack_steps.py:101

  Scenario Outline: GET_NAME — ethertype is always 0x22F0 -- @1.6 AECP AEM interfaces       # ../traffic-gen/tests/stack_behave/features/aecp_aem_stack.feature:83
    Given the protocols root is loaded                                                      # ../traffic-gen/tests/stack_behave/features/steps/stack_steps.py:46
    Given the application interface "atdecc_aecp_get_name::AECP_GET_NAME::AECP_GET_NAME_IF" # ../traffic-gen/tests/stack_behave/features/steps/stack_steps.py:52
    When I generate 20 stacked packets with seed 7                                          # ../traffic-gen/tests/stack_behave/features/steps/stack_steps.py:62
    Then layer 0 field "ethertype" always equals hex 22F0                                   # ../traffic-gen/tests/stack_behave/features/steps/stack_steps.py:101

  Scenario Outline: OPERATION_STATUS — ethertype is always 0x22F0 -- @1.7 AECP AEM interfaces                       # ../traffic-gen/tests/stack_behave/features/aecp_aem_stack.feature:84
    Given the protocols root is loaded                                                                              # ../traffic-gen/tests/stack_behave/features/steps/stack_steps.py:46
    Given the application interface "atdecc_aecp_operation_status::AECP_OPERATION_STATUS::AECP_OPERATION_STATUS_IF" # ../traffic-gen/tests/stack_behave/features/steps/stack_steps.py:52
    When I generate 20 stacked packets with seed 7                                                                  # ../traffic-gen/tests/stack_behave/features/steps/stack_steps.py:62
    Then layer 0 field "ethertype" always equals hex 22F0                                                           # ../traffic-gen/tests/stack_behave/features/steps/stack_steps.py:101

  Scenario Outline: READ_DESCRIPTOR — ethertype is always 0x22F0 -- @1.8 AECP AEM interfaces                     # ../traffic-gen/tests/stack_behave/features/aecp_aem_stack.feature:85
    Given the protocols root is loaded                                                                           # ../traffic-gen/tests/stack_behave/features/steps/stack_steps.py:46
    Given the application interface "atdecc_aecp_read_descriptor::AECP_READ_DESCRIPTOR::AECP_READ_DESCRIPTOR_IF" # ../traffic-gen/tests/stack_behave/features/steps/stack_steps.py:52
    When I generate 20 stacked packets with seed 7                                                               # ../traffic-gen/tests/stack_behave/features/steps/stack_steps.py:62
    Then layer 0 field "ethertype" always equals hex 22F0                                                        # ../traffic-gen/tests/stack_behave/features/steps/stack_steps.py:101

  Scenario Outline: SET_CLOCK_SOURCE — ethertype is always 0x22F0 -- @1.9 AECP AEM interfaces                       # ../traffic-gen/tests/stack_behave/features/aecp_aem_stack.feature:86
    Given the protocols root is loaded                                                                              # ../traffic-gen/tests/stack_behave/features/steps/stack_steps.py:46
    Given the application interface "atdecc_aecp_set_clock_source::AECP_SET_CLOCK_SOURCE::AECP_SET_CLOCK_SOURCE_IF" # ../traffic-gen/tests/stack_behave/features/steps/stack_steps.py:52
    When I generate 20 stacked packets with seed 7                                                                  # ../traffic-gen/tests/stack_behave/features/steps/stack_steps.py:62
    Then layer 0 field "ethertype" always equals hex 22F0                                                           # ../traffic-gen/tests/stack_behave/features/steps/stack_steps.py:101

  Scenario Outline: SET_SAMPLING_RATE — ethertype is always 0x22F0 -- @1.10 AECP AEM interfaces                        # ../traffic-gen/tests/stack_behave/features/aecp_aem_stack.feature:87
    Given the protocols root is loaded                                                                                 # ../traffic-gen/tests/stack_behave/features/steps/stack_steps.py:46
    Given the application interface "atdecc_aecp_set_sampling_rate::AECP_SET_SAMPLING_RATE::AECP_SET_SAMPLING_RATE_IF" # ../traffic-gen/tests/stack_behave/features/steps/stack_steps.py:52
    When I generate 20 stacked packets with seed 7                                                                     # ../traffic-gen/tests/stack_behave/features/steps/stack_steps.py:62
    Then layer 0 field "ethertype" always equals hex 22F0                                                              # ../traffic-gen/tests/stack_behave/features/steps/stack_steps.py:101

  Scenario Outline: START_OPERATION — ethertype is always 0x22F0 -- @1.11 AECP AEM interfaces                    # ../traffic-gen/tests/stack_behave/features/aecp_aem_stack.feature:88
    Given the protocols root is loaded                                                                           # ../traffic-gen/tests/stack_behave/features/steps/stack_steps.py:46
    Given the application interface "atdecc_aecp_start_operation::AECP_START_OPERATION::AECP_START_OPERATION_IF" # ../traffic-gen/tests/stack_behave/features/steps/stack_steps.py:52
    When I generate 20 stacked packets with seed 7                                                               # ../traffic-gen/tests/stack_behave/features/steps/stack_steps.py:62
    Then layer 0 field "ethertype" always equals hex 22F0                                                        # ../traffic-gen/tests/stack_behave/features/steps/stack_steps.py:101

  Scenario Outline: SET_CONTROL — ethertype is always 0x22F0 -- @1.12 AECP AEM interfaces            # ../traffic-gen/tests/stack_behave/features/aecp_aem_stack.feature:89
    Given the protocols root is loaded                                                               # ../traffic-gen/tests/stack_behave/features/steps/stack_steps.py:46
    Given the application interface "atdecc_aecp_set_control::AECP_SET_CONTROL::AECP_SET_CONTROL_IF" # ../traffic-gen/tests/stack_behave/features/steps/stack_steps.py:52
    When I generate 20 stacked packets with seed 7                                                   # ../traffic-gen/tests/stack_behave/features/steps/stack_steps.py:62
    Then layer 0 field "ethertype" always equals hex 22F0                                            # ../traffic-gen/tests/stack_behave/features/steps/stack_steps.py:101

  Scenario Outline: SET_STREAM_FORMAT — ethertype is always 0x22F0 -- @1.13 AECP AEM interfaces                        # ../traffic-gen/tests/stack_behave/features/aecp_aem_stack.feature:90
    Given the protocols root is loaded                                                                                 # ../traffic-gen/tests/stack_behave/features/steps/stack_steps.py:46
    Given the application interface "atdecc_aecp_set_stream_format::AECP_SET_STREAM_FORMAT::AECP_SET_STREAM_FORMAT_IF" # ../traffic-gen/tests/stack_behave/features/steps/stack_steps.py:52
    When I generate 20 stacked packets with seed 7                                                                     # ../traffic-gen/tests/stack_behave/features/steps/stack_steps.py:62
    Then layer 0 field "ethertype" always equals hex 22F0                                                              # ../traffic-gen/tests/stack_behave/features/steps/stack_steps.py:101

  Scenario Outline: ACQUIRE_ENTITY — ethertype is always 0x22F0 -- @1.14 AECP AEM interfaces                  # ../traffic-gen/tests/stack_behave/features/aecp_aem_stack.feature:91
    Given the protocols root is loaded                                                                        # ../traffic-gen/tests/stack_behave/features/steps/stack_steps.py:46
    Given the application interface "atdecc_aecp_acquire_entity::AECP_ACQUIRE_ENTITY::AECP_ACQUIRE_ENTITY_IF" # ../traffic-gen/tests/stack_behave/features/steps/stack_steps.py:52
    When I generate 20 stacked packets with seed 7                                                            # ../traffic-gen/tests/stack_behave/features/steps/stack_steps.py:62
    Then layer 0 field "ethertype" always equals hex 22F0                                                     # ../traffic-gen/tests/stack_behave/features/steps/stack_steps.py:101

  Scenario Outline: AUDIO_MAPPINGS — ethertype is always 0x22F0 -- @1.15 AECP AEM interfaces                  # ../traffic-gen/tests/stack_behave/features/aecp_aem_stack.feature:92
    Given the protocols root is loaded                                                                        # ../traffic-gen/tests/stack_behave/features/steps/stack_steps.py:46
    Given the application interface "atdecc_aecp_audio_mappings::AECP_AUDIO_MAPPINGS::AECP_AUDIO_MAPPINGS_IF" # ../traffic-gen/tests/stack_behave/features/steps/stack_steps.py:52
    When I generate 20 stacked packets with seed 7                                                            # ../traffic-gen/tests/stack_behave/features/steps/stack_steps.py:62
    Then layer 0 field "ethertype" always equals hex 22F0                                                     # ../traffic-gen/tests/stack_behave/features/steps/stack_steps.py:101

  Scenario Outline: LOCK_ENTITY — ethertype is always 0x22F0 -- @1.16 AECP AEM interfaces            # ../traffic-gen/tests/stack_behave/features/aecp_aem_stack.feature:93
    Given the protocols root is loaded                                                               # ../traffic-gen/tests/stack_behave/features/steps/stack_steps.py:46
    Given the application interface "atdecc_aecp_lock_entity::AECP_LOCK_ENTITY::AECP_LOCK_ENTITY_IF" # ../traffic-gen/tests/stack_behave/features/steps/stack_steps.py:52
    When I generate 20 stacked packets with seed 7                                                   # ../traffic-gen/tests/stack_behave/features/steps/stack_steps.py:62
    Then layer 0 field "ethertype" always equals hex 22F0                                            # ../traffic-gen/tests/stack_behave/features/steps/stack_steps.py:101

  Scenario Outline: SET_STREAM_INFO — ethertype is always 0x22F0 -- @1.17 AECP AEM interfaces                    # ../traffic-gen/tests/stack_behave/features/aecp_aem_stack.feature:94
    Given the protocols root is loaded                                                                           # ../traffic-gen/tests/stack_behave/features/steps/stack_steps.py:46
    Given the application interface "atdecc_aecp_set_stream_info::AECP_SET_STREAM_INFO::AECP_SET_STREAM_INFO_IF" # ../traffic-gen/tests/stack_behave/features/steps/stack_steps.py:52
    When I generate 20 stacked packets with seed 7                                                               # ../traffic-gen/tests/stack_behave/features/steps/stack_steps.py:62
    Then layer 0 field "ethertype" always equals hex 22F0                                                        # ../traffic-gen/tests/stack_behave/features/steps/stack_steps.py:101

  Scenario Outline: SET_NAME — ethertype is always 0x22F0 -- @1.18 AECP AEM interfaces      # ../traffic-gen/tests/stack_behave/features/aecp_aem_stack.feature:95
    Given the protocols root is loaded                                                      # ../traffic-gen/tests/stack_behave/features/steps/stack_steps.py:46
    Given the application interface "atdecc_aecp_set_name::AECP_SET_NAME::AECP_SET_NAME_IF" # ../traffic-gen/tests/stack_behave/features/steps/stack_steps.py:52
    When I generate 20 stacked packets with seed 7                                          # ../traffic-gen/tests/stack_behave/features/steps/stack_steps.py:62
    Then layer 0 field "ethertype" always equals hex 22F0                                   # ../traffic-gen/tests/stack_behave/features/steps/stack_steps.py:101

  Scenario Outline: AEM_NO_PAYLOAD — AVTP subtype is always 0xFB and version 0 -- @1.1 AECP AEM interfaces    # ../traffic-gen/tests/stack_behave/features/aecp_aem_stack.feature:110
    Given the protocols root is loaded                                                                        # ../traffic-gen/tests/stack_behave/features/steps/stack_steps.py:46
    Given the application interface "atdecc_aecp_aem_no_payload::AECP_AEM_NO_PAYLOAD::AECP_AEM_NO_PAYLOAD_IF" # ../traffic-gen/tests/stack_behave/features/steps/stack_steps.py:52
    When I generate 20 stacked packets with seed 3                                                            # ../traffic-gen/tests/stack_behave/features/steps/stack_steps.py:62
    Then layer 1 field "subtype" always equals 251                                                            # ../traffic-gen/tests/stack_behave/features/steps/stack_steps.py:91
    And layer 1 field "sv" always equals 0                                                                    # ../traffic-gen/tests/stack_behave/features/steps/stack_steps.py:91
    And layer 1 field "version" always equals 0                                                               # ../traffic-gen/tests/stack_behave/features/steps/stack_steps.py:91

  Scenario Outline: SET_CONFIGURATION — AVTP subtype is always 0xFB and version 0 -- @1.2 AECP AEM interfaces          # ../traffic-gen/tests/stack_behave/features/aecp_aem_stack.feature:111
    Given the protocols root is loaded                                                                                 # ../traffic-gen/tests/stack_behave/features/steps/stack_steps.py:46
    Given the application interface "atdecc_aecp_set_configuration::AECP_SET_CONFIGURATION::AECP_SET_CONFIGURATION_IF" # ../traffic-gen/tests/stack_behave/features/steps/stack_steps.py:52
    When I generate 20 stacked packets with seed 3                                                                     # ../traffic-gen/tests/stack_behave/features/steps/stack_steps.py:62
    Then layer 1 field "subtype" always equals 251                                                                     # ../traffic-gen/tests/stack_behave/features/steps/stack_steps.py:91
    And layer 1 field "sv" always equals 0                                                                             # ../traffic-gen/tests/stack_behave/features/steps/stack_steps.py:91
    And layer 1 field "version" always equals 0                                                                        # ../traffic-gen/tests/stack_behave/features/steps/stack_steps.py:91

  Scenario Outline: AEM_DESC_QUERY — AVTP subtype is always 0xFB and version 0 -- @1.3 AECP AEM interfaces                # ../traffic-gen/tests/stack_behave/features/aecp_aem_stack.feature:112
    Given the protocols root is loaded                                                                                    # ../traffic-gen/tests/stack_behave/features/steps/stack_steps.py:46
    Given the application interface "atdecc_aecp_aem_descriptor_query::AECP_AEM_DESCRIPTOR_QUERY::AECP_AEM_DESC_QUERY_IF" # ../traffic-gen/tests/stack_behave/features/steps/stack_steps.py:52
    When I generate 20 stacked packets with seed 3                                                                        # ../traffic-gen/tests/stack_behave/features/steps/stack_steps.py:62
    Then layer 1 field "subtype" always equals 251                                                                        # ../traffic-gen/tests/stack_behave/features/steps/stack_steps.py:91
    And layer 1 field "sv" always equals 0                                                                                # ../traffic-gen/tests/stack_behave/features/steps/stack_steps.py:91
    And layer 1 field "version" always equals 0                                                                           # ../traffic-gen/tests/stack_behave/features/steps/stack_steps.py:91

  Scenario Outline: ABORT_OPERATION — AVTP subtype is always 0xFB and version 0 -- @1.4 AECP AEM interfaces      # ../traffic-gen/tests/stack_behave/features/aecp_aem_stack.feature:113
    Given the protocols root is loaded                                                                           # ../traffic-gen/tests/stack_behave/features/steps/stack_steps.py:46
    Given the application interface "atdecc_aecp_abort_operation::AECP_ABORT_OPERATION::AECP_ABORT_OPERATION_IF" # ../traffic-gen/tests/stack_behave/features/steps/stack_steps.py:52
    When I generate 20 stacked packets with seed 3                                                               # ../traffic-gen/tests/stack_behave/features/steps/stack_steps.py:62
    Then layer 1 field "subtype" always equals 251                                                               # ../traffic-gen/tests/stack_behave/features/steps/stack_steps.py:91
    And layer 1 field "sv" always equals 0                                                                       # ../traffic-gen/tests/stack_behave/features/steps/stack_steps.py:91
    And layer 1 field "version" always equals 0                                                                  # ../traffic-gen/tests/stack_behave/features/steps/stack_steps.py:91

  Scenario Outline: GET_AUDIO_MAP — AVTP subtype is always 0xFB and version 0 -- @1.5 AECP AEM interfaces  # ../traffic-gen/tests/stack_behave/features/aecp_aem_stack.feature:114
    Given the protocols root is loaded                                                                     # ../traffic-gen/tests/stack_behave/features/steps/stack_steps.py:46
    Given the application interface "atdecc_aecp_get_audio_map::AECP_GET_AUDIO_MAP::AECP_GET_AUDIO_MAP_IF" # ../traffic-gen/tests/stack_behave/features/steps/stack_steps.py:52
    When I generate 20 stacked packets with seed 3                                                         # ../traffic-gen/tests/stack_behave/features/steps/stack_steps.py:62
    Then layer 1 field "subtype" always equals 251                                                         # ../traffic-gen/tests/stack_behave/features/steps/stack_steps.py:91
    And layer 1 field "sv" always equals 0                                                                 # ../traffic-gen/tests/stack_behave/features/steps/stack_steps.py:91
    And layer 1 field "version" always equals 0                                                            # ../traffic-gen/tests/stack_behave/features/steps/stack_steps.py:91

  Scenario Outline: GET_NAME — AVTP subtype is always 0xFB and version 0 -- @1.6 AECP AEM interfaces  # ../traffic-gen/tests/stack_behave/features/aecp_aem_stack.feature:115
    Given the protocols root is loaded                                                                # ../traffic-gen/tests/stack_behave/features/steps/stack_steps.py:46
    Given the application interface "atdecc_aecp_get_name::AECP_GET_NAME::AECP_GET_NAME_IF"           # ../traffic-gen/tests/stack_behave/features/steps/stack_steps.py:52
    When I generate 20 stacked packets with seed 3                                                    # ../traffic-gen/tests/stack_behave/features/steps/stack_steps.py:62
    Then layer 1 field "subtype" always equals 251                                                    # ../traffic-gen/tests/stack_behave/features/steps/stack_steps.py:91
    And layer 1 field "sv" always equals 0                                                            # ../traffic-gen/tests/stack_behave/features/steps/stack_steps.py:91
    And layer 1 field "version" always equals 0                                                       # ../traffic-gen/tests/stack_behave/features/steps/stack_steps.py:91

  Scenario Outline: OPERATION_STATUS — AVTP subtype is always 0xFB and version 0 -- @1.7 AECP AEM interfaces        # ../traffic-gen/tests/stack_behave/features/aecp_aem_stack.feature:116
    Given the protocols root is loaded                                                                              # ../traffic-gen/tests/stack_behave/features/steps/stack_steps.py:46
    Given the application interface "atdecc_aecp_operation_status::AECP_OPERATION_STATUS::AECP_OPERATION_STATUS_IF" # ../traffic-gen/tests/stack_behave/features/steps/stack_steps.py:52
    When I generate 20 stacked packets with seed 3                                                                  # ../traffic-gen/tests/stack_behave/features/steps/stack_steps.py:62
    Then layer 1 field "subtype" always equals 251                                                                  # ../traffic-gen/tests/stack_behave/features/steps/stack_steps.py:91
    And layer 1 field "sv" always equals 0                                                                          # ../traffic-gen/tests/stack_behave/features/steps/stack_steps.py:91
    And layer 1 field "version" always equals 0                                                                     # ../traffic-gen/tests/stack_behave/features/steps/stack_steps.py:91

  Scenario Outline: READ_DESCRIPTOR — AVTP subtype is always 0xFB and version 0 -- @1.8 AECP AEM interfaces      # ../traffic-gen/tests/stack_behave/features/aecp_aem_stack.feature:117
    Given the protocols root is loaded                                                                           # ../traffic-gen/tests/stack_behave/features/steps/stack_steps.py:46
    Given the application interface "atdecc_aecp_read_descriptor::AECP_READ_DESCRIPTOR::AECP_READ_DESCRIPTOR_IF" # ../traffic-gen/tests/stack_behave/features/steps/stack_steps.py:52
    When I generate 20 stacked packets with seed 3                                                               # ../traffic-gen/tests/stack_behave/features/steps/stack_steps.py:62
    Then layer 1 field "subtype" always equals 251                                                               # ../traffic-gen/tests/stack_behave/features/steps/stack_steps.py:91
    And layer 1 field "sv" always equals 0                                                                       # ../traffic-gen/tests/stack_behave/features/steps/stack_steps.py:91
    And layer 1 field "version" always equals 0                                                                  # ../traffic-gen/tests/stack_behave/features/steps/stack_steps.py:91

  Scenario Outline: SET_CLOCK_SOURCE — AVTP subtype is always 0xFB and version 0 -- @1.9 AECP AEM interfaces        # ../traffic-gen/tests/stack_behave/features/aecp_aem_stack.feature:118
    Given the protocols root is loaded                                                                              # ../traffic-gen/tests/stack_behave/features/steps/stack_steps.py:46
    Given the application interface "atdecc_aecp_set_clock_source::AECP_SET_CLOCK_SOURCE::AECP_SET_CLOCK_SOURCE_IF" # ../traffic-gen/tests/stack_behave/features/steps/stack_steps.py:52
    When I generate 20 stacked packets with seed 3                                                                  # ../traffic-gen/tests/stack_behave/features/steps/stack_steps.py:62
    Then layer 1 field "subtype" always equals 251                                                                  # ../traffic-gen/tests/stack_behave/features/steps/stack_steps.py:91
    And layer 1 field "sv" always equals 0                                                                          # ../traffic-gen/tests/stack_behave/features/steps/stack_steps.py:91
    And layer 1 field "version" always equals 0                                                                     # ../traffic-gen/tests/stack_behave/features/steps/stack_steps.py:91

  Scenario Outline: SET_SAMPLING_RATE — AVTP subtype is always 0xFB and version 0 -- @1.10 AECP AEM interfaces         # ../traffic-gen/tests/stack_behave/features/aecp_aem_stack.feature:119
    Given the protocols root is loaded                                                                                 # ../traffic-gen/tests/stack_behave/features/steps/stack_steps.py:46
    Given the application interface "atdecc_aecp_set_sampling_rate::AECP_SET_SAMPLING_RATE::AECP_SET_SAMPLING_RATE_IF" # ../traffic-gen/tests/stack_behave/features/steps/stack_steps.py:52
    When I generate 20 stacked packets with seed 3                                                                     # ../traffic-gen/tests/stack_behave/features/steps/stack_steps.py:62
    Then layer 1 field "subtype" always equals 251                                                                     # ../traffic-gen/tests/stack_behave/features/steps/stack_steps.py:91
    And layer 1 field "sv" always equals 0                                                                             # ../traffic-gen/tests/stack_behave/features/steps/stack_steps.py:91
    And layer 1 field "version" always equals 0                                                                        # ../traffic-gen/tests/stack_behave/features/steps/stack_steps.py:91

  Scenario Outline: START_OPERATION — AVTP subtype is always 0xFB and version 0 -- @1.11 AECP AEM interfaces     # ../traffic-gen/tests/stack_behave/features/aecp_aem_stack.feature:120
    Given the protocols root is loaded                                                                           # ../traffic-gen/tests/stack_behave/features/steps/stack_steps.py:46
    Given the application interface "atdecc_aecp_start_operation::AECP_START_OPERATION::AECP_START_OPERATION_IF" # ../traffic-gen/tests/stack_behave/features/steps/stack_steps.py:52
    When I generate 20 stacked packets with seed 3                                                               # ../traffic-gen/tests/stack_behave/features/steps/stack_steps.py:62
    Then layer 1 field "subtype" always equals 251                                                               # ../traffic-gen/tests/stack_behave/features/steps/stack_steps.py:91
    And layer 1 field "sv" always equals 0                                                                       # ../traffic-gen/tests/stack_behave/features/steps/stack_steps.py:91
    And layer 1 field "version" always equals 0                                                                  # ../traffic-gen/tests/stack_behave/features/steps/stack_steps.py:91

  Scenario Outline: SET_CONTROL — AVTP subtype is always 0xFB and version 0 -- @1.12 AECP AEM interfaces  # ../traffic-gen/tests/stack_behave/features/aecp_aem_stack.feature:121
    Given the protocols root is loaded                                                                    # ../traffic-gen/tests/stack_behave/features/steps/stack_steps.py:46
    Given the application interface "atdecc_aecp_set_control::AECP_SET_CONTROL::AECP_SET_CONTROL_IF"      # ../traffic-gen/tests/stack_behave/features/steps/stack_steps.py:52
    When I generate 20 stacked packets with seed 3                                                        # ../traffic-gen/tests/stack_behave/features/steps/stack_steps.py:62
    Then layer 1 field "subtype" always equals 251                                                        # ../traffic-gen/tests/stack_behave/features/steps/stack_steps.py:91
    And layer 1 field "sv" always equals 0                                                                # ../traffic-gen/tests/stack_behave/features/steps/stack_steps.py:91
    And layer 1 field "version" always equals 0                                                           # ../traffic-gen/tests/stack_behave/features/steps/stack_steps.py:91

  Scenario Outline: SET_STREAM_FORMAT — AVTP subtype is always 0xFB and version 0 -- @1.13 AECP AEM interfaces         # ../traffic-gen/tests/stack_behave/features/aecp_aem_stack.feature:122
    Given the protocols root is loaded                                                                                 # ../traffic-gen/tests/stack_behave/features/steps/stack_steps.py:46
    Given the application interface "atdecc_aecp_set_stream_format::AECP_SET_STREAM_FORMAT::AECP_SET_STREAM_FORMAT_IF" # ../traffic-gen/tests/stack_behave/features/steps/stack_steps.py:52
    When I generate 20 stacked packets with seed 3                                                                     # ../traffic-gen/tests/stack_behave/features/steps/stack_steps.py:62
    Then layer 1 field "subtype" always equals 251                                                                     # ../traffic-gen/tests/stack_behave/features/steps/stack_steps.py:91
    And layer 1 field "sv" always equals 0                                                                             # ../traffic-gen/tests/stack_behave/features/steps/stack_steps.py:91
    And layer 1 field "version" always equals 0                                                                        # ../traffic-gen/tests/stack_behave/features/steps/stack_steps.py:91

  Scenario Outline: ACQUIRE_ENTITY — AVTP subtype is always 0xFB and version 0 -- @1.14 AECP AEM interfaces   # ../traffic-gen/tests/stack_behave/features/aecp_aem_stack.feature:123
    Given the protocols root is loaded                                                                        # ../traffic-gen/tests/stack_behave/features/steps/stack_steps.py:46
    Given the application interface "atdecc_aecp_acquire_entity::AECP_ACQUIRE_ENTITY::AECP_ACQUIRE_ENTITY_IF" # ../traffic-gen/tests/stack_behave/features/steps/stack_steps.py:52
    When I generate 20 stacked packets with seed 3                                                            # ../traffic-gen/tests/stack_behave/features/steps/stack_steps.py:62
    Then layer 1 field "subtype" always equals 251                                                            # ../traffic-gen/tests/stack_behave/features/steps/stack_steps.py:91
    And layer 1 field "sv" always equals 0                                                                    # ../traffic-gen/tests/stack_behave/features/steps/stack_steps.py:91
    And layer 1 field "version" always equals 0                                                               # ../traffic-gen/tests/stack_behave/features/steps/stack_steps.py:91

  Scenario Outline: AUDIO_MAPPINGS — AVTP subtype is always 0xFB and version 0 -- @1.15 AECP AEM interfaces   # ../traffic-gen/tests/stack_behave/features/aecp_aem_stack.feature:124
    Given the protocols root is loaded                                                                        # ../traffic-gen/tests/stack_behave/features/steps/stack_steps.py:46
    Given the application interface "atdecc_aecp_audio_mappings::AECP_AUDIO_MAPPINGS::AECP_AUDIO_MAPPINGS_IF" # ../traffic-gen/tests/stack_behave/features/steps/stack_steps.py:52
    When I generate 20 stacked packets with seed 3                                                            # ../traffic-gen/tests/stack_behave/features/steps/stack_steps.py:62
    Then layer 1 field "subtype" always equals 251                                                            # ../traffic-gen/tests/stack_behave/features/steps/stack_steps.py:91
    And layer 1 field "sv" always equals 0                                                                    # ../traffic-gen/tests/stack_behave/features/steps/stack_steps.py:91
    And layer 1 field "version" always equals 0                                                               # ../traffic-gen/tests/stack_behave/features/steps/stack_steps.py:91

  Scenario Outline: LOCK_ENTITY — AVTP subtype is always 0xFB and version 0 -- @1.16 AECP AEM interfaces  # ../traffic-gen/tests/stack_behave/features/aecp_aem_stack.feature:125
    Given the protocols root is loaded                                                                    # ../traffic-gen/tests/stack_behave/features/steps/stack_steps.py:46
    Given the application interface "atdecc_aecp_lock_entity::AECP_LOCK_ENTITY::AECP_LOCK_ENTITY_IF"      # ../traffic-gen/tests/stack_behave/features/steps/stack_steps.py:52
    When I generate 20 stacked packets with seed 3                                                        # ../traffic-gen/tests/stack_behave/features/steps/stack_steps.py:62
    Then layer 1 field "subtype" always equals 251                                                        # ../traffic-gen/tests/stack_behave/features/steps/stack_steps.py:91
    And layer 1 field "sv" always equals 0                                                                # ../traffic-gen/tests/stack_behave/features/steps/stack_steps.py:91
    And layer 1 field "version" always equals 0                                                           # ../traffic-gen/tests/stack_behave/features/steps/stack_steps.py:91

  Scenario Outline: SET_STREAM_INFO — AVTP subtype is always 0xFB and version 0 -- @1.17 AECP AEM interfaces     # ../traffic-gen/tests/stack_behave/features/aecp_aem_stack.feature:126
    Given the protocols root is loaded                                                                           # ../traffic-gen/tests/stack_behave/features/steps/stack_steps.py:46
    Given the application interface "atdecc_aecp_set_stream_info::AECP_SET_STREAM_INFO::AECP_SET_STREAM_INFO_IF" # ../traffic-gen/tests/stack_behave/features/steps/stack_steps.py:52
    When I generate 20 stacked packets with seed 3                                                               # ../traffic-gen/tests/stack_behave/features/steps/stack_steps.py:62
    Then layer 1 field "subtype" always equals 251                                                               # ../traffic-gen/tests/stack_behave/features/steps/stack_steps.py:91
    And layer 1 field "sv" always equals 0                                                                       # ../traffic-gen/tests/stack_behave/features/steps/stack_steps.py:91
    And layer 1 field "version" always equals 0                                                                  # ../traffic-gen/tests/stack_behave/features/steps/stack_steps.py:91

  Scenario Outline: SET_NAME — AVTP subtype is always 0xFB and version 0 -- @1.18 AECP AEM interfaces  # ../traffic-gen/tests/stack_behave/features/aecp_aem_stack.feature:127
    Given the protocols root is loaded                                                                 # ../traffic-gen/tests/stack_behave/features/steps/stack_steps.py:46
    Given the application interface "atdecc_aecp_set_name::AECP_SET_NAME::AECP_SET_NAME_IF"            # ../traffic-gen/tests/stack_behave/features/steps/stack_steps.py:52
    When I generate 20 stacked packets with seed 3                                                     # ../traffic-gen/tests/stack_behave/features/steps/stack_steps.py:62
    Then layer 1 field "subtype" always equals 251                                                     # ../traffic-gen/tests/stack_behave/features/steps/stack_steps.py:91
    And layer 1 field "sv" always equals 0                                                             # ../traffic-gen/tests/stack_behave/features/steps/stack_steps.py:91
    And layer 1 field "version" always equals 0                                                        # ../traffic-gen/tests/stack_behave/features/steps/stack_steps.py:91

  Scenario Outline: AEM_NO_PAYLOAD — control_data_length is always fixed -- @1.1 AECP interfaces with fixed control_data_length  # ../traffic-gen/tests/stack_behave/features/aecp_aem_stack.feature:140
    Given the protocols root is loaded                                                                                           # ../traffic-gen/tests/stack_behave/features/steps/stack_steps.py:46
    Given the application interface "atdecc_aecp_aem_no_payload::AECP_AEM_NO_PAYLOAD::AECP_AEM_NO_PAYLOAD_IF"                    # ../traffic-gen/tests/stack_behave/features/steps/stack_steps.py:52
    When I generate 20 stacked packets with seed 9                                                                               # ../traffic-gen/tests/stack_behave/features/steps/stack_steps.py:62
    Then layer 2 field "control_data_length" always equals 20                                                                    # ../traffic-gen/tests/stack_behave/features/steps/stack_steps.py:91

  Scenario Outline: SET_CONFIGURATION — control_data_length is always fixed -- @1.2 AECP interfaces with fixed control_data_length  # ../traffic-gen/tests/stack_behave/features/aecp_aem_stack.feature:141
    Given the protocols root is loaded                                                                                              # ../traffic-gen/tests/stack_behave/features/steps/stack_steps.py:46
    Given the application interface "atdecc_aecp_set_configuration::AECP_SET_CONFIGURATION::AECP_SET_CONFIGURATION_IF"              # ../traffic-gen/tests/stack_behave/features/steps/stack_steps.py:52
    When I generate 20 stacked packets with seed 9                                                                                  # ../traffic-gen/tests/stack_behave/features/steps/stack_steps.py:62
    Then layer 2 field "control_data_length" always equals 24                                                                       # ../traffic-gen/tests/stack_behave/features/steps/stack_steps.py:91

  Scenario Outline: ABORT_OPERATION — control_data_length is always fixed -- @1.3 AECP interfaces with fixed control_data_length  # ../traffic-gen/tests/stack_behave/features/aecp_aem_stack.feature:142
    Given the protocols root is loaded                                                                                            # ../traffic-gen/tests/stack_behave/features/steps/stack_steps.py:46
    Given the application interface "atdecc_aecp_abort_operation::AECP_ABORT_OPERATION::AECP_ABORT_OPERATION_IF"                  # ../traffic-gen/tests/stack_behave/features/steps/stack_steps.py:52
    When I generate 20 stacked packets with seed 9                                                                                # ../traffic-gen/tests/stack_behave/features/steps/stack_steps.py:62
    Then layer 2 field "control_data_length" always equals 28                                                                     # ../traffic-gen/tests/stack_behave/features/steps/stack_steps.py:91

  Scenario Outline: GET_AUDIO_MAP — control_data_length is always fixed -- @1.4 AECP interfaces with fixed control_data_length  # ../traffic-gen/tests/stack_behave/features/aecp_aem_stack.feature:143
    Given the protocols root is loaded                                                                                          # ../traffic-gen/tests/stack_behave/features/steps/stack_steps.py:46
    Given the application interface "atdecc_aecp_get_audio_map::AECP_GET_AUDIO_MAP::AECP_GET_AUDIO_MAP_IF"                      # ../traffic-gen/tests/stack_behave/features/steps/stack_steps.py:52
    When I generate 20 stacked packets with seed 9                                                                              # ../traffic-gen/tests/stack_behave/features/steps/stack_steps.py:62
    Then layer 2 field "control_data_length" always equals 28                                                                   # ../traffic-gen/tests/stack_behave/features/steps/stack_steps.py:91

  Scenario Outline: READ_DESCRIPTOR — control_data_length is always fixed -- @1.5 AECP interfaces with fixed control_data_length  # ../traffic-gen/tests/stack_behave/features/aecp_aem_stack.feature:144
    Given the protocols root is loaded                                                                                            # ../traffic-gen/tests/stack_behave/features/steps/stack_steps.py:46
    Given the application interface "atdecc_aecp_read_descriptor::AECP_READ_DESCRIPTOR::AECP_READ_DESCRIPTOR_IF"                  # ../traffic-gen/tests/stack_behave/features/steps/stack_steps.py:52
    When I generate 20 stacked packets with seed 9                                                                                # ../traffic-gen/tests/stack_behave/features/steps/stack_steps.py:62
    Then layer 2 field "control_data_length" always equals 28                                                                     # ../traffic-gen/tests/stack_behave/features/steps/stack_steps.py:91

  Scenario Outline: SET_CLOCK_SOURCE — control_data_length is always fixed -- @1.6 AECP interfaces with fixed control_data_length  # ../traffic-gen/tests/stack_behave/features/aecp_aem_stack.feature:145
    Given the protocols root is loaded                                                                                             # ../traffic-gen/tests/stack_behave/features/steps/stack_steps.py:46
    Given the application interface "atdecc_aecp_set_clock_source::AECP_SET_CLOCK_SOURCE::AECP_SET_CLOCK_SOURCE_IF"                # ../traffic-gen/tests/stack_behave/features/steps/stack_steps.py:52
    When I generate 20 stacked packets with seed 9                                                                                 # ../traffic-gen/tests/stack_behave/features/steps/stack_steps.py:62
    Then layer 2 field "control_data_length" always equals 28                                                                      # ../traffic-gen/tests/stack_behave/features/steps/stack_steps.py:91

  Scenario Outline: SET_SAMPLING_RATE — control_data_length is always fixed -- @1.7 AECP interfaces with fixed control_data_length  # ../traffic-gen/tests/stack_behave/features/aecp_aem_stack.feature:146
    Given the protocols root is loaded                                                                                              # ../traffic-gen/tests/stack_behave/features/steps/stack_steps.py:46
    Given the application interface "atdecc_aecp_set_sampling_rate::AECP_SET_SAMPLING_RATE::AECP_SET_SAMPLING_RATE_IF"              # ../traffic-gen/tests/stack_behave/features/steps/stack_steps.py:52
    When I generate 20 stacked packets with seed 9                                                                                  # ../traffic-gen/tests/stack_behave/features/steps/stack_steps.py:62
    Then layer 2 field "control_data_length" always equals 28                                                                       # ../traffic-gen/tests/stack_behave/features/steps/stack_steps.py:91

  Scenario Outline: ACQUIRE_ENTITY — control_data_length is always fixed -- @1.8 AECP interfaces with fixed control_data_length  # ../traffic-gen/tests/stack_behave/features/aecp_aem_stack.feature:147
    Given the protocols root is loaded                                                                                           # ../traffic-gen/tests/stack_behave/features/steps/stack_steps.py:46
    Given the application interface "atdecc_aecp_acquire_entity::AECP_ACQUIRE_ENTITY::AECP_ACQUIRE_ENTITY_IF"                    # ../traffic-gen/tests/stack_behave/features/steps/stack_steps.py:52
    When I generate 20 stacked packets with seed 9                                                                               # ../traffic-gen/tests/stack_behave/features/steps/stack_steps.py:62
    Then layer 2 field "control_data_length" always equals 36                                                                    # ../traffic-gen/tests/stack_behave/features/steps/stack_steps.py:91

  Scenario Outline: LOCK_ENTITY — control_data_length is always fixed -- @1.9 AECP interfaces with fixed control_data_length  # ../traffic-gen/tests/stack_behave/features/aecp_aem_stack.feature:148
    Given the protocols root is loaded                                                                                        # ../traffic-gen/tests/stack_behave/features/steps/stack_steps.py:46
    Given the application interface "atdecc_aecp_lock_entity::AECP_LOCK_ENTITY::AECP_LOCK_ENTITY_IF"                          # ../traffic-gen/tests/stack_behave/features/steps/stack_steps.py:52
    When I generate 20 stacked packets with seed 9                                                                            # ../traffic-gen/tests/stack_behave/features/steps/stack_steps.py:62
    Then layer 2 field "control_data_length" always equals 36                                                                 # ../traffic-gen/tests/stack_behave/features/steps/stack_steps.py:91

  Scenario Outline: AEM_NO_PAYLOAD — message_type is always a command (0) or response (1) -- @1.1 AECP AEM interfaces  # ../traffic-gen/tests/stack_behave/features/aecp_aem_stack.feature:157
    Given the protocols root is loaded                                                                                 # ../traffic-gen/tests/stack_behave/features/steps/stack_steps.py:46
    Given the application interface "atdecc_aecp_aem_no_payload::AECP_AEM_NO_PAYLOAD::AECP_AEM_NO_PAYLOAD_IF"          # ../traffic-gen/tests/stack_behave/features/steps/stack_steps.py:52
    When I generate 30 stacked packets with seed 11                                                                    # ../traffic-gen/tests/stack_behave/features/steps/stack_steps.py:62
    Then layer 2 field "message_type" is always one of [0, 1]                                                          # ../traffic-gen/tests/stack_behave/features/steps/stack_steps.py:122

  Scenario Outline: SET_CONFIGURATION — message_type is always a command (0) or response (1) -- @1.2 AECP AEM interfaces  # ../traffic-gen/tests/stack_behave/features/aecp_aem_stack.feature:158
    Given the protocols root is loaded                                                                                    # ../traffic-gen/tests/stack_behave/features/steps/stack_steps.py:46
    Given the application interface "atdecc_aecp_set_configuration::AECP_SET_CONFIGURATION::AECP_SET_CONFIGURATION_IF"    # ../traffic-gen/tests/stack_behave/features/steps/stack_steps.py:52
    When I generate 30 stacked packets with seed 11                                                                       # ../traffic-gen/tests/stack_behave/features/steps/stack_steps.py:62
    Then layer 2 field "message_type" is always one of [0, 1]                                                             # ../traffic-gen/tests/stack_behave/features/steps/stack_steps.py:122

  Scenario Outline: ABORT_OPERATION — message_type is always a command (0) or response (1) -- @1.3 AECP AEM interfaces  # ../traffic-gen/tests/stack_behave/features/aecp_aem_stack.feature:159
    Given the protocols root is loaded                                                                                  # ../traffic-gen/tests/stack_behave/features/steps/stack_steps.py:46
    Given the application interface "atdecc_aecp_abort_operation::AECP_ABORT_OPERATION::AECP_ABORT_OPERATION_IF"        # ../traffic-gen/tests/stack_behave/features/steps/stack_steps.py:52
    When I generate 30 stacked packets with seed 11                                                                     # ../traffic-gen/tests/stack_behave/features/steps/stack_steps.py:62
    Then layer 2 field "message_type" is always one of [0, 1]                                                           # ../traffic-gen/tests/stack_behave/features/steps/stack_steps.py:122

  Scenario Outline: GET_AUDIO_MAP — message_type is always a command (0) or response (1) -- @1.4 AECP AEM interfaces  # ../traffic-gen/tests/stack_behave/features/aecp_aem_stack.feature:160
    Given the protocols root is loaded                                                                                # ../traffic-gen/tests/stack_behave/features/steps/stack_steps.py:46
    Given the application interface "atdecc_aecp_get_audio_map::AECP_GET_AUDIO_MAP::AECP_GET_AUDIO_MAP_IF"            # ../traffic-gen/tests/stack_behave/features/steps/stack_steps.py:52
    When I generate 30 stacked packets with seed 11                                                                   # ../traffic-gen/tests/stack_behave/features/steps/stack_steps.py:62
    Then layer 2 field "message_type" is always one of [0, 1]                                                         # ../traffic-gen/tests/stack_behave/features/steps/stack_steps.py:122

  Scenario Outline: GET_NAME — message_type is always a command (0) or response (1) -- @1.5 AECP AEM interfaces  # ../traffic-gen/tests/stack_behave/features/aecp_aem_stack.feature:161
    Given the protocols root is loaded                                                                           # ../traffic-gen/tests/stack_behave/features/steps/stack_steps.py:46
    Given the application interface "atdecc_aecp_get_name::AECP_GET_NAME::AECP_GET_NAME_IF"                      # ../traffic-gen/tests/stack_behave/features/steps/stack_steps.py:52
    When I generate 30 stacked packets with seed 11                                                              # ../traffic-gen/tests/stack_behave/features/steps/stack_steps.py:62
    Then layer 2 field "message_type" is always one of [0, 1]                                                    # ../traffic-gen/tests/stack_behave/features/steps/stack_steps.py:122

  Scenario Outline: READ_DESCRIPTOR — message_type is always a command (0) or response (1) -- @1.6 AECP AEM interfaces  # ../traffic-gen/tests/stack_behave/features/aecp_aem_stack.feature:162
    Given the protocols root is loaded                                                                                  # ../traffic-gen/tests/stack_behave/features/steps/stack_steps.py:46
    Given the application interface "atdecc_aecp_read_descriptor::AECP_READ_DESCRIPTOR::AECP_READ_DESCRIPTOR_IF"        # ../traffic-gen/tests/stack_behave/features/steps/stack_steps.py:52
    When I generate 30 stacked packets with seed 11                                                                     # ../traffic-gen/tests/stack_behave/features/steps/stack_steps.py:62
    Then layer 2 field "message_type" is always one of [0, 1]                                                           # ../traffic-gen/tests/stack_behave/features/steps/stack_steps.py:122

  Scenario Outline: SET_CLOCK_SOURCE — message_type is always a command (0) or response (1) -- @1.7 AECP AEM interfaces  # ../traffic-gen/tests/stack_behave/features/aecp_aem_stack.feature:163
    Given the protocols root is loaded                                                                                   # ../traffic-gen/tests/stack_behave/features/steps/stack_steps.py:46
    Given the application interface "atdecc_aecp_set_clock_source::AECP_SET_CLOCK_SOURCE::AECP_SET_CLOCK_SOURCE_IF"      # ../traffic-gen/tests/stack_behave/features/steps/stack_steps.py:52
    When I generate 30 stacked packets with seed 11                                                                      # ../traffic-gen/tests/stack_behave/features/steps/stack_steps.py:62
    Then layer 2 field "message_type" is always one of [0, 1]                                                            # ../traffic-gen/tests/stack_behave/features/steps/stack_steps.py:122

  Scenario Outline: SET_SAMPLING_RATE — message_type is always a command (0) or response (1) -- @1.8 AECP AEM interfaces  # ../traffic-gen/tests/stack_behave/features/aecp_aem_stack.feature:164
    Given the protocols root is loaded                                                                                    # ../traffic-gen/tests/stack_behave/features/steps/stack_steps.py:46
    Given the application interface "atdecc_aecp_set_sampling_rate::AECP_SET_SAMPLING_RATE::AECP_SET_SAMPLING_RATE_IF"    # ../traffic-gen/tests/stack_behave/features/steps/stack_steps.py:52
    When I generate 30 stacked packets with seed 11                                                                       # ../traffic-gen/tests/stack_behave/features/steps/stack_steps.py:62
    Then layer 2 field "message_type" is always one of [0, 1]                                                             # ../traffic-gen/tests/stack_behave/features/steps/stack_steps.py:122

  Scenario Outline: ACQUIRE_ENTITY — message_type is always a command (0) or response (1) -- @1.9 AECP AEM interfaces  # ../traffic-gen/tests/stack_behave/features/aecp_aem_stack.feature:165
    Given the protocols root is loaded                                                                                 # ../traffic-gen/tests/stack_behave/features/steps/stack_steps.py:46
    Given the application interface "atdecc_aecp_acquire_entity::AECP_ACQUIRE_ENTITY::AECP_ACQUIRE_ENTITY_IF"          # ../traffic-gen/tests/stack_behave/features/steps/stack_steps.py:52
    When I generate 30 stacked packets with seed 11                                                                    # ../traffic-gen/tests/stack_behave/features/steps/stack_steps.py:62
    Then layer 2 field "message_type" is always one of [0, 1]                                                          # ../traffic-gen/tests/stack_behave/features/steps/stack_steps.py:122

  Scenario Outline: LOCK_ENTITY — message_type is always a command (0) or response (1) -- @1.10 AECP AEM interfaces  # ../traffic-gen/tests/stack_behave/features/aecp_aem_stack.feature:166
    Given the protocols root is loaded                                                                               # ../traffic-gen/tests/stack_behave/features/steps/stack_steps.py:46
    Given the application interface "atdecc_aecp_lock_entity::AECP_LOCK_ENTITY::AECP_LOCK_ENTITY_IF"                 # ../traffic-gen/tests/stack_behave/features/steps/stack_steps.py:52
    When I generate 30 stacked packets with seed 11                                                                  # ../traffic-gen/tests/stack_behave/features/steps/stack_steps.py:62
    Then layer 2 field "message_type" is always one of [0, 1]                                                        # ../traffic-gen/tests/stack_behave/features/steps/stack_steps.py:122

  Scenario Outline: SET_STREAM_FORMAT — message_type is always a command (0) or response (1) -- @1.11 AECP AEM interfaces  # ../traffic-gen/tests/stack_behave/features/aecp_aem_stack.feature:167
    Given the protocols root is loaded                                                                                     # ../traffic-gen/tests/stack_behave/features/steps/stack_steps.py:46
    Given the application interface "atdecc_aecp_set_stream_format::AECP_SET_STREAM_FORMAT::AECP_SET_STREAM_FORMAT_IF"     # ../traffic-gen/tests/stack_behave/features/steps/stack_steps.py:52
    When I generate 30 stacked packets with seed 11                                                                        # ../traffic-gen/tests/stack_behave/features/steps/stack_steps.py:62
    Then layer 2 field "message_type" is always one of [0, 1]                                                              # ../traffic-gen/tests/stack_behave/features/steps/stack_steps.py:122

  Scenario Outline: AEM_NO_PAYLOAD — stacked frame can be written to pcap -- @1.1 AECP AEM interfaces         # ../traffic-gen/tests/stack_behave/features/aecp_aem_stack.feature:181
    Given the protocols root is loaded                                                                        # ../traffic-gen/tests/stack_behave/features/steps/stack_steps.py:46
    Given the application interface "atdecc_aecp_aem_no_payload::AECP_AEM_NO_PAYLOAD::AECP_AEM_NO_PAYLOAD_IF" # ../traffic-gen/tests/stack_behave/features/steps/stack_steps.py:52
    When I generate 5 stacked packets with seed 42 to pcap file "/tmp/stack_AEM_NO_PAYLOAD.pcap"              # ../traffic-gen/tests/stack_behave/features/steps/stack_steps.py:72
    Then the pcap file "/tmp/stack_AEM_NO_PAYLOAD.pcap" exists                                                # ../traffic-gen/tests/stack_behave/features/steps/stack_steps.py:137
    And the pcap file "/tmp/stack_AEM_NO_PAYLOAD.pcap" contains 5 packets                                     # ../traffic-gen/tests/stack_behave/features/steps/stack_steps.py:142

  Scenario Outline: ACQUIRE_ENTITY — stacked frame can be written to pcap -- @1.2 AECP AEM interfaces         # ../traffic-gen/tests/stack_behave/features/aecp_aem_stack.feature:182
    Given the protocols root is loaded                                                                        # ../traffic-gen/tests/stack_behave/features/steps/stack_steps.py:46
    Given the application interface "atdecc_aecp_acquire_entity::AECP_ACQUIRE_ENTITY::AECP_ACQUIRE_ENTITY_IF" # ../traffic-gen/tests/stack_behave/features/steps/stack_steps.py:52
    When I generate 5 stacked packets with seed 42 to pcap file "/tmp/stack_ACQUIRE_ENTITY.pcap"              # ../traffic-gen/tests/stack_behave/features/steps/stack_steps.py:72
    Then the pcap file "/tmp/stack_ACQUIRE_ENTITY.pcap" exists                                                # ../traffic-gen/tests/stack_behave/features/steps/stack_steps.py:137
    And the pcap file "/tmp/stack_ACQUIRE_ENTITY.pcap" contains 5 packets                                     # ../traffic-gen/tests/stack_behave/features/steps/stack_steps.py:142

  Scenario Outline: LOCK_ENTITY — stacked frame can be written to pcap -- @1.3 AECP AEM interfaces   # ../traffic-gen/tests/stack_behave/features/aecp_aem_stack.feature:183
    Given the protocols root is loaded                                                               # ../traffic-gen/tests/stack_behave/features/steps/stack_steps.py:46
    Given the application interface "atdecc_aecp_lock_entity::AECP_LOCK_ENTITY::AECP_LOCK_ENTITY_IF" # ../traffic-gen/tests/stack_behave/features/steps/stack_steps.py:52
    When I generate 5 stacked packets with seed 42 to pcap file "/tmp/stack_LOCK_ENTITY.pcap"        # ../traffic-gen/tests/stack_behave/features/steps/stack_steps.py:72
    Then the pcap file "/tmp/stack_LOCK_ENTITY.pcap" exists                                          # ../traffic-gen/tests/stack_behave/features/steps/stack_steps.py:137
    And the pcap file "/tmp/stack_LOCK_ENTITY.pcap" contains 5 packets                               # ../traffic-gen/tests/stack_behave/features/steps/stack_steps.py:142

  Scenario Outline: SET_STREAM_FORMAT — stacked frame can be written to pcap -- @1.4 AECP AEM interfaces               # ../traffic-gen/tests/stack_behave/features/aecp_aem_stack.feature:184
    Given the protocols root is loaded                                                                                 # ../traffic-gen/tests/stack_behave/features/steps/stack_steps.py:46
    Given the application interface "atdecc_aecp_set_stream_format::AECP_SET_STREAM_FORMAT::AECP_SET_STREAM_FORMAT_IF" # ../traffic-gen/tests/stack_behave/features/steps/stack_steps.py:52
    When I generate 5 stacked packets with seed 42 to pcap file "/tmp/stack_SET_STREAM_FORMAT.pcap"                    # ../traffic-gen/tests/stack_behave/features/steps/stack_steps.py:72
    Then the pcap file "/tmp/stack_SET_STREAM_FORMAT.pcap" exists                                                      # ../traffic-gen/tests/stack_behave/features/steps/stack_steps.py:137
    And the pcap file "/tmp/stack_SET_STREAM_FORMAT.pcap" contains 5 packets                                           # ../traffic-gen/tests/stack_behave/features/steps/stack_steps.py:142

  Scenario Outline: SET_STREAM_INFO — stacked frame can be written to pcap -- @1.5 AECP AEM interfaces           # ../traffic-gen/tests/stack_behave/features/aecp_aem_stack.feature:185
    Given the protocols root is loaded                                                                           # ../traffic-gen/tests/stack_behave/features/steps/stack_steps.py:46
    Given the application interface "atdecc_aecp_set_stream_info::AECP_SET_STREAM_INFO::AECP_SET_STREAM_INFO_IF" # ../traffic-gen/tests/stack_behave/features/steps/stack_steps.py:52
    When I generate 5 stacked packets with seed 42 to pcap file "/tmp/stack_SET_STREAM_INFO.pcap"                # ../traffic-gen/tests/stack_behave/features/steps/stack_steps.py:72
    Then the pcap file "/tmp/stack_SET_STREAM_INFO.pcap" exists                                                  # ../traffic-gen/tests/stack_behave/features/steps/stack_steps.py:137
    And the pcap file "/tmp/stack_SET_STREAM_INFO.pcap" contains 5 packets                                       # ../traffic-gen/tests/stack_behave/features/steps/stack_steps.py:142

  Scenario Outline: SET_NAME — stacked frame can be written to pcap -- @1.6 AECP AEM interfaces  # ../traffic-gen/tests/stack_behave/features/aecp_aem_stack.feature:186
    Given the protocols root is loaded                                                           # ../traffic-gen/tests/stack_behave/features/steps/stack_steps.py:46
    Given the application interface "atdecc_aecp_set_name::AECP_SET_NAME::AECP_SET_NAME_IF"      # ../traffic-gen/tests/stack_behave/features/steps/stack_steps.py:52
    When I generate 5 stacked packets with seed 42 to pcap file "/tmp/stack_SET_NAME.pcap"       # ../traffic-gen/tests/stack_behave/features/steps/stack_steps.py:72
    Then the pcap file "/tmp/stack_SET_NAME.pcap" exists                                         # ../traffic-gen/tests/stack_behave/features/steps/stack_steps.py:137
    And the pcap file "/tmp/stack_SET_NAME.pcap" contains 5 packets                              # ../traffic-gen/tests/stack_behave/features/steps/stack_steps.py:142

Feature: AECP non-AEM — full on-wire frame assembly via layer stacking # ../traffic-gen/tests/stack_behave/features/aecp_non_aem_stack.feature:13

  Feature: AECP non-AEM — full on-wire frame assembly via layer stacking  # ../traffic-gen/tests/stack_behave/features/aecp_non_aem_stack.feature:13

  Scenario: ADDRESS_ACCESS stacked frame has correct total size                                               # ../traffic-gen/tests/stack_behave/features/aecp_non_aem_stack.feature:22
    Given the protocols root is loaded                                                                        # ../traffic-gen/tests/stack_behave/features/steps/stack_steps.py:46
    Given the application interface "atdecc_aecp_address_access::AECP_ADDRESS_ACCESS::AECP_ADDRESS_ACCESS_IF" # ../traffic-gen/tests/stack_behave/features/steps/stack_steps.py:52
    When I generate 20 stacked packets with seed 1                                                            # ../traffic-gen/tests/stack_behave/features/steps/stack_steps.py:62
    Then the stacked packet size is always 57 bytes                                                           # ../traffic-gen/tests/stack_behave/features/steps/stack_steps.py:83

  Scenario: ADDRESS_ACCESS — ethertype is always 0x22F0                                                       # ../traffic-gen/tests/stack_behave/features/aecp_non_aem_stack.feature:27
    Given the protocols root is loaded                                                                        # ../traffic-gen/tests/stack_behave/features/steps/stack_steps.py:46
    Given the application interface "atdecc_aecp_address_access::AECP_ADDRESS_ACCESS::AECP_ADDRESS_ACCESS_IF" # ../traffic-gen/tests/stack_behave/features/steps/stack_steps.py:52
    When I generate 20 stacked packets with seed 5                                                            # ../traffic-gen/tests/stack_behave/features/steps/stack_steps.py:62
    Then layer 0 field "ethertype" always equals hex 22F0                                                     # ../traffic-gen/tests/stack_behave/features/steps/stack_steps.py:101

  Scenario: ADDRESS_ACCESS — message_type is always 2 (command) or 3 (response)                               # ../traffic-gen/tests/stack_behave/features/aecp_non_aem_stack.feature:32
    Given the protocols root is loaded                                                                        # ../traffic-gen/tests/stack_behave/features/steps/stack_steps.py:46
    Given the application interface "atdecc_aecp_address_access::AECP_ADDRESS_ACCESS::AECP_ADDRESS_ACCESS_IF" # ../traffic-gen/tests/stack_behave/features/steps/stack_steps.py:52
    When I generate 30 stacked packets with seed 13                                                           # ../traffic-gen/tests/stack_behave/features/steps/stack_steps.py:62
    Then layer 2 field "message_type" is always one of [2, 3]                                                 # ../traffic-gen/tests/stack_behave/features/steps/stack_steps.py:122

  Scenario: ADDRESS_ACCESS — AVTP subtype and version are fixed                                               # ../traffic-gen/tests/stack_behave/features/aecp_non_aem_stack.feature:37
    Given the protocols root is loaded                                                                        # ../traffic-gen/tests/stack_behave/features/steps/stack_steps.py:46
    Given the application interface "atdecc_aecp_address_access::AECP_ADDRESS_ACCESS::AECP_ADDRESS_ACCESS_IF" # ../traffic-gen/tests/stack_behave/features/steps/stack_steps.py:52
    When I generate 20 stacked packets with seed 2                                                            # ../traffic-gen/tests/stack_behave/features/steps/stack_steps.py:62
    Then layer 1 field "subtype" always equals 251                                                            # ../traffic-gen/tests/stack_behave/features/steps/stack_steps.py:91
    And layer 1 field "sv" always equals 0                                                                    # ../traffic-gen/tests/stack_behave/features/steps/stack_steps.py:91
    And layer 1 field "version" always equals 0                                                               # ../traffic-gen/tests/stack_behave/features/steps/stack_steps.py:91

  Scenario: ADDRESS_ACCESS — written to pcap                                                                  # ../traffic-gen/tests/stack_behave/features/aecp_non_aem_stack.feature:44
    Given the protocols root is loaded                                                                        # ../traffic-gen/tests/stack_behave/features/steps/stack_steps.py:46
    Given the application interface "atdecc_aecp_address_access::AECP_ADDRESS_ACCESS::AECP_ADDRESS_ACCESS_IF" # ../traffic-gen/tests/stack_behave/features/steps/stack_steps.py:52
    When I generate 5 stacked packets with seed 42 to pcap file "/tmp/stack_ADDRESS_ACCESS.pcap"              # ../traffic-gen/tests/stack_behave/features/steps/stack_steps.py:72
    Then the pcap file "/tmp/stack_ADDRESS_ACCESS.pcap" exists                                                # ../traffic-gen/tests/stack_behave/features/steps/stack_steps.py:137
    And the pcap file "/tmp/stack_ADDRESS_ACCESS.pcap" contains 5 packets                                     # ../traffic-gen/tests/stack_behave/features/steps/stack_steps.py:142

  Scenario: VENDOR_UNIQUE stacked frame has correct total size                                             # ../traffic-gen/tests/stack_behave/features/aecp_non_aem_stack.feature:54
    Given the protocols root is loaded                                                                     # ../traffic-gen/tests/stack_behave/features/steps/stack_steps.py:46
    Given the application interface "atdecc_aecp_vendor_unique::AECP_VENDOR_UNIQUE::AECP_VENDOR_UNIQUE_IF" # ../traffic-gen/tests/stack_behave/features/steps/stack_steps.py:52
    When I generate 20 stacked packets with seed 1                                                         # ../traffic-gen/tests/stack_behave/features/steps/stack_steps.py:62
    Then the stacked packet size is always 51 bytes                                                        # ../traffic-gen/tests/stack_behave/features/steps/stack_steps.py:83

  Scenario: VENDOR_UNIQUE — ethertype is always 0x22F0                                                     # ../traffic-gen/tests/stack_behave/features/aecp_non_aem_stack.feature:59
    Given the protocols root is loaded                                                                     # ../traffic-gen/tests/stack_behave/features/steps/stack_steps.py:46
    Given the application interface "atdecc_aecp_vendor_unique::AECP_VENDOR_UNIQUE::AECP_VENDOR_UNIQUE_IF" # ../traffic-gen/tests/stack_behave/features/steps/stack_steps.py:52
    When I generate 20 stacked packets with seed 5                                                         # ../traffic-gen/tests/stack_behave/features/steps/stack_steps.py:62
    Then layer 0 field "ethertype" always equals hex 22F0                                                  # ../traffic-gen/tests/stack_behave/features/steps/stack_steps.py:101

  Scenario: VENDOR_UNIQUE — message_type is always 6 (command) or 7 (response)                             # ../traffic-gen/tests/stack_behave/features/aecp_non_aem_stack.feature:64
    Given the protocols root is loaded                                                                     # ../traffic-gen/tests/stack_behave/features/steps/stack_steps.py:46
    Given the application interface "atdecc_aecp_vendor_unique::AECP_VENDOR_UNIQUE::AECP_VENDOR_UNIQUE_IF" # ../traffic-gen/tests/stack_behave/features/steps/stack_steps.py:52
    When I generate 30 stacked packets with seed 17                                                        # ../traffic-gen/tests/stack_behave/features/steps/stack_steps.py:62
    Then layer 2 field "message_type" is always one of [6, 7]                                              # ../traffic-gen/tests/stack_behave/features/steps/stack_steps.py:122

  Scenario: VENDOR_UNIQUE — AVTP subtype and version are fixed                                             # ../traffic-gen/tests/stack_behave/features/aecp_non_aem_stack.feature:69
    Given the protocols root is loaded                                                                     # ../traffic-gen/tests/stack_behave/features/steps/stack_steps.py:46
    Given the application interface "atdecc_aecp_vendor_unique::AECP_VENDOR_UNIQUE::AECP_VENDOR_UNIQUE_IF" # ../traffic-gen/tests/stack_behave/features/steps/stack_steps.py:52
    When I generate 20 stacked packets with seed 2                                                         # ../traffic-gen/tests/stack_behave/features/steps/stack_steps.py:62
    Then layer 1 field "subtype" always equals 251                                                         # ../traffic-gen/tests/stack_behave/features/steps/stack_steps.py:91
    And layer 1 field "sv" always equals 0                                                                 # ../traffic-gen/tests/stack_behave/features/steps/stack_steps.py:91
    And layer 1 field "version" always equals 0                                                            # ../traffic-gen/tests/stack_behave/features/steps/stack_steps.py:91

  Scenario: VENDOR_UNIQUE — written to pcap                                                                # ../traffic-gen/tests/stack_behave/features/aecp_non_aem_stack.feature:76
    Given the protocols root is loaded                                                                     # ../traffic-gen/tests/stack_behave/features/steps/stack_steps.py:46
    Given the application interface "atdecc_aecp_vendor_unique::AECP_VENDOR_UNIQUE::AECP_VENDOR_UNIQUE_IF" # ../traffic-gen/tests/stack_behave/features/steps/stack_steps.py:52
    When I generate 5 stacked packets with seed 42 to pcap file "/tmp/stack_VENDOR_UNIQUE.pcap"            # ../traffic-gen/tests/stack_behave/features/steps/stack_steps.py:72
    Then the pcap file "/tmp/stack_VENDOR_UNIQUE.pcap" exists                                              # ../traffic-gen/tests/stack_behave/features/steps/stack_steps.py:137
    And the pcap file "/tmp/stack_VENDOR_UNIQUE.pcap" contains 5 packets                                   # ../traffic-gen/tests/stack_behave/features/steps/stack_steps.py:142

Feature: Packet decode — DUT output verification # ../traffic-gen/tests/stack_behave/features/dut_decode.feature:5
  Verify that PacketDecoder correctly reconstructs field values from raw byte
  buffers, and that the generate → capture → decode round-trip is lossless.
  Feature: Packet decode — DUT output verification  # ../traffic-gen/tests/stack_behave/features/dut_decode.feature:5

  Scenario: Generate-decode round-trip via pcap preserves hex (ACQUIRE_ENTITY)                              # ../traffic-gen/tests/stack_behave/features/dut_decode.feature:18
    Given the protocols root is loaded                                                                      # ../traffic-gen/tests/stack_behave/features/steps/stack_steps.py:46
    And the application interface "atdecc_aecp_acquire_entity::AECP_ACQUIRE_ENTITY::AECP_ACQUIRE_ENTITY_IF" # ../traffic-gen/tests/stack_behave/features/steps/stack_steps.py:52
    When I generate 5 stacked packets with seed 1 to pcap file "/tmp/rt_acquire.pcap"                       # ../traffic-gen/tests/stack_behave/features/steps/stack_steps.py:72
    And I decode the pcap file "/tmp/rt_acquire.pcap" against the stack                                     # ../traffic-gen/tests/stack_behave/features/steps/stack_steps.py:199
    Then the decoded packet count is 5                                                                      # ../traffic-gen/tests/stack_behave/features/steps/stack_steps.py:246
    And the generated and decoded hex match                                                                 # ../traffic-gen/tests/stack_behave/features/steps/stack_steps.py:262

  Scenario: Decoded Ethernet ethertype round-trips correctly                                                # ../traffic-gen/tests/stack_behave/features/dut_decode.feature:24
    Given the protocols root is loaded                                                                      # ../traffic-gen/tests/stack_behave/features/steps/stack_steps.py:46
    And the application interface "atdecc_aecp_acquire_entity::AECP_ACQUIRE_ENTITY::AECP_ACQUIRE_ENTITY_IF" # ../traffic-gen/tests/stack_behave/features/steps/stack_steps.py:52
    When I generate 10 stacked packets with seed 7 to pcap file "/tmp/rt_eth.pcap"                          # ../traffic-gen/tests/stack_behave/features/steps/stack_steps.py:72
    And I decode the pcap file "/tmp/rt_eth.pcap" against the stack                                         # ../traffic-gen/tests/stack_behave/features/steps/stack_steps.py:199
    Then decoded layer 0 field "ethertype" always equals hex 22F0                                           # ../traffic-gen/tests/stack_behave/features/steps/stack_steps.py:235

  Scenario: Decoded AVTP subtype round-trips correctly                                                      # ../traffic-gen/tests/stack_behave/features/dut_decode.feature:29
    Given the protocols root is loaded                                                                      # ../traffic-gen/tests/stack_behave/features/steps/stack_steps.py:46
    And the application interface "atdecc_aecp_acquire_entity::AECP_ACQUIRE_ENTITY::AECP_ACQUIRE_ENTITY_IF" # ../traffic-gen/tests/stack_behave/features/steps/stack_steps.py:52
    When I generate 10 stacked packets with seed 13 to pcap file "/tmp/rt_avtp.pcap"                        # ../traffic-gen/tests/stack_behave/features/steps/stack_steps.py:72
    And I decode the pcap file "/tmp/rt_avtp.pcap" against the stack                                        # ../traffic-gen/tests/stack_behave/features/steps/stack_steps.py:199
    Then decoded layer 1 field "subtype" always equals 251                                                  # ../traffic-gen/tests/stack_behave/features/steps/stack_steps.py:225

  Scenario: Decode a fixed hex string — ethertype field is 0x22F0                                                                                        # ../traffic-gen/tests/stack_behave/features/dut_decode.feature:38
    Given the protocols root is loaded                                                                                                                   # ../traffic-gen/tests/stack_behave/features/steps/stack_steps.py:46
    And the application interface "atdecc_aecp_acquire_entity::AECP_ACQUIRE_ENTITY::AECP_ACQUIRE_ENTITY_IF"                                              # ../traffic-gen/tests/stack_behave/features/steps/stack_steps.py:52
    When I decode hex "2245bd5fbb6822eb9250231822f0fb000382416e6678d39feef008e61bd8674b6331bca260000000000004ab7a473d29376c1001e797e0" against the stack # ../traffic-gen/tests/stack_behave/features/steps/stack_steps.py:210
    Then decoded layer 0 field "ethertype" always equals hex 22F0                                                                                        # ../traffic-gen/tests/stack_behave/features/steps/stack_steps.py:235

  Scenario Outline: Round-trip preserves frame size for all AEM PDUs -- @1.1                                  # ../traffic-gen/tests/stack_behave/features/dut_decode.feature:55
    Given the protocols root is loaded                                                                        # ../traffic-gen/tests/stack_behave/features/steps/stack_steps.py:46
    And the application interface "atdecc_aecp_acquire_entity::AECP_ACQUIRE_ENTITY::AECP_ACQUIRE_ENTITY_IF"   # ../traffic-gen/tests/stack_behave/features/steps/stack_steps.py:52
    Given the application interface "atdecc_aecp_aem_no_payload::AECP_AEM_NO_PAYLOAD::AECP_AEM_NO_PAYLOAD_IF" # ../traffic-gen/tests/stack_behave/features/steps/stack_steps.py:52
    When I generate 3 stacked packets with seed 42 to pcap file "/tmp/rt_no_payload.pcap"                     # ../traffic-gen/tests/stack_behave/features/steps/stack_steps.py:72
    And I decode the pcap file "/tmp/rt_no_payload.pcap" against the stack                                    # ../traffic-gen/tests/stack_behave/features/steps/stack_steps.py:199
    Then the decoded packet count is 3                                                                        # ../traffic-gen/tests/stack_behave/features/steps/stack_steps.py:246
    And the generated and decoded hex match                                                                   # ../traffic-gen/tests/stack_behave/features/steps/stack_steps.py:262

  Scenario Outline: Round-trip preserves frame size for all AEM PDUs -- @1.2                                           # ../traffic-gen/tests/stack_behave/features/dut_decode.feature:56
    Given the protocols root is loaded                                                                                 # ../traffic-gen/tests/stack_behave/features/steps/stack_steps.py:46
    And the application interface "atdecc_aecp_acquire_entity::AECP_ACQUIRE_ENTITY::AECP_ACQUIRE_ENTITY_IF"            # ../traffic-gen/tests/stack_behave/features/steps/stack_steps.py:52
    Given the application interface "atdecc_aecp_set_configuration::AECP_SET_CONFIGURATION::AECP_SET_CONFIGURATION_IF" # ../traffic-gen/tests/stack_behave/features/steps/stack_steps.py:52
    When I generate 3 stacked packets with seed 42 to pcap file "/tmp/rt_set_config.pcap"                              # ../traffic-gen/tests/stack_behave/features/steps/stack_steps.py:72
    And I decode the pcap file "/tmp/rt_set_config.pcap" against the stack                                             # ../traffic-gen/tests/stack_behave/features/steps/stack_steps.py:199
    Then the decoded packet count is 3                                                                                 # ../traffic-gen/tests/stack_behave/features/steps/stack_steps.py:246
    And the generated and decoded hex match                                                                            # ../traffic-gen/tests/stack_behave/features/steps/stack_steps.py:262

  Scenario Outline: Round-trip preserves frame size for all AEM PDUs -- @1.3                                # ../traffic-gen/tests/stack_behave/features/dut_decode.feature:57
    Given the protocols root is loaded                                                                      # ../traffic-gen/tests/stack_behave/features/steps/stack_steps.py:46
    And the application interface "atdecc_aecp_acquire_entity::AECP_ACQUIRE_ENTITY::AECP_ACQUIRE_ENTITY_IF" # ../traffic-gen/tests/stack_behave/features/steps/stack_steps.py:52
    Given the application interface "atdecc_aecp_lock_entity::AECP_LOCK_ENTITY::AECP_LOCK_ENTITY_IF"        # ../traffic-gen/tests/stack_behave/features/steps/stack_steps.py:52
    When I generate 3 stacked packets with seed 42 to pcap file "/tmp/rt_lock.pcap"                         # ../traffic-gen/tests/stack_behave/features/steps/stack_steps.py:72
    And I decode the pcap file "/tmp/rt_lock.pcap" against the stack                                        # ../traffic-gen/tests/stack_behave/features/steps/stack_steps.py:199
    Then the decoded packet count is 3                                                                      # ../traffic-gen/tests/stack_behave/features/steps/stack_steps.py:246
    And the generated and decoded hex match                                                                 # ../traffic-gen/tests/stack_behave/features/steps/stack_steps.py:262

  Scenario Outline: Round-trip preserves frame size for all AEM PDUs -- @1.4                                     # ../traffic-gen/tests/stack_behave/features/dut_decode.feature:58
    Given the protocols root is loaded                                                                           # ../traffic-gen/tests/stack_behave/features/steps/stack_steps.py:46
    And the application interface "atdecc_aecp_acquire_entity::AECP_ACQUIRE_ENTITY::AECP_ACQUIRE_ENTITY_IF"      # ../traffic-gen/tests/stack_behave/features/steps/stack_steps.py:52
    Given the application interface "atdecc_aecp_read_descriptor::AECP_READ_DESCRIPTOR::AECP_READ_DESCRIPTOR_IF" # ../traffic-gen/tests/stack_behave/features/steps/stack_steps.py:52
    When I generate 3 stacked packets with seed 42 to pcap file "/tmp/rt_read_desc.pcap"                         # ../traffic-gen/tests/stack_behave/features/steps/stack_steps.py:72
    And I decode the pcap file "/tmp/rt_read_desc.pcap" against the stack                                        # ../traffic-gen/tests/stack_behave/features/steps/stack_steps.py:199
    Then the decoded packet count is 3                                                                           # ../traffic-gen/tests/stack_behave/features/steps/stack_steps.py:246
    And the generated and decoded hex match                                                                      # ../traffic-gen/tests/stack_behave/features/steps/stack_steps.py:262

  Scenario Outline: Round-trip preserves frame size for all AEM PDUs -- @1.5                                # ../traffic-gen/tests/stack_behave/features/dut_decode.feature:59
    Given the protocols root is loaded                                                                      # ../traffic-gen/tests/stack_behave/features/steps/stack_steps.py:46
    And the application interface "atdecc_aecp_acquire_entity::AECP_ACQUIRE_ENTITY::AECP_ACQUIRE_ENTITY_IF" # ../traffic-gen/tests/stack_behave/features/steps/stack_steps.py:52
    Given the application interface "atdecc_aecp_set_name::AECP_SET_NAME::AECP_SET_NAME_IF"                 # ../traffic-gen/tests/stack_behave/features/steps/stack_steps.py:52
    When I generate 3 stacked packets with seed 42 to pcap file "/tmp/rt_set_name.pcap"                     # ../traffic-gen/tests/stack_behave/features/steps/stack_steps.py:72
    And I decode the pcap file "/tmp/rt_set_name.pcap" against the stack                                    # ../traffic-gen/tests/stack_behave/features/steps/stack_steps.py:199
    Then the decoded packet count is 3                                                                      # ../traffic-gen/tests/stack_behave/features/steps/stack_steps.py:246
    And the generated and decoded hex match                                                                 # ../traffic-gen/tests/stack_behave/features/steps/stack_steps.py:262

  Scenario Outline: Round-trip preserves frame size for all AEM PDUs -- @1.6                                # ../traffic-gen/tests/stack_behave/features/dut_decode.feature:60
    Given the protocols root is loaded                                                                      # ../traffic-gen/tests/stack_behave/features/steps/stack_steps.py:46
    And the application interface "atdecc_aecp_acquire_entity::AECP_ACQUIRE_ENTITY::AECP_ACQUIRE_ENTITY_IF" # ../traffic-gen/tests/stack_behave/features/steps/stack_steps.py:52
    Given the application interface "atdecc_aecp_get_name::AECP_GET_NAME::AECP_GET_NAME_IF"                 # ../traffic-gen/tests/stack_behave/features/steps/stack_steps.py:52
    When I generate 3 stacked packets with seed 42 to pcap file "/tmp/rt_get_name.pcap"                     # ../traffic-gen/tests/stack_behave/features/steps/stack_steps.py:72
    And I decode the pcap file "/tmp/rt_get_name.pcap" against the stack                                    # ../traffic-gen/tests/stack_behave/features/steps/stack_steps.py:199
    Then the decoded packet count is 3                                                                      # ../traffic-gen/tests/stack_behave/features/steps/stack_steps.py:246
    And the generated and decoded hex match                                                                 # ../traffic-gen/tests/stack_behave/features/steps/stack_steps.py:262

  Scenario Outline: Round-trip preserves frame size for all AEM PDUs -- @1.7                                           # ../traffic-gen/tests/stack_behave/features/dut_decode.feature:61
    Given the protocols root is loaded                                                                                 # ../traffic-gen/tests/stack_behave/features/steps/stack_steps.py:46
    And the application interface "atdecc_aecp_acquire_entity::AECP_ACQUIRE_ENTITY::AECP_ACQUIRE_ENTITY_IF"            # ../traffic-gen/tests/stack_behave/features/steps/stack_steps.py:52
    Given the application interface "atdecc_aecp_set_sampling_rate::AECP_SET_SAMPLING_RATE::AECP_SET_SAMPLING_RATE_IF" # ../traffic-gen/tests/stack_behave/features/steps/stack_steps.py:52
    When I generate 3 stacked packets with seed 42 to pcap file "/tmp/rt_set_srate.pcap"                               # ../traffic-gen/tests/stack_behave/features/steps/stack_steps.py:72
    And I decode the pcap file "/tmp/rt_set_srate.pcap" against the stack                                              # ../traffic-gen/tests/stack_behave/features/steps/stack_steps.py:199
    Then the decoded packet count is 3                                                                                 # ../traffic-gen/tests/stack_behave/features/steps/stack_steps.py:246
    And the generated and decoded hex match                                                                            # ../traffic-gen/tests/stack_behave/features/steps/stack_steps.py:262

  Scenario Outline: Round-trip preserves frame size for all AEM PDUs -- @1.8                                           # ../traffic-gen/tests/stack_behave/features/dut_decode.feature:62
    Given the protocols root is loaded                                                                                 # ../traffic-gen/tests/stack_behave/features/steps/stack_steps.py:46
    And the application interface "atdecc_aecp_acquire_entity::AECP_ACQUIRE_ENTITY::AECP_ACQUIRE_ENTITY_IF"            # ../traffic-gen/tests/stack_behave/features/steps/stack_steps.py:52
    Given the application interface "atdecc_aecp_set_stream_format::AECP_SET_STREAM_FORMAT::AECP_SET_STREAM_FORMAT_IF" # ../traffic-gen/tests/stack_behave/features/steps/stack_steps.py:52
    When I generate 3 stacked packets with seed 42 to pcap file "/tmp/rt_set_format.pcap"                              # ../traffic-gen/tests/stack_behave/features/steps/stack_steps.py:72
    And I decode the pcap file "/tmp/rt_set_format.pcap" against the stack                                             # ../traffic-gen/tests/stack_behave/features/steps/stack_steps.py:199
    Then the decoded packet count is 3                                                                                 # ../traffic-gen/tests/stack_behave/features/steps/stack_steps.py:246
    And the generated and decoded hex match                                                                            # ../traffic-gen/tests/stack_behave/features/steps/stack_steps.py:262

  Scenario Outline: Round-trip preserves frame size for all AEM PDUs -- @1.9                                     # ../traffic-gen/tests/stack_behave/features/dut_decode.feature:63
    Given the protocols root is loaded                                                                           # ../traffic-gen/tests/stack_behave/features/steps/stack_steps.py:46
    And the application interface "atdecc_aecp_acquire_entity::AECP_ACQUIRE_ENTITY::AECP_ACQUIRE_ENTITY_IF"      # ../traffic-gen/tests/stack_behave/features/steps/stack_steps.py:52
    Given the application interface "atdecc_aecp_set_stream_info::AECP_SET_STREAM_INFO::AECP_SET_STREAM_INFO_IF" # ../traffic-gen/tests/stack_behave/features/steps/stack_steps.py:52
    When I generate 3 stacked packets with seed 42 to pcap file "/tmp/rt_set_info.pcap"                          # ../traffic-gen/tests/stack_behave/features/steps/stack_steps.py:72
    And I decode the pcap file "/tmp/rt_set_info.pcap" against the stack                                         # ../traffic-gen/tests/stack_behave/features/steps/stack_steps.py:199
    Then the decoded packet count is 3                                                                           # ../traffic-gen/tests/stack_behave/features/steps/stack_steps.py:246
    And the generated and decoded hex match                                                                      # ../traffic-gen/tests/stack_behave/features/steps/stack_steps.py:262

  Scenario Outline: Round-trip preserves frame size for all AEM PDUs -- @1.10                                       # ../traffic-gen/tests/stack_behave/features/dut_decode.feature:64
    Given the protocols root is loaded                                                                              # ../traffic-gen/tests/stack_behave/features/steps/stack_steps.py:46
    And the application interface "atdecc_aecp_acquire_entity::AECP_ACQUIRE_ENTITY::AECP_ACQUIRE_ENTITY_IF"         # ../traffic-gen/tests/stack_behave/features/steps/stack_steps.py:52
    Given the application interface "atdecc_aecp_set_clock_source::AECP_SET_CLOCK_SOURCE::AECP_SET_CLOCK_SOURCE_IF" # ../traffic-gen/tests/stack_behave/features/steps/stack_steps.py:52
    When I generate 3 stacked packets with seed 42 to pcap file "/tmp/rt_set_clock.pcap"                            # ../traffic-gen/tests/stack_behave/features/steps/stack_steps.py:72
    And I decode the pcap file "/tmp/rt_set_clock.pcap" against the stack                                           # ../traffic-gen/tests/stack_behave/features/steps/stack_steps.py:199
    Then the decoded packet count is 3                                                                              # ../traffic-gen/tests/stack_behave/features/steps/stack_steps.py:246
    And the generated and decoded hex match                                                                         # ../traffic-gen/tests/stack_behave/features/steps/stack_steps.py:262

  Scenario Outline: Round-trip preserves frame size for all AEM PDUs -- @1.11                               # ../traffic-gen/tests/stack_behave/features/dut_decode.feature:65
    Given the protocols root is loaded                                                                      # ../traffic-gen/tests/stack_behave/features/steps/stack_steps.py:46
    And the application interface "atdecc_aecp_acquire_entity::AECP_ACQUIRE_ENTITY::AECP_ACQUIRE_ENTITY_IF" # ../traffic-gen/tests/stack_behave/features/steps/stack_steps.py:52
    Given the application interface "atdecc_aecp_set_control::AECP_SET_CONTROL::AECP_SET_CONTROL_IF"        # ../traffic-gen/tests/stack_behave/features/steps/stack_steps.py:52
    When I generate 3 stacked packets with seed 42 to pcap file "/tmp/rt_set_control.pcap"                  # ../traffic-gen/tests/stack_behave/features/steps/stack_steps.py:72
    And I decode the pcap file "/tmp/rt_set_control.pcap" against the stack                                 # ../traffic-gen/tests/stack_behave/features/steps/stack_steps.py:199
    Then the decoded packet count is 3                                                                      # ../traffic-gen/tests/stack_behave/features/steps/stack_steps.py:246
    And the generated and decoded hex match                                                                 # ../traffic-gen/tests/stack_behave/features/steps/stack_steps.py:262

  Scenario Outline: Round-trip preserves frame size for all AEM PDUs -- @1.12                                    # ../traffic-gen/tests/stack_behave/features/dut_decode.feature:66
    Given the protocols root is loaded                                                                           # ../traffic-gen/tests/stack_behave/features/steps/stack_steps.py:46
    And the application interface "atdecc_aecp_acquire_entity::AECP_ACQUIRE_ENTITY::AECP_ACQUIRE_ENTITY_IF"      # ../traffic-gen/tests/stack_behave/features/steps/stack_steps.py:52
    Given the application interface "atdecc_aecp_start_operation::AECP_START_OPERATION::AECP_START_OPERATION_IF" # ../traffic-gen/tests/stack_behave/features/steps/stack_steps.py:52
    When I generate 3 stacked packets with seed 42 to pcap file "/tmp/rt_start_op.pcap"                          # ../traffic-gen/tests/stack_behave/features/steps/stack_steps.py:72
    And I decode the pcap file "/tmp/rt_start_op.pcap" against the stack                                         # ../traffic-gen/tests/stack_behave/features/steps/stack_steps.py:199
    Then the decoded packet count is 3                                                                           # ../traffic-gen/tests/stack_behave/features/steps/stack_steps.py:246
    And the generated and decoded hex match                                                                      # ../traffic-gen/tests/stack_behave/features/steps/stack_steps.py:262

  Scenario Outline: Round-trip preserves frame size for all AEM PDUs -- @1.13                                    # ../traffic-gen/tests/stack_behave/features/dut_decode.feature:67
    Given the protocols root is loaded                                                                           # ../traffic-gen/tests/stack_behave/features/steps/stack_steps.py:46
    And the application interface "atdecc_aecp_acquire_entity::AECP_ACQUIRE_ENTITY::AECP_ACQUIRE_ENTITY_IF"      # ../traffic-gen/tests/stack_behave/features/steps/stack_steps.py:52
    Given the application interface "atdecc_aecp_abort_operation::AECP_ABORT_OPERATION::AECP_ABORT_OPERATION_IF" # ../traffic-gen/tests/stack_behave/features/steps/stack_steps.py:52
    When I generate 3 stacked packets with seed 42 to pcap file "/tmp/rt_abort_op.pcap"                          # ../traffic-gen/tests/stack_behave/features/steps/stack_steps.py:72
    And I decode the pcap file "/tmp/rt_abort_op.pcap" against the stack                                         # ../traffic-gen/tests/stack_behave/features/steps/stack_steps.py:199
    Then the decoded packet count is 3                                                                           # ../traffic-gen/tests/stack_behave/features/steps/stack_steps.py:246
    And the generated and decoded hex match                                                                      # ../traffic-gen/tests/stack_behave/features/steps/stack_steps.py:262

  Scenario Outline: Round-trip preserves frame size for all AEM PDUs -- @1.14                                       # ../traffic-gen/tests/stack_behave/features/dut_decode.feature:68
    Given the protocols root is loaded                                                                              # ../traffic-gen/tests/stack_behave/features/steps/stack_steps.py:46
    And the application interface "atdecc_aecp_acquire_entity::AECP_ACQUIRE_ENTITY::AECP_ACQUIRE_ENTITY_IF"         # ../traffic-gen/tests/stack_behave/features/steps/stack_steps.py:52
    Given the application interface "atdecc_aecp_operation_status::AECP_OPERATION_STATUS::AECP_OPERATION_STATUS_IF" # ../traffic-gen/tests/stack_behave/features/steps/stack_steps.py:52
    When I generate 3 stacked packets with seed 42 to pcap file "/tmp/rt_op_status.pcap"                            # ../traffic-gen/tests/stack_behave/features/steps/stack_steps.py:72
    And I decode the pcap file "/tmp/rt_op_status.pcap" against the stack                                           # ../traffic-gen/tests/stack_behave/features/steps/stack_steps.py:199
    Then the decoded packet count is 3                                                                              # ../traffic-gen/tests/stack_behave/features/steps/stack_steps.py:246
    And the generated and decoded hex match                                                                         # ../traffic-gen/tests/stack_behave/features/steps/stack_steps.py:262

  Scenario Outline: Round-trip preserves frame size for all AEM PDUs -- @1.15                               # ../traffic-gen/tests/stack_behave/features/dut_decode.feature:69
    Given the protocols root is loaded                                                                      # ../traffic-gen/tests/stack_behave/features/steps/stack_steps.py:46
    And the application interface "atdecc_aecp_acquire_entity::AECP_ACQUIRE_ENTITY::AECP_ACQUIRE_ENTITY_IF" # ../traffic-gen/tests/stack_behave/features/steps/stack_steps.py:52
    Given the application interface "atdecc_aecp_get_audio_map::AECP_GET_AUDIO_MAP::AECP_GET_AUDIO_MAP_IF"  # ../traffic-gen/tests/stack_behave/features/steps/stack_steps.py:52
    When I generate 3 stacked packets with seed 42 to pcap file "/tmp/rt_get_audio.pcap"                    # ../traffic-gen/tests/stack_behave/features/steps/stack_steps.py:72
    And I decode the pcap file "/tmp/rt_get_audio.pcap" against the stack                                   # ../traffic-gen/tests/stack_behave/features/steps/stack_steps.py:199
    Then the decoded packet count is 3                                                                      # ../traffic-gen/tests/stack_behave/features/steps/stack_steps.py:246
    And the generated and decoded hex match                                                                 # ../traffic-gen/tests/stack_behave/features/steps/stack_steps.py:262

  Scenario Outline: Round-trip preserves frame size for all AEM PDUs -- @1.16                                 # ../traffic-gen/tests/stack_behave/features/dut_decode.feature:70
    Given the protocols root is loaded                                                                        # ../traffic-gen/tests/stack_behave/features/steps/stack_steps.py:46
    And the application interface "atdecc_aecp_acquire_entity::AECP_ACQUIRE_ENTITY::AECP_ACQUIRE_ENTITY_IF"   # ../traffic-gen/tests/stack_behave/features/steps/stack_steps.py:52
    Given the application interface "atdecc_aecp_audio_mappings::AECP_AUDIO_MAPPINGS::AECP_AUDIO_MAPPINGS_IF" # ../traffic-gen/tests/stack_behave/features/steps/stack_steps.py:52
    When I generate 3 stacked packets with seed 42 to pcap file "/tmp/rt_audio_maps.pcap"                     # ../traffic-gen/tests/stack_behave/features/steps/stack_steps.py:72
    And I decode the pcap file "/tmp/rt_audio_maps.pcap" against the stack                                    # ../traffic-gen/tests/stack_behave/features/steps/stack_steps.py:199
    Then the decoded packet count is 3                                                                        # ../traffic-gen/tests/stack_behave/features/steps/stack_steps.py:246
    And the generated and decoded hex match                                                                   # ../traffic-gen/tests/stack_behave/features/steps/stack_steps.py:262

4 features passed, 0 failed, 0 skipped
115 scenarios passed, 0 failed, 0 skipped
563 steps passed, 0 failed, 0 skipped
Took 0min 1.601s
# end: 2026-09-22T07:30:14Z exit: 0
